datetime,date,hour,day_of_week,month,is_weekend,is_holiday_season,visitors
2024-01-01 09:00:00,2024-01-01,9,0,1,0,0,947
2024-01-01 10:00:00,2024-01-01,10,0,1,0,0,1158
2024-01-01 11:00:00,2024-01-01,11,0,1,0,0,1589
2024-01-01 12:00:00,2024-01-01,12,0,1,0,0,2077
2024-01-01 13:00:00,2024-01-01,13,0,1,0,0,1934
2024-01-01 14:00:00,2024-01-01,14,0,1,0,0,2085
2024-01-01 15:00:00,2024-01-01,15,0,1,0,0,2616
2024-01-01 16:00:00,2024-01-01,16,0,1,0,0,2343
2024-01-01 17:00:00,2024-01-01,17,0,1,0,0,1878
2024-01-01 18:00:00,2024-01-01,18,0,1,0,0,1871
2024-01-01 19:00:00,2024-01-01,19,0,1,0,0,1392
2024-01-01 20:00:00,2024-01-01,20,0,1,0,0,1765
2024-01-01 21:00:00,2024-01-01,21,0,1,0,0,1924
2024-01-01 22:00:00,2024-01-01,22,0,1,0,0,1440
2024-01-01 23:00:00,2024-01-01,23,0,1,0,0,352
2024-01-02 09:00:00,2024-01-02,9,1,1,0,0,583
2024-01-02 10:00:00,2024-01-02,10,1,1,0,0,1034
2024-01-02 11:00:00,2024-01-02,11,1,1,0,0,1530
2024-01-02 12:00:00,2024-01-02,12,1,1,0,0,1565
2024-01-02 13:00:00,2024-01-02,13,1,1,0,0,1653
2024-01-02 14:00:00,2024-01-02,14,1,1,0,0,2523
2024-01-02 15:00:00,2024-01-02,15,1,1,0,0,2140
2024-01-02 16:00:00,2024-01-02,16,1,1,0,0,2163
2024-01-02 17:00:00,2024-01-02,17,1,1,0,0,1650
2024-01-02 18:00:00,2024-01-02,18,1,1,0,0,1641
2024-01-02 19:00:00,2024-01-02,19,1,1,0,0,1494
2024-01-02 20:00:00,2024-01-02,20,1,1,0,0,1611
2024-01-02 21:00:00,2024-01-02,21,1,1,0,0,1954
2024-01-02 22:00:00,2024-01-02,22,1,1,0,0,1735
2024-01-02 23:00:00,2024-01-02,23,1,1,0,0,428
2024-01-03 09:00:00,2024-01-03,9,2,1,0,0,829
2024-01-03 10:00:00,2024-01-03,10,2,1,0,0,1439
2024-01-03 11:00:00,2024-01-03,11,2,1,0,0,1472
2024-01-03 12:00:00,2024-01-03,12,2,1,0,0,1533
2024-01-03 13:00:00,2024-01-03,13,2,1,0,0,2187
2024-01-03 14:00:00,2024-01-03,14,2,1,0,0,1831
2024-01-03 15:00:00,2024-01-03,15,2,1,0,0,2255
2024-01-03 16:00:00,2024-01-03,16,2,1,0,0,1641
2024-01-03 17:00:00,2024-01-03,17,2,1,0,0,1673
2024-01-03 18:00:00,2024-01-03,18,2,1,0,0,1798
2024-01-03 19:00:00,2024-01-03,19,2,1,0,0,1605
2024-01-03 20:00:00,2024-01-03,20,2,1,0,0,1908
2024-01-03 21:00:00,2024-01-03,21,2,1,0,0,1844
2024-01-03 22:00:00,2024-01-03,22,2,1,0,0,1802
2024-01-03 23:00:00,2024-01-03,23,2,1,0,0,365
2024-01-04 09:00:00,2024-01-04,9,3,1,0,0,817
2024-01-04 10:00:00,2024-01-04,10,3,1,0,0,1112
2024-01-04 11:00:00,2024-01-04,11,3,1,0,0,1163
2024-01-04 12:00:00,2024-01-04,12,3,1,0,0,1829
2024-01-04 13:00:00,2024-01-04,13,3,1,0,0,1569
2024-01-04 14:00:00,2024-01-04,14,3,1,0,0,2229
2024-01-04 15:00:00,2024-01-04,15,3,1,0,0,2098
2024-01-04 16:00:00,2024-01-04,16,3,1,0,0,1971
2024-01-04 17:00:00,2024-01-04,17,3,1,0,0,2136
2024-01-04 18:00:00,2024-01-04,18,3,1,0,0,1974
2024-01-04 19:00:00,2024-01-04,19,3,1,0,0,1639
2024-01-04 20:00:00,2024-01-04,20,3,1,0,0,1681
2024-01-04 21:00:00,2024-01-04,21,3,1,0,0,1800
2024-01-04 22:00:00,2024-01-04,22,3,1,0,0,1944
2024-01-04 23:00:00,2024-01-04,23,3,1,0,0,496
2024-01-05 09:00:00,2024-01-05,9,4,1,0,0,843
2024-01-05 10:00:00,2024-01-05,10,4,1,0,0,1151
2024-01-05 11:00:00,2024-01-05,11,4,1,0,0,1278
2024-01-05 12:00:00,2024-01-05,12,4,1,0,0,1504
2024-01-05 13:00:00,2024-01-05,13,4,1,0,0,1529
2024-01-05 14:00:00,2024-01-05,14,4,1,0,0,2494
2024-01-05 15:00:00,2024-01-05,15,4,1,0,0,2180
2024-01-05 16:00:00,2024-01-05,16,4,1,0,0,2404
2024-01-05 17:00:00,2024-01-05,17,4,1,0,0,2077
2024-01-05 18:00:00,2024-01-05,18,4,1,0,0,1620
2024-01-05 19:00:00,2024-01-05,19,4,1,0,0,1538
2024-01-05 20:00:00,2024-01-05,20,4,1,0,0,2215
2024-01-05 21:00:00,2024-01-05,21,4,1,0,0,1861
2024-01-05 22:00:00,2024-01-05,22,4,1,0,0,2221
2024-01-05 23:00:00,2024-01-05,23,4,1,0,0,213
2024-01-06 09:00:00,2024-01-06,9,5,1,1,0,1326
2024-01-06 10:00:00,2024-01-06,10,5,1,1,0,1606
2024-01-06 11:00:00,2024-01-06,11,5,1,1,0,1919
2024-01-06 12:00:00,2024-01-06,12,5,1,1,0,2397
2024-01-06 13:00:00,2024-01-06,13,5,1,1,0,2046
2024-01-06 14:00:00,2024-01-06,14,5,1,1,0,1974
2024-01-06 15:00:00,2024-01-06,15,5,1,1,0,3097
2024-01-06 16:00:00,2024-01-06,16,5,1,1,0,3410
2024-01-06 17:00:00,2024-01-06,17,5,1,1,0,2520
2024-01-06 18:00:00,2024-01-06,18,5,1,1,0,1499
2024-01-06 19:00:00,2024-01-06,19,5,1,1,0,1870
2024-01-06 20:00:00,2024-01-06,20,5,1,1,0,2801
2024-01-06 21:00:00,2024-01-06,21,5,1,1,0,1836
2024-01-06 22:00:00,2024-01-06,22,5,1,1,0,2364
2024-01-06 23:00:00,2024-01-06,23,5,1,1,0,636
2024-01-07 09:00:00,2024-01-07,9,6,1,1,0,1221
2024-01-07 10:00:00,2024-01-07,10,6,1,1,0,1774
2024-01-07 11:00:00,2024-01-07,11,6,1,1,0,1823
2024-01-07 12:00:00,2024-01-07,12,6,1,1,0,1594
2024-01-07 13:00:00,2024-01-07,13,6,1,1,0,2560
2024-01-07 14:00:00,2024-01-07,14,6,1,1,0,2387
2024-01-07 15:00:00,2024-01-07,15,6,1,1,0,3075
2024-01-07 16:00:00,2024-01-07,16,6,1,1,0,2987
2024-01-07 17:00:00,2024-01-07,17,6,1,1,0,2689
2024-01-07 18:00:00,2024-01-07,18,6,1,1,0,2304
2024-01-07 19:00:00,2024-01-07,19,6,1,1,0,1652
2024-01-07 20:00:00,2024-01-07,20,6,1,1,0,1677
2024-01-07 21:00:00,2024-01-07,21,6,1,1,0,2420
2024-01-07 22:00:00,2024-01-07,22,6,1,1,0,2281
2024-01-07 23:00:00,2024-01-07,23,6,1,1,0,588
2024-01-08 09:00:00,2024-01-08,9,0,1,0,0,937
2024-01-08 10:00:00,2024-01-08,10,0,1,0,0,1444
2024-01-08 11:00:00,2024-01-08,11,0,1,0,0,1505
2024-01-08 12:00:00,2024-01-08,12,0,1,0,0,1811
2024-01-08 13:00:00,2024-01-08,13,0,1,0,0,1972
2024-01-08 14:00:00,2024-01-08,14,0,1,0,0,1651
2024-01-08 15:00:00,2024-01-08,15,0,1,0,0,2193
2024-01-08 16:00:00,2024-01-08,16,0,1,0,0,2161
2024-01-08 17:00:00,2024-01-08,17,0,1,0,0,2579
2024-01-08 18:00:00,2024-01-08,18,0,1,0,0,1716
2024-01-08 19:00:00,2024-01-08,19,0,1,0,0,1528
2024-01-08 20:00:00,2024-01-08,20,0,1,0,0,1862
2024-01-08 21:00:00,2024-01-08,21,0,1,0,0,1607
2024-01-08 22:00:00,2024-01-08,22,0,1,0,0,2126
2024-01-08 23:00:00,2024-01-08,23,0,1,0,0,484
2024-01-09 09:00:00,2024-01-09,9,1,1,0,0,979
2024-01-09 10:00:00,2024-01-09,10,1,1,0,0,1049
2024-01-09 11:00:00,2024-01-09,11,1,1,0,0,1722
2024-01-09 12:00:00,2024-01-09,12,1,1,0,0,1461
2024-01-09 13:00:00,2024-01-09,13,1,1,0,0,2130
2024-01-09 14:00:00,2024-01-09,14,1,1,0,0,1896
2024-01-09 15:00:00,2024-01-09,15,1,1,0,0,1938
2024-01-09 16:00:00,2024-01-09,16,1,1,0,0,1999
2024-01-09 17:00:00,2024-01-09,17,1,1,0,0,2014
2024-01-09 18:00:00,2024-01-09,18,1,1,0,0,1650
2024-01-09 19:00:00,2024-01-09,19,1,1,0,0,1200
2024-01-09 20:00:00,2024-01-09,20,1,1,0,0,1885
2024-01-09 21:00:00,2024-01-09,21,1,1,0,0,1631
2024-01-09 22:00:00,2024-01-09,22,1,1,0,0,1976
2024-01-09 23:00:00,2024-01-09,23,1,1,0,0,395
2024-01-10 09:00:00,2024-01-10,9,2,1,0,0,1060
2024-01-10 10:00:00,2024-01-10,10,2,1,0,0,1066
2024-01-10 11:00:00,2024-01-10,11,2,1,0,0,1417
2024-01-10 12:00:00,2024-01-10,12,2,1,0,0,1928
2024-01-10 13:00:00,2024-01-10,13,2,1,0,0,1696
2024-01-10 14:00:00,2024-01-10,14,2,1,0,0,1542
2024-01-10 15:00:00,2024-01-10,15,2,1,0,0,2545
2024-01-10 16:00:00,2024-01-10,16,2,1,0,0,1731
2024-01-10 17:00:00,2024-01-10,17,2,1,0,0,2034
2024-01-10 18:00:00,2024-01-10,18,2,1,0,0,1811
2024-01-10 19:00:00,2024-01-10,19,2,1,0,0,1613
2024-01-10 20:00:00,2024-01-10,20,2,1,0,0,1592
2024-01-10 21:00:00,2024-01-10,21,2,1,0,0,1573
2024-01-10 22:00:00,2024-01-10,22,2,1,0,0,1987
2024-01-10 23:00:00,2024-01-10,23,2,1,0,0,460
2024-01-11 09:00:00,2024-01-11,9,3,1,0,0,921
2024-01-11 10:00:00,2024-01-11,10,3,1,0,0,1226
2024-01-11 11:00:00,2024-01-11,11,3,1,0,0,1354
2024-01-11 12:00:00,2024-01-11,12,3,1,0,0,1805
2024-01-11 13:00:00,2024-01-11,13,3,1,0,0,2060
2024-01-11 14:00:00,2024-01-11,14,3,1,0,0,1961
2024-01-11 15:00:00,2024-01-11,15,3,1,0,0,2692
2024-01-11 16:00:00,2024-01-11,16,3,1,0,0,2267
2024-01-11 17:00:00,2024-01-11,17,3,1,0,0,1706
2024-01-11 18:00:00,2024-01-11,18,3,1,0,0,1895
2024-01-11 19:00:00,2024-01-11,19,3,1,0,0,1302
2024-01-11 20:00:00,2024-01-11,20,3,1,0,0,2046
2024-01-11 21:00:00,2024-01-11,21,3,1,0,0,2129
2024-01-11 22:00:00,2024-01-11,22,3,1,0,0,1685
2024-01-11 23:00:00,2024-01-11,23,3,1,0,0,495
2024-01-12 09:00:00,2024-01-12,9,4,1,0,0,938
2024-01-12 10:00:00,2024-01-12,10,4,1,0,0,1293
2024-01-12 11:00:00,2024-01-12,11,4,1,0,0,1810
2024-01-12 12:00:00,2024-01-12,12,4,1,0,0,1705
2024-01-12 13:00:00,2024-01-12,13,4,1,0,0,1810
2024-01-12 14:00:00,2024-01-12,14,4,1,0,0,1916
2024-01-12 15:00:00,2024-01-12,15,4,1,0,0,1984
2024-01-12 16:00:00,2024-01-12,16,4,1,0,0,2125
2024-01-12 17:00:00,2024-01-12,17,4,1,0,0,2072
2024-01-12 18:00:00,2024-01-12,18,4,1,0,0,1815
2024-01-12 19:00:00,2024-01-12,19,4,1,0,0,1134
2024-01-12 20:00:00,2024-01-12,20,4,1,0,0,1872
2024-01-12 21:00:00,2024-01-12,21,4,1,0,0,2196
2024-01-12 22:00:00,2024-01-12,22,4,1,0,0,1810
2024-01-12 23:00:00,2024-01-12,23,4,1,0,0,589
2024-01-13 09:00:00,2024-01-13,9,5,1,1,0,1298
2024-01-13 10:00:00,2024-01-13,10,5,1,1,0,1426
2024-01-13 11:00:00,2024-01-13,11,5,1,1,0,1735
2024-01-13 12:00:00,2024-01-13,12,5,1,1,0,2508
2024-01-13 13:00:00,2024-01-13,13,5,1,1,0,2615
2024-01-13 14:00:00,2024-01-13,14,5,1,1,0,3144
2024-01-13 15:00:00,2024-01-13,15,5,1,1,0,3138
2024-01-13 16:00:00,2024-01-13,16,5,1,1,0,2871
2024-01-13 17:00:00,2024-01-13,17,5,1,1,0,1690
2024-01-13 18:00:00,2024-01-13,18,5,1,1,0,1940
2024-01-13 19:00:00,2024-01-13,19,5,1,1,0,1884
2024-01-13 20:00:00,2024-01-13,20,5,1,1,0,2783
2024-01-13 21:00:00,2024-01-13,21,5,1,1,0,2589
2024-01-13 22:00:00,2024-01-13,22,5,1,1,0,1502
2024-01-13 23:00:00,2024-01-13,23,5,1,1,0,612
2024-01-14 09:00:00,2024-01-14,9,6,1,1,0,1263
2024-01-14 10:00:00,2024-01-14,10,6,1,1,0,1421
2024-01-14 11:00:00,2024-01-14,11,6,1,1,0,2027
2024-01-14 12:00:00,2024-01-14,12,6,1,1,0,2388
2024-01-14 13:00:00,2024-01-14,13,6,1,1,0,2318
2024-01-14 14:00:00,2024-01-14,14,6,1,1,0,3021
2024-01-14 15:00:00,2024-01-14,15,6,1,1,0,3169
2024-01-14 16:00:00,2024-01-14,16,6,1,1,0,3273
2024-01-14 17:00:00,2024-01-14,17,6,1,1,0,3027
2024-01-14 18:00:00,2024-01-14,18,6,1,1,0,1385
2024-01-14 19:00:00,2024-01-14,19,6,1,1,0,1766
2024-01-14 20:00:00,2024-01-14,20,6,1,1,0,2680
2024-01-14 21:00:00,2024-01-14,21,6,1,1,0,2680
2024-01-14 22:00:00,2024-01-14,22,6,1,1,0,2680
2024-01-14 23:00:00,2024-01-14,23,6,1,1,0,876
2024-01-15 09:00:00,2024-01-15,9,0,1,0,0,955
2024-01-15 10:00:00,2024-01-15,10,0,1,0,0,1338
2024-01-15 11:00:00,2024-01-15,11,0,1,0,0,1643
2024-01-15 12:00:00,2024-01-15,12,0,1,0,0,1894
2024-01-15 13:00:00,2024-01-15,13,0,1,0,0,1915
2024-01-15 14:00:00,2024-01-15,14,0,1,0,0,2341
2024-01-15 15:00:00,2024-01-15,15,0,1,0,0,1995
2024-01-15 16:00:00,2024-01-15,16,0,1,0,0,2084
2024-01-15 17:00:00,2024-01-15,17,0,1,0,0,1874
2024-01-15 18:00:00,2024-01-15,18,0,1,0,0,1773
2024-01-15 19:00:00,2024-01-15,19,0,1,0,0,1884
2024-01-15 20:00:00,2024-01-15,20,0,1,0,0,1450
2024-01-15 21:00:00,2024-01-15,21,0,1,0,0,2023
2024-01-15 22:00:00,2024-01-15,22,0,1,0,0,1508
2024-01-15 23:00:00,2024-01-15,23,0,1,0,0,419
2024-01-16 09:00:00,2024-01-16,9,1,1,0,0,1011
2024-01-16 10:00:00,2024-01-16,10,1,1,0,0,1186
2024-01-16 11:00:00,2024-01-16,11,1,1,0,0,898
2024-01-16 12:00:00,2024-01-16,12,1,1,0,0,1605
2024-01-16 13:00:00,2024-01-16,13,1,1,0,0,2152
2024-01-16 14:00:00,2024-01-16,14,1,1,0,0,1957
2024-01-16 15:00:00,2024-01-16,15,1,1,0,0,2257
2024-01-16 16:00:00,2024-01-16,16,1,1,0,0,2157
2024-01-16 17:00:00,2024-01-16,17,1,1,0,0,1834
2024-01-16 18:00:00,2024-01-16,18,1,1,0,0,2208
2024-01-16 19:00:00,2024-01-16,19,1,1,0,0,1110
2024-01-16 20:00:00,2024-01-16,20,1,1,0,0,1415
2024-01-16 21:00:00,2024-01-16,21,1,1,0,0,1911
2024-01-16 22:00:00,2024-01-16,22,1,1,0,0,1721
2024-01-16 23:00:00,2024-01-16,23,1,1,0,0,489
2024-01-17 09:00:00,2024-01-17,9,2,1,0,0,809
2024-01-17 10:00:00,2024-01-17,10,2,1,0,0,1161
2024-01-17 11:00:00,2024-01-17,11,2,1,0,0,1564
2024-01-17 12:00:00,2024-01-17,12,2,1,0,0,1939
2024-01-17 13:00:00,2024-01-17,13,2,1,0,0,1703
2024-01-17 14:00:00,2024-01-17,14,2,1,0,0,2059
2024-01-17 15:00:00,2024-01-17,15,2,1,0,0,2074
2024-01-17 16:00:00,2024-01-17,16,2,1,0,0,1977
2024-01-17 17:00:00,2024-01-17,17,2,1,0,0,2412
2024-01-17 18:00:00,2024-01-17,18,2,1,0,0,1842
2024-01-17 19:00:00,2024-01-17,19,2,1,0,0,1251
2024-01-17 20:00:00,2024-01-17,20,2,1,0,0,1453
2024-01-17 21:00:00,2024-01-17,21,2,1,0,0,2346
2024-01-17 22:00:00,2024-01-17,22,2,1,0,0,2101
2024-01-17 23:00:00,2024-01-17,23,2,1,0,0,254
2024-01-18 09:00:00,2024-01-18,9,3,1,0,0,842
2024-01-18 10:00:00,2024-01-18,10,3,1,0,0,1356
2024-01-18 11:00:00,2024-01-18,11,3,1,0,0,1349
2024-01-18 12:00:00,2024-01-18,12,3,1,0,0,1295
2024-01-18 13:00:00,2024-01-18,13,3,1,0,0,2175
2024-01-18 14:00:00,2024-01-18,14,3,1,0,0,1334
2024-01-18 15:00:00,2024-01-18,15,3,1,0,0,2184
2024-01-18 16:00:00,2024-01-18,16,3,1,0,0,1311
2024-01-18 17:00:00,2024-01-18,17,3,1,0,0,1745
2024-01-18 18:00:00,2024-01-18,18,3,1,0,0,1703
2024-01-18 19:00:00,2024-01-18,19,3,1,0,0,1253
2024-01-18 20:00:00,2024-01-18,20,3,1,0,0,2236
2024-01-18 21:00:00,2024-01-18,21,3,1,0,0,1549
2024-01-18 22:00:00,2024-01-18,22,3,1,0,0,1771
2024-01-18 23:00:00,2024-01-18,23,3,1,0,0,451
2024-01-19 09:00:00,2024-01-19,9,4,1,0,0,1049
2024-01-19 10:00:00,2024-01-19,10,4,1,0,0,974
2024-01-19 11:00:00,2024-01-19,11,4,1,0,0,1680
2024-01-19 12:00:00,2024-01-19,12,4,1,0,0,1758
2024-01-19 13:00:00,2024-01-19,13,4,1,0,0,1756
2024-01-19 14:00:00,2024-01-19,14,4,1,0,0,1585
2024-01-19 15:00:00,2024-01-19,15,4,1,0,0,2252
2024-01-19 16:00:00,2024-01-19,16,4,1,0,0,1991
2024-01-19 17:00:00,2024-01-19,17,4,1,0,0,1405
2024-01-19 18:00:00,2024-01-19,18,4,1,0,0,1675
2024-01-19 19:00:00,2024-01-19,19,4,1,0,0,1494
2024-01-19 20:00:00,2024-01-19,20,4,1,0,0,2018
2024-01-19 21:00:00,2024-01-19,21,4,1,0,0,2225
2024-01-19 22:00:00,2024-01-19,22,4,1,0,0,1592
2024-01-19 23:00:00,2024-01-19,23,4,1,0,0,557
2024-01-20 09:00:00,2024-01-20,9,5,1,1,0,924
2024-01-20 10:00:00,2024-01-20,10,5,1,1,0,1560
2024-01-20 11:00:00,2024-01-20,11,5,1,1,0,1491
2024-01-20 12:00:00,2024-01-20,12,5,1,1,0,2451
2024-01-20 13:00:00,2024-01-20,13,5,1,1,0,2486
2024-01-20 14:00:00,2024-01-20,14,5,1,1,0,2824
2024-01-20 15:00:00,2024-01-20,15,5,1,1,0,2794
2024-01-20 16:00:00,2024-01-20,16,5,1,1,0,2691
2024-01-20 17:00:00,2024-01-20,17,5,1,1,0,2961
2024-01-20 18:00:00,2024-01-20,18,5,1,1,0,2473
2024-01-20 19:00:00,2024-01-20,19,5,1,1,0,1825
2024-01-20 20:00:00,2024-01-20,20,5,1,1,0,2797
2024-01-20 21:00:00,2024-01-20,21,5,1,1,0,2617
2024-01-20 22:00:00,2024-01-20,22,5,1,1,0,2770
2024-01-20 23:00:00,2024-01-20,23,5,1,1,0,644
2024-01-21 09:00:00,2024-01-21,9,6,1,1,0,761
2024-01-21 10:00:00,2024-01-21,10,6,1,1,0,1482
2024-01-21 11:00:00,2024-01-21,11,6,1,1,0,2169
2024-01-21 12:00:00,2024-01-21,12,6,1,1,0,2545
2024-01-21 13:00:00,2024-01-21,13,6,1,1,0,2680
2024-01-21 14:00:00,2024-01-21,14,6,1,1,0,2937
2024-01-21 15:00:00,2024-01-21,15,6,1,1,0,3425
2024-01-21 16:00:00,2024-01-21,16,6,1,1,0,2691
2024-01-21 17:00:00,2024-01-21,17,6,1,1,0,2863
2024-01-21 18:00:00,2024-01-21,18,6,1,1,0,2314
2024-01-21 19:00:00,2024-01-21,19,6,1,1,0,1938
2024-01-21 20:00:00,2024-01-21,20,6,1,1,0,2857
2024-01-21 21:00:00,2024-01-21,21,6,1,1,0,2774
2024-01-21 22:00:00,2024-01-21,22,6,1,1,0,2770
2024-01-21 23:00:00,2024-01-21,23,6,1,1,0,693
2024-01-22 09:00:00,2024-01-22,9,0,1,0,0,896
2024-01-22 10:00:00,2024-01-22,10,0,1,0,0,1273
2024-01-22 11:00:00,2024-01-22,11,0,1,0,0,993
2024-01-22 12:00:00,2024-01-22,12,0,1,0,0,1825
2024-01-22 13:00:00,2024-01-22,13,0,1,0,0,1959
2024-01-22 14:00:00,2024-01-22,14,0,1,0,0,1519
2024-01-22 15:00:00,2024-01-22,15,0,1,0,0,2357
2024-01-22 16:00:00,2024-01-22,16,0,1,0,0,1935
2024-01-22 17:00:00,2024-01-22,17,0,1,0,0,2490
2024-01-22 18:00:00,2024-01-22,18,0,1,0,0,1544
2024-01-22 19:00:00,2024-01-22,19,0,1,0,0,1259
2024-01-22 20:00:00,2024-01-22,20,0,1,0,0,2129
2024-01-22 21:00:00,2024-01-22,21,0,1,0,0,2047
2024-01-22 22:00:00,2024-01-22,22,0,1,0,0,2010
2024-01-22 23:00:00,2024-01-22,23,0,1,0,0,477
2024-01-23 09:00:00,2024-01-23,9,1,1,0,0,893
2024-01-23 10:00:00,2024-01-23,10,1,1,0,0,1050
2024-01-23 11:00:00,2024-01-23,11,1,1,0,0,1488
2024-01-23 12:00:00,2024-01-23,12,1,1,0,0,1613
2024-01-23 13:00:00,2024-01-23,13,1,1,0,0,2223
2024-01-23 14:00:00,2024-01-23,14,1,1,0,0,2107
2024-01-23 15:00:00,2024-01-23,15,1,1,0,0,1387
2024-01-23 16:00:00,2024-01-23,16,1,1,0,0,2062
2024-01-23 17:00:00,2024-01-23,17,1,1,0,0,2089
2024-01-23 18:00:00,2024-01-23,18,1,1,0,0,1637
2024-01-23 19:00:00,2024-01-23,19,1,1,0,0,1329
2024-01-23 20:00:00,2024-01-23,20,1,1,0,0,1924
2024-01-23 21:00:00,2024-01-23,21,1,1,0,0,1924
2024-01-23 22:00:00,2024-01-23,22,1,1,0,0,1756
2024-01-23 23:00:00,2024-01-23,23,1,1,0,0,419
2024-01-24 09:00:00,2024-01-24,9,2,1,0,0,919
2024-01-24 10:00:00,2024-01-24,10,2,1,0,0,972
2024-01-24 11:00:00,2024-01-24,11,2,1,0,0,1225
2024-01-24 12:00:00,2024-01-24,12,2,1,0,0,1605
2024-01-24 13:00:00,2024-01-24,13,2,1,0,0,1939
2024-01-24 14:00:00,2024-01-24,14,2,1,0,0,2225
2024-01-24 15:00:00,2024-01-24,15,2,1,0,0,2589
2024-01-24 16:00:00,2024-01-24,16,2,1,0,0,2366
2024-01-24 17:00:00,2024-01-24,17,2,1,0,0,1952
2024-01-24 18:00:00,2024-01-24,18,2,1,0,0,1226
2024-01-24 19:00:00,2024-01-24,19,2,1,0,0,1297
2024-01-24 20:00:00,2024-01-24,20,2,1,0,0,1865
2024-01-24 21:00:00,2024-01-24,21,2,1,0,0,1805
2024-01-24 22:00:00,2024-01-24,22,2,1,0,0,1942
2024-01-24 23:00:00,2024-01-24,23,2,1,0,0,400
2024-01-25 09:00:00,2024-01-25,9,3,1,0,0,665
2024-01-25 10:00:00,2024-01-25,10,3,1,0,0,1394
2024-01-25 11:00:00,2024-01-25,11,3,1,0,0,1455
2024-01-25 12:00:00,2024-01-25,12,3,1,0,0,1841
2024-01-25 13:00:00,2024-01-25,13,3,1,0,0,2155
2024-01-25 14:00:00,2024-01-25,14,3,1,0,0,2042
2024-01-25 15:00:00,2024-01-25,15,3,1,0,0,2259
2024-01-25 16:00:00,2024-01-25,16,3,1,0,0,1504
2024-01-25 17:00:00,2024-01-25,17,3,1,0,0,2013
2024-01-25 18:00:00,2024-01-25,18,3,1,0,0,1593
2024-01-25 19:00:00,2024-01-25,19,3,1,0,0,1479
2024-01-25 20:00:00,2024-01-25,20,3,1,0,0,1981
2024-01-25 21:00:00,2024-01-25,21,3,1,0,0,2195
2024-01-25 22:00:00,2024-01-25,22,3,1,0,0,1459
2024-01-25 23:00:00,2024-01-25,23,3,1,0,0,558
2024-01-26 09:00:00,2024-01-26,9,4,1,0,0,812
2024-01-26 10:00:00,2024-01-26,10,4,1,0,0,1300
2024-01-26 11:00:00,2024-01-26,11,4,1,0,0,1055
2024-01-26 12:00:00,2024-01-26,12,4,1,0,0,2218
2024-01-26 13:00:00,2024-01-26,13,4,1,0,0,1797
2024-01-26 14:00:00,2024-01-26,14,4,1,0,0,1929
2024-01-26 15:00:00,2024-01-26,15,4,1,0,0,2041
2024-01-26 16:00:00,2024-01-26,16,4,1,0,0,1119
2024-01-26 17:00:00,2024-01-26,17,4,1,0,0,1865
2024-01-26 18:00:00,2024-01-26,18,4,1,0,0,1596
2024-01-26 19:00:00,2024-01-26,19,4,1,0,0,1501
2024-01-26 20:00:00,2024-01-26,20,4,1,0,0,1946
2024-01-26 21:00:00,2024-01-26,21,4,1,0,0,2291
2024-01-26 22:00:00,2024-01-26,22,4,1,0,0,2083
2024-01-26 23:00:00,2024-01-26,23,4,1,0,0,413
2024-01-27 09:00:00,2024-01-27,9,5,1,1,0,1077
2024-01-27 10:00:00,2024-01-27,10,5,1,1,0,1683
2024-01-27 11:00:00,2024-01-27,11,5,1,1,0,1675
2024-01-27 12:00:00,2024-01-27,12,5,1,1,0,2892
2024-01-27 13:00:00,2024-01-27,13,5,1,1,0,3067
2024-01-27 14:00:00,2024-01-27,14,5,1,1,0,2733
2024-01-27 15:00:00,2024-01-27,15,5,1,1,0,1651
2024-01-27 16:00:00,2024-01-27,16,5,1,1,0,3367
2024-01-27 17:00:00,2024-01-27,17,5,1,1,0,2650
2024-01-27 18:00:00,2024-01-27,18,5,1,1,0,2723
2024-01-27 19:00:00,2024-01-27,19,5,1,1,0,1609
2024-01-27 20:00:00,2024-01-27,20,5,1,1,0,2342
2024-01-27 21:00:00,2024-01-27,21,5,1,1,0,2526
2024-01-27 22:00:00,2024-01-27,22,5,1,1,0,2538
2024-01-27 23:00:00,2024-01-27,23,5,1,1,0,567
2024-01-28 09:00:00,2024-01-28,9,6,1,1,0,1297
2024-01-28 10:00:00,2024-01-28,10,6,1,1,0,1386
2024-01-28 11:00:00,2024-01-28,11,6,1,1,0,1956
2024-01-28 12:00:00,2024-01-28,12,6,1,1,0,2405
2024-01-28 13:00:00,2024-01-28,13,6,1,1,0,2853
2024-01-28 14:00:00,2024-01-28,14,6,1,1,0,3144
2024-01-28 15:00:00,2024-01-28,15,6,1,1,0,1798
2024-01-28 16:00:00,2024-01-28,16,6,1,1,0,2363
2024-01-28 17:00:00,2024-01-28,17,6,1,1,0,3099
2024-01-28 18:00:00,2024-01-28,18,6,1,1,0,2466
2024-01-28 19:00:00,2024-01-28,19,6,1,1,0,1812
2024-01-28 20:00:00,2024-01-28,20,6,1,1,0,2994
2024-01-28 21:00:00,2024-01-28,21,6,1,1,0,2559
2024-01-28 22:00:00,2024-01-28,22,6,1,1,0,2881
2024-01-28 23:00:00,2024-01-28,23,6,1,1,0,604
2024-01-29 09:00:00,2024-01-29,9,0,1,0,0,1115
2024-01-29 10:00:00,2024-01-29,10,0,1,0,0,1425
2024-01-29 11:00:00,2024-01-29,11,0,1,0,0,1430
2024-01-29 12:00:00,2024-01-29,12,0,1,0,0,1961
2024-01-29 13:00:00,2024-01-29,13,0,1,0,0,2144
2024-01-29 14:00:00,2024-01-29,14,0,1,0,0,2498
2024-01-29 15:00:00,2024-01-29,15,0,1,0,0,1945
2024-01-29 16:00:00,2024-01-29,16,0,1,0,0,2322
2024-01-29 17:00:00,2024-01-29,17,0,1,0,0,2243
2024-01-29 18:00:00,2024-01-29,18,0,1,0,0,1385
2024-01-29 19:00:00,2024-01-29,19,0,1,0,0,1265
2024-01-29 20:00:00,2024-01-29,20,0,1,0,0,1412
2024-01-29 21:00:00,2024-01-29,21,0,1,0,0,1809
2024-01-29 22:00:00,2024-01-29,22,0,1,0,0,2031
2024-01-29 23:00:00,2024-01-29,23,0,1,0,0,524
2024-01-30 09:00:00,2024-01-30,9,1,1,0,0,902
2024-01-30 10:00:00,2024-01-30,10,1,1,0,0,1407
2024-01-30 11:00:00,2024-01-30,11,1,1,0,0,1230
2024-01-30 12:00:00,2024-01-30,12,1,1,0,0,978
2024-01-30 13:00:00,2024-01-30,13,1,1,0,0,1977
2024-01-30 14:00:00,2024-01-30,14,1,1,0,0,2244
2024-01-30 15:00:00,2024-01-30,15,1,1,0,0,2191
2024-01-30 16:00:00,2024-01-30,16,1,1,0,0,1613
2024-01-30 17:00:00,2024-01-30,17,1,1,0,0,1969
2024-01-30 18:00:00,2024-01-30,18,1,1,0,0,1037
2024-01-30 19:00:00,2024-01-30,19,1,1,0,0,1115
2024-01-30 20:00:00,2024-01-30,20,1,1,0,0,1952
2024-01-30 21:00:00,2024-01-30,21,1,1,0,0,1659
2024-01-30 22:00:00,2024-01-30,22,1,1,0,0,1754
2024-01-30 23:00:00,2024-01-30,23,1,1,0,0,387
2024-01-31 09:00:00,2024-01-31,9,2,1,0,0,887
2024-01-31 10:00:00,2024-01-31,10,2,1,0,0,1312
2024-01-31 11:00:00,2024-01-31,11,2,1,0,0,1300
2024-01-31 12:00:00,2024-01-31,12,2,1,0,0,1862
2024-01-31 13:00:00,2024-01-31,13,2,1,0,0,1863
2024-01-31 14:00:00,2024-01-31,14,2,1,0,0,1941
2024-01-31 15:00:00,2024-01-31,15,2,1,0,0,2171
2024-01-31 16:00:00,2024-01-31,16,2,1,0,0,1879
2024-01-31 17:00:00,2024-01-31,17,2,1,0,0,1858
2024-01-31 18:00:00,2024-01-31,18,2,1,0,0,1504
2024-01-31 19:00:00,2024-01-31,19,2,1,0,0,1822
2024-01-31 20:00:00,2024-01-31,20,2,1,0,0,1877
2024-01-31 21:00:00,2024-01-31,21,2,1,0,0,1712
2024-01-31 22:00:00,2024-01-31,22,2,1,0,0,1918
2024-01-31 23:00:00,2024-01-31,23,2,1,0,0,438
2024-02-01 09:00:00,2024-02-01,9,3,2,0,0,593
2024-02-01 10:00:00,2024-02-01,10,3,2,0,0,862
2024-02-01 11:00:00,2024-02-01,11,3,2,0,0,1096
2024-02-01 12:00:00,2024-02-01,12,3,2,0,0,1121
2024-02-01 13:00:00,2024-02-01,13,3,2,0,0,1263
2024-02-01 14:00:00,2024-02-01,14,3,2,0,0,1414
2024-02-01 15:00:00,2024-02-01,15,3,2,0,0,1085
2024-02-01 16:00:00,2024-02-01,16,3,2,0,0,1196
2024-02-01 17:00:00,2024-02-01,17,3,2,0,0,1579
2024-02-01 18:00:00,2024-02-01,18,3,2,0,0,1434
2024-02-01 19:00:00,2024-02-01,19,3,2,0,0,975
2024-02-01 20:00:00,2024-02-01,20,3,2,0,0,954
2024-02-01 21:00:00,2024-02-01,21,3,2,0,0,1322
2024-02-01 22:00:00,2024-02-01,22,3,2,0,0,1746
2024-02-01 23:00:00,2024-02-01,23,3,2,0,0,343
2024-02-02 09:00:00,2024-02-02,9,4,2,0,0,600
2024-02-02 10:00:00,2024-02-02,10,4,2,0,0,710
2024-02-02 11:00:00,2024-02-02,11,4,2,0,0,811
2024-02-02 12:00:00,2024-02-02,12,4,2,0,0,1227
2024-02-02 13:00:00,2024-02-02,13,4,2,0,0,1234
2024-02-02 14:00:00,2024-02-02,14,4,2,0,0,1213
2024-02-02 15:00:00,2024-02-02,15,4,2,0,0,1383
2024-02-02 16:00:00,2024-02-02,16,4,2,0,0,1273
2024-02-02 17:00:00,2024-02-02,17,4,2,0,0,1632
2024-02-02 18:00:00,2024-02-02,18,4,2,0,0,1324
2024-02-02 19:00:00,2024-02-02,19,4,2,0,0,1004
2024-02-02 20:00:00,2024-02-02,20,4,2,0,0,1501
2024-02-02 21:00:00,2024-02-02,21,4,2,0,0,1286
2024-02-02 22:00:00,2024-02-02,22,4,2,0,0,1143
2024-02-02 23:00:00,2024-02-02,23,4,2,0,0,358
2024-02-03 09:00:00,2024-02-03,9,5,2,1,0,876
2024-02-03 10:00:00,2024-02-03,10,5,2,1,0,948
2024-02-03 11:00:00,2024-02-03,11,5,2,1,0,1326
2024-02-03 12:00:00,2024-02-03,12,5,2,1,0,1447
2024-02-03 13:00:00,2024-02-03,13,5,2,1,0,1528
2024-02-03 14:00:00,2024-02-03,14,5,2,1,0,2194
2024-02-03 15:00:00,2024-02-03,15,5,2,1,0,2488
2024-02-03 16:00:00,2024-02-03,16,5,2,1,0,1643
2024-02-03 17:00:00,2024-02-03,17,5,2,1,0,1956
2024-02-03 18:00:00,2024-02-03,18,5,2,1,0,1490
2024-02-03 19:00:00,2024-02-03,19,5,2,1,0,1278
2024-02-03 20:00:00,2024-02-03,20,5,2,1,0,1598
2024-02-03 21:00:00,2024-02-03,21,5,2,1,0,1542
2024-02-03 22:00:00,2024-02-03,22,5,2,1,0,1731
2024-02-03 23:00:00,2024-02-03,23,5,2,1,0,368
2024-02-04 09:00:00,2024-02-04,9,6,2,1,0,595
2024-02-04 10:00:00,2024-02-04,10,6,2,1,0,1077
2024-02-04 11:00:00,2024-02-04,11,6,2,1,0,1318
2024-02-04 12:00:00,2024-02-04,12,6,2,1,0,1440
2024-02-04 13:00:00,2024-02-04,13,6,2,1,0,1705
2024-02-04 14:00:00,2024-02-04,14,6,2,1,0,2154
2024-02-04 15:00:00,2024-02-04,15,6,2,1,0,2146
2024-02-04 16:00:00,2024-02-04,16,6,2,1,0,1743
2024-02-04 17:00:00,2024-02-04,17,6,2,1,0,1854
2024-02-04 18:00:00,2024-02-04,18,6,2,1,0,1762
2024-02-04 19:00:00,2024-02-04,19,6,2,1,0,1085
2024-02-04 20:00:00,2024-02-04,20,6,2,1,0,1833
2024-02-04 21:00:00,2024-02-04,21,6,2,1,0,1584
2024-02-04 22:00:00,2024-02-04,22,6,2,1,0,1839
2024-02-04 23:00:00,2024-02-04,23,6,2,1,0,371
2024-02-05 09:00:00,2024-02-05,9,0,2,0,0,477
2024-02-05 10:00:00,2024-02-05,10,0,2,0,0,646
2024-02-05 11:00:00,2024-02-05,11,0,2,0,0,1011
2024-02-05 12:00:00,2024-02-05,12,0,2,0,0,1235
2024-02-05 13:00:00,2024-02-05,13,0,2,0,0,1209
2024-02-05 14:00:00,2024-02-05,14,0,2,0,0,1575
2024-02-05 15:00:00,2024-02-05,15,0,2,0,0,1200
2024-02-05 16:00:00,2024-02-05,16,0,2,0,0,1015
2024-02-05 17:00:00,2024-02-05,17,0,2,0,0,1160
2024-02-05 18:00:00,2024-02-05,18,0,2,0,0,1104
2024-02-05 19:00:00,2024-02-05,19,0,2,0,0,1011
2024-02-05 20:00:00,2024-02-05,20,0,2,0,0,1143
2024-02-05 21:00:00,2024-02-05,21,0,2,0,0,851
2024-02-05 22:00:00,2024-02-05,22,0,2,0,0,1428
2024-02-05 23:00:00,2024-02-05,23,0,2,0,0,281
2024-02-06 09:00:00,2024-02-06,9,1,2,0,0,469
2024-02-06 10:00:00,2024-02-06,10,1,2,0,0,694
2024-02-06 11:00:00,2024-02-06,11,1,2,0,0,1069
2024-02-06 12:00:00,2024-02-06,12,1,2,0,0,983
2024-02-06 13:00:00,2024-02-06,13,1,2,0,0,954
2024-02-06 14:00:00,2024-02-06,14,1,2,0,0,1323
2024-02-06 15:00:00,2024-02-06,15,1,2,0,0,1603
2024-02-06 16:00:00,2024-02-06,16,1,2,0,0,1427
2024-02-06 17:00:00,2024-02-06,17,1,2,0,0,1417
2024-02-06 18:00:00,2024-02-06,18,1,2,0,0,1110
2024-02-06 19:00:00,2024-02-06,19,1,2,0,0,1015
2024-02-06 20:00:00,2024-02-06,20,1,2,0,0,1251
2024-02-06 21:00:00,2024-02-06,21,1,2,0,0,1453
2024-02-06 22:00:00,2024-02-06,22,1,2,0,0,1313
2024-02-06 23:00:00,2024-02-06,23,1,2,0,0,315
2024-02-07 09:00:00,2024-02-07,9,2,2,0,0,579
2024-02-07 10:00:00,2024-02-07,10,2,2,0,0,529
2024-02-07 11:00:00,2024-02-07,11,2,2,0,0,953
2024-02-07 12:00:00,2024-02-07,12,2,2,0,0,1254
2024-02-07 13:00:00,2024-02-07,13,2,2,0,0,1288
2024-02-07 14:00:00,2024-02-07,14,2,2,0,0,1513
2024-02-07 15:00:00,2024-02-07,15,2,2,0,0,1873
2024-02-07 16:00:00,2024-02-07,16,2,2,0,0,1615
2024-02-07 17:00:00,2024-02-07,17,2,2,0,0,1304
2024-02-07 18:00:00,2024-02-07,18,2,2,0,0,1370
2024-02-07 19:00:00,2024-02-07,19,2,2,0,0,956
2024-02-07 20:00:00,2024-02-07,20,2,2,0,0,963
2024-02-07 21:00:00,2024-02-07,21,2,2,0,0,1120
2024-02-07 22:00:00,2024-02-07,22,2,2,0,0,988
2024-02-07 23:00:00,2024-02-07,23,2,2,0,0,290
2024-02-08 09:00:00,2024-02-08,9,3,2,0,0,611
2024-02-08 10:00:00,2024-02-08,10,3,2,0,0,964
2024-02-08 11:00:00,2024-02-08,11,3,2,0,0,1044
2024-02-08 12:00:00,2024-02-08,12,3,2,0,0,1166
2024-02-08 13:00:00,2024-02-08,13,3,2,0,0,1492
2024-02-08 14:00:00,2024-02-08,14,3,2,0,0,1074
2024-02-08 15:00:00,2024-02-08,15,3,2,0,0,1542
2024-02-08 16:00:00,2024-02-08,16,3,2,0,0,1598
2024-02-08 17:00:00,2024-02-08,17,3,2,0,0,1116
2024-02-08 18:00:00,2024-02-08,18,3,2,0,0,1362
2024-02-08 19:00:00,2024-02-08,19,3,2,0,0,1046
2024-02-08 20:00:00,2024-02-08,20,3,2,0,0,1211
2024-02-08 21:00:00,2024-02-08,21,3,2,0,0,1371
2024-02-08 22:00:00,2024-02-08,22,3,2,0,0,1622
2024-02-08 23:00:00,2024-02-08,23,3,2,0,0,309
2024-02-09 09:00:00,2024-02-09,9,4,2,0,0,628
2024-02-09 10:00:00,2024-02-09,10,4,2,0,0,758
2024-02-09 11:00:00,2024-02-09,11,4,2,0,0,902
2024-02-09 12:00:00,2024-02-09,12,4,2,0,0,1317
2024-02-09 13:00:00,2024-02-09,13,4,2,0,0,1217
2024-02-09 14:00:00,2024-02-09,14,4,2,0,0,1475
2024-02-09 15:00:00,2024-02-09,15,4,2,0,0,1414
2024-02-09 16:00:00,2024-02-09,16,4,2,0,0,1547
2024-02-09 17:00:00,2024-02-09,17,4,2,0,0,988
2024-02-09 18:00:00,2024-02-09,18,4,2,0,0,1346
2024-02-09 19:00:00,2024-02-09,19,4,2,0,0,943
2024-02-09 20:00:00,2024-02-09,20,4,2,0,0,1233
2024-02-09 21:00:00,2024-02-09,21,4,2,0,0,1125
2024-02-09 22:00:00,2024-02-09,22,4,2,0,0,1207
2024-02-09 23:00:00,2024-02-09,23,4,2,0,0,316
2024-02-10 09:00:00,2024-02-10,9,5,2,1,0,898
2024-02-10 10:00:00,2024-02-10,10,5,2,1,0,963
2024-02-10 11:00:00,2024-02-10,11,5,2,1,0,1499
2024-02-10 12:00:00,2024-02-10,12,5,2,1,0,1880
2024-02-10 13:00:00,2024-02-10,13,5,2,1,0,1923
2024-02-10 14:00:00,2024-02-10,14,5,2,1,0,2419
2024-02-10 15:00:00,2024-02-10,15,5,2,1,0,1285
2024-02-10 16:00:00,2024-02-10,16,5,2,1,0,1176
2024-02-10 17:00:00,2024-02-10,17,5,2,1,0,1441
2024-02-10 18:00:00,2024-02-10,18,5,2,1,0,1907
2024-02-10 19:00:00,2024-02-10,19,5,2,1,0,1463
2024-02-10 20:00:00,2024-02-10,20,5,2,1,0,1709
2024-02-10 21:00:00,2024-02-10,21,5,2,1,0,1779
2024-02-10 22:00:00,2024-02-10,22,5,2,1,0,1488
2024-02-10 23:00:00,2024-02-10,23,5,2,1,0,528
2024-02-11 09:00:00,2024-02-11,9,6,2,1,0,836
2024-02-11 10:00:00,2024-02-11,10,6,2,1,0,1098
2024-02-11 11:00:00,2024-02-11,11,6,2,1,0,1475
2024-02-11 12:00:00,2024-02-11,12,6,2,1,0,1710
2024-02-11 13:00:00,2024-02-11,13,6,2,1,0,1881
2024-02-11 14:00:00,2024-02-11,14,6,2,1,0,1787
2024-02-11 15:00:00,2024-02-11,15,6,2,1,0,2139
2024-02-11 16:00:00,2024-02-11,16,6,2,1,0,2421
2024-02-11 17:00:00,2024-02-11,17,6,2,1,0,2128
2024-02-11 18:00:00,2024-02-11,18,6,2,1,0,1926
2024-02-11 19:00:00,2024-02-11,19,6,2,1,0,1274
2024-02-11 20:00:00,2024-02-11,20,6,2,1,0,1516
2024-02-11 21:00:00,2024-02-11,21,6,2,1,0,1186
2024-02-11 22:00:00,2024-02-11,22,6,2,1,0,1732
2024-02-11 23:00:00,2024-02-11,23,6,2,1,0,323
2024-02-12 09:00:00,2024-02-12,9,0,2,0,0,485
2024-02-12 10:00:00,2024-02-12,10,0,2,0,0,950
2024-02-12 11:00:00,2024-02-12,11,0,2,0,0,690
2024-02-12 12:00:00,2024-02-12,12,0,2,0,0,1136
2024-02-12 13:00:00,2024-02-12,13,0,2,0,0,1192
2024-02-12 14:00:00,2024-02-12,14,0,2,0,0,1172
2024-02-12 15:00:00,2024-02-12,15,0,2,0,0,1648
2024-02-12 16:00:00,2024-02-12,16,0,2,0,0,1475
2024-02-12 17:00:00,2024-02-12,17,0,2,0,0,1147
2024-02-12 18:00:00,2024-02-12,18,0,2,0,0,1011
2024-02-12 19:00:00,2024-02-12,19,0,2,0,0,964
2024-02-12 20:00:00,2024-02-12,20,0,2,0,0,1530
2024-02-12 21:00:00,2024-02-12,21,0,2,0,0,1235
2024-02-12 22:00:00,2024-02-12,22,0,2,0,0,1045
2024-02-12 23:00:00,2024-02-12,23,0,2,0,0,293
2024-02-13 09:00:00,2024-02-13,9,1,2,0,0,589
2024-02-13 10:00:00,2024-02-13,10,1,2,0,0,543
2024-02-13 11:00:00,2024-02-13,11,1,2,0,0,998
2024-02-13 12:00:00,2024-02-13,12,1,2,0,0,1164
2024-02-13 13:00:00,2024-02-13,13,1,2,0,0,1470
2024-02-13 14:00:00,2024-02-13,14,1,2,0,0,1787
2024-02-13 15:00:00,2024-02-13,15,1,2,0,0,1702
2024-02-13 16:00:00,2024-02-13,16,1,2,0,0,1415
2024-02-13 17:00:00,2024-02-13,17,1,2,0,0,1177
2024-02-13 18:00:00,2024-02-13,18,1,2,0,0,1567
2024-02-13 19:00:00,2024-02-13,19,1,2,0,0,708
2024-02-13 20:00:00,2024-02-13,20,1,2,0,0,1277
2024-02-13 21:00:00,2024-02-13,21,1,2,0,0,1271
2024-02-13 22:00:00,2024-02-13,22,1,2,0,0,1305
2024-02-13 23:00:00,2024-02-13,23,1,2,0,0,297
2024-02-14 09:00:00,2024-02-14,9,2,2,0,0,567
2024-02-14 10:00:00,2024-02-14,10,2,2,0,0,750
2024-02-14 11:00:00,2024-02-14,11,2,2,0,0,1001
2024-02-14 12:00:00,2024-02-14,12,2,2,0,0,1119
2024-02-14 13:00:00,2024-02-14,13,2,2,0,0,1241
2024-02-14 14:00:00,2024-02-14,14,2,2,0,0,1037
2024-02-14 15:00:00,2024-02-14,15,2,2,0,0,1454
2024-02-14 16:00:00,2024-02-14,16,2,2,0,0,1726
2024-02-14 17:00:00,2024-02-14,17,2,2,0,0,925
2024-02-14 18:00:00,2024-02-14,18,2,2,0,0,1354
2024-02-14 19:00:00,2024-02-14,19,2,2,0,0,1155
2024-02-14 20:00:00,2024-02-14,20,2,2,0,0,957
2024-02-14 21:00:00,2024-02-14,21,2,2,0,0,1222
2024-02-14 22:00:00,2024-02-14,22,2,2,0,0,1218
2024-02-14 23:00:00,2024-02-14,23,2,2,0,0,251
2024-02-15 09:00:00,2024-02-15,9,3,2,0,0,552
2024-02-15 10:00:00,2024-02-15,10,3,2,0,0,695
2024-02-15 11:00:00,2024-02-15,11,3,2,0,0,1216
2024-02-15 12:00:00,2024-02-15,12,3,2,0,0,1332
2024-02-15 13:00:00,2024-02-15,13,3,2,0,0,1564
2024-02-15 14:00:00,2024-02-15,14,3,2,0,0,1589
2024-02-15 15:00:00,2024-02-15,15,3,2,0,0,1296
2024-02-15 16:00:00,2024-02-15,16,3,2,0,0,1370
2024-02-15 17:00:00,2024-02-15,17,3,2,0,0,1436
2024-02-15 18:00:00,2024-02-15,18,3,2,0,0,1022
2024-02-15 19:00:00,2024-02-15,19,3,2,0,0,1091
2024-02-15 20:00:00,2024-02-15,20,3,2,0,0,1238
2024-02-15 21:00:00,2024-02-15,21,3,2,0,0,1217
2024-02-15 22:00:00,2024-02-15,22,3,2,0,0,1383
2024-02-15 23:00:00,2024-02-15,23,3,2,0,0,318
2024-02-16 09:00:00,2024-02-16,9,4,2,0,0,583
2024-02-16 10:00:00,2024-02-16,10,4,2,0,0,914
2024-02-16 11:00:00,2024-02-16,11,4,2,0,0,875
2024-02-16 12:00:00,2024-02-16,12,4,2,0,0,1286
2024-02-16 13:00:00,2024-02-16,13,4,2,0,0,1453
2024-02-16 14:00:00,2024-02-16,14,4,2,0,0,1408
2024-02-16 15:00:00,2024-02-16,15,4,2,0,0,1558
2024-02-16 16:00:00,2024-02-16,16,4,2,0,0,1243
2024-02-16 17:00:00,2024-02-16,17,4,2,0,0,1507
2024-02-16 18:00:00,2024-02-16,18,4,2,0,0,1171
2024-02-16 19:00:00,2024-02-16,19,4,2,0,0,942
2024-02-16 20:00:00,2024-02-16,20,4,2,0,0,1435
2024-02-16 21:00:00,2024-02-16,21,4,2,0,0,1167
2024-02-16 22:00:00,2024-02-16,22,4,2,0,0,1059
2024-02-16 23:00:00,2024-02-16,23,4,2,0,0,246
2024-02-17 09:00:00,2024-02-17,9,5,2,1,0,883
2024-02-17 10:00:00,2024-02-17,10,5,2,1,0,917
2024-02-17 11:00:00,2024-02-17,11,5,2,1,0,1643
2024-02-17 12:00:00,2024-02-17,12,5,2,1,0,1213
2024-02-17 13:00:00,2024-02-17,13,5,2,1,0,2205
2024-02-17 14:00:00,2024-02-17,14,5,2,1,0,2025
2024-02-17 15:00:00,2024-02-17,15,5,2,1,0,2001
2024-02-17 16:00:00,2024-02-17,16,5,2,1,0,1845
2024-02-17 17:00:00,2024-02-17,17,5,2,1,0,1920
2024-02-17 18:00:00,2024-02-17,18,5,2,1,0,1609
2024-02-17 19:00:00,2024-02-17,19,5,2,1,0,1537
2024-02-17 20:00:00,2024-02-17,20,5,2,1,0,1744
2024-02-17 21:00:00,2024-02-17,21,5,2,1,0,1752
2024-02-17 22:00:00,2024-02-17,22,5,2,1,0,1646
2024-02-17 23:00:00,2024-02-17,23,5,2,1,0,406
2024-02-18 09:00:00,2024-02-18,9,6,2,1,0,853
2024-02-18 10:00:00,2024-02-18,10,6,2,1,0,861
2024-02-18 11:00:00,2024-02-18,11,6,2,1,0,1137
2024-02-18 12:00:00,2024-02-18,12,6,2,1,0,1761
2024-02-18 13:00:00,2024-02-18,13,6,2,1,0,1869
2024-02-18 14:00:00,2024-02-18,14,6,2,1,0,1931
2024-02-18 15:00:00,2024-02-18,15,6,2,1,0,2029
2024-02-18 16:00:00,2024-02-18,16,6,2,1,0,2057
2024-02-18 17:00:00,2024-02-18,17,6,2,1,0,1199
2024-02-18 18:00:00,2024-02-18,18,6,2,1,0,1465
2024-02-18 19:00:00,2024-02-18,19,6,2,1,0,1389
2024-02-18 20:00:00,2024-02-18,20,6,2,1,0,1519
2024-02-18 21:00:00,2024-02-18,21,6,2,1,0,1805
2024-02-18 22:00:00,2024-02-18,22,6,2,1,0,1369
2024-02-18 23:00:00,2024-02-18,23,6,2,1,0,459
2024-02-19 09:00:00,2024-02-19,9,0,2,0,0,644
2024-02-19 10:00:00,2024-02-19,10,0,2,0,0,827
2024-02-19 11:00:00,2024-02-19,11,0,2,0,0,1124
2024-02-19 12:00:00,2024-02-19,12,0,2,0,0,1006
2024-02-19 13:00:00,2024-02-19,13,0,2,0,0,1065
2024-02-19 14:00:00,2024-02-19,14,0,2,0,0,797
2024-02-19 15:00:00,2024-02-19,15,0,2,0,0,1269
2024-02-19 16:00:00,2024-02-19,16,0,2,0,0,947
2024-02-19 17:00:00,2024-02-19,17,0,2,0,0,1361
2024-02-19 18:00:00,2024-02-19,18,0,2,0,0,1272
2024-02-19 19:00:00,2024-02-19,19,0,2,0,0,917
2024-02-19 20:00:00,2024-02-19,20,0,2,0,0,1303
2024-02-19 21:00:00,2024-02-19,21,0,2,0,0,1159
2024-02-19 22:00:00,2024-02-19,22,0,2,0,0,1181
2024-02-19 23:00:00,2024-02-19,23,0,2,0,0,251
2024-02-20 09:00:00,2024-02-20,9,1,2,0,0,542
2024-02-20 10:00:00,2024-02-20,10,1,2,0,0,672
2024-02-20 11:00:00,2024-02-20,11,1,2,0,0,887
2024-02-20 12:00:00,2024-02-20,12,1,2,0,0,1349
2024-02-20 13:00:00,2024-02-20,13,1,2,0,0,1202
2024-02-20 14:00:00,2024-02-20,14,1,2,0,0,1347
2024-02-20 15:00:00,2024-02-20,15,1,2,0,0,1588
2024-02-20 16:00:00,2024-02-20,16,1,2,0,0,1495
2024-02-20 17:00:00,2024-02-20,17,1,2,0,0,1217
2024-02-20 18:00:00,2024-02-20,18,1,2,0,0,1298
2024-02-20 19:00:00,2024-02-20,19,1,2,0,0,936
2024-02-20 20:00:00,2024-02-20,20,1,2,0,0,1293
2024-02-20 21:00:00,2024-02-20,21,1,2,0,0,1166
2024-02-20 22:00:00,2024-02-20,22,1,2,0,0,1260
2024-02-20 23:00:00,2024-02-20,23,1,2,0,0,344
2024-02-21 09:00:00,2024-02-21,9,2,2,0,0,558
2024-02-21 10:00:00,2024-02-21,10,2,2,0,0,799
2024-02-21 11:00:00,2024-02-21,11,2,2,0,0,1219
2024-02-21 12:00:00,2024-02-21,12,2,2,0,0,1107
2024-02-21 13:00:00,2024-02-21,13,2,2,0,0,1652
2024-02-21 14:00:00,2024-02-21,14,2,2,0,0,1587
2024-02-21 15:00:00,2024-02-21,15,2,2,0,0,979
2024-02-21 16:00:00,2024-02-21,16,2,2,0,0,1101
2024-02-21 17:00:00,2024-02-21,17,2,2,0,0,1060
2024-02-21 18:00:00,2024-02-21,18,2,2,0,0,1287
2024-02-21 19:00:00,2024-02-21,19,2,2,0,0,571
2024-02-21 20:00:00,2024-02-21,20,2,2,0,0,814
2024-02-21 21:00:00,2024-02-21,21,2,2,0,0,1237
2024-02-21 22:00:00,2024-02-21,22,2,2,0,0,1263
2024-02-21 23:00:00,2024-02-21,23,2,2,0,0,325
2024-02-22 09:00:00,2024-02-22,9,3,2,0,0,622
2024-02-22 10:00:00,2024-02-22,10,3,2,0,0,674
2024-02-22 11:00:00,2024-02-22,11,3,2,0,0,1051
2024-02-22 12:00:00,2024-02-22,12,3,2,0,0,1285
2024-02-22 13:00:00,2024-02-22,13,3,2,0,0,1013
2024-02-22 14:00:00,2024-02-22,14,3,2,0,0,1652
2024-02-22 15:00:00,2024-02-22,15,3,2,0,0,1650
2024-02-22 16:00:00,2024-02-22,16,3,2,0,0,1543
2024-02-22 17:00:00,2024-02-22,17,3,2,0,0,1345
2024-02-22 18:00:00,2024-02-22,18,3,2,0,0,959
2024-02-22 19:00:00,2024-02-22,19,3,2,0,0,1057
2024-02-22 20:00:00,2024-02-22,20,3,2,0,0,1306
2024-02-22 21:00:00,2024-02-22,21,3,2,0,0,1316
2024-02-22 22:00:00,2024-02-22,22,3,2,0,0,1079
2024-02-22 23:00:00,2024-02-22,23,3,2,0,0,263
2024-02-23 09:00:00,2024-02-23,9,4,2,0,0,686
2024-02-23 10:00:00,2024-02-23,10,4,2,0,0,799
2024-02-23 11:00:00,2024-02-23,11,4,2,0,0,1087
2024-02-23 12:00:00,2024-02-23,12,4,2,0,0,841
2024-02-23 13:00:00,2024-02-23,13,4,2,0,0,1362
2024-02-23 14:00:00,2024-02-23,14,4,2,0,0,1627
2024-02-23 15:00:00,2024-02-23,15,4,2,0,0,1407
2024-02-23 16:00:00,2024-02-23,16,4,2,0,0,1479
2024-02-23 17:00:00,2024-02-23,17,4,2,0,0,1281
2024-02-23 18:00:00,2024-02-23,18,4,2,0,0,1135
2024-02-23 19:00:00,2024-02-23,19,4,2,0,0,968
2024-02-23 20:00:00,2024-02-23,20,4,2,0,0,1308
2024-02-23 21:00:00,2024-02-23,21,4,2,0,0,1201
2024-02-23 22:00:00,2024-02-23,22,4,2,0,0,1467
2024-02-23 23:00:00,2024-02-23,23,4,2,0,0,270
2024-02-24 09:00:00,2024-02-24,9,5,2,1,0,804
2024-02-24 10:00:00,2024-02-24,10,5,2,1,0,1026
2024-02-24 11:00:00,2024-02-24,11,5,2,1,0,1593
2024-02-24 12:00:00,2024-02-24,12,5,2,1,0,1655
2024-02-24 13:00:00,2024-02-24,13,5,2,1,0,2059
2024-02-24 14:00:00,2024-02-24,14,5,2,1,0,1622
2024-02-24 15:00:00,2024-02-24,15,5,2,1,0,2089
2024-02-24 16:00:00,2024-02-24,16,5,2,1,0,2185
2024-02-24 17:00:00,2024-02-24,17,5,2,1,0,1850
2024-02-24 18:00:00,2024-02-24,18,5,2,1,0,1823
2024-02-24 19:00:00,2024-02-24,19,5,2,1,0,1273
2024-02-24 20:00:00,2024-02-24,20,5,2,1,0,2012
2024-02-24 21:00:00,2024-02-24,21,5,2,1,0,2196
2024-02-24 22:00:00,2024-02-24,22,5,2,1,0,1152
2024-02-24 23:00:00,2024-02-24,23,5,2,1,0,386
2024-02-25 09:00:00,2024-02-25,9,6,2,1,0,966
2024-02-25 10:00:00,2024-02-25,10,6,2,1,0,1289
2024-02-25 11:00:00,2024-02-25,11,6,2,1,0,1272
2024-02-25 12:00:00,2024-02-25,12,6,2,1,0,1535
2024-02-25 13:00:00,2024-02-25,13,6,2,1,0,1770
2024-02-25 14:00:00,2024-02-25,14,6,2,1,0,1656
2024-02-25 15:00:00,2024-02-25,15,6,2,1,0,1801
2024-02-25 16:00:00,2024-02-25,16,6,2,1,0,1737
2024-02-25 17:00:00,2024-02-25,17,6,2,1,0,1663
2024-02-25 18:00:00,2024-02-25,18,6,2,1,0,1610
2024-02-25 19:00:00,2024-02-25,19,6,2,1,0,1395
2024-02-25 20:00:00,2024-02-25,20,6,2,1,0,2041
2024-02-25 21:00:00,2024-02-25,21,6,2,1,0,1515
2024-02-25 22:00:00,2024-02-25,22,6,2,1,0,1924
2024-02-25 23:00:00,2024-02-25,23,6,2,1,0,398
2024-02-26 09:00:00,2024-02-26,9,0,2,0,0,424
2024-02-26 10:00:00,2024-02-26,10,0,2,0,0,867
2024-02-26 11:00:00,2024-02-26,11,0,2,0,0,870
2024-02-26 12:00:00,2024-02-26,12,0,2,0,0,1252
2024-02-26 13:00:00,2024-02-26,13,0,2,0,0,1384
2024-02-26 14:00:00,2024-02-26,14,0,2,0,0,1549
2024-02-26 15:00:00,2024-02-26,15,0,2,0,0,1552
2024-02-26 16:00:00,2024-02-26,16,0,2,0,0,1894
2024-02-26 17:00:00,2024-02-26,17,0,2,0,0,1253
2024-02-26 18:00:00,2024-02-26,18,0,2,0,0,1121
2024-02-26 19:00:00,2024-02-26,19,0,2,0,0,930
2024-02-26 20:00:00,2024-02-26,20,0,2,0,0,1190
2024-02-26 21:00:00,2024-02-26,21,0,2,0,0,1177
2024-02-26 22:00:00,2024-02-26,22,0,2,0,0,1456
2024-02-26 23:00:00,2024-02-26,23,0,2,0,0,354
2024-02-27 09:00:00,2024-02-27,9,1,2,0,0,568
2024-02-27 10:00:00,2024-02-27,10,1,2,0,0,722
2024-02-27 11:00:00,2024-02-27,11,1,2,0,0,1062
2024-02-27 12:00:00,2024-02-27,12,1,2,0,0,1118
2024-02-27 13:00:00,2024-02-27,13,1,2,0,0,1460
2024-02-27 14:00:00,2024-02-27,14,1,2,0,0,1498
2024-02-27 15:00:00,2024-02-27,15,1,2,0,0,1227
2024-02-27 16:00:00,2024-02-27,16,1,2,0,0,1734
2024-02-27 17:00:00,2024-02-27,17,1,2,0,0,1649
2024-02-27 18:00:00,2024-02-27,18,1,2,0,0,1109
2024-02-27 19:00:00,2024-02-27,19,1,2,0,0,958
2024-02-27 20:00:00,2024-02-27,20,1,2,0,0,1318
2024-02-27 21:00:00,2024-02-27,21,1,2,0,0,1326
2024-02-27 22:00:00,2024-02-27,22,1,2,0,0,1375
2024-02-27 23:00:00,2024-02-27,23,1,2,0,0,375
2024-02-28 09:00:00,2024-02-28,9,2,2,0,0,596
2024-02-28 10:00:00,2024-02-28,10,2,2,0,0,725
2024-02-28 11:00:00,2024-02-28,11,2,2,0,0,839
2024-02-28 12:00:00,2024-02-28,12,2,2,0,0,1092
2024-02-28 13:00:00,2024-02-28,13,2,2,0,0,1351
2024-02-28 14:00:00,2024-02-28,14,2,2,0,0,1244
2024-02-28 15:00:00,2024-02-28,15,2,2,0,0,1406
2024-02-28 16:00:00,2024-02-28,16,2,2,0,0,1502
2024-02-28 17:00:00,2024-02-28,17,2,2,0,0,1354
2024-02-28 18:00:00,2024-02-28,18,2,2,0,0,1368
2024-02-28 19:00:00,2024-02-28,19,2,2,0,0,1310
2024-02-28 20:00:00,2024-02-28,20,2,2,0,0,1193
2024-02-28 21:00:00,2024-02-28,21,2,2,0,0,840
2024-02-28 22:00:00,2024-02-28,22,2,2,0,0,1434
2024-02-28 23:00:00,2024-02-28,23,2,2,0,0,327
2024-02-29 09:00:00,2024-02-29,9,3,2,0,0,745
2024-02-29 10:00:00,2024-02-29,10,3,2,0,0,859
2024-02-29 11:00:00,2024-02-29,11,3,2,0,0,962
2024-02-29 12:00:00,2024-02-29,12,3,2,0,0,1282
2024-02-29 13:00:00,2024-02-29,13,3,2,0,0,1537
2024-02-29 14:00:00,2024-02-29,14,3,2,0,0,1607
2024-02-29 15:00:00,2024-02-29,15,3,2,0,0,1591
2024-02-29 16:00:00,2024-02-29,16,3,2,0,0,1650
2024-02-29 17:00:00,2024-02-29,17,3,2,0,0,1547
2024-02-29 18:00:00,2024-02-29,18,3,2,0,0,1396
2024-02-29 19:00:00,2024-02-29,19,3,2,0,0,1083
2024-02-29 20:00:00,2024-02-29,20,3,2,0,0,1249
2024-02-29 21:00:00,2024-02-29,21,3,2,0,0,1297
2024-02-29 22:00:00,2024-02-29,22,3,2,0,0,1459
2024-02-29 23:00:00,2024-02-29,23,3,2,0,0,273
2024-03-01 09:00:00,2024-03-01,9,4,3,0,0,636
2024-03-01 10:00:00,2024-03-01,10,4,3,0,0,764
2024-03-01 11:00:00,2024-03-01,11,4,3,0,0,1008
2024-03-01 12:00:00,2024-03-01,12,4,3,0,0,1381
2024-03-01 13:00:00,2024-03-01,13,4,3,0,0,1388
2024-03-01 14:00:00,2024-03-01,14,4,3,0,0,1471
2024-03-01 15:00:00,2024-03-01,15,4,3,0,0,1255
2024-03-01 16:00:00,2024-03-01,16,4,3,0,0,1593
2024-03-01 17:00:00,2024-03-01,17,4,3,0,0,1462
2024-03-01 18:00:00,2024-03-01,18,4,3,0,0,1056
2024-03-01 19:00:00,2024-03-01,19,4,3,0,0,677
2024-03-01 20:00:00,2024-03-01,20,4,3,0,0,1308
2024-03-01 21:00:00,2024-03-01,21,4,3,0,0,1313
2024-03-01 22:00:00,2024-03-01,22,4,3,0,0,1061
2024-03-01 23:00:00,2024-03-01,23,4,3,0,0,299
2024-03-02 09:00:00,2024-03-02,9,5,3,1,0,850
2024-03-02 10:00:00,2024-03-02,10,5,3,1,0,1162
2024-03-02 11:00:00,2024-03-02,11,5,3,1,0,1387
2024-03-02 12:00:00,2024-03-02,12,5,3,1,0,1530
2024-03-02 13:00:00,2024-03-02,13,5,3,1,0,1874
2024-03-02 14:00:00,2024-03-02,14,5,3,1,0,2229
2024-03-02 15:00:00,2024-03-02,15,5,3,1,0,1775
2024-03-02 16:00:00,2024-03-02,16,5,3,1,0,2006
2024-03-02 17:00:00,2024-03-02,17,5,3,1,0,1678
2024-03-02 18:00:00,2024-03-02,18,5,3,1,0,1848
2024-03-02 19:00:00,2024-03-02,19,5,3,1,0,1109
2024-03-02 20:00:00,2024-03-02,20,5,3,1,0,1124
2024-03-02 21:00:00,2024-03-02,21,5,3,1,0,1799
2024-03-02 22:00:00,2024-03-02,22,5,3,1,0,2044
2024-03-02 23:00:00,2024-03-02,23,5,3,1,0,405
2024-03-03 09:00:00,2024-03-03,9,6,3,1,0,768
2024-03-03 10:00:00,2024-03-03,10,6,3,1,0,1328
2024-03-03 11:00:00,2024-03-03,11,6,3,1,0,1121
2024-03-03 12:00:00,2024-03-03,12,6,3,1,0,1190
2024-03-03 13:00:00,2024-03-03,13,6,3,1,0,1929
2024-03-03 14:00:00,2024-03-03,14,6,3,1,0,1856
2024-03-03 15:00:00,2024-03-03,15,6,3,1,0,1776
2024-03-03 16:00:00,2024-03-03,16,6,3,1,0,2142
2024-03-03 17:00:00,2024-03-03,17,6,3,1,0,1885
2024-03-03 18:00:00,2024-03-03,18,6,3,1,0,1507
2024-03-03 19:00:00,2024-03-03,19,6,3,1,0,1148
2024-03-03 20:00:00,2024-03-03,20,6,3,1,0,1901
2024-03-03 21:00:00,2024-03-03,21,6,3,1,0,1855
2024-03-03 22:00:00,2024-03-03,22,6,3,1,0,1700
2024-03-03 23:00:00,2024-03-03,23,6,3,1,0,499
2024-03-04 09:00:00,2024-03-04,9,0,3,0,0,531
2024-03-04 10:00:00,2024-03-04,10,0,3,0,0,655
2024-03-04 11:00:00,2024-03-04,11,0,3,0,0,921
2024-03-04 12:00:00,2024-03-04,12,0,3,0,0,1191
2024-03-04 13:00:00,2024-03-04,13,0,3,0,0,1396
2024-03-04 14:00:00,2024-03-04,14,0,3,0,0,1420
2024-03-04 15:00:00,2024-03-04,15,0,3,0,0,1094
2024-03-04 16:00:00,2024-03-04,16,0,3,0,0,1243
2024-03-04 17:00:00,2024-03-04,17,0,3,0,0,1592
2024-03-04 18:00:00,2024-03-04,18,0,3,0,0,1185
2024-03-04 19:00:00,2024-03-04,19,0,3,0,0,1140
2024-03-04 20:00:00,2024-03-04,20,0,3,0,0,1327
2024-03-04 21:00:00,2024-03-04,21,0,3,0,0,1344
2024-03-04 22:00:00,2024-03-04,22,0,3,0,0,1362
2024-03-04 23:00:00,2024-03-04,23,0,3,0,0,319
2024-03-05 09:00:00,2024-03-05,9,1,3,0,0,656
2024-03-05 10:00:00,2024-03-05,10,1,3,0,0,930
2024-03-05 11:00:00,2024-03-05,11,1,3,0,0,1029
2024-03-05 12:00:00,2024-03-05,12,1,3,0,0,1299
2024-03-05 13:00:00,2024-03-05,13,1,3,0,0,1342
2024-03-05 14:00:00,2024-03-05,14,1,3,0,0,1715
2024-03-05 15:00:00,2024-03-05,15,1,3,0,0,1378
2024-03-05 16:00:00,2024-03-05,16,1,3,0,0,1779
2024-03-05 17:00:00,2024-03-05,17,1,3,0,0,1350
2024-03-05 18:00:00,2024-03-05,18,1,3,0,0,992
2024-03-05 19:00:00,2024-03-05,19,1,3,0,0,714
2024-03-05 20:00:00,2024-03-05,20,1,3,0,0,1170
2024-03-05 21:00:00,2024-03-05,21,1,3,0,0,1403
2024-03-05 22:00:00,2024-03-05,22,1,3,0,0,1175
2024-03-05 23:00:00,2024-03-05,23,1,3,0,0,286
2024-03-06 09:00:00,2024-03-06,9,2,3,0,0,471
2024-03-06 10:00:00,2024-03-06,10,2,3,0,0,759
2024-03-06 11:00:00,2024-03-06,11,2,3,0,0,713
2024-03-06 12:00:00,2024-03-06,12,2,3,0,0,970
2024-03-06 13:00:00,2024-03-06,13,2,3,0,0,1481
2024-03-06 14:00:00,2024-03-06,14,2,3,0,0,1600
2024-03-06 15:00:00,2024-03-06,15,2,3,0,0,1576
2024-03-06 16:00:00,2024-03-06,16,2,3,0,0,1293
2024-03-06 17:00:00,2024-03-06,17,2,3,0,0,1349
2024-03-06 18:00:00,2024-03-06,18,2,3,0,0,1197
2024-03-06 19:00:00,2024-03-06,19,2,3,0,0,865
2024-03-06 20:00:00,2024-03-06,20,2,3,0,0,1053
2024-03-06 21:00:00,2024-03-06,21,2,3,0,0,1409
2024-03-06 22:00:00,2024-03-06,22,2,3,0,0,1241
2024-03-06 23:00:00,2024-03-06,23,2,3,0,0,303
2024-03-07 09:00:00,2024-03-07,9,3,3,0,0,625
2024-03-07 10:00:00,2024-03-07,10,3,3,0,0,424
2024-03-07 11:00:00,2024-03-07,11,3,3,0,0,975
2024-03-07 12:00:00,2024-03-07,12,3,3,0,0,1099
2024-03-07 13:00:00,2024-03-07,13,3,3,0,0,1194
2024-03-07 14:00:00,2024-03-07,14,3,3,0,0,1413
2024-03-07 15:00:00,2024-03-07,15,3,3,0,0,1823
2024-03-07 16:00:00,2024-03-07,16,3,3,0,0,1575
2024-03-07 17:00:00,2024-03-07,17,3,3,0,0,1264
2024-03-07 18:00:00,2024-03-07,18,3,3,0,0,1280
2024-03-07 19:00:00,2024-03-07,19,3,3,0,0,1174
2024-03-07 20:00:00,2024-03-07,20,3,3,0,0,1416
2024-03-07 21:00:00,2024-03-07,21,3,3,0,0,1284
2024-03-07 22:00:00,2024-03-07,22,3,3,0,0,1176
2024-03-07 23:00:00,2024-03-07,23,3,3,0,0,328
2024-03-08 09:00:00,2024-03-08,9,4,3,0,0,638
2024-03-08 10:00:00,2024-03-08,10,4,3,0,0,889
2024-03-08 11:00:00,2024-03-08,11,4,3,0,0,757
2024-03-08 12:00:00,2024-03-08,12,4,3,0,0,1348
2024-03-08 13:00:00,2024-03-08,13,4,3,0,0,1270
2024-03-08 14:00:00,2024-03-08,14,4,3,0,0,1694
2024-03-08 15:00:00,2024-03-08,15,4,3,0,0,1535
2024-03-08 16:00:00,2024-03-08,16,4,3,0,0,1827
2024-03-08 17:00:00,2024-03-08,17,4,3,0,0,1245
2024-03-08 18:00:00,2024-03-08,18,4,3,0,0,1447
2024-03-08 19:00:00,2024-03-08,19,4,3,0,0,1029
2024-03-08 20:00:00,2024-03-08,20,4,3,0,0,1175
2024-03-08 21:00:00,2024-03-08,21,4,3,0,0,1200
2024-03-08 22:00:00,2024-03-08,22,4,3,0,0,1225
2024-03-08 23:00:00,2024-03-08,23,4,3,0,0,318
2024-03-09 09:00:00,2024-03-09,9,5,3,1,0,874
2024-03-09 10:00:00,2024-03-09,10,5,3,1,0,1009
2024-03-09 11:00:00,2024-03-09,11,5,3,1,0,1353
2024-03-09 12:00:00,2024-03-09,12,5,3,1,0,2032
2024-03-09 13:00:00,2024-03-09,13,5,3,1,0,2212
2024-03-09 14:00:00,2024-03-09,14,5,3,1,0,2078
2024-03-09 15:00:00,2024-03-09,15,5,3,1,0,1423
2024-03-09 16:00:00,2024-03-09,16,5,3,1,0,2003
2024-03-09 17:00:00,2024-03-09,17,5,3,1,0,1967
2024-03-09 18:00:00,2024-03-09,18,5,3,1,0,992
2024-03-09 19:00:00,2024-03-09,19,5,3,1,0,1315
2024-03-09 20:00:00,2024-03-09,20,5,3,1,0,1376
2024-03-09 21:00:00,2024-03-09,21,5,3,1,0,1262
2024-03-09 22:00:00,2024-03-09,22,5,3,1,0,1854
2024-03-09 23:00:00,2024-03-09,23,5,3,1,0,385
2024-03-10 09:00:00,2024-03-10,9,6,3,1,0,978
2024-03-10 10:00:00,2024-03-10,10,6,3,1,0,924
2024-03-10 11:00:00,2024-03-10,11,6,3,1,0,1118
2024-03-10 12:00:00,2024-03-10,12,6,3,1,0,1660
2024-03-10 13:00:00,2024-03-10,13,6,3,1,0,1443
2024-03-10 14:00:00,2024-03-10,14,6,3,1,0,1661
2024-03-10 15:00:00,2024-03-10,15,6,3,1,0,1913
2024-03-10 16:00:00,2024-03-10,16,6,3,1,0,2230
2024-03-10 17:00:00,2024-03-10,17,6,3,1,0,1823
2024-03-10 18:00:00,2024-03-10,18,6,3,1,0,1583
2024-03-10 19:00:00,2024-03-10,19,6,3,1,0,1501
2024-03-10 20:00:00,2024-03-10,20,6,3,1,0,1855
2024-03-10 21:00:00,2024-03-10,21,6,3,1,0,1395
2024-03-10 22:00:00,2024-03-10,22,6,3,1,0,2026
2024-03-10 23:00:00,2024-03-10,23,6,3,1,0,476
2024-03-11 09:00:00,2024-03-11,9,0,3,0,0,564
2024-03-11 10:00:00,2024-03-11,10,0,3,0,0,841
2024-03-11 11:00:00,2024-03-11,11,0,3,0,0,1065
2024-03-11 12:00:00,2024-03-11,12,0,3,0,0,1235
2024-03-11 13:00:00,2024-03-11,13,0,3,0,0,1267
2024-03-11 14:00:00,2024-03-11,14,0,3,0,0,1345
2024-03-11 15:00:00,2024-03-11,15,0,3,0,0,1495
2024-03-11 16:00:00,2024-03-11,16,0,3,0,0,1668
2024-03-11 17:00:00,2024-03-11,17,0,3,0,0,1445
2024-03-11 18:00:00,2024-03-11,18,0,3,0,0,1144
2024-03-11 19:00:00,2024-03-11,19,0,3,0,0,1098
2024-03-11 20:00:00,2024-03-11,20,0,3,0,0,839
2024-03-11 21:00:00,2024-03-11,21,0,3,0,0,1450
2024-03-11 22:00:00,2024-03-11,22,0,3,0,0,1008
2024-03-11 23:00:00,2024-03-11,23,0,3,0,0,289
2024-03-12 09:00:00,2024-03-12,9,1,3,0,0,527
2024-03-12 10:00:00,2024-03-12,10,1,3,0,0,678
2024-03-12 11:00:00,2024-03-12,11,1,3,0,0,1145
2024-03-12 12:00:00,2024-03-12,12,1,3,0,0,1130
2024-03-12 13:00:00,2024-03-12,13,1,3,0,0,1413
2024-03-12 14:00:00,2024-03-12,14,1,3,0,0,1454
2024-03-12 15:00:00,2024-03-12,15,1,3,0,0,1585
2024-03-12 16:00:00,2024-03-12,16,1,3,0,0,1476
2024-03-12 17:00:00,2024-03-12,17,1,3,0,0,1148
2024-03-12 18:00:00,2024-03-12,18,1,3,0,0,1340
2024-03-12 19:00:00,2024-03-12,19,1,3,0,0,945
2024-03-12 20:00:00,2024-03-12,20,1,3,0,0,1036
2024-03-12 21:00:00,2024-03-12,21,1,3,0,0,1209
2024-03-12 22:00:00,2024-03-12,22,1,3,0,0,1504
2024-03-12 23:00:00,2024-03-12,23,1,3,0,0,233
2024-03-13 09:00:00,2024-03-13,9,2,3,0,0,584
2024-03-13 10:00:00,2024-03-13,10,2,3,0,0,769
2024-03-13 11:00:00,2024-03-13,11,2,3,0,0,966
2024-03-13 12:00:00,2024-03-13,12,2,3,0,0,1496
2024-03-13 13:00:00,2024-03-13,13,2,3,0,0,1419
2024-03-13 14:00:00,2024-03-13,14,2,3,0,0,1076
2024-03-13 15:00:00,2024-03-13,15,2,3,0,0,1685
2024-03-13 16:00:00,2024-03-13,16,2,3,0,0,1504
2024-03-13 17:00:00,2024-03-13,17,2,3,0,0,1315
2024-03-13 18:00:00,2024-03-13,18,2,3,0,0,1169
2024-03-13 19:00:00,2024-03-13,19,2,3,0,0,996
2024-03-13 20:00:00,2024-03-13,20,2,3,0,0,1269
2024-03-13 21:00:00,2024-03-13,21,2,3,0,0,970
2024-03-13 22:00:00,2024-03-13,22,2,3,0,0,1282
2024-03-13 23:00:00,2024-03-13,23,2,3,0,0,329
2024-03-14 09:00:00,2024-03-14,9,3,3,0,0,603
2024-03-14 10:00:00,2024-03-14,10,3,3,0,0,810
2024-03-14 11:00:00,2024-03-14,11,3,3,0,0,764
2024-03-14 12:00:00,2024-03-14,12,3,3,0,0,1329
2024-03-14 13:00:00,2024-03-14,13,3,3,0,0,989
2024-03-14 14:00:00,2024-03-14,14,3,3,0,0,1146
2024-03-14 15:00:00,2024-03-14,15,3,3,0,0,978
2024-03-14 16:00:00,2024-03-14,16,3,3,0,0,1829
2024-03-14 17:00:00,2024-03-14,17,3,3,0,0,1334
2024-03-14 18:00:00,2024-03-14,18,3,3,0,0,1357
2024-03-14 19:00:00,2024-03-14,19,3,3,0,0,880
2024-03-14 20:00:00,2024-03-14,20,3,3,0,0,1368
2024-03-14 21:00:00,2024-03-14,21,3,3,0,0,1113
2024-03-14 22:00:00,2024-03-14,22,3,3,0,0,1179
2024-03-14 23:00:00,2024-03-14,23,3,3,0,0,372
2024-03-15 09:00:00,2024-03-15,9,4,3,0,0,595
2024-03-15 10:00:00,2024-03-15,10,4,3,0,0,823
2024-03-15 11:00:00,2024-03-15,11,4,3,0,0,1110
2024-03-15 12:00:00,2024-03-15,12,4,3,0,0,1269
2024-03-15 13:00:00,2024-03-15,13,4,3,0,0,1381
2024-03-15 14:00:00,2024-03-15,14,4,3,0,0,1527
2024-03-15 15:00:00,2024-03-15,15,4,3,0,0,1932
2024-03-15 16:00:00,2024-03-15,16,4,3,0,0,1452
2024-03-15 17:00:00,2024-03-15,17,4,3,0,0,1390
2024-03-15 18:00:00,2024-03-15,18,4,3,0,0,1348
2024-03-15 19:00:00,2024-03-15,19,4,3,0,0,1138
2024-03-15 20:00:00,2024-03-15,20,4,3,0,0,1456
2024-03-15 21:00:00,2024-03-15,21,4,3,0,0,1372
2024-03-15 22:00:00,2024-03-15,22,4,3,0,0,1100
2024-03-15 23:00:00,2024-03-15,23,4,3,0,0,362
2024-03-16 09:00:00,2024-03-16,9,5,3,1,0,710
2024-03-16 10:00:00,2024-03-16,10,5,3,1,0,1123
2024-03-16 11:00:00,2024-03-16,11,5,3,1,0,864
2024-03-16 12:00:00,2024-03-16,12,5,3,1,0,1604
2024-03-16 13:00:00,2024-03-16,13,5,3,1,0,1904
2024-03-16 14:00:00,2024-03-16,14,5,3,1,0,2051
2024-03-16 15:00:00,2024-03-16,15,5,3,1,0,2127
2024-03-16 16:00:00,2024-03-16,16,5,3,1,0,2357
2024-03-16 17:00:00,2024-03-16,17,5,3,1,0,1932
2024-03-16 18:00:00,2024-03-16,18,5,3,1,0,1569
2024-03-16 19:00:00,2024-03-16,19,5,3,1,0,1514
2024-03-16 20:00:00,2024-03-16,20,5,3,1,0,1966
2024-03-16 21:00:00,2024-03-16,21,5,3,1,0,1467
2024-03-16 22:00:00,2024-03-16,22,5,3,1,0,1844
2024-03-16 23:00:00,2024-03-16,23,5,3,1,0,443
2024-03-17 09:00:00,2024-03-17,9,6,3,1,0,793
2024-03-17 10:00:00,2024-03-17,10,6,3,1,0,1262
2024-03-17 11:00:00,2024-03-17,11,6,3,1,0,1332
2024-03-17 12:00:00,2024-03-17,12,6,3,1,0,1641
2024-03-17 13:00:00,2024-03-17,13,6,3,1,0,1794
2024-03-17 14:00:00,2024-03-17,14,6,3,1,0,1978
2024-03-17 15:00:00,2024-03-17,15,6,3,1,0,1758
2024-03-17 16:00:00,2024-03-17,16,6,3,1,0,1633
2024-03-17 17:00:00,2024-03-17,17,6,3,1,0,1528
2024-03-17 18:00:00,2024-03-17,18,6,3,1,0,1452
2024-03-17 19:00:00,2024-03-17,19,6,3,1,0,1195
2024-03-17 20:00:00,2024-03-17,20,6,3,1,0,1276
2024-03-17 21:00:00,2024-03-17,21,6,3,1,0,1589
2024-03-17 22:00:00,2024-03-17,22,6,3,1,0,1447
2024-03-17 23:00:00,2024-03-17,23,6,3,1,0,489
2024-03-18 09:00:00,2024-03-18,9,0,3,0,0,683
2024-03-18 10:00:00,2024-03-18,10,0,3,0,0,736
2024-03-18 11:00:00,2024-03-18,11,0,3,0,0,1277
2024-03-18 12:00:00,2024-03-18,12,0,3,0,0,1338
2024-03-18 13:00:00,2024-03-18,13,0,3,0,0,913
2024-03-18 14:00:00,2024-03-18,14,0,3,0,0,1024
2024-03-18 15:00:00,2024-03-18,15,0,3,0,0,1338
2024-03-18 16:00:00,2024-03-18,16,0,3,0,0,1219
2024-03-18 17:00:00,2024-03-18,17,0,3,0,0,1089
2024-03-18 18:00:00,2024-03-18,18,0,3,0,0,1344
2024-03-18 19:00:00,2024-03-18,19,0,3,0,0,1299
2024-03-18 20:00:00,2024-03-18,20,0,3,0,0,1486
2024-03-18 21:00:00,2024-03-18,21,0,3,0,0,1361
2024-03-18 22:00:00,2024-03-18,22,0,3,0,0,1365
2024-03-18 23:00:00,2024-03-18,23,0,3,0,0,333
2024-03-19 09:00:00,2024-03-19,9,1,3,0,0,665
2024-03-19 10:00:00,2024-03-19,10,1,3,0,0,829
2024-03-19 11:00:00,2024-03-19,11,1,3,0,0,1018
2024-03-19 12:00:00,2024-03-19,12,1,3,0,0,1188
2024-03-19 13:00:00,2024-03-19,13,1,3,0,0,1234
2024-03-19 14:00:00,2024-03-19,14,1,3,0,0,1413
2024-03-19 15:00:00,2024-03-19,15,1,3,0,0,1195
2024-03-19 16:00:00,2024-03-19,16,1,3,0,0,1445
2024-03-19 17:00:00,2024-03-19,17,1,3,0,0,1196
2024-03-19 18:00:00,2024-03-19,18,1,3,0,0,727
2024-03-19 19:00:00,2024-03-19,19,1,3,0,0,1027
2024-03-19 20:00:00,2024-03-19,20,1,3,0,0,1041
2024-03-19 21:00:00,2024-03-19,21,1,3,0,0,1415
2024-03-19 22:00:00,2024-03-19,22,1,3,0,0,1034
2024-03-19 23:00:00,2024-03-19,23,1,3,0,0,266
2024-03-20 09:00:00,2024-03-20,9,2,3,0,0,678
2024-03-20 10:00:00,2024-03-20,10,2,3,0,0,708
2024-03-20 11:00:00,2024-03-20,11,2,3,0,0,978
2024-03-20 12:00:00,2024-03-20,12,2,3,0,0,1276
2024-03-20 13:00:00,2024-03-20,13,2,3,0,0,1199
2024-03-20 14:00:00,2024-03-20,14,2,3,0,0,1481
2024-03-20 15:00:00,2024-03-20,15,2,3,0,0,1259
2024-03-20 16:00:00,2024-03-20,16,2,3,0,0,1357
2024-03-20 17:00:00,2024-03-20,17,2,3,0,0,1409
2024-03-20 18:00:00,2024-03-20,18,2,3,0,0,968
2024-03-20 19:00:00,2024-03-20,19,2,3,0,0,1058
2024-03-20 20:00:00,2024-03-20,20,2,3,0,0,1271
2024-03-20 21:00:00,2024-03-20,21,2,3,0,0,1359
2024-03-20 22:00:00,2024-03-20,22,2,3,0,0,1309
2024-03-20 23:00:00,2024-03-20,23,2,3,0,0,352
2024-03-21 09:00:00,2024-03-21,9,3,3,0,0,619
2024-03-21 10:00:00,2024-03-21,10,3,3,0,0,761
2024-03-21 11:00:00,2024-03-21,11,3,3,0,0,1020
2024-03-21 12:00:00,2024-03-21,12,3,3,0,0,1275
2024-03-21 13:00:00,2024-03-21,13,3,3,0,0,1365
2024-03-21 14:00:00,2024-03-21,14,3,3,0,0,1470
2024-03-21 15:00:00,2024-03-21,15,3,3,0,0,1373
2024-03-21 16:00:00,2024-03-21,16,3,3,0,0,1346
2024-03-21 17:00:00,2024-03-21,17,3,3,0,0,1128
2024-03-21 18:00:00,2024-03-21,18,3,3,0,0,1449
2024-03-21 19:00:00,2024-03-21,19,3,3,0,0,855
2024-03-21 20:00:00,2024-03-21,20,3,3,0,0,1168
2024-03-21 21:00:00,2024-03-21,21,3,3,0,0,1165
2024-03-21 22:00:00,2024-03-21,22,3,3,0,0,1411
2024-03-21 23:00:00,2024-03-21,23,3,3,0,0,292
2024-03-22 09:00:00,2024-03-22,9,4,3,0,0,701
2024-03-22 10:00:00,2024-03-22,10,4,3,0,0,738
2024-03-22 11:00:00,2024-03-22,11,4,3,0,0,1039
2024-03-22 12:00:00,2024-03-22,12,4,3,0,0,1077
2024-03-22 13:00:00,2024-03-22,13,4,3,0,0,1706
2024-03-22 14:00:00,2024-03-22,14,4,3,0,0,1254
2024-03-22 15:00:00,2024-03-22,15,4,3,0,0,1555
2024-03-22 16:00:00,2024-03-22,16,4,3,0,0,1574
2024-03-22 17:00:00,2024-03-22,17,4,3,0,0,1424
2024-03-22 18:00:00,2024-03-22,18,4,3,0,0,1171
2024-03-22 19:00:00,2024-03-22,19,4,3,0,0,989
2024-03-22 20:00:00,2024-03-22,20,4,3,0,0,1281
2024-03-22 21:00:00,2024-03-22,21,4,3,0,0,1252
2024-03-22 22:00:00,2024-03-22,22,4,3,0,0,1422
2024-03-22 23:00:00,2024-03-22,23,4,3,0,0,383
2024-03-23 09:00:00,2024-03-23,9,5,3,1,0,768
2024-03-23 10:00:00,2024-03-23,10,5,3,1,0,905
2024-03-23 11:00:00,2024-03-23,11,5,3,1,0,1343
2024-03-23 12:00:00,2024-03-23,12,5,3,1,0,2117
2024-03-23 13:00:00,2024-03-23,13,5,3,1,0,1655
2024-03-23 14:00:00,2024-03-23,14,5,3,1,0,2363
2024-03-23 15:00:00,2024-03-23,15,5,3,1,0,2432
2024-03-23 16:00:00,2024-03-23,16,5,3,1,0,1843
2024-03-23 17:00:00,2024-03-23,17,5,3,1,0,1370
2024-03-23 18:00:00,2024-03-23,18,5,3,1,0,1932
2024-03-23 19:00:00,2024-03-23,19,5,3,1,0,1295
2024-03-23 20:00:00,2024-03-23,20,5,3,1,0,1679
2024-03-23 21:00:00,2024-03-23,21,5,3,1,0,1601
2024-03-23 22:00:00,2024-03-23,22,5,3,1,0,1511
2024-03-23 23:00:00,2024-03-23,23,5,3,1,0,376
2024-03-24 09:00:00,2024-03-24,9,6,3,1,0,702
2024-03-24 10:00:00,2024-03-24,10,6,3,1,0,1088
2024-03-24 11:00:00,2024-03-24,11,6,3,1,0,1231
2024-03-24 12:00:00,2024-03-24,12,6,3,1,0,1662
2024-03-24 13:00:00,2024-03-24,13,6,3,1,0,1490
2024-03-24 14:00:00,2024-03-24,14,6,3,1,0,2053
2024-03-24 15:00:00,2024-03-24,15,6,3,1,0,2227
2024-03-24 16:00:00,2024-03-24,16,6,3,1,0,1502
2024-03-24 17:00:00,2024-03-24,17,6,3,1,0,1914
2024-03-24 18:00:00,2024-03-24,18,6,3,1,0,1298
2024-03-24 19:00:00,2024-03-24,19,6,3,1,0,1160
2024-03-24 20:00:00,2024-03-24,20,6,3,1,0,2066
2024-03-24 21:00:00,2024-03-24,21,6,3,1,0,1807
2024-03-24 22:00:00,2024-03-24,22,6,3,1,0,1575
2024-03-24 23:00:00,2024-03-24,23,6,3,1,0,406
2024-03-25 09:00:00,2024-03-25,9,0,3,0,0,650
2024-03-25 10:00:00,2024-03-25,10,0,3,0,0,810
2024-03-25 11:00:00,2024-03-25,11,0,3,0,0,1070
2024-03-25 12:00:00,2024-03-25,12,0,3,0,0,1065
2024-03-25 13:00:00,2024-03-25,13,0,3,0,0,1384
2024-03-25 14:00:00,2024-03-25,14,0,3,0,0,1214
2024-03-25 15:00:00,2024-03-25,15,0,3,0,0,1479
2024-03-25 16:00:00,2024-03-25,16,0,3,0,0,1304
2024-03-25 17:00:00,2024-03-25,17,0,3,0,0,1237
2024-03-25 18:00:00,2024-03-25,18,0,3,0,0,1375
2024-03-25 19:00:00,2024-03-25,19,0,3,0,0,1137
2024-03-25 20:00:00,2024-03-25,20,0,3,0,0,1368
2024-03-25 21:00:00,2024-03-25,21,0,3,0,0,1107
2024-03-25 22:00:00,2024-03-25,22,0,3,0,0,1226
2024-03-25 23:00:00,2024-03-25,23,0,3,0,0,346
2024-03-26 09:00:00,2024-03-26,9,1,3,0,0,620
2024-03-26 10:00:00,2024-03-26,10,1,3,0,0,1026
2024-03-26 11:00:00,2024-03-26,11,1,3,0,0,1052
2024-03-26 12:00:00,2024-03-26,12,1,3,0,0,1225
2024-03-26 13:00:00,2024-03-26,13,1,3,0,0,1306
2024-03-26 14:00:00,2024-03-26,14,1,3,0,0,1486
2024-03-26 15:00:00,2024-03-26,15,1,3,0,0,1472
2024-03-26 16:00:00,2024-03-26,16,1,3,0,0,1587
2024-03-26 17:00:00,2024-03-26,17,1,3,0,0,1513
2024-03-26 18:00:00,2024-03-26,18,1,3,0,0,1084
2024-03-26 19:00:00,2024-03-26,19,1,3,0,0,844
2024-03-26 20:00:00,2024-03-26,20,1,3,0,0,695
2024-03-26 21:00:00,2024-03-26,21,1,3,0,0,1352
2024-03-26 22:00:00,2024-03-26,22,1,3,0,0,774
2024-03-26 23:00:00,2024-03-26,23,1,3,0,0,224
2024-03-27 09:00:00,2024-03-27,9,2,3,0,0,638
2024-03-27 10:00:00,2024-03-27,10,2,3,0,0,1043
2024-03-27 11:00:00,2024-03-27,11,2,3,0,0,1004
2024-03-27 12:00:00,2024-03-27,12,2,3,0,0,1318
2024-03-27 13:00:00,2024-03-27,13,2,3,0,0,1370
2024-03-27 14:00:00,2024-03-27,14,2,3,0,0,1445
2024-03-27 15:00:00,2024-03-27,15,2,3,0,0,1665
2024-03-27 16:00:00,2024-03-27,16,2,3,0,0,1412
2024-03-27 17:00:00,2024-03-27,17,2,3,0,0,1400
2024-03-27 18:00:00,2024-03-27,18,2,3,0,0,1244
2024-03-27 19:00:00,2024-03-27,19,2,3,0,0,924
2024-03-27 20:00:00,2024-03-27,20,2,3,0,0,1426
2024-03-27 21:00:00,2024-03-27,21,2,3,0,0,1248
2024-03-27 22:00:00,2024-03-27,22,2,3,0,0,1159
2024-03-27 23:00:00,2024-03-27,23,2,3,0,0,322
2024-03-28 09:00:00,2024-03-28,9,3,3,0,0,544
2024-03-28 10:00:00,2024-03-28,10,3,3,0,0,805
2024-03-28 11:00:00,2024-03-28,11,3,3,0,0,1004
2024-03-28 12:00:00,2024-03-28,12,3,3,0,0,1353
2024-03-28 13:00:00,2024-03-28,13,3,3,0,0,1004
2024-03-28 14:00:00,2024-03-28,14,3,3,0,0,1458
2024-03-28 15:00:00,2024-03-28,15,3,3,0,0,1647
2024-03-28 16:00:00,2024-03-28,16,3,3,0,0,1707
2024-03-28 17:00:00,2024-03-28,17,3,3,0,0,1448
2024-03-28 18:00:00,2024-03-28,18,3,3,0,0,1199
2024-03-28 19:00:00,2024-03-28,19,3,3,0,0,847
2024-03-28 20:00:00,2024-03-28,20,3,3,0,0,1112
2024-03-28 21:00:00,2024-03-28,21,3,3,0,0,1228
2024-03-28 22:00:00,2024-03-28,22,3,3,0,0,1181
2024-03-28 23:00:00,2024-03-28,23,3,3,0,0,296
2024-03-29 09:00:00,2024-03-29,9,4,3,0,0,614
2024-03-29 10:00:00,2024-03-29,10,4,3,0,0,853
2024-03-29 11:00:00,2024-03-29,11,4,3,0,0,996
2024-03-29 12:00:00,2024-03-29,12,4,3,0,0,1267
2024-03-29 13:00:00,2024-03-29,13,4,3,0,0,1367
2024-03-29 14:00:00,2024-03-29,14,4,3,0,0,1116
2024-03-29 15:00:00,2024-03-29,15,4,3,0,0,1330
2024-03-29 16:00:00,2024-03-29,16,4,3,0,0,1437
2024-03-29 17:00:00,2024-03-29,17,4,3,0,0,1160
2024-03-29 18:00:00,2024-03-29,18,4,3,0,0,1284
2024-03-29 19:00:00,2024-03-29,19,4,3,0,0,1190
2024-03-29 20:00:00,2024-03-29,20,4,3,0,0,1461
2024-03-29 21:00:00,2024-03-29,21,4,3,0,0,1242
2024-03-29 22:00:00,2024-03-29,22,4,3,0,0,1503
2024-03-29 23:00:00,2024-03-29,23,4,3,0,0,308
2024-03-30 09:00:00,2024-03-30,9,5,3,1,0,790
2024-03-30 10:00:00,2024-03-30,10,5,3,1,0,1004
2024-03-30 11:00:00,2024-03-30,11,5,3,1,0,1308
2024-03-30 12:00:00,2024-03-30,12,5,3,1,0,1541
2024-03-30 13:00:00,2024-03-30,13,5,3,1,0,1308
2024-03-30 14:00:00,2024-03-30,14,5,3,1,0,2013
2024-03-30 15:00:00,2024-03-30,15,5,3,1,0,2025
2024-03-30 16:00:00,2024-03-30,16,5,3,1,0,1454
2024-03-30 17:00:00,2024-03-30,17,5,3,1,0,2094
2024-03-30 18:00:00,2024-03-30,18,5,3,1,0,1801
2024-03-30 19:00:00,2024-03-30,19,5,3,1,0,1115
2024-03-30 20:00:00,2024-03-30,20,5,3,1,0,1193
2024-03-30 21:00:00,2024-03-30,21,5,3,1,0,1914
2024-03-30 22:00:00,2024-03-30,22,5,3,1,0,1438
2024-03-30 23:00:00,2024-03-30,23,5,3,1,0,397
2024-03-31 09:00:00,2024-03-31,9,6,3,1,0,707
2024-03-31 10:00:00,2024-03-31,10,6,3,1,0,849
2024-03-31 11:00:00,2024-03-31,11,6,3,1,0,1445
2024-03-31 12:00:00,2024-03-31,12,6,3,1,0,1764
2024-03-31 13:00:00,2024-03-31,13,6,3,1,0,1705
2024-03-31 14:00:00,2024-03-31,14,6,3,1,0,1360
2024-03-31 15:00:00,2024-03-31,15,6,3,1,0,1892
2024-03-31 16:00:00,2024-03-31,16,6,3,1,0,2067
2024-03-31 17:00:00,2024-03-31,17,6,3,1,0,1507
2024-03-31 18:00:00,2024-03-31,18,6,3,1,0,1652
2024-03-31 19:00:00,2024-03-31,19,6,3,1,0,1354
2024-03-31 20:00:00,2024-03-31,20,6,3,1,0,1840
2024-03-31 21:00:00,2024-03-31,21,6,3,1,0,1745
2024-03-31 22:00:00,2024-03-31,22,6,3,1,0,1520
2024-03-31 23:00:00,2024-03-31,23,6,3,1,0,467
2024-04-01 09:00:00,2024-04-01,9,0,4,0,0,1116
2024-04-01 10:00:00,2024-04-01,10,0,4,0,0,1493
2024-04-01 11:00:00,2024-04-01,11,0,4,0,0,1666
2024-04-01 12:00:00,2024-04-01,12,0,4,0,0,2116
2024-04-01 13:00:00,2024-04-01,13,0,4,0,0,2264
2024-04-01 14:00:00,2024-04-01,14,0,4,0,0,2674
2024-04-01 15:00:00,2024-04-01,15,0,4,0,0,3375
2024-04-01 16:00:00,2024-04-01,16,0,4,0,0,2281
2024-04-01 17:00:00,2024-04-01,17,0,4,0,0,2042
2024-04-01 18:00:00,2024-04-01,18,0,4,0,0,2630
2024-04-01 19:00:00,2024-04-01,19,0,4,0,0,1829
2024-04-01 20:00:00,2024-04-01,20,0,4,0,0,2188
2024-04-01 21:00:00,2024-04-01,21,0,4,0,0,2676
2024-04-01 22:00:00,2024-04-01,22,0,4,0,0,2207
2024-04-01 23:00:00,2024-04-01,23,0,4,0,0,689
2024-04-02 09:00:00,2024-04-02,9,1,4,0,0,1231
2024-04-02 10:00:00,2024-04-02,10,1,4,0,0,987
2024-04-02 11:00:00,2024-04-02,11,1,4,0,0,2362
2024-04-02 12:00:00,2024-04-02,12,1,4,0,0,2073
2024-04-02 13:00:00,2024-04-02,13,1,4,0,0,2759
2024-04-02 14:00:00,2024-04-02,14,1,4,0,0,2828
2024-04-02 15:00:00,2024-04-02,15,1,4,0,0,3237
2024-04-02 16:00:00,2024-04-02,16,1,4,0,0,3242
2024-04-02 17:00:00,2024-04-02,17,1,4,0,0,1780
2024-04-02 18:00:00,2024-04-02,18,1,4,0,0,2033
2024-04-02 19:00:00,2024-04-02,19,1,4,0,0,1980
2024-04-02 20:00:00,2024-04-02,20,1,4,0,0,2186
2024-04-02 21:00:00,2024-04-02,21,1,4,0,0,2955
2024-04-02 22:00:00,2024-04-02,22,1,4,0,0,2418
2024-04-02 23:00:00,2024-04-02,23,1,4,0,0,540
2024-04-03 09:00:00,2024-04-03,9,2,4,0,0,1163
2024-04-03 10:00:00,2024-04-03,10,2,4,0,0,1256
2024-04-03 11:00:00,2024-04-03,11,2,4,0,0,1658
2024-04-03 12:00:00,2024-04-03,12,2,4,0,0,1790
2024-04-03 13:00:00,2024-04-03,13,2,4,0,0,2333
2024-04-03 14:00:00,2024-04-03,14,2,4,0,0,2387
2024-04-03 15:00:00,2024-04-03,15,2,4,0,0,2980
2024-04-03 16:00:00,2024-04-03,16,2,4,0,0,2183
2024-04-03 17:00:00,2024-04-03,17,2,4,0,0,2752
2024-04-03 18:00:00,2024-04-03,18,2,4,0,0,2503
2024-04-03 19:00:00,2024-04-03,19,2,4,0,0,1706
2024-04-03 20:00:00,2024-04-03,20,2,4,0,0,1973
2024-04-03 21:00:00,2024-04-03,21,2,4,0,0,2808
2024-04-03 22:00:00,2024-04-03,22,2,4,0,0,2287
2024-04-03 23:00:00,2024-04-03,23,2,4,0,0,548
2024-04-04 09:00:00,2024-04-04,9,3,4,0,0,1319
2024-04-04 10:00:00,2024-04-04,10,3,4,0,0,1598
2024-04-04 11:00:00,2024-04-04,11,3,4,0,0,1979
2024-04-04 12:00:00,2024-04-04,12,3,4,0,0,2816
2024-04-04 13:00:00,2024-04-04,13,3,4,0,0,2337
2024-04-04 14:00:00,2024-04-04,14,3,4,0,0,3034
2024-04-04 15:00:00,2024-04-04,15,3,4,0,0,2819
2024-04-04 16:00:00,2024-04-04,16,3,4,0,0,1973
2024-04-04 17:00:00,2024-04-04,17,3,4,0,0,2998
2024-04-04 18:00:00,2024-04-04,18,3,4,0,0,2372
2024-04-04 19:00:00,2024-04-04,19,3,4,0,0,1998
2024-04-04 20:00:00,2024-04-04,20,3,4,0,0,2686
2024-04-04 21:00:00,2024-04-04,21,3,4,0,0,2275
2024-04-04 22:00:00,2024-04-04,22,3,4,0,0,2140
2024-04-04 23:00:00,2024-04-04,23,3,4,0,0,494
2024-04-05 09:00:00,2024-04-05,9,4,4,0,0,869
2024-04-05 10:00:00,2024-04-05,10,4,4,0,0,1868
2024-04-05 11:00:00,2024-04-05,11,4,4,0,0,1628
2024-04-05 12:00:00,2024-04-05,12,4,4,0,0,2176
2024-04-05 13:00:00,2024-04-05,13,4,4,0,0,2449
2024-04-05 14:00:00,2024-04-05,14,4,4,0,0,2831
2024-04-05 15:00:00,2024-04-05,15,4,4,0,0,3074
2024-04-05 16:00:00,2024-04-05,16,4,4,0,0,3012
2024-04-05 17:00:00,2024-04-05,17,4,4,0,0,2356
2024-04-05 18:00:00,2024-04-05,18,4,4,0,0,2191
2024-04-05 19:00:00,2024-04-05,19,4,4,0,0,1940
2024-04-05 20:00:00,2024-04-05,20,4,4,0,0,2308
2024-04-05 21:00:00,2024-04-05,21,4,4,0,0,2839
2024-04-05 22:00:00,2024-04-05,22,4,4,0,0,2520
2024-04-05 23:00:00,2024-04-05,23,4,4,0,0,615
2024-04-06 09:00:00,2024-04-06,9,5,4,1,0,1659
2024-04-06 10:00:00,2024-04-06,10,5,4,1,0,2308
2024-04-06 11:00:00,2024-04-06,11,5,4,1,0,1812
2024-04-06 12:00:00,2024-04-06,12,5,4,1,0,2548
2024-04-06 13:00:00,2024-04-06,13,5,4,1,0,3584
2024-04-06 14:00:00,2024-04-06,14,5,4,1,0,3398
2024-04-06 15:00:00,2024-04-06,15,5,4,1,0,3540
2024-04-06 16:00:00,2024-04-06,16,5,4,1,0,3946
2024-04-06 17:00:00,2024-04-06,17,5,4,1,0,3928
2024-04-06 18:00:00,2024-04-06,18,5,4,1,0,3026
2024-04-06 19:00:00,2024-04-06,19,5,4,1,0,2627
2024-04-06 20:00:00,2024-04-06,20,5,4,1,0,3869
2024-04-06 21:00:00,2024-04-06,21,5,4,1,0,3305
2024-04-06 22:00:00,2024-04-06,22,5,4,1,0,4216
2024-04-06 23:00:00,2024-04-06,23,5,4,1,0,814
2024-04-07 09:00:00,2024-04-07,9,6,4,1,0,848
2024-04-07 10:00:00,2024-04-07,10,6,4,1,0,2206
2024-04-07 11:00:00,2024-04-07,11,6,4,1,0,1854
2024-04-07 12:00:00,2024-04-07,12,6,4,1,0,3485
2024-04-07 13:00:00,2024-04-07,13,6,4,1,0,3696
2024-04-07 14:00:00,2024-04-07,14,6,4,1,0,3625
2024-04-07 15:00:00,2024-04-07,15,6,4,1,0,3224
2024-04-07 16:00:00,2024-04-07,16,6,4,1,0,3594
2024-04-07 17:00:00,2024-04-07,17,6,4,1,0,3071
2024-04-07 18:00:00,2024-04-07,18,6,4,1,0,2808
2024-04-07 19:00:00,2024-04-07,19,6,4,1,0,2712
2024-04-07 20:00:00,2024-04-07,20,6,4,1,0,3856
2024-04-07 21:00:00,2024-04-07,21,6,4,1,0,3365
2024-04-07 22:00:00,2024-04-07,22,6,4,1,0,2751
2024-04-07 23:00:00,2024-04-07,23,6,4,1,0,803
2024-04-08 09:00:00,2024-04-08,9,0,4,0,0,1301
2024-04-08 10:00:00,2024-04-08,10,0,4,0,0,972
2024-04-08 11:00:00,2024-04-08,11,0,4,0,0,1846
2024-04-08 12:00:00,2024-04-08,12,0,4,0,0,2239
2024-04-08 13:00:00,2024-04-08,13,0,4,0,0,2294
2024-04-08 14:00:00,2024-04-08,14,0,4,0,0,2943
2024-04-08 15:00:00,2024-04-08,15,0,4,0,0,2759
2024-04-08 16:00:00,2024-04-08,16,0,4,0,0,2868
2024-04-08 17:00:00,2024-04-08,17,0,4,0,0,2263
2024-04-08 18:00:00,2024-04-08,18,0,4,0,0,2118
2024-04-08 19:00:00,2024-04-08,19,0,4,0,0,2039
2024-04-08 20:00:00,2024-04-08,20,0,4,0,0,2273
2024-04-08 21:00:00,2024-04-08,21,0,4,0,0,2873
2024-04-08 22:00:00,2024-04-08,22,0,4,0,0,2265
2024-04-08 23:00:00,2024-04-08,23,0,4,0,0,580
2024-04-09 09:00:00,2024-04-09,9,1,4,0,0,1265
2024-04-09 10:00:00,2024-04-09,10,1,4,0,0,1243
2024-04-09 11:00:00,2024-04-09,11,1,4,0,0,1036
2024-04-09 12:00:00,2024-04-09,12,1,4,0,0,1278
2024-04-09 13:00:00,2024-04-09,13,1,4,0,0,2917
2024-04-09 14:00:00,2024-04-09,14,1,4,0,0,2550
2024-04-09 15:00:00,2024-04-09,15,1,4,0,0,3659
2024-04-09 16:00:00,2024-04-09,16,1,4,0,0,2545
2024-04-09 17:00:00,2024-04-09,17,1,4,0,0,2589
2024-04-09 18:00:00,2024-04-09,18,1,4,0,0,2649
2024-04-09 19:00:00,2024-04-09,19,1,4,0,0,2328
2024-04-09 20:00:00,2024-04-09,20,1,4,0,0,2968
2024-04-09 21:00:00,2024-04-09,21,1,4,0,0,2725
2024-04-09 22:00:00,2024-04-09,22,1,4,0,0,2672
2024-04-09 23:00:00,2024-04-09,23,1,4,0,0,605
2024-04-10 09:00:00,2024-04-10,9,2,4,0,0,1244
2024-04-10 10:00:00,2024-04-10,10,2,4,0,0,1399
2024-04-10 11:00:00,2024-04-10,11,2,4,0,0,1692
2024-04-10 12:00:00,2024-04-10,12,2,4,0,0,2234
2024-04-10 13:00:00,2024-04-10,13,2,4,0,0,2481
2024-04-10 14:00:00,2024-04-10,14,2,4,0,0,2582
2024-04-10 15:00:00,2024-04-10,15,2,4,0,0,3033
2024-04-10 16:00:00,2024-04-10,16,2,4,0,0,3043
2024-04-10 17:00:00,2024-04-10,17,2,4,0,0,2560
2024-04-10 18:00:00,2024-04-10,18,2,4,0,0,2632
2024-04-10 19:00:00,2024-04-10,19,2,4,0,0,1619
2024-04-10 20:00:00,2024-04-10,20,2,4,0,0,2324
2024-04-10 21:00:00,2024-04-10,21,2,4,0,0,2175
2024-04-10 22:00:00,2024-04-10,22,2,4,0,0,1846
2024-04-10 23:00:00,2024-04-10,23,2,4,0,0,559
2024-04-11 09:00:00,2024-04-11,9,3,4,0,0,785
2024-04-11 10:00:00,2024-04-11,10,3,4,0,0,1770
2024-04-11 11:00:00,2024-04-11,11,3,4,0,0,1413
2024-04-11 12:00:00,2024-04-11,12,3,4,0,0,1961
2024-04-11 13:00:00,2024-04-11,13,3,4,0,0,3097
2024-04-11 14:00:00,2024-04-11,14,3,4,0,0,3131
2024-04-11 15:00:00,2024-04-11,15,3,4,0,0,2995
2024-04-11 16:00:00,2024-04-11,16,3,4,0,0,2656
2024-04-11 17:00:00,2024-04-11,17,3,4,0,0,2241
2024-04-11 18:00:00,2024-04-11,18,3,4,0,0,2135
2024-04-11 19:00:00,2024-04-11,19,3,4,0,0,2122
2024-04-11 20:00:00,2024-04-11,20,3,4,0,0,2918
2024-04-11 21:00:00,2024-04-11,21,3,4,0,0,2820
2024-04-11 22:00:00,2024-04-11,22,3,4,0,0,2240
2024-04-11 23:00:00,2024-04-11,23,3,4,0,0,342
2024-04-12 09:00:00,2024-04-12,9,4,4,0,0,1157
2024-04-12 10:00:00,2024-04-12,10,4,4,0,0,1180
2024-04-12 11:00:00,2024-04-12,11,4,4,0,0,1949
2024-04-12 12:00:00,2024-04-12,12,4,4,0,0,2196
2024-04-12 13:00:00,2024-04-12,13,4,4,0,0,2391
2024-04-12 14:00:00,2024-04-12,14,4,4,0,0,2208
2024-04-12 15:00:00,2024-04-12,15,4,4,0,0,2972
2024-04-12 16:00:00,2024-04-12,16,4,4,0,0,2556
2024-04-12 17:00:00,2024-04-12,17,4,4,0,0,2177
2024-04-12 18:00:00,2024-04-12,18,4,4,0,0,1465
2024-04-12 19:00:00,2024-04-12,19,4,4,0,0,1870
2024-04-12 20:00:00,2024-04-12,20,4,4,0,0,2886
2024-04-12 21:00:00,2024-04-12,21,4,4,0,0,2854
2024-04-12 22:00:00,2024-04-12,22,4,4,0,0,1574
2024-04-12 23:00:00,2024-04-12,23,4,4,0,0,524
2024-04-13 09:00:00,2024-04-13,9,5,4,1,0,1623
2024-04-13 10:00:00,2024-04-13,10,5,4,1,0,1780
2024-04-13 11:00:00,2024-04-13,11,5,4,1,0,2625
2024-04-13 12:00:00,2024-04-13,12,5,4,1,0,3295
2024-04-13 13:00:00,2024-04-13,13,5,4,1,0,3923
2024-04-13 14:00:00,2024-04-13,14,5,4,1,0,3642
2024-04-13 15:00:00,2024-04-13,15,5,4,1,0,3687
2024-04-13 16:00:00,2024-04-13,16,5,4,1,0,3298
2024-04-13 17:00:00,2024-04-13,17,5,4,1,0,3080
2024-04-13 18:00:00,2024-04-13,18,5,4,1,0,2936
2024-04-13 19:00:00,2024-04-13,19,5,4,1,0,2645
2024-04-13 20:00:00,2024-04-13,20,5,4,1,0,3565
2024-04-13 21:00:00,2024-04-13,21,5,4,1,0,2903
2024-04-13 22:00:00,2024-04-13,22,5,4,1,0,3788
2024-04-13 23:00:00,2024-04-13,23,5,4,1,0,738
2024-04-14 09:00:00,2024-04-14,9,6,4,1,0,1532
2024-04-14 10:00:00,2024-04-14,10,6,4,1,0,1841
2024-04-14 11:00:00,2024-04-14,11,6,4,1,0,1796
2024-04-14 12:00:00,2024-04-14,12,6,4,1,0,2337
2024-04-14 13:00:00,2024-04-14,13,6,4,1,0,3722
2024-04-14 14:00:00,2024-04-14,14,6,4,1,0,3562
2024-04-14 15:00:00,2024-04-14,15,6,4,1,0,3810
2024-04-14 16:00:00,2024-04-14,16,6,4,1,0,3914
2024-04-14 17:00:00,2024-04-14,17,6,4,1,0,2778
2024-04-14 18:00:00,2024-04-14,18,6,4,1,0,2826
2024-04-14 19:00:00,2024-04-14,19,6,4,1,0,2775
2024-04-14 20:00:00,2024-04-14,20,6,4,1,0,2729
2024-04-14 21:00:00,2024-04-14,21,6,4,1,0,3326
2024-04-14 22:00:00,2024-04-14,22,6,4,1,0,1882
2024-04-14 23:00:00,2024-04-14,23,6,4,1,0,805
2024-04-15 09:00:00,2024-04-15,9,0,4,0,0,1133
2024-04-15 10:00:00,2024-04-15,10,0,4,0,0,1208
2024-04-15 11:00:00,2024-04-15,11,0,4,0,0,2139
2024-04-15 12:00:00,2024-04-15,12,0,4,0,0,2038
2024-04-15 13:00:00,2024-04-15,13,0,4,0,0,2287
2024-04-15 14:00:00,2024-04-15,14,0,4,0,0,2796
2024-04-15 15:00:00,2024-04-15,15,0,4,0,0,3185
2024-04-15 16:00:00,2024-04-15,16,0,4,0,0,2397
2024-04-15 17:00:00,2024-04-15,17,0,4,0,0,2552
2024-04-15 18:00:00,2024-04-15,18,0,4,0,0,2350
2024-04-15 19:00:00,2024-04-15,19,0,4,0,0,2033
2024-04-15 20:00:00,2024-04-15,20,0,4,0,0,2430
2024-04-15 21:00:00,2024-04-15,21,0,4,0,0,2275
2024-04-15 22:00:00,2024-04-15,22,0,4,0,0,1500
2024-04-15 23:00:00,2024-04-15,23,0,4,0,0,571
2024-04-16 09:00:00,2024-04-16,9,1,4,0,0,991
2024-04-16 10:00:00,2024-04-16,10,1,4,0,0,973
2024-04-16 11:00:00,2024-04-16,11,1,4,0,0,1975
2024-04-16 12:00:00,2024-04-16,12,1,4,0,0,1734
2024-04-16 13:00:00,2024-04-16,13,1,4,0,0,1815
2024-04-16 14:00:00,2024-04-16,14,1,4,0,0,2399
2024-04-16 15:00:00,2024-04-16,15,1,4,0,0,3008
2024-04-16 16:00:00,2024-04-16,16,1,4,0,0,3405
2024-04-16 17:00:00,2024-04-16,17,1,4,0,0,2539
2024-04-16 18:00:00,2024-04-16,18,1,4,0,0,2040
2024-04-16 19:00:00,2024-04-16,19,1,4,0,0,1835
2024-04-16 20:00:00,2024-04-16,20,1,4,0,0,2772
2024-04-16 21:00:00,2024-04-16,21,1,4,0,0,2195
2024-04-16 22:00:00,2024-04-16,22,1,4,0,0,2151
2024-04-16 23:00:00,2024-04-16,23,1,4,0,0,532
2024-04-17 09:00:00,2024-04-17,9,2,4,0,0,1008
2024-04-17 10:00:00,2024-04-17,10,2,4,0,0,1520
2024-04-17 11:00:00,2024-04-17,11,2,4,0,0,1569
2024-04-17 12:00:00,2024-04-17,12,2,4,0,0,2322
2024-04-17 13:00:00,2024-04-17,13,2,4,0,0,2456
2024-04-17 14:00:00,2024-04-17,14,2,4,0,0,2635
2024-04-17 15:00:00,2024-04-17,15,2,4,0,0,2274
2024-04-17 16:00:00,2024-04-17,16,2,4,0,0,3020
2024-04-17 17:00:00,2024-04-17,17,2,4,0,0,2509
2024-04-17 18:00:00,2024-04-17,18,2,4,0,0,2187
2024-04-17 19:00:00,2024-04-17,19,2,4,0,0,2596
2024-04-17 20:00:00,2024-04-17,20,2,4,0,0,2465
2024-04-17 21:00:00,2024-04-17,21,2,4,0,0,2165
2024-04-17 22:00:00,2024-04-17,22,2,4,0,0,2258
2024-04-17 23:00:00,2024-04-17,23,2,4,0,0,643
2024-04-18 09:00:00,2024-04-18,9,3,4,0,0,1153
2024-04-18 10:00:00,2024-04-18,10,3,4,0,0,1240
2024-04-18 11:00:00,2024-04-18,11,3,4,0,0,2083
2024-04-18 12:00:00,2024-04-18,12,3,4,0,0,2056
2024-04-18 13:00:00,2024-04-18,13,3,4,0,0,3103
2024-04-18 14:00:00,2024-04-18,14,3,4,0,0,3084
2024-04-18 15:00:00,2024-04-18,15,3,4,0,0,2649
2024-04-18 16:00:00,2024-04-18,16,3,4,0,0,2205
2024-04-18 17:00:00,2024-04-18,17,3,4,0,0,2554
2024-04-18 18:00:00,2024-04-18,18,3,4,0,0,2464
2024-04-18 19:00:00,2024-04-18,19,3,4,0,0,1986
2024-04-18 20:00:00,2024-04-18,20,3,4,0,0,2138
2024-04-18 21:00:00,2024-04-18,21,3,4,0,0,2196
2024-04-18 22:00:00,2024-04-18,22,3,4,0,0,2674
2024-04-18 23:00:00,2024-04-18,23,3,4,0,0,542
2024-04-19 09:00:00,2024-04-19,9,4,4,0,0,1083
2024-04-19 10:00:00,2024-04-19,10,4,4,0,0,1326
2024-04-19 11:00:00,2024-04-19,11,4,4,0,0,1972
2024-04-19 12:00:00,2024-04-19,12,4,4,0,0,2789
2024-04-19 13:00:00,2024-04-19,13,4,4,0,0,2208
2024-04-19 14:00:00,2024-04-19,14,4,4,0,0,1917
2024-04-19 15:00:00,2024-04-19,15,4,4,0,0,3274
2024-04-19 16:00:00,2024-04-19,16,4,4,0,0,2704
2024-04-19 17:00:00,2024-04-19,17,4,4,0,0,2671
2024-04-19 18:00:00,2024-04-19,18,4,4,0,0,1950
2024-04-19 19:00:00,2024-04-19,19,4,4,0,0,1973
2024-04-19 20:00:00,2024-04-19,20,4,4,0,0,2326
2024-04-19 21:00:00,2024-04-19,21,4,4,0,0,1863
2024-04-19 22:00:00,2024-04-19,22,4,4,0,0,2719
2024-04-19 23:00:00,2024-04-19,23,4,4,0,0,740
2024-04-20 09:00:00,2024-04-20,9,5,4,1,0,1643
2024-04-20 10:00:00,2024-04-20,10,5,4,1,0,2102
2024-04-20 11:00:00,2024-04-20,11,5,4,1,0,2592
2024-04-20 12:00:00,2024-04-20,12,5,4,1,0,2890
2024-04-20 13:00:00,2024-04-20,13,5,4,1,0,3559
2024-04-20 14:00:00,2024-04-20,14,5,4,1,0,3555
2024-04-20 15:00:00,2024-04-20,15,5,4,1,0,3856
2024-04-20 16:00:00,2024-04-20,16,5,4,1,0,4269
2024-04-20 17:00:00,2024-04-20,17,5,4,1,0,3007
2024-04-20 18:00:00,2024-04-20,18,5,4,1,0,3431
2024-04-20 19:00:00,2024-04-20,19,5,4,1,0,2934
2024-04-20 20:00:00,2024-04-20,20,5,4,1,0,3167
2024-04-20 21:00:00,2024-04-20,21,5,4,1,0,2394
2024-04-20 22:00:00,2024-04-20,22,5,4,1,0,2978
2024-04-20 23:00:00,2024-04-20,23,5,4,1,0,881
2024-04-21 09:00:00,2024-04-21,9,6,4,1,0,1532
2024-04-21 10:00:00,2024-04-21,10,6,4,1,0,1780
2024-04-21 11:00:00,2024-04-21,11,6,4,1,0,2380
2024-04-21 12:00:00,2024-04-21,12,6,4,1,0,3322
2024-04-21 13:00:00,2024-04-21,13,6,4,1,0,2551
2024-04-21 14:00:00,2024-04-21,14,6,4,1,0,3580
2024-04-21 15:00:00,2024-04-21,15,6,4,1,0,2529
2024-04-21 16:00:00,2024-04-21,16,6,4,1,0,3513
2024-04-21 17:00:00,2024-04-21,17,6,4,1,0,3041
2024-04-21 18:00:00,2024-04-21,18,6,4,1,0,3603
2024-04-21 19:00:00,2024-04-21,19,6,4,1,0,2435
2024-04-21 20:00:00,2024-04-21,20,6,4,1,0,3682
2024-04-21 21:00:00,2024-04-21,21,6,4,1,0,3799
2024-04-21 22:00:00,2024-04-21,22,6,4,1,0,3597
2024-04-21 23:00:00,2024-04-21,23,6,4,1,0,723
2024-04-22 09:00:00,2024-04-22,9,0,4,0,0,1193
2024-04-22 10:00:00,2024-04-22,10,0,4,0,0,1046
2024-04-22 11:00:00,2024-04-22,11,0,4,0,0,1673
2024-04-22 12:00:00,2024-04-22,12,0,4,0,0,2322
2024-04-22 13:00:00,2024-04-22,13,0,4,0,0,2175
2024-04-22 14:00:00,2024-04-22,14,0,4,0,0,3120
2024-04-22 15:00:00,2024-04-22,15,0,4,0,0,2643
2024-04-22 16:00:00,2024-04-22,16,0,4,0,0,2796
2024-04-22 17:00:00,2024-04-22,17,0,4,0,0,2619
2024-04-22 18:00:00,2024-04-22,18,0,4,0,0,2166
2024-04-22 19:00:00,2024-04-22,19,0,4,0,0,2009
2024-04-22 20:00:00,2024-04-22,20,0,4,0,0,2244
2024-04-22 21:00:00,2024-04-22,21,0,4,0,0,1840
2024-04-22 22:00:00,2024-04-22,22,0,4,0,0,1396
2024-04-22 23:00:00,2024-04-22,23,0,4,0,0,573
2024-04-23 09:00:00,2024-04-23,9,1,4,0,0,1403
2024-04-23 10:00:00,2024-04-23,10,1,4,0,0,923
2024-04-23 11:00:00,2024-04-23,11,1,4,0,0,1724
2024-04-23 12:00:00,2024-04-23,12,1,4,0,0,2373
2024-04-23 13:00:00,2024-04-23,13,1,4,0,0,2588
2024-04-23 14:00:00,2024-04-23,14,1,4,0,0,2845
2024-04-23 15:00:00,2024-04-23,15,1,4,0,0,2964
2024-04-23 16:00:00,2024-04-23,16,1,4,0,0,2938
2024-04-23 17:00:00,2024-04-23,17,1,4,0,0,2870
2024-04-23 18:00:00,2024-04-23,18,1,4,0,0,2345
2024-04-23 19:00:00,2024-04-23,19,1,4,0,0,1275
2024-04-23 20:00:00,2024-04-23,20,1,4,0,0,2572
2024-04-23 21:00:00,2024-04-23,21,1,4,0,0,2922
2024-04-23 22:00:00,2024-04-23,22,1,4,0,0,2342
2024-04-23 23:00:00,2024-04-23,23,1,4,0,0,499
2024-04-24 09:00:00,2024-04-24,9,2,4,0,0,1289
2024-04-24 10:00:00,2024-04-24,10,2,4,0,0,1477
2024-04-24 11:00:00,2024-04-24,11,2,4,0,0,1387
2024-04-24 12:00:00,2024-04-24,12,2,4,0,0,2463
2024-04-24 13:00:00,2024-04-24,13,2,4,0,0,2370
2024-04-24 14:00:00,2024-04-24,14,2,4,0,0,2701
2024-04-24 15:00:00,2024-04-24,15,2,4,0,0,2911
2024-04-24 16:00:00,2024-04-24,16,2,4,0,0,2793
2024-04-24 17:00:00,2024-04-24,17,2,4,0,0,2749
2024-04-24 18:00:00,2024-04-24,18,2,4,0,0,2119
2024-04-24 19:00:00,2024-04-24,19,2,4,0,0,1992
2024-04-24 20:00:00,2024-04-24,20,2,4,0,0,2305
2024-04-24 21:00:00,2024-04-24,21,2,4,0,0,1813
2024-04-24 22:00:00,2024-04-24,22,2,4,0,0,1789
2024-04-24 23:00:00,2024-04-24,23,2,4,0,0,501
2024-04-25 09:00:00,2024-04-25,9,3,4,0,0,1286
2024-04-25 10:00:00,2024-04-25,10,3,4,0,0,1402
2024-04-25 11:00:00,2024-04-25,11,3,4,0,0,2058
2024-04-25 12:00:00,2024-04-25,12,3,4,0,0,2334
2024-04-25 13:00:00,2024-04-25,13,3,4,0,0,3092
2024-04-25 14:00:00,2024-04-25,14,3,4,0,0,2657
2024-04-25 15:00:00,2024-04-25,15,3,4,0,0,2682
2024-04-25 16:00:00,2024-04-25,16,3,4,0,0,2724
2024-04-25 17:00:00,2024-04-25,17,3,4,0,0,2441
2024-04-25 18:00:00,2024-04-25,18,3,4,0,0,2450
2024-04-25 19:00:00,2024-04-25,19,3,4,0,0,1512
2024-04-25 20:00:00,2024-04-25,20,3,4,0,0,2079
2024-04-25 21:00:00,2024-04-25,21,3,4,0,0,2075
2024-04-25 22:00:00,2024-04-25,22,3,4,0,0,1855
2024-04-25 23:00:00,2024-04-25,23,3,4,0,0,681
2024-04-26 09:00:00,2024-04-26,9,4,4,0,0,1124
2024-04-26 10:00:00,2024-04-26,10,4,4,0,0,1468
2024-04-26 11:00:00,2024-04-26,11,4,4,0,0,1892
2024-04-26 12:00:00,2024-04-26,12,4,4,0,0,2547
2024-04-26 13:00:00,2024-04-26,13,4,4,0,0,2251
2024-04-26 14:00:00,2024-04-26,14,4,4,0,0,2808
2024-04-26 15:00:00,2024-04-26,15,4,4,0,0,3127
2024-04-26 16:00:00,2024-04-26,16,4,4,0,0,2895
2024-04-26 17:00:00,2024-04-26,17,4,4,0,0,2591
2024-04-26 18:00:00,2024-04-26,18,4,4,0,0,2504
2024-04-26 19:00:00,2024-04-26,19,4,4,0,0,1268
2024-04-26 20:00:00,2024-04-26,20,4,4,0,0,2573
2024-04-26 21:00:00,2024-04-26,21,4,4,0,0,2193
2024-04-26 22:00:00,2024-04-26,22,4,4,0,0,1857
2024-04-26 23:00:00,2024-04-26,23,4,4,0,0,599
2024-04-27 09:00:00,2024-04-27,9,5,4,1,0,1790
2024-04-27 10:00:00,2024-04-27,10,5,4,1,0,1989
2024-04-27 11:00:00,2024-04-27,11,5,4,1,0,2823
2024-04-27 12:00:00,2024-04-27,12,5,4,1,0,3602
2024-04-27 13:00:00,2024-04-27,13,5,4,1,0,3959
2024-04-27 14:00:00,2024-04-27,14,5,4,1,0,4412
2024-04-27 15:00:00,2024-04-27,15,5,4,1,0,4116
2024-04-27 16:00:00,2024-04-27,16,5,4,1,0,3720
2024-04-27 17:00:00,2024-04-27,17,5,4,1,0,2762
2024-04-27 18:00:00,2024-04-27,18,5,4,1,0,2929
2024-04-27 19:00:00,2024-04-27,19,5,4,1,0,2277
2024-04-27 20:00:00,2024-04-27,20,5,4,1,0,4050
2024-04-27 21:00:00,2024-04-27,21,5,4,1,0,3145
2024-04-27 22:00:00,2024-04-27,22,5,4,1,0,2282
2024-04-27 23:00:00,2024-04-27,23,5,4,1,0,813
2024-04-28 09:00:00,2024-04-28,9,6,4,1,0,1544
2024-04-28 10:00:00,2024-04-28,10,6,4,1,0,2434
2024-04-28 11:00:00,2024-04-28,11,6,4,1,0,2344
2024-04-28 12:00:00,2024-04-28,12,6,4,1,0,3088
2024-04-28 13:00:00,2024-04-28,13,6,4,1,0,3115
2024-04-28 14:00:00,2024-04-28,14,6,4,1,0,3102
2024-04-28 15:00:00,2024-04-28,15,6,4,1,0,3502
2024-04-28 16:00:00,2024-04-28,16,6,4,1,0,3670
2024-04-28 17:00:00,2024-04-28,17,6,4,1,0,3244
2024-04-28 18:00:00,2024-04-28,18,6,4,1,0,2767
2024-04-28 19:00:00,2024-04-28,19,6,4,1,0,2106
2024-04-28 20:00:00,2024-04-28,20,6,4,1,0,3180
2024-04-28 21:00:00,2024-04-28,21,6,4,1,0,2632
2024-04-28 22:00:00,2024-04-28,22,6,4,1,0,3506
2024-04-28 23:00:00,2024-04-28,23,6,4,1,0,770
2024-04-29 09:00:00,2024-04-29,9,0,4,0,0,939
2024-04-29 10:00:00,2024-04-29,10,0,4,0,0,1443
2024-04-29 11:00:00,2024-04-29,11,0,4,0,0,1707
2024-04-29 12:00:00,2024-04-29,12,0,4,0,0,2321
2024-04-29 13:00:00,2024-04-29,13,0,4,0,0,2941
2024-04-29 14:00:00,2024-04-29,14,0,4,0,0,2116
2024-04-29 15:00:00,2024-04-29,15,0,4,0,0,2838
2024-04-29 16:00:00,2024-04-29,16,0,4,0,0,2678
2024-04-29 17:00:00,2024-04-29,17,0,4,0,0,2737
2024-04-29 18:00:00,2024-04-29,18,0,4,0,0,2293
2024-04-29 19:00:00,2024-04-29,19,0,4,0,0,1707
2024-04-29 20:00:00,2024-04-29,20,0,4,0,0,2288
2024-04-29 21:00:00,2024-04-29,21,0,4,0,0,2152
2024-04-29 22:00:00,2024-04-29,22,0,4,0,0,2687
2024-04-29 23:00:00,2024-04-29,23,0,4,0,0,566
2024-04-30 09:00:00,2024-04-30,9,1,4,0,0,1398
2024-04-30 10:00:00,2024-04-30,10,1,4,0,0,1487
2024-04-30 11:00:00,2024-04-30,11,1,4,0,0,1717
2024-04-30 12:00:00,2024-04-30,12,1,4,0,0,1829
2024-04-30 13:00:00,2024-04-30,13,1,4,0,0,1985
2024-04-30 14:00:00,2024-04-30,14,1,4,0,0,2211
2024-04-30 15:00:00,2024-04-30,15,1,4,0,0,2889
2024-04-30 16:00:00,2024-04-30,16,1,4,0,0,2897
2024-04-30 17:00:00,2024-04-30,17,1,4,0,0,1436
2024-04-30 18:00:00,2024-04-30,18,1,4,0,0,2475
2024-04-30 19:00:00,2024-04-30,19,1,4,0,0,1768
2024-04-30 20:00:00,2024-04-30,20,1,4,0,0,2421
2024-04-30 21:00:00,2024-04-30,21,1,4,0,0,2840
2024-04-30 22:00:00,2024-04-30,22,1,4,0,0,2636
2024-04-30 23:00:00,2024-04-30,23,1,4,0,0,547
2024-05-01 09:00:00,2024-05-01,9,2,5,0,0,1016
2024-05-01 10:00:00,2024-05-01,10,2,5,0,0,778
2024-05-01 11:00:00,2024-05-01,11,2,5,0,0,1714
2024-05-01 12:00:00,2024-05-01,12,2,5,0,0,2179
2024-05-01 13:00:00,2024-05-01,13,2,5,0,0,2233
2024-05-01 14:00:00,2024-05-01,14,2,5,0,0,2687
2024-05-01 15:00:00,2024-05-01,15,2,5,0,0,2825
2024-05-01 16:00:00,2024-05-01,16,2,5,0,0,2657
2024-05-01 17:00:00,2024-05-01,17,2,5,0,0,2335
2024-05-01 18:00:00,2024-05-01,18,2,5,0,0,1596
2024-05-01 19:00:00,2024-05-01,19,2,5,0,0,1383
2024-05-01 20:00:00,2024-05-01,20,2,5,0,0,2068
2024-05-01 21:00:00,2024-05-01,21,2,5,0,0,2782
2024-05-01 22:00:00,2024-05-01,22,2,5,0,0,2351
2024-05-01 23:00:00,2024-05-01,23,2,5,0,0,566
2024-05-02 09:00:00,2024-05-02,9,3,5,0,0,1235
2024-05-02 10:00:00,2024-05-02,10,3,5,0,0,1540
2024-05-02 11:00:00,2024-05-02,11,3,5,0,0,2091
2024-05-02 12:00:00,2024-05-02,12,3,5,0,0,2312
2024-05-02 13:00:00,2024-05-02,13,3,5,0,0,2347
2024-05-02 14:00:00,2024-05-02,14,3,5,0,0,2849
2024-05-02 15:00:00,2024-05-02,15,3,5,0,0,2415
2024-05-02 16:00:00,2024-05-02,16,3,5,0,0,2766
2024-05-02 17:00:00,2024-05-02,17,3,5,0,0,2523
2024-05-02 18:00:00,2024-05-02,18,3,5,0,0,2180
2024-05-02 19:00:00,2024-05-02,19,3,5,0,0,1847
2024-05-02 20:00:00,2024-05-02,20,3,5,0,0,1842
2024-05-02 21:00:00,2024-05-02,21,3,5,0,0,1556
2024-05-02 22:00:00,2024-05-02,22,3,5,0,0,2406
2024-05-02 23:00:00,2024-05-02,23,3,5,0,0,576
2024-05-03 09:00:00,2024-05-03,9,4,5,0,0,998
2024-05-03 10:00:00,2024-05-03,10,4,5,0,0,1726
2024-05-03 11:00:00,2024-05-03,11,4,5,0,0,1681
2024-05-03 12:00:00,2024-05-03,12,4,5,0,0,2495
2024-05-03 13:00:00,2024-05-03,13,4,5,0,0,2663
2024-05-03 14:00:00,2024-05-03,14,4,5,0,0,1763
2024-05-03 15:00:00,2024-05-03,15,4,5,0,0,2377
2024-05-03 16:00:00,2024-05-03,16,4,5,0,0,2339
2024-05-03 17:00:00,2024-05-03,17,4,5,0,0,2812
2024-05-03 18:00:00,2024-05-03,18,4,5,0,0,2504
2024-05-03 19:00:00,2024-05-03,19,4,5,0,0,1725
2024-05-03 20:00:00,2024-05-03,20,4,5,0,0,2777
2024-05-03 21:00:00,2024-05-03,21,4,5,0,0,1616
2024-05-03 22:00:00,2024-05-03,22,4,5,0,0,2462
2024-05-03 23:00:00,2024-05-03,23,4,5,0,0,582
2024-05-04 09:00:00,2024-05-04,9,5,5,1,0,1512
2024-05-04 10:00:00,2024-05-04,10,5,5,1,0,2220
2024-05-04 11:00:00,2024-05-04,11,5,5,1,0,2775
2024-05-04 12:00:00,2024-05-04,12,5,5,1,0,2385
2024-05-04 13:00:00,2024-05-04,13,5,5,1,0,3955
2024-05-04 14:00:00,2024-05-04,14,5,5,1,0,2951
2024-05-04 15:00:00,2024-05-04,15,5,5,1,0,4248
2024-05-04 16:00:00,2024-05-04,16,5,5,1,0,4185
2024-05-04 17:00:00,2024-05-04,17,5,5,1,0,2972
2024-05-04 18:00:00,2024-05-04,18,5,5,1,0,2869
2024-05-04 19:00:00,2024-05-04,19,5,5,1,0,2197
2024-05-04 20:00:00,2024-05-04,20,5,5,1,0,3130
2024-05-04 21:00:00,2024-05-04,21,5,5,1,0,3094
2024-05-04 22:00:00,2024-05-04,22,5,5,1,0,3513
2024-05-04 23:00:00,2024-05-04,23,5,5,1,0,883
2024-05-05 09:00:00,2024-05-05,9,6,5,1,0,1794
2024-05-05 10:00:00,2024-05-05,10,6,5,1,0,1886
2024-05-05 11:00:00,2024-05-05,11,6,5,1,0,2470
2024-05-05 12:00:00,2024-05-05,12,6,5,1,0,2408
2024-05-05 13:00:00,2024-05-05,13,6,5,1,0,3089
2024-05-05 14:00:00,2024-05-05,14,6,5,1,0,4113
2024-05-05 15:00:00,2024-05-05,15,6,5,1,0,4512
2024-05-05 16:00:00,2024-05-05,16,6,5,1,0,3140
2024-05-05 17:00:00,2024-05-05,17,6,5,1,0,3177
2024-05-05 18:00:00,2024-05-05,18,6,5,1,0,2106
2024-05-05 19:00:00,2024-05-05,19,6,5,1,0,2618
2024-05-05 20:00:00,2024-05-05,20,6,5,1,0,2900
2024-05-05 21:00:00,2024-05-05,21,6,5,1,0,3376
2024-05-05 22:00:00,2024-05-05,22,6,5,1,0,3030
2024-05-05 23:00:00,2024-05-05,23,6,5,1,0,761
2024-05-06 09:00:00,2024-05-06,9,0,5,0,0,1213
2024-05-06 10:00:00,2024-05-06,10,0,5,0,0,1499
2024-05-06 11:00:00,2024-05-06,11,0,5,0,0,1778
2024-05-06 12:00:00,2024-05-06,12,0,5,0,0,2206
2024-05-06 13:00:00,2024-05-06,13,0,5,0,0,2506
2024-05-06 14:00:00,2024-05-06,14,0,5,0,0,2609
2024-05-06 15:00:00,2024-05-06,15,0,5,0,0,2713
2024-05-06 16:00:00,2024-05-06,16,0,5,0,0,3254
2024-05-06 17:00:00,2024-05-06,17,0,5,0,0,2704
2024-05-06 18:00:00,2024-05-06,18,0,5,0,0,1509
2024-05-06 19:00:00,2024-05-06,19,0,5,0,0,2033
2024-05-06 20:00:00,2024-05-06,20,0,5,0,0,2284
2024-05-06 21:00:00,2024-05-06,21,0,5,0,0,2715
2024-05-06 22:00:00,2024-05-06,22,0,5,0,0,2485
2024-05-06 23:00:00,2024-05-06,23,0,5,0,0,558
2024-05-07 09:00:00,2024-05-07,9,1,5,0,0,1199
2024-05-07 10:00:00,2024-05-07,10,1,5,0,0,1216
2024-05-07 11:00:00,2024-05-07,11,1,5,0,0,1623
2024-05-07 12:00:00,2024-05-07,12,1,5,0,0,1915
2024-05-07 13:00:00,2024-05-07,13,1,5,0,0,2577
2024-05-07 14:00:00,2024-05-07,14,1,5,0,0,3298
2024-05-07 15:00:00,2024-05-07,15,1,5,0,0,3549
2024-05-07 16:00:00,2024-05-07,16,1,5,0,0,2939
2024-05-07 17:00:00,2024-05-07,17,1,5,0,0,2685
2024-05-07 18:00:00,2024-05-07,18,1,5,0,0,1752
2024-05-07 19:00:00,2024-05-07,19,1,5,0,0,1754
2024-05-07 20:00:00,2024-05-07,20,1,5,0,0,2155
2024-05-07 21:00:00,2024-05-07,21,1,5,0,0,2202
2024-05-07 22:00:00,2024-05-07,22,1,5,0,0,2331
2024-05-07 23:00:00,2024-05-07,23,1,5,0,0,533
2024-05-08 09:00:00,2024-05-08,9,2,5,0,0,868
2024-05-08 10:00:00,2024-05-08,10,2,5,0,0,1633
2024-05-08 11:00:00,2024-05-08,11,2,5,0,0,1635
2024-05-08 12:00:00,2024-05-08,12,2,5,0,0,2300
2024-05-08 13:00:00,2024-05-08,13,2,5,0,0,3164
2024-05-08 14:00:00,2024-05-08,14,2,5,0,0,2429
2024-05-08 15:00:00,2024-05-08,15,2,5,0,0,1949
2024-05-08 16:00:00,2024-05-08,16,2,5,0,0,2637
2024-05-08 17:00:00,2024-05-08,17,2,5,0,0,2868
2024-05-08 18:00:00,2024-05-08,18,2,5,0,0,1932
2024-05-08 19:00:00,2024-05-08,19,2,5,0,0,1599
2024-05-08 20:00:00,2024-05-08,20,2,5,0,0,2521
2024-05-08 21:00:00,2024-05-08,21,2,5,0,0,2247
2024-05-08 22:00:00,2024-05-08,22,2,5,0,0,2349
2024-05-08 23:00:00,2024-05-08,23,2,5,0,0,744
2024-05-09 09:00:00,2024-05-09,9,3,5,0,0,933
2024-05-09 10:00:00,2024-05-09,10,3,5,0,0,1544
2024-05-09 11:00:00,2024-05-09,11,3,5,0,0,1982
2024-05-09 12:00:00,2024-05-09,12,3,5,0,0,2527
2024-05-09 13:00:00,2024-05-09,13,3,5,0,0,2563
2024-05-09 14:00:00,2024-05-09,14,3,5,0,0,2831
2024-05-09 15:00:00,2024-05-09,15,3,5,0,0,2668
2024-05-09 16:00:00,2024-05-09,16,3,5,0,0,1973
2024-05-09 17:00:00,2024-05-09,17,3,5,0,0,2429
2024-05-09 18:00:00,2024-05-09,18,3,5,0,0,2402
2024-05-09 19:00:00,2024-05-09,19,3,5,0,0,1793
2024-05-09 20:00:00,2024-05-09,20,3,5,0,0,2487
2024-05-09 21:00:00,2024-05-09,21,3,5,0,0,2371
2024-05-09 22:00:00,2024-05-09,22,3,5,0,0,2701
2024-05-09 23:00:00,2024-05-09,23,3,5,0,0,561
2024-05-10 09:00:00,2024-05-10,9,4,5,0,0,896
2024-05-10 10:00:00,2024-05-10,10,4,5,0,0,1725
2024-05-10 11:00:00,2024-05-10,11,4,5,0,0,1672
2024-05-10 12:00:00,2024-05-10,12,4,5,0,0,2060
2024-05-10 13:00:00,2024-05-10,13,4,5,0,0,2352
2024-05-10 14:00:00,2024-05-10,14,4,5,0,0,3181
2024-05-10 15:00:00,2024-05-10,15,4,5,0,0,2082
2024-05-10 16:00:00,2024-05-10,16,4,5,0,0,3759
2024-05-10 17:00:00,2024-05-10,17,4,5,0,0,2854
2024-05-10 18:00:00,2024-05-10,18,4,5,0,0,2295
2024-05-10 19:00:00,2024-05-10,19,4,5,0,0,1864
2024-05-10 20:00:00,2024-05-10,20,4,5,0,0,2461
2024-05-10 21:00:00,2024-05-10,21,4,5,0,0,2528
2024-05-10 22:00:00,2024-05-10,22,4,5,0,0,2564
2024-05-10 23:00:00,2024-05-10,23,4,5,0,0,422
2024-05-11 09:00:00,2024-05-11,9,5,5,1,0,1553
2024-05-11 10:00:00,2024-05-11,10,5,5,1,0,1975
2024-05-11 11:00:00,2024-05-11,11,5,5,1,0,2487
2024-05-11 12:00:00,2024-05-11,12,5,5,1,0,2947
2024-05-11 13:00:00,2024-05-11,13,5,5,1,0,3885
2024-05-11 14:00:00,2024-05-11,14,5,5,1,0,2764
2024-05-11 15:00:00,2024-05-11,15,5,5,1,0,2446
2024-05-11 16:00:00,2024-05-11,16,5,5,1,0,3976
2024-05-11 17:00:00,2024-05-11,17,5,5,1,0,3500
2024-05-11 18:00:00,2024-05-11,18,5,5,1,0,3011
2024-05-11 19:00:00,2024-05-11,19,5,5,1,0,2415
2024-05-11 20:00:00,2024-05-11,20,5,5,1,0,3646
2024-05-11 21:00:00,2024-05-11,21,5,5,1,0,3578
2024-05-11 22:00:00,2024-05-11,22,5,5,1,0,2915
2024-05-11 23:00:00,2024-05-11,23,5,5,1,0,800
2024-05-12 09:00:00,2024-05-12,9,6,5,1,0,1357
2024-05-12 10:00:00,2024-05-12,10,6,5,1,0,1688
2024-05-12 11:00:00,2024-05-12,11,6,5,1,0,2343
2024-05-12 12:00:00,2024-05-12,12,6,5,1,0,3330
2024-05-12 13:00:00,2024-05-12,13,6,5,1,0,3811
2024-05-12 14:00:00,2024-05-12,14,6,5,1,0,3913
2024-05-12 15:00:00,2024-05-12,15,6,5,1,0,4108
2024-05-12 16:00:00,2024-05-12,16,6,5,1,0,2740
2024-05-12 17:00:00,2024-05-12,17,6,5,1,0,2209
2024-05-12 18:00:00,2024-05-12,18,6,5,1,0,3174
2024-05-12 19:00:00,2024-05-12,19,6,5,1,0,2777
2024-05-12 20:00:00,2024-05-12,20,6,5,1,0,3503
2024-05-12 21:00:00,2024-05-12,21,6,5,1,0,3671
2024-05-12 22:00:00,2024-05-12,22,6,5,1,0,3486
2024-05-12 23:00:00,2024-05-12,23,6,5,1,0,795
2024-05-13 09:00:00,2024-05-13,9,0,5,0,0,1284
2024-05-13 10:00:00,2024-05-13,10,0,5,0,0,1493
2024-05-13 11:00:00,2024-05-13,11,0,5,0,0,1678
2024-05-13 12:00:00,2024-05-13,12,0,5,0,0,2192
2024-05-13 13:00:00,2024-05-13,13,0,5,0,0,2307
2024-05-13 14:00:00,2024-05-13,14,0,5,0,0,2509
2024-05-13 15:00:00,2024-05-13,15,0,5,0,0,2751
2024-05-13 16:00:00,2024-05-13,16,0,5,0,0,2471
2024-05-13 17:00:00,2024-05-13,17,0,5,0,0,2439
2024-05-13 18:00:00,2024-05-13,18,0,5,0,0,1727
2024-05-13 19:00:00,2024-05-13,19,0,5,0,0,1924
2024-05-13 20:00:00,2024-05-13,20,0,5,0,0,2380
2024-05-13 21:00:00,2024-05-13,21,0,5,0,0,2146
2024-05-13 22:00:00,2024-05-13,22,0,5,0,0,1797
2024-05-13 23:00:00,2024-05-13,23,0,5,0,0,440
2024-05-14 09:00:00,2024-05-14,9,1,5,0,0,643
2024-05-14 10:00:00,2024-05-14,10,1,5,0,0,953
2024-05-14 11:00:00,2024-05-14,11,1,5,0,0,1703
2024-05-14 12:00:00,2024-05-14,12,1,5,0,0,1983
2024-05-14 13:00:00,2024-05-14,13,1,5,0,0,2785
2024-05-14 14:00:00,2024-05-14,14,1,5,0,0,2667
2024-05-14 15:00:00,2024-05-14,15,1,5,0,0,2711
2024-05-14 16:00:00,2024-05-14,16,1,5,0,0,2074
2024-05-14 17:00:00,2024-05-14,17,1,5,0,0,2726
2024-05-14 18:00:00,2024-05-14,18,1,5,0,0,1903
2024-05-14 19:00:00,2024-05-14,19,1,5,0,0,1890
2024-05-14 20:00:00,2024-05-14,20,1,5,0,0,2459
2024-05-14 21:00:00,2024-05-14,21,1,5,0,0,2768
2024-05-14 22:00:00,2024-05-14,22,1,5,0,0,2006
2024-05-14 23:00:00,2024-05-14,23,1,5,0,0,360
2024-05-15 09:00:00,2024-05-15,9,2,5,0,0,1163
2024-05-15 10:00:00,2024-05-15,10,2,5,0,0,1822
2024-05-15 11:00:00,2024-05-15,11,2,5,0,0,2155
2024-05-15 12:00:00,2024-05-15,12,2,5,0,0,2292
2024-05-15 13:00:00,2024-05-15,13,2,5,0,0,2384
2024-05-15 14:00:00,2024-05-15,14,2,5,0,0,2995
2024-05-15 15:00:00,2024-05-15,15,2,5,0,0,2472
2024-05-15 16:00:00,2024-05-15,16,2,5,0,0,2886
2024-05-15 17:00:00,2024-05-15,17,2,5,0,0,2687
2024-05-15 18:00:00,2024-05-15,18,2,5,0,0,2520
2024-05-15 19:00:00,2024-05-15,19,2,5,0,0,2498
2024-05-15 20:00:00,2024-05-15,20,2,5,0,0,2492
2024-05-15 21:00:00,2024-05-15,21,2,5,0,0,2234
2024-05-15 22:00:00,2024-05-15,22,2,5,0,0,2372
2024-05-15 23:00:00,2024-05-15,23,2,5,0,0,445
2024-05-16 09:00:00,2024-05-16,9,3,5,0,0,1043
2024-05-16 10:00:00,2024-05-16,10,3,5,0,0,1425
2024-05-16 11:00:00,2024-05-16,11,3,5,0,0,1758
2024-05-16 12:00:00,2024-05-16,12,3,5,0,0,2276
2024-05-16 13:00:00,2024-05-16,13,3,5,0,0,2283
2024-05-16 14:00:00,2024-05-16,14,3,5,0,0,3098
2024-05-16 15:00:00,2024-05-16,15,3,5,0,0,2800
2024-05-16 16:00:00,2024-05-16,16,3,5,0,0,2727
2024-05-16 17:00:00,2024-05-16,17,3,5,0,0,2433
2024-05-16 18:00:00,2024-05-16,18,3,5,0,0,2277
2024-05-16 19:00:00,2024-05-16,19,3,5,0,0,1443
2024-05-16 20:00:00,2024-05-16,20,3,5,0,0,2132
2024-05-16 21:00:00,2024-05-16,21,3,5,0,0,2192
2024-05-16 22:00:00,2024-05-16,22,3,5,0,0,2293
2024-05-16 23:00:00,2024-05-16,23,3,5,0,0,474
2024-05-17 09:00:00,2024-05-17,9,4,5,0,0,1026
2024-05-17 10:00:00,2024-05-17,10,4,5,0,0,1413
2024-05-17 11:00:00,2024-05-17,11,4,5,0,0,2073
2024-05-17 12:00:00,2024-05-17,12,4,5,0,0,2306
2024-05-17 13:00:00,2024-05-17,13,4,5,0,0,2592
2024-05-17 14:00:00,2024-05-17,14,4,5,0,0,3009
2024-05-17 15:00:00,2024-05-17,15,4,5,0,0,2753
2024-05-17 16:00:00,2024-05-17,16,4,5,0,0,2858
2024-05-17 17:00:00,2024-05-17,17,4,5,0,0,1751
2024-05-17 18:00:00,2024-05-17,18,4,5,0,0,2307
2024-05-17 19:00:00,2024-05-17,19,4,5,0,0,1745
2024-05-17 20:00:00,2024-05-17,20,4,5,0,0,1683
2024-05-17 21:00:00,2024-05-17,21,4,5,0,0,2341
2024-05-17 22:00:00,2024-05-17,22,4,5,0,0,2786
2024-05-17 23:00:00,2024-05-17,23,4,5,0,0,628
2024-05-18 09:00:00,2024-05-18,9,5,5,1,0,1714
2024-05-18 10:00:00,2024-05-18,10,5,5,1,0,2323
2024-05-18 11:00:00,2024-05-18,11,5,5,1,0,2560
2024-05-18 12:00:00,2024-05-18,12,5,5,1,0,3089
2024-05-18 13:00:00,2024-05-18,13,5,5,1,0,3166
2024-05-18 14:00:00,2024-05-18,14,5,5,1,0,3546
2024-05-18 15:00:00,2024-05-18,15,5,5,1,0,4059
2024-05-18 16:00:00,2024-05-18,16,5,5,1,0,4219
2024-05-18 17:00:00,2024-05-18,17,5,5,1,0,3363
2024-05-18 18:00:00,2024-05-18,18,5,5,1,0,2855
2024-05-18 19:00:00,2024-05-18,19,5,5,1,0,2533
2024-05-18 20:00:00,2024-05-18,20,5,5,1,0,3444
2024-05-18 21:00:00,2024-05-18,21,5,5,1,0,2656
2024-05-18 22:00:00,2024-05-18,22,5,5,1,0,2327
2024-05-18 23:00:00,2024-05-18,23,5,5,1,0,712
2024-05-19 09:00:00,2024-05-19,9,6,5,1,0,1311
2024-05-19 10:00:00,2024-05-19,10,6,5,1,0,1899
2024-05-19 11:00:00,2024-05-19,11,6,5,1,0,2488
2024-05-19 12:00:00,2024-05-19,12,6,5,1,0,2854
2024-05-19 13:00:00,2024-05-19,13,6,5,1,0,4016
2024-05-19 14:00:00,2024-05-19,14,6,5,1,0,3831
2024-05-19 15:00:00,2024-05-19,15,6,5,1,0,3916
2024-05-19 16:00:00,2024-05-19,16,6,5,1,0,3961
2024-05-19 17:00:00,2024-05-19,17,6,5,1,0,2952
2024-05-19 18:00:00,2024-05-19,18,6,5,1,0,3394
2024-05-19 19:00:00,2024-05-19,19,6,5,1,0,1757
2024-05-19 20:00:00,2024-05-19,20,6,5,1,0,3471
2024-05-19 21:00:00,2024-05-19,21,6,5,1,0,2799
2024-05-19 22:00:00,2024-05-19,22,6,5,1,0,2613
2024-05-19 23:00:00,2024-05-19,23,6,5,1,0,838
2024-05-20 09:00:00,2024-05-20,9,0,5,0,0,1189
2024-05-20 10:00:00,2024-05-20,10,0,5,0,0,1336
2024-05-20 11:00:00,2024-05-20,11,0,5,0,0,1681
2024-05-20 12:00:00,2024-05-20,12,0,5,0,0,2537
2024-05-20 13:00:00,2024-05-20,13,0,5,0,0,2171
2024-05-20 14:00:00,2024-05-20,14,0,5,0,0,3269
2024-05-20 15:00:00,2024-05-20,15,0,5,0,0,2497
2024-05-20 16:00:00,2024-05-20,16,0,5,0,0,2940
2024-05-20 17:00:00,2024-05-20,17,0,5,0,0,2433
2024-05-20 18:00:00,2024-05-20,18,0,5,0,0,2397
2024-05-20 19:00:00,2024-05-20,19,0,5,0,0,1754
2024-05-20 20:00:00,2024-05-20,20,0,5,0,0,2333
2024-05-20 21:00:00,2024-05-20,21,0,5,0,0,2391
2024-05-20 22:00:00,2024-05-20,22,0,5,0,0,1465
2024-05-20 23:00:00,2024-05-20,23,0,5,0,0,615
2024-05-21 09:00:00,2024-05-21,9,1,5,0,0,1068
2024-05-21 10:00:00,2024-05-21,10,1,5,0,0,1457
2024-05-21 11:00:00,2024-05-21,11,1,5,0,0,1652
2024-05-21 12:00:00,2024-05-21,12,1,5,0,0,1548
2024-05-21 13:00:00,2024-05-21,13,1,5,0,0,2475
2024-05-21 14:00:00,2024-05-21,14,1,5,0,0,3521
2024-05-21 15:00:00,2024-05-21,15,1,5,0,0,3063
2024-05-21 16:00:00,2024-05-21,16,1,5,0,0,2724
2024-05-21 17:00:00,2024-05-21,17,1,5,0,0,2453
2024-05-21 18:00:00,2024-05-21,18,1,5,0,0,2241
2024-05-21 19:00:00,2024-05-21,19,1,5,0,0,2000
2024-05-21 20:00:00,2024-05-21,20,1,5,0,0,2042
2024-05-21 21:00:00,2024-05-21,21,1,5,0,0,2698
2024-05-21 22:00:00,2024-05-21,22,1,5,0,0,2584
2024-05-21 23:00:00,2024-05-21,23,1,5,0,0,614
2024-05-22 09:00:00,2024-05-22,9,2,5,0,0,1198
2024-05-22 10:00:00,2024-05-22,10,2,5,0,0,1502
2024-05-22 11:00:00,2024-05-22,11,2,5,0,0,2028
2024-05-22 12:00:00,2024-05-22,12,2,5,0,0,2394
2024-05-22 13:00:00,2024-05-22,13,2,5,0,0,2425
2024-05-22 14:00:00,2024-05-22,14,2,5,0,0,1780
2024-05-22 15:00:00,2024-05-22,15,2,5,0,0,2834
2024-05-22 16:00:00,2024-05-22,16,2,5,0,0,3238
2024-05-22 17:00:00,2024-05-22,17,2,5,0,0,2156
2024-05-22 18:00:00,2024-05-22,18,2,5,0,0,1842
2024-05-22 19:00:00,2024-05-22,19,2,5,0,0,1914
2024-05-22 20:00:00,2024-05-22,20,2,5,0,0,2394
2024-05-22 21:00:00,2024-05-22,21,2,5,0,0,2429
2024-05-22 22:00:00,2024-05-22,22,2,5,0,0,2449
2024-05-22 23:00:00,2024-05-22,23,2,5,0,0,550
2024-05-23 09:00:00,2024-05-23,9,3,5,0,0,1341
2024-05-23 10:00:00,2024-05-23,10,3,5,0,0,1210
2024-05-23 11:00:00,2024-05-23,11,3,5,0,0,1690
2024-05-23 12:00:00,2024-05-23,12,3,5,0,0,2208
2024-05-23 13:00:00,2024-05-23,13,3,5,0,0,2033
2024-05-23 14:00:00,2024-05-23,14,3,5,0,0,2673
2024-05-23 15:00:00,2024-05-23,15,3,5,0,0,3358
2024-05-23 16:00:00,2024-05-23,16,3,5,0,0,2737
2024-05-23 17:00:00,2024-05-23,17,3,5,0,0,2603
2024-05-23 18:00:00,2024-05-23,18,3,5,0,0,1897
2024-05-23 19:00:00,2024-05-23,19,3,5,0,0,1216
2024-05-23 20:00:00,2024-05-23,20,3,5,0,0,2272
2024-05-23 21:00:00,2024-05-23,21,3,5,0,0,2289
2024-05-23 22:00:00,2024-05-23,22,3,5,0,0,2746
2024-05-23 23:00:00,2024-05-23,23,3,5,0,0,603
2024-05-24 09:00:00,2024-05-24,9,4,5,0,0,986
2024-05-24 10:00:00,2024-05-24,10,4,5,0,0,1543
2024-05-24 11:00:00,2024-05-24,11,4,5,0,0,1989
2024-05-24 12:00:00,2024-05-24,12,4,5,0,0,2541
2024-05-24 13:00:00,2024-05-24,13,4,5,0,0,3014
2024-05-24 14:00:00,2024-05-24,14,4,5,0,0,2398
2024-05-24 15:00:00,2024-05-24,15,4,5,0,0,2527
2024-05-24 16:00:00,2024-05-24,16,4,5,0,0,2318
2024-05-24 17:00:00,2024-05-24,17,4,5,0,0,2462
2024-05-24 18:00:00,2024-05-24,18,4,5,0,0,2360
2024-05-24 19:00:00,2024-05-24,19,4,5,0,0,2099
2024-05-24 20:00:00,2024-05-24,20,4,5,0,0,2358
2024-05-24 21:00:00,2024-05-24,21,4,5,0,0,2288
2024-05-24 22:00:00,2024-05-24,22,4,5,0,0,2423
2024-05-24 23:00:00,2024-05-24,23,4,5,0,0,508
2024-05-25 09:00:00,2024-05-25,9,5,5,1,0,1922
2024-05-25 10:00:00,2024-05-25,10,5,5,1,0,1632
2024-05-25 11:00:00,2024-05-25,11,5,5,1,0,2589
2024-05-25 12:00:00,2024-05-25,12,5,5,1,0,3751
2024-05-25 13:00:00,2024-05-25,13,5,5,1,0,3423
2024-05-25 14:00:00,2024-05-25,14,5,5,1,0,3602
2024-05-25 15:00:00,2024-05-25,15,5,5,1,0,3617
2024-05-25 16:00:00,2024-05-25,16,5,5,1,0,3606
2024-05-25 17:00:00,2024-05-25,17,5,5,1,0,3983
2024-05-25 18:00:00,2024-05-25,18,5,5,1,0,2217
2024-05-25 19:00:00,2024-05-25,19,5,5,1,0,3000
2024-05-25 20:00:00,2024-05-25,20,5,5,1,0,2663
2024-05-25 21:00:00,2024-05-25,21,5,5,1,0,3110
2024-05-25 22:00:00,2024-05-25,22,5,5,1,0,3047
2024-05-25 23:00:00,2024-05-25,23,5,5,1,0,817
2024-05-26 09:00:00,2024-05-26,9,6,5,1,0,869
2024-05-26 10:00:00,2024-05-26,10,6,5,1,0,2135
2024-05-26 11:00:00,2024-05-26,11,6,5,1,0,3149
2024-05-26 12:00:00,2024-05-26,12,6,5,1,0,2524
2024-05-26 13:00:00,2024-05-26,13,6,5,1,0,3498
2024-05-26 14:00:00,2024-05-26,14,6,5,1,0,3393
2024-05-26 15:00:00,2024-05-26,15,6,5,1,0,2781
2024-05-26 16:00:00,2024-05-26,16,6,5,1,0,3695
2024-05-26 17:00:00,2024-05-26,17,6,5,1,0,3156
2024-05-26 18:00:00,2024-05-26,18,6,5,1,0,3195
2024-05-26 19:00:00,2024-05-26,19,6,5,1,0,3082
2024-05-26 20:00:00,2024-05-26,20,6,5,1,0,3139
2024-05-26 21:00:00,2024-05-26,21,6,5,1,0,3490
2024-05-26 22:00:00,2024-05-26,22,6,5,1,0,2714
2024-05-26 23:00:00,2024-05-26,23,6,5,1,0,675
2024-05-27 09:00:00,2024-05-27,9,0,5,0,0,1202
2024-05-27 10:00:00,2024-05-27,10,0,5,0,0,1765
2024-05-27 11:00:00,2024-05-27,11,0,5,0,0,1956
2024-05-27 12:00:00,2024-05-27,12,0,5,0,0,2151
2024-05-27 13:00:00,2024-05-27,13,0,5,0,0,2533
2024-05-27 14:00:00,2024-05-27,14,0,5,0,0,2321
2024-05-27 15:00:00,2024-05-27,15,0,5,0,0,3003
2024-05-27 16:00:00,2024-05-27,16,0,5,0,0,2114
2024-05-27 17:00:00,2024-05-27,17,0,5,0,0,2396
2024-05-27 18:00:00,2024-05-27,18,0,5,0,0,2109
2024-05-27 19:00:00,2024-05-27,19,0,5,0,0,1936
2024-05-27 20:00:00,2024-05-27,20,0,5,0,0,2255
2024-05-27 21:00:00,2024-05-27,21,0,5,0,0,2361
2024-05-27 22:00:00,2024-05-27,22,0,5,0,0,2979
2024-05-27 23:00:00,2024-05-27,23,0,5,0,0,548
2024-05-28 09:00:00,2024-05-28,9,1,5,0,0,1089
2024-05-28 10:00:00,2024-05-28,10,1,5,0,0,1382
2024-05-28 11:00:00,2024-05-28,11,1,5,0,0,2044
2024-05-28 12:00:00,2024-05-28,12,1,5,0,0,2187
2024-05-28 13:00:00,2024-05-28,13,1,5,0,0,2336
2024-05-28 14:00:00,2024-05-28,14,1,5,0,0,2214
2024-05-28 15:00:00,2024-05-28,15,1,5,0,0,3276
2024-05-28 16:00:00,2024-05-28,16,1,5,0,0,2534
2024-05-28 17:00:00,2024-05-28,17,1,5,0,0,1966
2024-05-28 18:00:00,2024-05-28,18,1,5,0,0,2506
2024-05-28 19:00:00,2024-05-28,19,1,5,0,0,1722
2024-05-28 20:00:00,2024-05-28,20,1,5,0,0,2605
2024-05-28 21:00:00,2024-05-28,21,1,5,0,0,1272
2024-05-28 22:00:00,2024-05-28,22,1,5,0,0,2634
2024-05-28 23:00:00,2024-05-28,23,1,5,0,0,483
2024-05-29 09:00:00,2024-05-29,9,2,5,0,0,1238
2024-05-29 10:00:00,2024-05-29,10,2,5,0,0,1501
2024-05-29 11:00:00,2024-05-29,11,2,5,0,0,1163
2024-05-29 12:00:00,2024-05-29,12,2,5,0,0,2126
2024-05-29 13:00:00,2024-05-29,13,2,5,0,0,2742
2024-05-29 14:00:00,2024-05-29,14,2,5,0,0,2765
2024-05-29 15:00:00,2024-05-29,15,2,5,0,0,2996
2024-05-29 16:00:00,2024-05-29,16,2,5,0,0,3378
2024-05-29 17:00:00,2024-05-29,17,2,5,0,0,2057
2024-05-29 18:00:00,2024-05-29,18,2,5,0,0,2669
2024-05-29 19:00:00,2024-05-29,19,2,5,0,0,1900
2024-05-29 20:00:00,2024-05-29,20,2,5,0,0,2123
2024-05-29 21:00:00,2024-05-29,21,2,5,0,0,1400
2024-05-29 22:00:00,2024-05-29,22,2,5,0,0,2325
2024-05-29 23:00:00,2024-05-29,23,2,5,0,0,627
2024-05-30 09:00:00,2024-05-30,9,3,5,0,0,1120
2024-05-30 10:00:00,2024-05-30,10,3,5,0,0,1770
2024-05-30 11:00:00,2024-05-30,11,3,5,0,0,1085
2024-05-30 12:00:00,2024-05-30,12,3,5,0,0,2232
2024-05-30 13:00:00,2024-05-30,13,3,5,0,0,2152
2024-05-30 14:00:00,2024-05-30,14,3,5,0,0,2850
2024-05-30 15:00:00,2024-05-30,15,3,5,0,0,2168
2024-05-30 16:00:00,2024-05-30,16,3,5,0,0,2592
2024-05-30 17:00:00,2024-05-30,17,3,5,0,0,1741
2024-05-30 18:00:00,2024-05-30,18,3,5,0,0,2289
2024-05-30 19:00:00,2024-05-30,19,3,5,0,0,1975
2024-05-30 20:00:00,2024-05-30,20,3,5,0,0,1746
2024-05-30 21:00:00,2024-05-30,21,3,5,0,0,2732
2024-05-30 22:00:00,2024-05-30,22,3,5,0,0,2074
2024-05-30 23:00:00,2024-05-30,23,3,5,0,0,611
2024-05-31 09:00:00,2024-05-31,9,4,5,0,0,1301
2024-05-31 10:00:00,2024-05-31,10,4,5,0,0,1178
2024-05-31 11:00:00,2024-05-31,11,4,5,0,0,1364
2024-05-31 12:00:00,2024-05-31,12,4,5,0,0,2100
2024-05-31 13:00:00,2024-05-31,13,4,5,0,0,2508
2024-05-31 14:00:00,2024-05-31,14,4,5,0,0,2844
2024-05-31 15:00:00,2024-05-31,15,4,5,0,0,2636
2024-05-31 16:00:00,2024-05-31,16,4,5,0,0,1756
2024-05-31 17:00:00,2024-05-31,17,4,5,0,0,2543
2024-05-31 18:00:00,2024-05-31,18,4,5,0,0,1944
2024-05-31 19:00:00,2024-05-31,19,4,5,0,0,1632
2024-05-31 20:00:00,2024-05-31,20,4,5,0,0,2574
2024-05-31 21:00:00,2024-05-31,21,4,5,0,0,1436
2024-05-31 22:00:00,2024-05-31,22,4,5,0,0,2570
2024-05-31 23:00:00,2024-05-31,23,4,5,0,0,596
2024-06-01 09:00:00,2024-06-01,9,5,6,1,0,1218
2024-06-01 10:00:00,2024-06-01,10,5,6,1,0,1858
2024-06-01 11:00:00,2024-06-01,11,5,6,1,0,2896
2024-06-01 12:00:00,2024-06-01,12,5,6,1,0,2663
2024-06-01 13:00:00,2024-06-01,13,5,6,1,0,3229
2024-06-01 14:00:00,2024-06-01,14,5,6,1,0,3891
2024-06-01 15:00:00,2024-06-01,15,5,6,1,0,4135
2024-06-01 16:00:00,2024-06-01,16,5,6,1,0,3575
2024-06-01 17:00:00,2024-06-01,17,5,6,1,0,3175
2024-06-01 18:00:00,2024-06-01,18,5,6,1,0,2473
2024-06-01 19:00:00,2024-06-01,19,5,6,1,0,3062
2024-06-01 20:00:00,2024-06-01,20,5,6,1,0,3590
2024-06-01 21:00:00,2024-06-01,21,5,6,1,0,3245
2024-06-01 22:00:00,2024-06-01,22,5,6,1,0,2901
2024-06-01 23:00:00,2024-06-01,23,5,6,1,0,687
2024-06-02 09:00:00,2024-06-02,9,6,6,1,0,1143
2024-06-02 10:00:00,2024-06-02,10,6,6,1,0,2124
2024-06-02 11:00:00,2024-06-02,11,6,6,1,0,2959
2024-06-02 12:00:00,2024-06-02,12,6,6,1,0,3253
2024-06-02 13:00:00,2024-06-02,13,6,6,1,0,2803
2024-06-02 14:00:00,2024-06-02,14,6,6,1,0,4152
2024-06-02 15:00:00,2024-06-02,15,6,6,1,0,3327
2024-06-02 16:00:00,2024-06-02,16,6,6,1,0,3516
2024-06-02 17:00:00,2024-06-02,17,6,6,1,0,3522
2024-06-02 18:00:00,2024-06-02,18,6,6,1,0,3741
2024-06-02 19:00:00,2024-06-02,19,6,6,1,0,3479
2024-06-02 20:00:00,2024-06-02,20,6,6,1,0,3446
2024-06-02 21:00:00,2024-06-02,21,6,6,1,0,3142
2024-06-02 22:00:00,2024-06-02,22,6,6,1,0,3419
2024-06-02 23:00:00,2024-06-02,23,6,6,1,0,844
2024-06-03 09:00:00,2024-06-03,9,0,6,0,0,1094
2024-06-03 10:00:00,2024-06-03,10,0,6,0,0,1821
2024-06-03 11:00:00,2024-06-03,11,0,6,0,0,1928
2024-06-03 12:00:00,2024-06-03,12,0,6,0,0,2369
2024-06-03 13:00:00,2024-06-03,13,0,6,0,0,2736
2024-06-03 14:00:00,2024-06-03,14,0,6,0,0,2869
2024-06-03 15:00:00,2024-06-03,15,0,6,0,0,3081
2024-06-03 16:00:00,2024-06-03,16,0,6,0,0,1770
2024-06-03 17:00:00,2024-06-03,17,0,6,0,0,2363
2024-06-03 18:00:00,2024-06-03,18,0,6,0,0,1940
2024-06-03 19:00:00,2024-06-03,19,0,6,0,0,1383
2024-06-03 20:00:00,2024-06-03,20,0,6,0,0,2602
2024-06-03 21:00:00,2024-06-03,21,0,6,0,0,2510
2024-06-03 22:00:00,2024-06-03,22,0,6,0,0,2858
2024-06-03 23:00:00,2024-06-03,23,0,6,0,0,395
2024-06-04 09:00:00,2024-06-04,9,1,6,0,0,1229
2024-06-04 10:00:00,2024-06-04,10,1,6,0,0,911
2024-06-04 11:00:00,2024-06-04,11,1,6,0,0,1789
2024-06-04 12:00:00,2024-06-04,12,1,6,0,0,2422
2024-06-04 13:00:00,2024-06-04,13,1,6,0,0,2791
2024-06-04 14:00:00,2024-06-04,14,1,6,0,0,1844
2024-06-04 15:00:00,2024-06-04,15,1,6,0,0,2775
2024-06-04 16:00:00,2024-06-04,16,1,6,0,0,2233
2024-06-04 17:00:00,2024-06-04,17,1,6,0,0,2424
2024-06-04 18:00:00,2024-06-04,18,1,6,0,0,2474
2024-06-04 19:00:00,2024-06-04,19,1,6,0,0,2006
2024-06-04 20:00:00,2024-06-04,20,1,6,0,0,2522
2024-06-04 21:00:00,2024-06-04,21,1,6,0,0,2394
2024-06-04 22:00:00,2024-06-04,22,1,6,0,0,2382
2024-06-04 23:00:00,2024-06-04,23,1,6,0,0,520
2024-06-05 09:00:00,2024-06-05,9,2,6,0,0,1233
2024-06-05 10:00:00,2024-06-05,10,2,6,0,0,1102
2024-06-05 11:00:00,2024-06-05,11,2,6,0,0,1987
2024-06-05 12:00:00,2024-06-05,12,2,6,0,0,2094
2024-06-05 13:00:00,2024-06-05,13,2,6,0,0,1878
2024-06-05 14:00:00,2024-06-05,14,2,6,0,0,3090
2024-06-05 15:00:00,2024-06-05,15,2,6,0,0,1847
2024-06-05 16:00:00,2024-06-05,16,2,6,0,0,2448
2024-06-05 17:00:00,2024-06-05,17,2,6,0,0,2744
2024-06-05 18:00:00,2024-06-05,18,2,6,0,0,2130
2024-06-05 19:00:00,2024-06-05,19,2,6,0,0,2115
2024-06-05 20:00:00,2024-06-05,20,2,6,0,0,2556
2024-06-05 21:00:00,2024-06-05,21,2,6,0,0,2575
2024-06-05 22:00:00,2024-06-05,22,2,6,0,0,1989
2024-06-05 23:00:00,2024-06-05,23,2,6,0,0,647
2024-06-06 09:00:00,2024-06-06,9,3,6,0,0,1174
2024-06-06 10:00:00,2024-06-06,10,3,6,0,0,1432
2024-06-06 11:00:00,2024-06-06,11,3,6,0,0,1909
2024-06-06 12:00:00,2024-06-06,12,3,6,0,0,1759
2024-06-06 13:00:00,2024-06-06,13,3,6,0,0,2657
2024-06-06 14:00:00,2024-06-06,14,3,6,0,0,2393
2024-06-06 15:00:00,2024-06-06,15,3,6,0,0,2345
2024-06-06 16:00:00,2024-06-06,16,3,6,0,0,2231
2024-06-06 17:00:00,2024-06-06,17,3,6,0,0,2871
2024-06-06 18:00:00,2024-06-06,18,3,6,0,0,2067
2024-06-06 19:00:00,2024-06-06,19,3,6,0,0,2222
2024-06-06 20:00:00,2024-06-06,20,3,6,0,0,2226
2024-06-06 21:00:00,2024-06-06,21,3,6,0,0,1892
2024-06-06 22:00:00,2024-06-06,22,3,6,0,0,2061
2024-06-06 23:00:00,2024-06-06,23,3,6,0,0,649
2024-06-07 09:00:00,2024-06-07,9,4,6,0,0,1117
2024-06-07 10:00:00,2024-06-07,10,4,6,0,0,1400
2024-06-07 11:00:00,2024-06-07,11,4,6,0,0,1912
2024-06-07 12:00:00,2024-06-07,12,4,6,0,0,2370
2024-06-07 13:00:00,2024-06-07,13,4,6,0,0,2873
2024-06-07 14:00:00,2024-06-07,14,4,6,0,0,3205
2024-06-07 15:00:00,2024-06-07,15,4,6,0,0,2679
2024-06-07 16:00:00,2024-06-07,16,4,6,0,0,2296
2024-06-07 17:00:00,2024-06-07,17,4,6,0,0,2407
2024-06-07 18:00:00,2024-06-07,18,4,6,0,0,2305
2024-06-07 19:00:00,2024-06-07,19,4,6,0,0,1659
2024-06-07 20:00:00,2024-06-07,20,4,6,0,0,2106
2024-06-07 21:00:00,2024-06-07,21,4,6,0,0,2478
2024-06-07 22:00:00,2024-06-07,22,4,6,0,0,2366
2024-06-07 23:00:00,2024-06-07,23,4,6,0,0,567
2024-06-08 09:00:00,2024-06-08,9,5,6,1,0,1396
2024-06-08 10:00:00,2024-06-08,10,5,6,1,0,1967
2024-06-08 11:00:00,2024-06-08,11,5,6,1,0,2252
2024-06-08 12:00:00,2024-06-08,12,5,6,1,0,2338
2024-06-08 13:00:00,2024-06-08,13,5,6,1,0,3845
2024-06-08 14:00:00,2024-06-08,14,5,6,1,0,2869
2024-06-08 15:00:00,2024-06-08,15,5,6,1,0,3358
2024-06-08 16:00:00,2024-06-08,16,5,6,1,0,3024
2024-06-08 17:00:00,2024-06-08,17,5,6,1,0,3153
2024-06-08 18:00:00,2024-06-08,18,5,6,1,0,2988
2024-06-08 19:00:00,2024-06-08,19,5,6,1,0,1465
2024-06-08 20:00:00,2024-06-08,20,5,6,1,0,2857
2024-06-08 21:00:00,2024-06-08,21,5,6,1,0,1978
2024-06-08 22:00:00,2024-06-08,22,5,6,1,0,3292
2024-06-08 23:00:00,2024-06-08,23,5,6,1,0,538
2024-06-09 09:00:00,2024-06-09,9,6,6,1,0,1403
2024-06-09 10:00:00,2024-06-09,10,6,6,1,0,2066
2024-06-09 11:00:00,2024-06-09,11,6,6,1,0,1657
2024-06-09 12:00:00,2024-06-09,12,6,6,1,0,2919
2024-06-09 13:00:00,2024-06-09,13,6,6,1,0,4107
2024-06-09 14:00:00,2024-06-09,14,6,6,1,0,4279
2024-06-09 15:00:00,2024-06-09,15,6,6,1,0,2233
2024-06-09 16:00:00,2024-06-09,16,6,6,1,0,4053
2024-06-09 17:00:00,2024-06-09,17,6,6,1,0,3753
2024-06-09 18:00:00,2024-06-09,18,6,6,1,0,2602
2024-06-09 19:00:00,2024-06-09,19,6,6,1,0,2782
2024-06-09 20:00:00,2024-06-09,20,6,6,1,0,3805
2024-06-09 21:00:00,2024-06-09,21,6,6,1,0,1946
2024-06-09 22:00:00,2024-06-09,22,6,6,1,0,2859
2024-06-09 23:00:00,2024-06-09,23,6,6,1,0,856
2024-06-10 09:00:00,2024-06-10,9,0,6,0,0,1175
2024-06-10 10:00:00,2024-06-10,10,0,6,0,0,1597
2024-06-10 11:00:00,2024-06-10,11,0,6,0,0,1367
2024-06-10 12:00:00,2024-06-10,12,0,6,0,0,1638
2024-06-10 13:00:00,2024-06-10,13,0,6,0,0,2130
2024-06-10 14:00:00,2024-06-10,14,0,6,0,0,3074
2024-06-10 15:00:00,2024-06-10,15,0,6,0,0,2235
2024-06-10 16:00:00,2024-06-10,16,0,6,0,0,2655
2024-06-10 17:00:00,2024-06-10,17,0,6,0,0,2520
2024-06-10 18:00:00,2024-06-10,18,0,6,0,0,1825
2024-06-10 19:00:00,2024-06-10,19,0,6,0,0,1394
2024-06-10 20:00:00,2024-06-10,20,0,6,0,0,2543
2024-06-10 21:00:00,2024-06-10,21,0,6,0,0,2362
2024-06-10 22:00:00,2024-06-10,22,0,6,0,0,2701
2024-06-10 23:00:00,2024-06-10,23,0,6,0,0,542
2024-06-11 09:00:00,2024-06-11,9,1,6,0,0,1215
2024-06-11 10:00:00,2024-06-11,10,1,6,0,0,1315
2024-06-11 11:00:00,2024-06-11,11,1,6,0,0,1871
2024-06-11 12:00:00,2024-06-11,12,1,6,0,0,2189
2024-06-11 13:00:00,2024-06-11,13,1,6,0,0,2602
2024-06-11 14:00:00,2024-06-11,14,1,6,0,0,2609
2024-06-11 15:00:00,2024-06-11,15,1,6,0,0,2755
2024-06-11 16:00:00,2024-06-11,16,1,6,0,0,3001
2024-06-11 17:00:00,2024-06-11,17,1,6,0,0,2400
2024-06-11 18:00:00,2024-06-11,18,1,6,0,0,1263
2024-06-11 19:00:00,2024-06-11,19,1,6,0,0,2270
2024-06-11 20:00:00,2024-06-11,20,1,6,0,0,2774
2024-06-11 21:00:00,2024-06-11,21,1,6,0,0,2010
2024-06-11 22:00:00,2024-06-11,22,1,6,0,0,1803
2024-06-11 23:00:00,2024-06-11,23,1,6,0,0,531
2024-06-12 09:00:00,2024-06-12,9,2,6,0,0,1174
2024-06-12 10:00:00,2024-06-12,10,2,6,0,0,1086
2024-06-12 11:00:00,2024-06-12,11,2,6,0,0,1824
2024-06-12 12:00:00,2024-06-12,12,2,6,0,0,1417
2024-06-12 13:00:00,2024-06-12,13,2,6,0,0,2323
2024-06-12 14:00:00,2024-06-12,14,2,6,0,0,2430
2024-06-12 15:00:00,2024-06-12,15,2,6,0,0,2520
2024-06-12 16:00:00,2024-06-12,16,2,6,0,0,1896
2024-06-12 17:00:00,2024-06-12,17,2,6,0,0,2315
2024-06-12 18:00:00,2024-06-12,18,2,6,0,0,1693
2024-06-12 19:00:00,2024-06-12,19,2,6,0,0,1548
2024-06-12 20:00:00,2024-06-12,20,2,6,0,0,2214
2024-06-12 21:00:00,2024-06-12,21,2,6,0,0,2448
2024-06-12 22:00:00,2024-06-12,22,2,6,0,0,1765
2024-06-12 23:00:00,2024-06-12,23,2,6,0,0,597
2024-06-13 09:00:00,2024-06-13,9,3,6,0,0,1148
2024-06-13 10:00:00,2024-06-13,10,3,6,0,0,1632
2024-06-13 11:00:00,2024-06-13,11,3,6,0,0,1985
2024-06-13 12:00:00,2024-06-13,12,3,6,0,0,1903
2024-06-13 13:00:00,2024-06-13,13,3,6,0,0,1958
2024-06-13 14:00:00,2024-06-13,14,3,6,0,0,3021
2024-06-13 15:00:00,2024-06-13,15,3,6,0,0,1780
2024-06-13 16:00:00,2024-06-13,16,3,6,0,0,2743
2024-06-13 17:00:00,2024-06-13,17,3,6,0,0,2741
2024-06-13 18:00:00,2024-06-13,18,3,6,0,0,2179
2024-06-13 19:00:00,2024-06-13,19,3,6,0,0,2118
2024-06-13 20:00:00,2024-06-13,20,3,6,0,0,3055
2024-06-13 21:00:00,2024-06-13,21,3,6,0,0,2155
2024-06-13 22:00:00,2024-06-13,22,3,6,0,0,1985
2024-06-13 23:00:00,2024-06-13,23,3,6,0,0,585
2024-06-14 09:00:00,2024-06-14,9,4,6,0,0,1236
2024-06-14 10:00:00,2024-06-14,10,4,6,0,0,1457
2024-06-14 11:00:00,2024-06-14,11,4,6,0,0,2204
2024-06-14 12:00:00,2024-06-14,12,4,6,0,0,1876
2024-06-14 13:00:00,2024-06-14,13,4,6,0,0,2744
2024-06-14 14:00:00,2024-06-14,14,4,6,0,0,1772
2024-06-14 15:00:00,2024-06-14,15,4,6,0,0,3377
2024-06-14 16:00:00,2024-06-14,16,4,6,0,0,3383
2024-06-14 17:00:00,2024-06-14,17,4,6,0,0,2300
2024-06-14 18:00:00,2024-06-14,18,4,6,0,0,2088
2024-06-14 19:00:00,2024-06-14,19,4,6,0,0,2070
2024-06-14 20:00:00,2024-06-14,20,4,6,0,0,2269
2024-06-14 21:00:00,2024-06-14,21,4,6,0,0,2367
2024-06-14 22:00:00,2024-06-14,22,4,6,0,0,2387
2024-06-14 23:00:00,2024-06-14,23,4,6,0,0,435
2024-06-15 09:00:00,2024-06-15,9,5,6,1,0,1073
2024-06-15 10:00:00,2024-06-15,10,5,6,1,0,1855
2024-06-15 11:00:00,2024-06-15,11,5,6,1,0,2383
2024-06-15 12:00:00,2024-06-15,12,5,6,1,0,3541
2024-06-15 13:00:00,2024-06-15,13,5,6,1,0,2904
2024-06-15 14:00:00,2024-06-15,14,5,6,1,0,4046
2024-06-15 15:00:00,2024-06-15,15,5,6,1,0,3653
2024-06-15 16:00:00,2024-06-15,16,5,6,1,0,3562
2024-06-15 17:00:00,2024-06-15,17,5,6,1,0,3744
2024-06-15 18:00:00,2024-06-15,18,5,6,1,0,3141
2024-06-15 19:00:00,2024-06-15,19,5,6,1,0,2707
2024-06-15 20:00:00,2024-06-15,20,5,6,1,0,2510
2024-06-15 21:00:00,2024-06-15,21,5,6,1,0,3085
2024-06-15 22:00:00,2024-06-15,22,5,6,1,0,2976
2024-06-15 23:00:00,2024-06-15,23,5,6,1,0,663
2024-06-16 09:00:00,2024-06-16,9,6,6,1,0,1384
2024-06-16 10:00:00,2024-06-16,10,6,6,1,0,2739
2024-06-16 11:00:00,2024-06-16,11,6,6,1,0,2038
2024-06-16 12:00:00,2024-06-16,12,6,6,1,0,2529
2024-06-16 13:00:00,2024-06-16,13,6,6,1,0,2877
2024-06-16 14:00:00,2024-06-16,14,6,6,1,0,3899
2024-06-16 15:00:00,2024-06-16,15,6,6,1,0,4028
2024-06-16 16:00:00,2024-06-16,16,6,6,1,0,3929
2024-06-16 17:00:00,2024-06-16,17,6,6,1,0,3315
2024-06-16 18:00:00,2024-06-16,18,6,6,1,0,2972
2024-06-16 19:00:00,2024-06-16,19,6,6,1,0,2633
2024-06-16 20:00:00,2024-06-16,20,6,6,1,0,2272
2024-06-16 21:00:00,2024-06-16,21,6,6,1,0,2357
2024-06-16 22:00:00,2024-06-16,22,6,6,1,0,3124
2024-06-16 23:00:00,2024-06-16,23,6,6,1,0,685
2024-06-17 09:00:00,2024-06-17,9,0,6,0,0,1162
2024-06-17 10:00:00,2024-06-17,10,0,6,0,0,2035
2024-06-17 11:00:00,2024-06-17,11,0,6,0,0,1959
2024-06-17 12:00:00,2024-06-17,12,0,6,0,0,2151
2024-06-17 13:00:00,2024-06-17,13,0,6,0,0,2813
2024-06-17 14:00:00,2024-06-17,14,0,6,0,0,2889
2024-06-17 15:00:00,2024-06-17,15,0,6,0,0,2941
2024-06-17 16:00:00,2024-06-17,16,0,6,0,0,2929
2024-06-17 17:00:00,2024-06-17,17,0,6,0,0,3158
2024-06-17 18:00:00,2024-06-17,18,0,6,0,0,1932
2024-06-17 19:00:00,2024-06-17,19,0,6,0,0,1388
2024-06-17 20:00:00,2024-06-17,20,0,6,0,0,2115
2024-06-17 21:00:00,2024-06-17,21,0,6,0,0,2538
2024-06-17 22:00:00,2024-06-17,22,0,6,0,0,2117
2024-06-17 23:00:00,2024-06-17,23,0,6,0,0,536
2024-06-18 09:00:00,2024-06-18,9,1,6,0,0,1098
2024-06-18 10:00:00,2024-06-18,10,1,6,0,0,1674
2024-06-18 11:00:00,2024-06-18,11,1,6,0,0,2083
2024-06-18 12:00:00,2024-06-18,12,1,6,0,0,1901
2024-06-18 13:00:00,2024-06-18,13,1,6,0,0,2550
2024-06-18 14:00:00,2024-06-18,14,1,6,0,0,2498
2024-06-18 15:00:00,2024-06-18,15,1,6,0,0,2377
2024-06-18 16:00:00,2024-06-18,16,1,6,0,0,2659
2024-06-18 17:00:00,2024-06-18,17,1,6,0,0,2439
2024-06-18 18:00:00,2024-06-18,18,1,6,0,0,2886
2024-06-18 19:00:00,2024-06-18,19,1,6,0,0,1974
2024-06-18 20:00:00,2024-06-18,20,1,6,0,0,1986
2024-06-18 21:00:00,2024-06-18,21,1,6,0,0,2218
2024-06-18 22:00:00,2024-06-18,22,1,6,0,0,2671
2024-06-18 23:00:00,2024-06-18,23,1,6,0,0,706
2024-06-19 09:00:00,2024-06-19,9,2,6,0,0,645
2024-06-19 10:00:00,2024-06-19,10,2,6,0,0,1160
2024-06-19 11:00:00,2024-06-19,11,2,6,0,0,2298
2024-06-19 12:00:00,2024-06-19,12,2,6,0,0,2340
2024-06-19 13:00:00,2024-06-19,13,2,6,0,0,2269
2024-06-19 14:00:00,2024-06-19,14,2,6,0,0,2906
2024-06-19 15:00:00,2024-06-19,15,2,6,0,0,1914
2024-06-19 16:00:00,2024-06-19,16,2,6,0,0,2731
2024-06-19 17:00:00,2024-06-19,17,2,6,0,0,2633
2024-06-19 18:00:00,2024-06-19,18,2,6,0,0,2483
2024-06-19 19:00:00,2024-06-19,19,2,6,0,0,1648
2024-06-19 20:00:00,2024-06-19,20,2,6,0,0,2404
2024-06-19 21:00:00,2024-06-19,21,2,6,0,0,2115
2024-06-19 22:00:00,2024-06-19,22,2,6,0,0,2452
2024-06-19 23:00:00,2024-06-19,23,2,6,0,0,504
2024-06-20 09:00:00,2024-06-20,9,3,6,0,0,1082
2024-06-20 10:00:00,2024-06-20,10,3,6,0,0,1319
2024-06-20 11:00:00,2024-06-20,11,3,6,0,0,2023
2024-06-20 12:00:00,2024-06-20,12,3,6,0,0,2466
2024-06-20 13:00:00,2024-06-20,13,3,6,0,0,2462
2024-06-20 14:00:00,2024-06-20,14,3,6,0,0,2743
2024-06-20 15:00:00,2024-06-20,15,3,6,0,0,2313
2024-06-20 16:00:00,2024-06-20,16,3,6,0,0,2632
2024-06-20 17:00:00,2024-06-20,17,3,6,0,0,2518
2024-06-20 18:00:00,2024-06-20,18,3,6,0,0,2939
2024-06-20 19:00:00,2024-06-20,19,3,6,0,0,1626
2024-06-20 20:00:00,2024-06-20,20,3,6,0,0,2798
2024-06-20 21:00:00,2024-06-20,21,3,6,0,0,2664
2024-06-20 22:00:00,2024-06-20,22,3,6,0,0,2460
2024-06-20 23:00:00,2024-06-20,23,3,6,0,0,684
2024-06-21 09:00:00,2024-06-21,9,4,6,0,0,1189
2024-06-21 10:00:00,2024-06-21,10,4,6,0,0,1568
2024-06-21 11:00:00,2024-06-21,11,4,6,0,0,1864
2024-06-21 12:00:00,2024-06-21,12,4,6,0,0,2564
2024-06-21 13:00:00,2024-06-21,13,4,6,0,0,2866
2024-06-21 14:00:00,2024-06-21,14,4,6,0,0,2525
2024-06-21 15:00:00,2024-06-21,15,4,6,0,0,2356
2024-06-21 16:00:00,2024-06-21,16,4,6,0,0,1865
2024-06-21 17:00:00,2024-06-21,17,4,6,0,0,2290
2024-06-21 18:00:00,2024-06-21,18,4,6,0,0,2218
2024-06-21 19:00:00,2024-06-21,19,4,6,0,0,2155
2024-06-21 20:00:00,2024-06-21,20,4,6,0,0,2249
2024-06-21 21:00:00,2024-06-21,21,4,6,0,0,2367
2024-06-21 22:00:00,2024-06-21,22,4,6,0,0,2396
2024-06-21 23:00:00,2024-06-21,23,4,6,0,0,622
2024-06-22 09:00:00,2024-06-22,9,5,6,1,0,1122
2024-06-22 10:00:00,2024-06-22,10,5,6,1,0,1875
2024-06-22 11:00:00,2024-06-22,11,5,6,1,0,2598
2024-06-22 12:00:00,2024-06-22,12,5,6,1,0,3453
2024-06-22 13:00:00,2024-06-22,13,5,6,1,0,3218
2024-06-22 14:00:00,2024-06-22,14,5,6,1,0,2856
2024-06-22 15:00:00,2024-06-22,15,5,6,1,0,4061
2024-06-22 16:00:00,2024-06-22,16,5,6,1,0,3405
2024-06-22 17:00:00,2024-06-22,17,5,6,1,0,2932
2024-06-22 18:00:00,2024-06-22,18,5,6,1,0,2792
2024-06-22 19:00:00,2024-06-22,19,5,6,1,0,2477
2024-06-22 20:00:00,2024-06-22,20,5,6,1,0,2979
2024-06-22 21:00:00,2024-06-22,21,5,6,1,0,2362
2024-06-22 22:00:00,2024-06-22,22,5,6,1,0,3558
2024-06-22 23:00:00,2024-06-22,23,5,6,1,0,879
2024-06-23 09:00:00,2024-06-23,9,6,6,1,0,1656
2024-06-23 10:00:00,2024-06-23,10,6,6,1,0,1747
2024-06-23 11:00:00,2024-06-23,11,6,6,1,0,2472
2024-06-23 12:00:00,2024-06-23,12,6,6,1,0,3016
2024-06-23 13:00:00,2024-06-23,13,6,6,1,0,3666
2024-06-23 14:00:00,2024-06-23,14,6,6,1,0,3982
2024-06-23 15:00:00,2024-06-23,15,6,6,1,0,3446
2024-06-23 16:00:00,2024-06-23,16,6,6,1,0,3722
2024-06-23 17:00:00,2024-06-23,17,6,6,1,0,3607
2024-06-23 18:00:00,2024-06-23,18,6,6,1,0,3545
2024-06-23 19:00:00,2024-06-23,19,6,6,1,0,2748
2024-06-23 20:00:00,2024-06-23,20,6,6,1,0,3517
2024-06-23 21:00:00,2024-06-23,21,6,6,1,0,3245
2024-06-23 22:00:00,2024-06-23,22,6,6,1,0,3756
2024-06-23 23:00:00,2024-06-23,23,6,6,1,0,800
2024-06-24 09:00:00,2024-06-24,9,0,6,0,0,1020
2024-06-24 10:00:00,2024-06-24,10,0,6,0,0,1751
2024-06-24 11:00:00,2024-06-24,11,0,6,0,0,2034
2024-06-24 12:00:00,2024-06-24,12,0,6,0,0,2116
2024-06-24 13:00:00,2024-06-24,13,0,6,0,0,2387
2024-06-24 14:00:00,2024-06-24,14,0,6,0,0,2828
2024-06-24 15:00:00,2024-06-24,15,0,6,0,0,2955
2024-06-24 16:00:00,2024-06-24,16,0,6,0,0,2795
2024-06-24 17:00:00,2024-06-24,17,0,6,0,0,2628
2024-06-24 18:00:00,2024-06-24,18,0,6,0,0,2691
2024-06-24 19:00:00,2024-06-24,19,0,6,0,0,2118
2024-06-24 20:00:00,2024-06-24,20,0,6,0,0,2434
2024-06-24 21:00:00,2024-06-24,21,0,6,0,0,1854
2024-06-24 22:00:00,2024-06-24,22,0,6,0,0,2085
2024-06-24 23:00:00,2024-06-24,23,0,6,0,0,592
2024-06-25 09:00:00,2024-06-25,9,1,6,0,0,1385
2024-06-25 10:00:00,2024-06-25,10,1,6,0,0,1459
2024-06-25 11:00:00,2024-06-25,11,1,6,0,0,1685
2024-06-25 12:00:00,2024-06-25,12,1,6,0,0,2060
2024-06-25 13:00:00,2024-06-25,13,1,6,0,0,2202
2024-06-25 14:00:00,2024-06-25,14,1,6,0,0,2473
2024-06-25 15:00:00,2024-06-25,15,1,6,0,0,2675
2024-06-25 16:00:00,2024-06-25,16,1,6,0,0,2270
2024-06-25 17:00:00,2024-06-25,17,1,6,0,0,2538
2024-06-25 18:00:00,2024-06-25,18,1,6,0,0,2477
2024-06-25 19:00:00,2024-06-25,19,1,6,0,0,1672
2024-06-25 20:00:00,2024-06-25,20,1,6,0,0,2813
2024-06-25 21:00:00,2024-06-25,21,1,6,0,0,2525
2024-06-25 22:00:00,2024-06-25,22,1,6,0,0,2674
2024-06-25 23:00:00,2024-06-25,23,1,6,0,0,520
2024-06-26 09:00:00,2024-06-26,9,2,6,0,0,1255
2024-06-26 10:00:00,2024-06-26,10,2,6,0,0,1302
2024-06-26 11:00:00,2024-06-26,11,2,6,0,0,2077
2024-06-26 12:00:00,2024-06-26,12,2,6,0,0,2281
2024-06-26 13:00:00,2024-06-26,13,2,6,0,0,2701
2024-06-26 14:00:00,2024-06-26,14,2,6,0,0,2345
2024-06-26 15:00:00,2024-06-26,15,2,6,0,0,2499
2024-06-26 16:00:00,2024-06-26,16,2,6,0,0,2048
2024-06-26 17:00:00,2024-06-26,17,2,6,0,0,2245
2024-06-26 18:00:00,2024-06-26,18,2,6,0,0,2360
2024-06-26 19:00:00,2024-06-26,19,2,6,0,0,1568
2024-06-26 20:00:00,2024-06-26,20,2,6,0,0,2622
2024-06-26 21:00:00,2024-06-26,21,2,6,0,0,1419
2024-06-26 22:00:00,2024-06-26,22,2,6,0,0,2537
2024-06-26 23:00:00,2024-06-26,23,2,6,0,0,607
2024-06-27 09:00:00,2024-06-27,9,3,6,0,0,1043
2024-06-27 10:00:00,2024-06-27,10,3,6,0,0,1603
2024-06-27 11:00:00,2024-06-27,11,3,6,0,0,1935
2024-06-27 12:00:00,2024-06-27,12,3,6,0,0,2091
2024-06-27 13:00:00,2024-06-27,13,3,6,0,0,1558
2024-06-27 14:00:00,2024-06-27,14,3,6,0,0,2087
2024-06-27 15:00:00,2024-06-27,15,3,6,0,0,2917
2024-06-27 16:00:00,2024-06-27,16,3,6,0,0,2218
2024-06-27 17:00:00,2024-06-27,17,3,6,0,0,2562
2024-06-27 18:00:00,2024-06-27,18,3,6,0,0,2165
2024-06-27 19:00:00,2024-06-27,19,3,6,0,0,2029
2024-06-27 20:00:00,2024-06-27,20,3,6,0,0,1605
2024-06-27 21:00:00,2024-06-27,21,3,6,0,0,2285
2024-06-27 22:00:00,2024-06-27,22,3,6,0,0,2589
2024-06-27 23:00:00,2024-06-27,23,3,6,0,0,588
2024-06-28 09:00:00,2024-06-28,9,4,6,0,0,1181
2024-06-28 10:00:00,2024-06-28,10,4,6,0,0,1583
2024-06-28 11:00:00,2024-06-28,11,4,6,0,0,1531
2024-06-28 12:00:00,2024-06-28,12,4,6,0,0,2438
2024-06-28 13:00:00,2024-06-28,13,4,6,0,0,2719
2024-06-28 14:00:00,2024-06-28,14,4,6,0,0,2397
2024-06-28 15:00:00,2024-06-28,15,4,6,0,0,2717
2024-06-28 16:00:00,2024-06-28,16,4,6,0,0,2717
2024-06-28 17:00:00,2024-06-28,17,4,6,0,0,2492
2024-06-28 18:00:00,2024-06-28,18,4,6,0,0,2325
2024-06-28 19:00:00,2024-06-28,19,4,6,0,0,2199
2024-06-28 20:00:00,2024-06-28,20,4,6,0,0,2688
2024-06-28 21:00:00,2024-06-28,21,4,6,0,0,2005
2024-06-28 22:00:00,2024-06-28,22,4,6,0,0,1790
2024-06-28 23:00:00,2024-06-28,23,4,6,0,0,655
2024-06-29 09:00:00,2024-06-29,9,5,6,1,0,1608
2024-06-29 10:00:00,2024-06-29,10,5,6,1,0,2288
2024-06-29 11:00:00,2024-06-29,11,5,6,1,0,3145
2024-06-29 12:00:00,2024-06-29,12,5,6,1,0,3389
2024-06-29 13:00:00,2024-06-29,13,5,6,1,0,3522
2024-06-29 14:00:00,2024-06-29,14,5,6,1,0,4149
2024-06-29 15:00:00,2024-06-29,15,5,6,1,0,3845
2024-06-29 16:00:00,2024-06-29,16,5,6,1,0,3697
2024-06-29 17:00:00,2024-06-29,17,5,6,1,0,3276
2024-06-29 18:00:00,2024-06-29,18,5,6,1,0,3584
2024-06-29 19:00:00,2024-06-29,19,5,6,1,0,2284
2024-06-29 20:00:00,2024-06-29,20,5,6,1,0,3803
2024-06-29 21:00:00,2024-06-29,21,5,6,1,0,3405
2024-06-29 22:00:00,2024-06-29,22,5,6,1,0,2673
2024-06-29 23:00:00,2024-06-29,23,5,6,1,0,796
2024-06-30 09:00:00,2024-06-30,9,6,6,1,0,1149
2024-06-30 10:00:00,2024-06-30,10,6,6,1,0,2175
2024-06-30 11:00:00,2024-06-30,11,6,6,1,0,2802
2024-06-30 12:00:00,2024-06-30,12,6,6,1,0,1962
2024-06-30 13:00:00,2024-06-30,13,6,6,1,0,2429
2024-06-30 14:00:00,2024-06-30,14,6,6,1,0,4551
2024-06-30 15:00:00,2024-06-30,15,6,6,1,0,3550
2024-06-30 16:00:00,2024-06-30,16,6,6,1,0,3218
2024-06-30 17:00:00,2024-06-30,17,6,6,1,0,2819
2024-06-30 18:00:00,2024-06-30,18,6,6,1,0,3729
2024-06-30 19:00:00,2024-06-30,19,6,6,1,0,2534
2024-06-30 20:00:00,2024-06-30,20,6,6,1,0,2522
2024-06-30 21:00:00,2024-06-30,21,6,6,1,0,3730
2024-06-30 22:00:00,2024-06-30,22,6,6,1,0,2926
2024-06-30 23:00:00,2024-06-30,23,6,6,1,0,718
2024-07-01 09:00:00,2024-07-01,9,0,7,0,1,1469
2024-07-01 10:00:00,2024-07-01,10,0,7,0,1,2895
2024-07-01 11:00:00,2024-07-01,11,0,7,0,1,2254
2024-07-01 12:00:00,2024-07-01,12,0,7,0,1,3213
2024-07-01 13:00:00,2024-07-01,13,0,7,0,1,5042
2024-07-01 14:00:00,2024-07-01,14,0,7,0,1,4109
2024-07-01 15:00:00,2024-07-01,15,0,7,0,1,4319
2024-07-01 16:00:00,2024-07-01,16,0,7,0,1,4569
2024-07-01 17:00:00,2024-07-01,17,0,7,0,1,4831
2024-07-01 18:00:00,2024-07-01,18,0,7,0,1,3961
2024-07-01 19:00:00,2024-07-01,19,0,7,0,1,3166
2024-07-01 20:00:00,2024-07-01,20,0,7,0,1,4037
2024-07-01 21:00:00,2024-07-01,21,0,7,0,1,3844
2024-07-01 22:00:00,2024-07-01,22,0,7,0,1,4081
2024-07-01 23:00:00,2024-07-01,23,0,7,0,1,442
2024-07-02 09:00:00,2024-07-02,9,1,7,0,1,1764
2024-07-02 10:00:00,2024-07-02,10,1,7,0,1,1734
2024-07-02 11:00:00,2024-07-02,11,1,7,0,1,2599
2024-07-02 12:00:00,2024-07-02,12,1,7,0,1,3759
2024-07-02 13:00:00,2024-07-02,13,1,7,0,1,3971
2024-07-02 14:00:00,2024-07-02,14,1,7,0,1,5313
2024-07-02 15:00:00,2024-07-02,15,1,7,0,1,5349
2024-07-02 16:00:00,2024-07-02,16,1,7,0,1,4143
2024-07-02 17:00:00,2024-07-02,17,1,7,0,1,3998
2024-07-02 18:00:00,2024-07-02,18,1,7,0,1,3561
2024-07-02 19:00:00,2024-07-02,19,1,7,0,1,2852
2024-07-02 20:00:00,2024-07-02,20,1,7,0,1,3914
2024-07-02 21:00:00,2024-07-02,21,1,7,0,1,3476
2024-07-02 22:00:00,2024-07-02,22,1,7,0,1,3306
2024-07-02 23:00:00,2024-07-02,23,1,7,0,1,976
2024-07-03 09:00:00,2024-07-03,9,2,7,0,1,1967
2024-07-03 10:00:00,2024-07-03,10,2,7,0,1,2176
2024-07-03 11:00:00,2024-07-03,11,2,7,0,1,3340
2024-07-03 12:00:00,2024-07-03,12,2,7,0,1,3320
2024-07-03 13:00:00,2024-07-03,13,2,7,0,1,4195
2024-07-03 14:00:00,2024-07-03,14,2,7,0,1,4820
2024-07-03 15:00:00,2024-07-03,15,2,7,0,1,3137
2024-07-03 16:00:00,2024-07-03,16,2,7,0,1,4628
2024-07-03 17:00:00,2024-07-03,17,2,7,0,1,3819
2024-07-03 18:00:00,2024-07-03,18,2,7,0,1,3508
2024-07-03 19:00:00,2024-07-03,19,2,7,0,1,2941
2024-07-03 20:00:00,2024-07-03,20,2,7,0,1,3482
2024-07-03 21:00:00,2024-07-03,21,2,7,0,1,3743
2024-07-03 22:00:00,2024-07-03,22,2,7,0,1,3114
2024-07-03 23:00:00,2024-07-03,23,2,7,0,1,854
2024-07-04 09:00:00,2024-07-04,9,3,7,0,1,1767
2024-07-04 10:00:00,2024-07-04,10,3,7,0,1,2334
2024-07-04 11:00:00,2024-07-04,11,3,7,0,1,2929
2024-07-04 12:00:00,2024-07-04,12,3,7,0,1,3566
2024-07-04 13:00:00,2024-07-04,13,3,7,0,1,4306
2024-07-04 14:00:00,2024-07-04,14,3,7,0,1,4849
2024-07-04 15:00:00,2024-07-04,15,3,7,0,1,4149
2024-07-04 16:00:00,2024-07-04,16,3,7,0,1,3755
2024-07-04 17:00:00,2024-07-04,17,3,7,0,1,3562
2024-07-04 18:00:00,2024-07-04,18,3,7,0,1,3383
2024-07-04 19:00:00,2024-07-04,19,3,7,0,1,2889
2024-07-04 20:00:00,2024-07-04,20,3,7,0,1,3471
2024-07-04 21:00:00,2024-07-04,21,3,7,0,1,3230
2024-07-04 22:00:00,2024-07-04,22,3,7,0,1,3615
2024-07-04 23:00:00,2024-07-04,23,3,7,0,1,928
2024-07-05 09:00:00,2024-07-05,9,4,7,0,1,1960
2024-07-05 10:00:00,2024-07-05,10,4,7,0,1,1573
2024-07-05 11:00:00,2024-07-05,11,4,7,0,1,2866
2024-07-05 12:00:00,2024-07-05,12,4,7,0,1,3193
2024-07-05 13:00:00,2024-07-05,13,4,7,0,1,4056
2024-07-05 14:00:00,2024-07-05,14,4,7,0,1,3942
2024-07-05 15:00:00,2024-07-05,15,4,7,0,1,4809
2024-07-05 16:00:00,2024-07-05,16,4,7,0,1,3448
2024-07-05 17:00:00,2024-07-05,17,4,7,0,1,3896
2024-07-05 18:00:00,2024-07-05,18,4,7,0,1,3723
2024-07-05 19:00:00,2024-07-05,19,4,7,0,1,2158
2024-07-05 20:00:00,2024-07-05,20,4,7,0,1,5061
2024-07-05 21:00:00,2024-07-05,21,4,7,0,1,3985
2024-07-05 22:00:00,2024-07-05,22,4,7,0,1,2354
2024-07-05 23:00:00,2024-07-05,23,4,7,0,1,898
2024-07-06 09:00:00,2024-07-06,9,5,7,1,1,1943
2024-07-06 10:00:00,2024-07-06,10,5,7,1,1,3220
2024-07-06 11:00:00,2024-07-06,11,5,7,1,1,3665
2024-07-06 12:00:00,2024-07-06,12,5,7,1,1,5383
2024-07-06 13:00:00,2024-07-06,13,5,7,1,1,5134
2024-07-06 14:00:00,2024-07-06,14,5,7,1,1,5841
2024-07-06 15:00:00,2024-07-06,15,5,7,1,1,5611
2024-07-06 16:00:00,2024-07-06,16,5,7,1,1,5012
2024-07-06 17:00:00,2024-07-06,17,5,7,1,1,5284
2024-07-06 18:00:00,2024-07-06,18,5,7,1,1,5917
2024-07-06 19:00:00,2024-07-06,19,5,7,1,1,4470
2024-07-06 20:00:00,2024-07-06,20,5,7,1,1,3823
2024-07-06 21:00:00,2024-07-06,21,5,7,1,1,5392
2024-07-06 22:00:00,2024-07-06,22,5,7,1,1,5407
2024-07-06 23:00:00,2024-07-06,23,5,7,1,1,942
2024-07-07 09:00:00,2024-07-07,9,6,7,1,1,2387
2024-07-07 10:00:00,2024-07-07,10,6,7,1,1,3581
2024-07-07 11:00:00,2024-07-07,11,6,7,1,1,4048
2024-07-07 12:00:00,2024-07-07,12,6,7,1,1,4032
2024-07-07 13:00:00,2024-07-07,13,6,7,1,1,5462
2024-07-07 14:00:00,2024-07-07,14,6,7,1,1,7136
2024-07-07 15:00:00,2024-07-07,15,6,7,1,1,6983
2024-07-07 16:00:00,2024-07-07,16,6,7,1,1,5880
2024-07-07 17:00:00,2024-07-07,17,6,7,1,1,6124
2024-07-07 18:00:00,2024-07-07,18,6,7,1,1,4637
2024-07-07 19:00:00,2024-07-07,19,6,7,1,1,3239
2024-07-07 20:00:00,2024-07-07,20,6,7,1,1,4590
2024-07-07 21:00:00,2024-07-07,21,6,7,1,1,6132
2024-07-07 22:00:00,2024-07-07,22,6,7,1,1,4993
2024-07-07 23:00:00,2024-07-07,23,6,7,1,1,833
2024-07-08 09:00:00,2024-07-08,9,0,7,0,1,1763
2024-07-08 10:00:00,2024-07-08,10,0,7,0,1,2959
2024-07-08 11:00:00,2024-07-08,11,0,7,0,1,3604
2024-07-08 12:00:00,2024-07-08,12,0,7,0,1,4550
2024-07-08 13:00:00,2024-07-08,13,0,7,0,1,3994
2024-07-08 14:00:00,2024-07-08,14,0,7,0,1,4544
2024-07-08 15:00:00,2024-07-08,15,0,7,0,1,3681
2024-07-08 16:00:00,2024-07-08,16,0,7,0,1,5166
2024-07-08 17:00:00,2024-07-08,17,0,7,0,1,3501
2024-07-08 18:00:00,2024-07-08,18,0,7,0,1,3686
2024-07-08 19:00:00,2024-07-08,19,0,7,0,1,2619
2024-07-08 20:00:00,2024-07-08,20,0,7,0,1,3554
2024-07-08 21:00:00,2024-07-08,21,0,7,0,1,2408
2024-07-08 22:00:00,2024-07-08,22,0,7,0,1,3545
2024-07-08 23:00:00,2024-07-08,23,0,7,0,1,849
2024-07-09 09:00:00,2024-07-09,9,1,7,0,1,1709
2024-07-09 10:00:00,2024-07-09,10,1,7,0,1,2649
2024-07-09 11:00:00,2024-07-09,11,1,7,0,1,2616
2024-07-09 12:00:00,2024-07-09,12,1,7,0,1,3688
2024-07-09 13:00:00,2024-07-09,13,1,7,0,1,4666
2024-07-09 14:00:00,2024-07-09,14,1,7,0,1,4118
2024-07-09 15:00:00,2024-07-09,15,1,7,0,1,4112
2024-07-09 16:00:00,2024-07-09,16,1,7,0,1,4267
2024-07-09 17:00:00,2024-07-09,17,1,7,0,1,4648
2024-07-09 18:00:00,2024-07-09,18,1,7,0,1,3677
2024-07-09 19:00:00,2024-07-09,19,1,7,0,1,1976
2024-07-09 20:00:00,2024-07-09,20,1,7,0,1,4047
2024-07-09 21:00:00,2024-07-09,21,1,7,0,1,3319
2024-07-09 22:00:00,2024-07-09,22,1,7,0,1,4137
2024-07-09 23:00:00,2024-07-09,23,1,7,0,1,953
2024-07-10 09:00:00,2024-07-10,9,2,7,0,1,1761
2024-07-10 10:00:00,2024-07-10,10,2,7,0,1,2166
2024-07-10 11:00:00,2024-07-10,11,2,7,0,1,2695
2024-07-10 12:00:00,2024-07-10,12,2,7,0,1,3823
2024-07-10 13:00:00,2024-07-10,13,2,7,0,1,4672
2024-07-10 14:00:00,2024-07-10,14,2,7,0,1,4053
2024-07-10 15:00:00,2024-07-10,15,2,7,0,1,4747
2024-07-10 16:00:00,2024-07-10,16,2,7,0,1,3289
2024-07-10 17:00:00,2024-07-10,17,2,7,0,1,3786
2024-07-10 18:00:00,2024-07-10,18,2,7,0,1,3579
2024-07-10 19:00:00,2024-07-10,19,2,7,0,1,2687
2024-07-10 20:00:00,2024-07-10,20,2,7,0,1,3395
2024-07-10 21:00:00,2024-07-10,21,2,7,0,1,3518
2024-07-10 22:00:00,2024-07-10,22,2,7,0,1,3959
2024-07-10 23:00:00,2024-07-10,23,2,7,0,1,888
2024-07-11 09:00:00,2024-07-11,9,3,7,0,1,1338
2024-07-11 10:00:00,2024-07-11,10,3,7,0,1,1795
2024-07-11 11:00:00,2024-07-11,11,3,7,0,1,2796
2024-07-11 12:00:00,2024-07-11,12,3,7,0,1,3790
2024-07-11 13:00:00,2024-07-11,13,3,7,0,1,1910
2024-07-11 14:00:00,2024-07-11,14,3,7,0,1,4125
2024-07-11 15:00:00,2024-07-11,15,3,7,0,1,4215
2024-07-11 16:00:00,2024-07-11,16,3,7,0,1,5120
2024-07-11 17:00:00,2024-07-11,17,3,7,0,1,3883
2024-07-11 18:00:00,2024-07-11,18,3,7,0,1,3758
2024-07-11 19:00:00,2024-07-11,19,3,7,0,1,3067
2024-07-11 20:00:00,2024-07-11,20,3,7,0,1,2847
2024-07-11 21:00:00,2024-07-11,21,3,7,0,1,4177
2024-07-11 22:00:00,2024-07-11,22,3,7,0,1,3923
2024-07-11 23:00:00,2024-07-11,23,3,7,0,1,963
2024-07-12 09:00:00,2024-07-12,9,4,7,0,1,2691
2024-07-12 10:00:00,2024-07-12,10,4,7,0,1,1806
2024-07-12 11:00:00,2024-07-12,11,4,7,0,1,3640
2024-07-12 12:00:00,2024-07-12,12,4,7,0,1,3469
2024-07-12 13:00:00,2024-07-12,13,4,7,0,1,4212
2024-07-12 14:00:00,2024-07-12,14,4,7,0,1,4364
2024-07-12 15:00:00,2024-07-12,15,4,7,0,1,4270
2024-07-12 16:00:00,2024-07-12,16,4,7,0,1,4088
2024-07-12 17:00:00,2024-07-12,17,4,7,0,1,4232
2024-07-12 18:00:00,2024-07-12,18,4,7,0,1,2939
2024-07-12 19:00:00,2024-07-12,19,4,7,0,1,3288
2024-07-12 20:00:00,2024-07-12,20,4,7,0,1,3633
2024-07-12 21:00:00,2024-07-12,21,4,7,0,1,3306
2024-07-12 22:00:00,2024-07-12,22,4,7,0,1,3618
2024-07-12 23:00:00,2024-07-12,23,4,7,0,1,731
2024-07-13 09:00:00,2024-07-13,9,5,7,1,1,1617
2024-07-13 10:00:00,2024-07-13,10,5,7,1,1,3391
2024-07-13 11:00:00,2024-07-13,11,5,7,1,1,3715
2024-07-13 12:00:00,2024-07-13,12,5,7,1,1,5292
2024-07-13 13:00:00,2024-07-13,13,5,7,1,1,5949
2024-07-13 14:00:00,2024-07-13,14,5,7,1,1,7239
2024-07-13 15:00:00,2024-07-13,15,5,7,1,1,5947
2024-07-13 16:00:00,2024-07-13,16,5,7,1,1,6400
2024-07-13 17:00:00,2024-07-13,17,5,7,1,1,5561
2024-07-13 18:00:00,2024-07-13,18,5,7,1,1,5605
2024-07-13 19:00:00,2024-07-13,19,5,7,1,1,3720
2024-07-13 20:00:00,2024-07-13,20,5,7,1,1,5625
2024-07-13 21:00:00,2024-07-13,21,5,7,1,1,5043
2024-07-13 22:00:00,2024-07-13,22,5,7,1,1,3586
2024-07-13 23:00:00,2024-07-13,23,5,7,1,1,1240
2024-07-14 09:00:00,2024-07-14,9,6,7,1,1,2544
2024-07-14 10:00:00,2024-07-14,10,6,7,1,1,3206
2024-07-14 11:00:00,2024-07-14,11,6,7,1,1,4177
2024-07-14 12:00:00,2024-07-14,12,6,7,1,1,5769
2024-07-14 13:00:00,2024-07-14,13,6,7,1,1,6146
2024-07-14 14:00:00,2024-07-14,14,6,7,1,1,6542
2024-07-14 15:00:00,2024-07-14,15,6,7,1,1,5742
2024-07-14 16:00:00,2024-07-14,16,6,7,1,1,5292
2024-07-14 17:00:00,2024-07-14,17,6,7,1,1,6127
2024-07-14 18:00:00,2024-07-14,18,6,7,1,1,5360
2024-07-14 19:00:00,2024-07-14,19,6,7,1,1,3354
2024-07-14 20:00:00,2024-07-14,20,6,7,1,1,3352
2024-07-14 21:00:00,2024-07-14,21,6,7,1,1,5021
2024-07-14 22:00:00,2024-07-14,22,6,7,1,1,2903
2024-07-14 23:00:00,2024-07-14,23,6,7,1,1,1168
2024-07-15 09:00:00,2024-07-15,9,0,7,0,1,2048
2024-07-15 10:00:00,2024-07-15,10,0,7,0,1,2273
2024-07-15 11:00:00,2024-07-15,11,0,7,0,1,2273
2024-07-15 12:00:00,2024-07-15,12,0,7,0,1,3511
2024-07-15 13:00:00,2024-07-15,13,0,7,0,1,4230
2024-07-15 14:00:00,2024-07-15,14,0,7,0,1,3784
2024-07-15 15:00:00,2024-07-15,15,0,7,0,1,4546
2024-07-15 16:00:00,2024-07-15,16,0,7,0,1,2813
2024-07-15 17:00:00,2024-07-15,17,0,7,0,1,3980
2024-07-15 18:00:00,2024-07-15,18,0,7,0,1,2890
2024-07-15 19:00:00,2024-07-15,19,0,7,0,1,3452
2024-07-15 20:00:00,2024-07-15,20,0,7,0,1,4181
2024-07-15 21:00:00,2024-07-15,21,0,7,0,1,4039
2024-07-15 22:00:00,2024-07-15,22,0,7,0,1,4523
2024-07-15 23:00:00,2024-07-15,23,0,7,0,1,805
2024-07-16 09:00:00,2024-07-16,9,1,7,0,1,2213
2024-07-16 10:00:00,2024-07-16,10,1,7,0,1,2678
2024-07-16 11:00:00,2024-07-16,11,1,7,0,1,2930
2024-07-16 12:00:00,2024-07-16,12,1,7,0,1,4083
2024-07-16 13:00:00,2024-07-16,13,1,7,0,1,3531
2024-07-16 14:00:00,2024-07-16,14,1,7,0,1,3954
2024-07-16 15:00:00,2024-07-16,15,1,7,0,1,2919
2024-07-16 16:00:00,2024-07-16,16,1,7,0,1,4110
2024-07-16 17:00:00,2024-07-16,17,1,7,0,1,3555
2024-07-16 18:00:00,2024-07-16,18,1,7,0,1,4120
2024-07-16 19:00:00,2024-07-16,19,1,7,0,1,2922
2024-07-16 20:00:00,2024-07-16,20,1,7,0,1,2790
2024-07-16 21:00:00,2024-07-16,21,1,7,0,1,3563
2024-07-16 22:00:00,2024-07-16,22,1,7,0,1,2989
2024-07-16 23:00:00,2024-07-16,23,1,7,0,1,937
2024-07-17 09:00:00,2024-07-17,9,2,7,0,1,1409
2024-07-17 10:00:00,2024-07-17,10,2,7,0,1,2388
2024-07-17 11:00:00,2024-07-17,11,2,7,0,1,2521
2024-07-17 12:00:00,2024-07-17,12,2,7,0,1,4450
2024-07-17 13:00:00,2024-07-17,13,2,7,0,1,3161
2024-07-17 14:00:00,2024-07-17,14,2,7,0,1,4444
2024-07-17 15:00:00,2024-07-17,15,2,7,0,1,3627
2024-07-17 16:00:00,2024-07-17,16,2,7,0,1,3943
2024-07-17 17:00:00,2024-07-17,17,2,7,0,1,4337
2024-07-17 18:00:00,2024-07-17,18,2,7,0,1,3679
2024-07-17 19:00:00,2024-07-17,19,2,7,0,1,3112
2024-07-17 20:00:00,2024-07-17,20,2,7,0,1,4409
2024-07-17 21:00:00,2024-07-17,21,2,7,0,1,4161
2024-07-17 22:00:00,2024-07-17,22,2,7,0,1,3957
2024-07-17 23:00:00,2024-07-17,23,2,7,0,1,509
2024-07-18 09:00:00,2024-07-18,9,3,7,0,1,1618
2024-07-18 10:00:00,2024-07-18,10,3,7,0,1,2373
2024-07-18 11:00:00,2024-07-18,11,3,7,0,1,3050
2024-07-18 12:00:00,2024-07-18,12,3,7,0,1,3105
2024-07-18 13:00:00,2024-07-18,13,3,7,0,1,5250
2024-07-18 14:00:00,2024-07-18,14,3,7,0,1,5187
2024-07-18 15:00:00,2024-07-18,15,3,7,0,1,4825
2024-07-18 16:00:00,2024-07-18,16,3,7,0,1,4426
2024-07-18 17:00:00,2024-07-18,17,3,7,0,1,3968
2024-07-18 18:00:00,2024-07-18,18,3,7,0,1,3182
2024-07-18 19:00:00,2024-07-18,19,3,7,0,1,3044
2024-07-18 20:00:00,2024-07-18,20,3,7,0,1,3943
2024-07-18 21:00:00,2024-07-18,21,3,7,0,1,3255
2024-07-18 22:00:00,2024-07-18,22,3,7,0,1,3978
2024-07-18 23:00:00,2024-07-18,23,3,7,0,1,891
2024-07-19 09:00:00,2024-07-19,9,4,7,0,1,1410
2024-07-19 10:00:00,2024-07-19,10,4,7,0,1,2159
2024-07-19 11:00:00,2024-07-19,11,4,7,0,1,2866
2024-07-19 12:00:00,2024-07-19,12,4,7,0,1,4407
2024-07-19 13:00:00,2024-07-19,13,4,7,0,1,4343
2024-07-19 14:00:00,2024-07-19,14,4,7,0,1,3685
2024-07-19 15:00:00,2024-07-19,15,4,7,0,1,4762
2024-07-19 16:00:00,2024-07-19,16,4,7,0,1,3573
2024-07-19 17:00:00,2024-07-19,17,4,7,0,1,4600
2024-07-19 18:00:00,2024-07-19,18,4,7,0,1,3390
2024-07-19 19:00:00,2024-07-19,19,4,7,0,1,2982
2024-07-19 20:00:00,2024-07-19,20,4,7,0,1,3103
2024-07-19 21:00:00,2024-07-19,21,4,7,0,1,3234
2024-07-19 22:00:00,2024-07-19,22,4,7,0,1,3183
2024-07-19 23:00:00,2024-07-19,23,4,7,0,1,844
2024-07-20 09:00:00,2024-07-20,9,5,7,1,1,2777
2024-07-20 10:00:00,2024-07-20,10,5,7,1,1,2658
2024-07-20 11:00:00,2024-07-20,11,5,7,1,1,2688
2024-07-20 12:00:00,2024-07-20,12,5,7,1,1,4588
2024-07-20 13:00:00,2024-07-20,13,5,7,1,1,5860
2024-07-20 14:00:00,2024-07-20,14,5,7,1,1,6778
2024-07-20 15:00:00,2024-07-20,15,5,7,1,1,5737
2024-07-20 16:00:00,2024-07-20,16,5,7,1,1,5632
2024-07-20 17:00:00,2024-07-20,17,5,7,1,1,6258
2024-07-20 18:00:00,2024-07-20,18,5,7,1,1,3762
2024-07-20 19:00:00,2024-07-20,19,5,7,1,1,3882
2024-07-20 20:00:00,2024-07-20,20,5,7,1,1,3697
2024-07-20 21:00:00,2024-07-20,21,5,7,1,1,5442
2024-07-20 22:00:00,2024-07-20,22,5,7,1,1,4847
2024-07-20 23:00:00,2024-07-20,23,5,7,1,1,1231
2024-07-21 09:00:00,2024-07-21,9,6,7,1,1,1732
2024-07-21 10:00:00,2024-07-21,10,6,7,1,1,2994
2024-07-21 11:00:00,2024-07-21,11,6,7,1,1,4293
2024-07-21 12:00:00,2024-07-21,12,6,7,1,1,4279
2024-07-21 13:00:00,2024-07-21,13,6,7,1,1,5535
2024-07-21 14:00:00,2024-07-21,14,6,7,1,1,6242
2024-07-21 15:00:00,2024-07-21,15,6,7,1,1,5825
2024-07-21 16:00:00,2024-07-21,16,6,7,1,1,6046
2024-07-21 17:00:00,2024-07-21,17,6,7,1,1,4861
2024-07-21 18:00:00,2024-07-21,18,6,7,1,1,4730
2024-07-21 19:00:00,2024-07-21,19,6,7,1,1,4370
2024-07-21 20:00:00,2024-07-21,20,6,7,1,1,5261
2024-07-21 21:00:00,2024-07-21,21,6,7,1,1,4800
2024-07-21 22:00:00,2024-07-21,22,6,7,1,1,5302
2024-07-21 23:00:00,2024-07-21,23,6,7,1,1,1331
2024-07-22 09:00:00,2024-07-22,9,0,7,0,1,1379
2024-07-22 10:00:00,2024-07-22,10,0,7,0,1,2743
2024-07-22 11:00:00,2024-07-22,11,0,7,0,1,2894
2024-07-22 12:00:00,2024-07-22,12,0,7,0,1,3776
2024-07-22 13:00:00,2024-07-22,13,0,7,0,1,4656
2024-07-22 14:00:00,2024-07-22,14,0,7,0,1,3666
2024-07-22 15:00:00,2024-07-22,15,0,7,0,1,4116
2024-07-22 16:00:00,2024-07-22,16,0,7,0,1,4236
2024-07-22 17:00:00,2024-07-22,17,0,7,0,1,3688
2024-07-22 18:00:00,2024-07-22,18,0,7,0,1,4341
2024-07-22 19:00:00,2024-07-22,19,0,7,0,1,2706
2024-07-22 20:00:00,2024-07-22,20,0,7,0,1,3570
2024-07-22 21:00:00,2024-07-22,21,0,7,0,1,3918
2024-07-22 22:00:00,2024-07-22,22,0,7,0,1,2291
2024-07-22 23:00:00,2024-07-22,23,0,7,0,1,865
2024-07-23 09:00:00,2024-07-23,9,1,7,0,1,1329
2024-07-23 10:00:00,2024-07-23,10,1,7,0,1,2312
2024-07-23 11:00:00,2024-07-23,11,1,7,0,1,2982
2024-07-23 12:00:00,2024-07-23,12,1,7,0,1,3365
2024-07-23 13:00:00,2024-07-23,13,1,7,0,1,3331
2024-07-23 14:00:00,2024-07-23,14,1,7,0,1,4558
2024-07-23 15:00:00,2024-07-23,15,1,7,0,1,5447
2024-07-23 16:00:00,2024-07-23,16,1,7,0,1,4398
2024-07-23 17:00:00,2024-07-23,17,1,7,0,1,4181
2024-07-23 18:00:00,2024-07-23,18,1,7,0,1,3892
2024-07-23 19:00:00,2024-07-23,19,1,7,0,1,2556
2024-07-23 20:00:00,2024-07-23,20,1,7,0,1,4606
2024-07-23 21:00:00,2024-07-23,21,1,7,0,1,3917
2024-07-23 22:00:00,2024-07-23,22,1,7,0,1,4574
2024-07-23 23:00:00,2024-07-23,23,1,7,0,1,828
2024-07-24 09:00:00,2024-07-24,9,2,7,0,1,2228
2024-07-24 10:00:00,2024-07-24,10,2,7,0,1,2632
2024-07-24 11:00:00,2024-07-24,11,2,7,0,1,3216
2024-07-24 12:00:00,2024-07-24,12,2,7,0,1,3694
2024-07-24 13:00:00,2024-07-24,13,2,7,0,1,3950
2024-07-24 14:00:00,2024-07-24,14,2,7,0,1,5021
2024-07-24 15:00:00,2024-07-24,15,2,7,0,1,4575
2024-07-24 16:00:00,2024-07-24,16,2,7,0,1,3352
2024-07-24 17:00:00,2024-07-24,17,2,7,0,1,3525
2024-07-24 18:00:00,2024-07-24,18,2,7,0,1,3513
2024-07-24 19:00:00,2024-07-24,19,2,7,0,1,3128
2024-07-24 20:00:00,2024-07-24,20,2,7,0,1,3799
2024-07-24 21:00:00,2024-07-24,21,2,7,0,1,4384
2024-07-24 22:00:00,2024-07-24,22,2,7,0,1,2929
2024-07-24 23:00:00,2024-07-24,23,2,7,0,1,924
2024-07-25 09:00:00,2024-07-25,9,3,7,0,1,1430
2024-07-25 10:00:00,2024-07-25,10,3,7,0,1,2628
2024-07-25 11:00:00,2024-07-25,11,3,7,0,1,2982
2024-07-25 12:00:00,2024-07-25,12,3,7,0,1,3774
2024-07-25 13:00:00,2024-07-25,13,3,7,0,1,3649
2024-07-25 14:00:00,2024-07-25,14,3,7,0,1,5062
2024-07-25 15:00:00,2024-07-25,15,3,7,0,1,5062
2024-07-25 16:00:00,2024-07-25,16,3,7,0,1,4696
2024-07-25 17:00:00,2024-07-25,17,3,7,0,1,4008
2024-07-25 18:00:00,2024-07-25,18,3,7,0,1,3843
2024-07-25 19:00:00,2024-07-25,19,3,7,0,1,2760
2024-07-25 20:00:00,2024-07-25,20,3,7,0,1,2952
2024-07-25 21:00:00,2024-07-25,21,3,7,0,1,4582
2024-07-25 22:00:00,2024-07-25,22,3,7,0,1,4316
2024-07-25 23:00:00,2024-07-25,23,3,7,0,1,828
2024-07-26 09:00:00,2024-07-26,9,4,7,0,1,1908
2024-07-26 10:00:00,2024-07-26,10,4,7,0,1,2034
2024-07-26 11:00:00,2024-07-26,11,4,7,0,1,3223
2024-07-26 12:00:00,2024-07-26,12,4,7,0,1,3787
2024-07-26 13:00:00,2024-07-26,13,4,7,0,1,3158
2024-07-26 14:00:00,2024-07-26,14,4,7,0,1,3777
2024-07-26 15:00:00,2024-07-26,15,4,7,0,1,4347
2024-07-26 16:00:00,2024-07-26,16,4,7,0,1,4230
2024-07-26 17:00:00,2024-07-26,17,4,7,0,1,2436
2024-07-26 18:00:00,2024-07-26,18,4,7,0,1,2632
2024-07-26 19:00:00,2024-07-26,19,4,7,0,1,3107
2024-07-26 20:00:00,2024-07-26,20,4,7,0,1,3735
2024-07-26 21:00:00,2024-07-26,21,4,7,0,1,3478
2024-07-26 22:00:00,2024-07-26,22,4,7,0,1,4306
2024-07-26 23:00:00,2024-07-26,23,4,7,0,1,762
2024-07-27 09:00:00,2024-07-27,9,5,7,1,1,2326
2024-07-27 10:00:00,2024-07-27,10,5,7,1,1,3012
2024-07-27 11:00:00,2024-07-27,11,5,7,1,1,4312
2024-07-27 12:00:00,2024-07-27,12,5,7,1,1,3249
2024-07-27 13:00:00,2024-07-27,13,5,7,1,1,5404
2024-07-27 14:00:00,2024-07-27,14,5,7,1,1,6450
2024-07-27 15:00:00,2024-07-27,15,5,7,1,1,4683
2024-07-27 16:00:00,2024-07-27,16,5,7,1,1,6862
2024-07-27 17:00:00,2024-07-27,17,5,7,1,1,5544
2024-07-27 18:00:00,2024-07-27,18,5,7,1,1,4611
2024-07-27 19:00:00,2024-07-27,19,5,7,1,1,4028
2024-07-27 20:00:00,2024-07-27,20,5,7,1,1,5140
2024-07-27 21:00:00,2024-07-27,21,5,7,1,1,4091
2024-07-27 22:00:00,2024-07-27,22,5,7,1,1,6090
2024-07-27 23:00:00,2024-07-27,23,5,7,1,1,862
2024-07-28 09:00:00,2024-07-28,9,6,7,1,1,2601
2024-07-28 10:00:00,2024-07-28,10,6,7,1,1,3623
2024-07-28 11:00:00,2024-07-28,11,6,7,1,1,3573
2024-07-28 12:00:00,2024-07-28,12,6,7,1,1,5126
2024-07-28 13:00:00,2024-07-28,13,6,7,1,1,3724
2024-07-28 14:00:00,2024-07-28,14,6,7,1,1,6527
2024-07-28 15:00:00,2024-07-28,15,6,7,1,1,4524
2024-07-28 16:00:00,2024-07-28,16,6,7,1,1,5854
2024-07-28 17:00:00,2024-07-28,17,6,7,1,1,5099
2024-07-28 18:00:00,2024-07-28,18,6,7,1,1,5102
2024-07-28 19:00:00,2024-07-28,19,6,7,1,1,4301
2024-07-28 20:00:00,2024-07-28,20,6,7,1,1,4725
2024-07-28 21:00:00,2024-07-28,21,6,7,1,1,4722
2024-07-28 22:00:00,2024-07-28,22,6,7,1,1,3566
2024-07-28 23:00:00,2024-07-28,23,6,7,1,1,1094
2024-07-29 09:00:00,2024-07-29,9,0,7,0,1,2014
2024-07-29 10:00:00,2024-07-29,10,0,7,0,1,2301
2024-07-29 11:00:00,2024-07-29,11,0,7,0,1,1964
2024-07-29 12:00:00,2024-07-29,12,0,7,0,1,3431
2024-07-29 13:00:00,2024-07-29,13,0,7,0,1,3564
2024-07-29 14:00:00,2024-07-29,14,0,7,0,1,3529
2024-07-29 15:00:00,2024-07-29,15,0,7,0,1,3831
2024-07-29 16:00:00,2024-07-29,16,0,7,0,1,4446
2024-07-29 17:00:00,2024-07-29,17,0,7,0,1,4720
2024-07-29 18:00:00,2024-07-29,18,0,7,0,1,3728
2024-07-29 19:00:00,2024-07-29,19,0,7,0,1,2796
2024-07-29 20:00:00,2024-07-29,20,0,7,0,1,4034
2024-07-29 21:00:00,2024-07-29,21,0,7,0,1,3614
2024-07-29 22:00:00,2024-07-29,22,0,7,0,1,3506
2024-07-29 23:00:00,2024-07-29,23,0,7,0,1,782
2024-07-30 09:00:00,2024-07-30,9,1,7,0,1,1444
2024-07-30 10:00:00,2024-07-30,10,1,7,0,1,2295
2024-07-30 11:00:00,2024-07-30,11,1,7,0,1,3073
2024-07-30 12:00:00,2024-07-30,12,1,7,0,1,3551
2024-07-30 13:00:00,2024-07-30,13,1,7,0,1,3868
2024-07-30 14:00:00,2024-07-30,14,1,7,0,1,3890
2024-07-30 15:00:00,2024-07-30,15,1,7,0,1,3379
2024-07-30 16:00:00,2024-07-30,16,1,7,0,1,3695
2024-07-30 17:00:00,2024-07-30,17,1,7,0,1,4450
2024-07-30 18:00:00,2024-07-30,18,1,7,0,1,3161
2024-07-30 19:00:00,2024-07-30,19,1,7,0,1,1920
2024-07-30 20:00:00,2024-07-30,20,1,7,0,1,3151
2024-07-30 21:00:00,2024-07-30,21,1,7,0,1,3594
2024-07-30 22:00:00,2024-07-30,22,1,7,0,1,4272
2024-07-30 23:00:00,2024-07-30,23,1,7,0,1,964
2024-07-31 09:00:00,2024-07-31,9,2,7,0,1,2044
2024-07-31 10:00:00,2024-07-31,10,2,7,0,1,2559
2024-07-31 11:00:00,2024-07-31,11,2,7,0,1,2616
2024-07-31 12:00:00,2024-07-31,12,2,7,0,1,3450
2024-07-31 13:00:00,2024-07-31,13,2,7,0,1,3690
2024-07-31 14:00:00,2024-07-31,14,2,7,0,1,5089
2024-07-31 15:00:00,2024-07-31,15,2,7,0,1,3853
2024-07-31 16:00:00,2024-07-31,16,2,7,0,1,4859
2024-07-31 17:00:00,2024-07-31,17,2,7,0,1,4508
2024-07-31 18:00:00,2024-07-31,18,2,7,0,1,4382
2024-07-31 19:00:00,2024-07-31,19,2,7,0,1,2868
2024-07-31 20:00:00,2024-07-31,20,2,7,0,1,4151
2024-07-31 21:00:00,2024-07-31,21,2,7,0,1,3410
2024-07-31 22:00:00,2024-07-31,22,2,7,0,1,3541
2024-07-31 23:00:00,2024-07-31,23,2,7,0,1,741
2024-08-01 09:00:00,2024-08-01,9,3,8,0,1,1416
2024-08-01 10:00:00,2024-08-01,10,3,8,0,1,2614
2024-08-01 11:00:00,2024-08-01,11,3,8,0,1,2334
2024-08-01 12:00:00,2024-08-01,12,3,8,0,1,2402
2024-08-01 13:00:00,2024-08-01,13,3,8,0,1,4285
2024-08-01 14:00:00,2024-08-01,14,3,8,0,1,4486
2024-08-01 15:00:00,2024-08-01,15,3,8,0,1,4729
2024-08-01 16:00:00,2024-08-01,16,3,8,0,1,4505
2024-08-01 17:00:00,2024-08-01,17,3,8,0,1,4696
2024-08-01 18:00:00,2024-08-01,18,3,8,0,1,3182
2024-08-01 19:00:00,2024-08-01,19,3,8,0,1,1939
2024-08-01 20:00:00,2024-08-01,20,3,8,0,1,3470
2024-08-01 21:00:00,2024-08-01,21,3,8,0,1,4206
2024-08-01 22:00:00,2024-08-01,22,3,8,0,1,4238
2024-08-01 23:00:00,2024-08-01,23,3,8,0,1,957
2024-08-02 09:00:00,2024-08-02,9,4,8,0,1,2089
2024-08-02 10:00:00,2024-08-02,10,4,8,0,1,2068
2024-08-02 11:00:00,2024-08-02,11,4,8,0,1,3619
2024-08-02 12:00:00,2024-08-02,12,4,8,0,1,4250
2024-08-02 13:00:00,2024-08-02,13,4,8,0,1,4431
2024-08-02 14:00:00,2024-08-02,14,4,8,0,1,5327
2024-08-02 15:00:00,2024-08-02,15,4,8,0,1,3605
2024-08-02 16:00:00,2024-08-02,16,4,8,0,1,4112
2024-08-02 17:00:00,2024-08-02,17,4,8,0,1,3712
2024-08-02 18:00:00,2024-08-02,18,4,8,0,1,3904
2024-08-02 19:00:00,2024-08-02,19,4,8,0,1,2636
2024-08-02 20:00:00,2024-08-02,20,4,8,0,1,4172
2024-08-02 21:00:00,2024-08-02,21,4,8,0,1,4454
2024-08-02 22:00:00,2024-08-02,22,4,8,0,1,4144
2024-08-02 23:00:00,2024-08-02,23,4,8,0,1,939
2024-08-03 09:00:00,2024-08-03,9,5,8,1,1,2177
2024-08-03 10:00:00,2024-08-03,10,5,8,1,1,2921
2024-08-03 11:00:00,2024-08-03,11,5,8,1,1,4682
2024-08-03 12:00:00,2024-08-03,12,5,8,1,1,5304
2024-08-03 13:00:00,2024-08-03,13,5,8,1,1,5471
2024-08-03 14:00:00,2024-08-03,14,5,8,1,1,3939
2024-08-03 15:00:00,2024-08-03,15,5,8,1,1,4598
2024-08-03 16:00:00,2024-08-03,16,5,8,1,1,5163
2024-08-03 17:00:00,2024-08-03,17,5,8,1,1,6757
2024-08-03 18:00:00,2024-08-03,18,5,8,1,1,4105
2024-08-03 19:00:00,2024-08-03,19,5,8,1,1,4164
2024-08-03 20:00:00,2024-08-03,20,5,8,1,1,5788
2024-08-03 21:00:00,2024-08-03,21,5,8,1,1,4386
2024-08-03 22:00:00,2024-08-03,22,5,8,1,1,5278
2024-08-03 23:00:00,2024-08-03,23,5,8,1,1,1364
2024-08-04 09:00:00,2024-08-04,9,6,8,1,1,2473
2024-08-04 10:00:00,2024-08-04,10,6,8,1,1,4370
2024-08-04 11:00:00,2024-08-04,11,6,8,1,1,3256
2024-08-04 12:00:00,2024-08-04,12,6,8,1,1,3827
2024-08-04 13:00:00,2024-08-04,13,6,8,1,1,5382
2024-08-04 14:00:00,2024-08-04,14,6,8,1,1,6473
2024-08-04 15:00:00,2024-08-04,15,6,8,1,1,6396
2024-08-04 16:00:00,2024-08-04,16,6,8,1,1,5403
2024-08-04 17:00:00,2024-08-04,17,6,8,1,1,5647
2024-08-04 18:00:00,2024-08-04,18,6,8,1,1,3769
2024-08-04 19:00:00,2024-08-04,19,6,8,1,1,4366
2024-08-04 20:00:00,2024-08-04,20,6,8,1,1,5348
2024-08-04 21:00:00,2024-08-04,21,6,8,1,1,5559
2024-08-04 22:00:00,2024-08-04,22,6,8,1,1,5819
2024-08-04 23:00:00,2024-08-04,23,6,8,1,1,1280
2024-08-05 09:00:00,2024-08-05,9,0,8,0,1,1862
2024-08-05 10:00:00,2024-08-05,10,0,8,0,1,2154
2024-08-05 11:00:00,2024-08-05,11,0,8,0,1,2758
2024-08-05 12:00:00,2024-08-05,12,0,8,0,1,4105
2024-08-05 13:00:00,2024-08-05,13,0,8,0,1,4773
2024-08-05 14:00:00,2024-08-05,14,0,8,0,1,4263
2024-08-05 15:00:00,2024-08-05,15,0,8,0,1,4524
2024-08-05 16:00:00,2024-08-05,16,0,8,0,1,3912
2024-08-05 17:00:00,2024-08-05,17,0,8,0,1,3251
2024-08-05 18:00:00,2024-08-05,18,0,8,0,1,3880
2024-08-05 19:00:00,2024-08-05,19,0,8,0,1,3719
2024-08-05 20:00:00,2024-08-05,20,0,8,0,1,2395
2024-08-05 21:00:00,2024-08-05,21,0,8,0,1,3651
2024-08-05 22:00:00,2024-08-05,22,0,8,0,1,3931
2024-08-05 23:00:00,2024-08-05,23,0,8,0,1,979
2024-08-06 09:00:00,2024-08-06,9,1,8,0,1,1782
2024-08-06 10:00:00,2024-08-06,10,1,8,0,1,2156
2024-08-06 11:00:00,2024-08-06,11,1,8,0,1,3335
2024-08-06 12:00:00,2024-08-06,12,1,8,0,1,3904
2024-08-06 13:00:00,2024-08-06,13,1,8,0,1,3624
2024-08-06 14:00:00,2024-08-06,14,1,8,0,1,5102
2024-08-06 15:00:00,2024-08-06,15,1,8,0,1,5131
2024-08-06 16:00:00,2024-08-06,16,1,8,0,1,4459
2024-08-06 17:00:00,2024-08-06,17,1,8,0,1,2877
2024-08-06 18:00:00,2024-08-06,18,1,8,0,1,3832
2024-08-06 19:00:00,2024-08-06,19,1,8,0,1,1893
2024-08-06 20:00:00,2024-08-06,20,1,8,0,1,3838
2024-08-06 21:00:00,2024-08-06,21,1,8,0,1,1985
2024-08-06 22:00:00,2024-08-06,22,1,8,0,1,4227
2024-08-06 23:00:00,2024-08-06,23,1,8,0,1,738
2024-08-07 09:00:00,2024-08-07,9,2,8,0,1,2159
2024-08-07 10:00:00,2024-08-07,10,2,8,0,1,2313
2024-08-07 11:00:00,2024-08-07,11,2,8,0,1,2939
2024-08-07 12:00:00,2024-08-07,12,2,8,0,1,3322
2024-08-07 13:00:00,2024-08-07,13,2,8,0,1,3931
2024-08-07 14:00:00,2024-08-07,14,2,8,0,1,5135
2024-08-07 15:00:00,2024-08-07,15,2,8,0,1,3156
2024-08-07 16:00:00,2024-08-07,16,2,8,0,1,5061
2024-08-07 17:00:00,2024-08-07,17,2,8,0,1,4236
2024-08-07 18:00:00,2024-08-07,18,2,8,0,1,3072
2024-08-07 19:00:00,2024-08-07,19,2,8,0,1,2627
2024-08-07 20:00:00,2024-08-07,20,2,8,0,1,4594
2024-08-07 21:00:00,2024-08-07,21,2,8,0,1,3391
2024-08-07 22:00:00,2024-08-07,22,2,8,0,1,3295
2024-08-07 23:00:00,2024-08-07,23,2,8,0,1,1032
2024-08-08 09:00:00,2024-08-08,9,3,8,0,1,1903
2024-08-08 10:00:00,2024-08-08,10,3,8,0,1,2137
2024-08-08 11:00:00,2024-08-08,11,3,8,0,1,3094
2024-08-08 12:00:00,2024-08-08,12,3,8,0,1,3151
2024-08-08 13:00:00,2024-08-08,13,3,8,0,1,4609
2024-08-08 14:00:00,2024-08-08,14,3,8,0,1,4947
2024-08-08 15:00:00,2024-08-08,15,3,8,0,1,4787
2024-08-08 16:00:00,2024-08-08,16,3,8,0,1,4579
2024-08-08 17:00:00,2024-08-08,17,3,8,0,1,4932
2024-08-08 18:00:00,2024-08-08,18,3,8,0,1,3593
2024-08-08 19:00:00,2024-08-08,19,3,8,0,1,2588
2024-08-08 20:00:00,2024-08-08,20,3,8,0,1,4031
2024-08-08 21:00:00,2024-08-08,21,3,8,0,1,4782
2024-08-08 22:00:00,2024-08-08,22,3,8,0,1,3359
2024-08-08 23:00:00,2024-08-08,23,3,8,0,1,869
2024-08-09 09:00:00,2024-08-09,9,4,8,0,1,1920
2024-08-09 10:00:00,2024-08-09,10,4,8,0,1,2393
2024-08-09 11:00:00,2024-08-09,11,4,8,0,1,2660
2024-08-09 12:00:00,2024-08-09,12,4,8,0,1,4077
2024-08-09 13:00:00,2024-08-09,13,4,8,0,1,3643
2024-08-09 14:00:00,2024-08-09,14,4,8,0,1,4492
2024-08-09 15:00:00,2024-08-09,15,4,8,0,1,4011
2024-08-09 16:00:00,2024-08-09,16,4,8,0,1,3573
2024-08-09 17:00:00,2024-08-09,17,4,8,0,1,4197
2024-08-09 18:00:00,2024-08-09,18,4,8,0,1,4069
2024-08-09 19:00:00,2024-08-09,19,4,8,0,1,3188
2024-08-09 20:00:00,2024-08-09,20,4,8,0,1,2676
2024-08-09 21:00:00,2024-08-09,21,4,8,0,1,3554
2024-08-09 22:00:00,2024-08-09,22,4,8,0,1,3323
2024-08-09 23:00:00,2024-08-09,23,4,8,0,1,999
2024-08-10 09:00:00,2024-08-10,9,5,8,1,1,2740
2024-08-10 10:00:00,2024-08-10,10,5,8,1,1,2648
2024-08-10 11:00:00,2024-08-10,11,5,8,1,1,4849
2024-08-10 12:00:00,2024-08-10,12,5,8,1,1,5185
2024-08-10 13:00:00,2024-08-10,13,5,8,1,1,6420
2024-08-10 14:00:00,2024-08-10,14,5,8,1,1,4970
2024-08-10 15:00:00,2024-08-10,15,5,8,1,1,5079
2024-08-10 16:00:00,2024-08-10,16,5,8,1,1,5819
2024-08-10 17:00:00,2024-08-10,17,5,8,1,1,5828
2024-08-10 18:00:00,2024-08-10,18,5,8,1,1,5896
2024-08-10 19:00:00,2024-08-10,19,5,8,1,1,4417
2024-08-10 20:00:00,2024-08-10,20,5,8,1,1,5013
2024-08-10 21:00:00,2024-08-10,21,5,8,1,1,4527
2024-08-10 22:00:00,2024-08-10,22,5,8,1,1,5925
2024-08-10 23:00:00,2024-08-10,23,5,8,1,1,1084
2024-08-11 09:00:00,2024-08-11,9,6,8,1,1,2066
2024-08-11 10:00:00,2024-08-11,10,6,8,1,1,3140
2024-08-11 11:00:00,2024-08-11,11,6,8,1,1,4849
2024-08-11 12:00:00,2024-08-11,12,6,8,1,1,5246
2024-08-11 13:00:00,2024-08-11,13,6,8,1,1,5406
2024-08-11 14:00:00,2024-08-11,14,6,8,1,1,5555
2024-08-11 15:00:00,2024-08-11,15,6,8,1,1,5826
2024-08-11 16:00:00,2024-08-11,16,6,8,1,1,6229
2024-08-11 17:00:00,2024-08-11,17,6,8,1,1,5547
2024-08-11 18:00:00,2024-08-11,18,6,8,1,1,4505
2024-08-11 19:00:00,2024-08-11,19,6,8,1,1,3991
2024-08-11 20:00:00,2024-08-11,20,6,8,1,1,5212
2024-08-11 21:00:00,2024-08-11,21,6,8,1,1,3844
2024-08-11 22:00:00,2024-08-11,22,6,8,1,1,5447
2024-08-11 23:00:00,2024-08-11,23,6,8,1,1,1082
2024-08-12 09:00:00,2024-08-12,9,0,8,0,1,1576
2024-08-12 10:00:00,2024-08-12,10,0,8,0,1,1920
2024-08-12 11:00:00,2024-08-12,11,0,8,0,1,2367
2024-08-12 12:00:00,2024-08-12,12,0,8,0,1,3008
2024-08-12 13:00:00,2024-08-12,13,0,8,0,1,3725
2024-08-12 14:00:00,2024-08-12,14,0,8,0,1,5417
2024-08-12 15:00:00,2024-08-12,15,0,8,0,1,4216
2024-08-12 16:00:00,2024-08-12,16,0,8,0,1,4482
2024-08-12 17:00:00,2024-08-12,17,0,8,0,1,4267
2024-08-12 18:00:00,2024-08-12,18,0,8,0,1,3649
2024-08-12 19:00:00,2024-08-12,19,0,8,0,1,2091
2024-08-12 20:00:00,2024-08-12,20,0,8,0,1,3276
2024-08-12 21:00:00,2024-08-12,21,0,8,0,1,4490
2024-08-12 22:00:00,2024-08-12,22,0,8,0,1,3258
2024-08-12 23:00:00,2024-08-12,23,0,8,0,1,725
2024-08-13 09:00:00,2024-08-13,9,1,8,0,1,1604
2024-08-13 10:00:00,2024-08-13,10,1,8,0,1,2327
2024-08-13 11:00:00,2024-08-13,11,1,8,0,1,2667
2024-08-13 12:00:00,2024-08-13,12,1,8,0,1,3811
2024-08-13 13:00:00,2024-08-13,13,1,8,0,1,3715
2024-08-13 14:00:00,2024-08-13,14,1,8,0,1,5529
2024-08-13 15:00:00,2024-08-13,15,1,8,0,1,5142
2024-08-13 16:00:00,2024-08-13,16,1,8,0,1,4500
2024-08-13 17:00:00,2024-08-13,17,1,8,0,1,4573
2024-08-13 18:00:00,2024-08-13,18,1,8,0,1,4070
2024-08-13 19:00:00,2024-08-13,19,1,8,0,1,2812
2024-08-13 20:00:00,2024-08-13,20,1,8,0,1,3450
2024-08-13 21:00:00,2024-08-13,21,1,8,0,1,3860
2024-08-13 22:00:00,2024-08-13,22,1,8,0,1,4220
2024-08-13 23:00:00,2024-08-13,23,1,8,0,1,923
2024-08-14 09:00:00,2024-08-14,9,2,8,0,1,1038
2024-08-14 10:00:00,2024-08-14,10,2,8,0,1,2176
2024-08-14 11:00:00,2024-08-14,11,2,8,0,1,2989
2024-08-14 12:00:00,2024-08-14,12,2,8,0,1,3560
2024-08-14 13:00:00,2024-08-14,13,2,8,0,1,5035
2024-08-14 14:00:00,2024-08-14,14,2,8,0,1,3658
2024-08-14 15:00:00,2024-08-14,15,2,8,0,1,4773
2024-08-14 16:00:00,2024-08-14,16,2,8,0,1,5173
2024-08-14 17:00:00,2024-08-14,17,2,8,0,1,5181
2024-08-14 18:00:00,2024-08-14,18,2,8,0,1,3418
2024-08-14 19:00:00,2024-08-14,19,2,8,0,1,3194
2024-08-14 20:00:00,2024-08-14,20,2,8,0,1,4086
2024-08-14 21:00:00,2024-08-14,21,2,8,0,1,3914
2024-08-14 22:00:00,2024-08-14,22,2,8,0,1,3779
2024-08-14 23:00:00,2024-08-14,23,2,8,0,1,956
2024-08-15 09:00:00,2024-08-15,9,3,8,0,1,1273
2024-08-15 10:00:00,2024-08-15,10,3,8,0,1,2605
2024-08-15 11:00:00,2024-08-15,11,3,8,0,1,3062
2024-08-15 12:00:00,2024-08-15,12,3,8,0,1,3497
2024-08-15 13:00:00,2024-08-15,13,3,8,0,1,5071
2024-08-15 14:00:00,2024-08-15,14,3,8,0,1,4033
2024-08-15 15:00:00,2024-08-15,15,3,8,0,1,4282
2024-08-15 16:00:00,2024-08-15,16,3,8,0,1,5437
2024-08-15 17:00:00,2024-08-15,17,3,8,0,1,3665
2024-08-15 18:00:00,2024-08-15,18,3,8,0,1,3356
2024-08-15 19:00:00,2024-08-15,19,3,8,0,1,2074
2024-08-15 20:00:00,2024-08-15,20,3,8,0,1,4210
2024-08-15 21:00:00,2024-08-15,21,3,8,0,1,3920
2024-08-15 22:00:00,2024-08-15,22,3,8,0,1,3231
2024-08-15 23:00:00,2024-08-15,23,3,8,0,1,850
2024-08-16 09:00:00,2024-08-16,9,4,8,0,1,1696
2024-08-16 10:00:00,2024-08-16,10,4,8,0,1,2386
2024-08-16 11:00:00,2024-08-16,11,4,8,0,1,3170
2024-08-16 12:00:00,2024-08-16,12,4,8,0,1,3773
2024-08-16 13:00:00,2024-08-16,13,4,8,0,1,3203
2024-08-16 14:00:00,2024-08-16,14,4,8,0,1,4949
2024-08-16 15:00:00,2024-08-16,15,4,8,0,1,4636
2024-08-16 16:00:00,2024-08-16,16,4,8,0,1,5118
2024-08-16 17:00:00,2024-08-16,17,4,8,0,1,4288
2024-08-16 18:00:00,2024-08-16,18,4,8,0,1,4068
2024-08-16 19:00:00,2024-08-16,19,4,8,0,1,2229
2024-08-16 20:00:00,2024-08-16,20,4,8,0,1,4442
2024-08-16 21:00:00,2024-08-16,21,4,8,0,1,4064
2024-08-16 22:00:00,2024-08-16,22,4,8,0,1,3780
2024-08-16 23:00:00,2024-08-16,23,4,8,0,1,1156
2024-08-17 09:00:00,2024-08-17,9,5,8,1,1,2733
2024-08-17 10:00:00,2024-08-17,10,5,8,1,1,2432
2024-08-17 11:00:00,2024-08-17,11,5,8,1,1,3448
2024-08-17 12:00:00,2024-08-17,12,5,8,1,1,4101
2024-08-17 13:00:00,2024-08-17,13,5,8,1,1,3982
2024-08-17 14:00:00,2024-08-17,14,5,8,1,1,6028
2024-08-17 15:00:00,2024-08-17,15,5,8,1,1,5627
2024-08-17 16:00:00,2024-08-17,16,5,8,1,1,6025
2024-08-17 17:00:00,2024-08-17,17,5,8,1,1,6544
2024-08-17 18:00:00,2024-08-17,18,5,8,1,1,5255
2024-08-17 19:00:00,2024-08-17,19,5,8,1,1,3514
2024-08-17 20:00:00,2024-08-17,20,5,8,1,1,5094
2024-08-17 21:00:00,2024-08-17,21,5,8,1,1,4664
2024-08-17 22:00:00,2024-08-17,22,5,8,1,1,4923
2024-08-17 23:00:00,2024-08-17,23,5,8,1,1,1165
2024-08-18 09:00:00,2024-08-18,9,6,8,1,1,2328
2024-08-18 10:00:00,2024-08-18,10,6,8,1,1,2761
2024-08-18 11:00:00,2024-08-18,11,6,8,1,1,4009
2024-08-18 12:00:00,2024-08-18,12,6,8,1,1,4524
2024-08-18 13:00:00,2024-08-18,13,6,8,1,1,3564
2024-08-18 14:00:00,2024-08-18,14,6,8,1,1,7384
2024-08-18 15:00:00,2024-08-18,15,6,8,1,1,6868
2024-08-18 16:00:00,2024-08-18,16,6,8,1,1,5657
2024-08-18 17:00:00,2024-08-18,17,6,8,1,1,5509
2024-08-18 18:00:00,2024-08-18,18,6,8,1,1,4168
2024-08-18 19:00:00,2024-08-18,19,6,8,1,1,4900
2024-08-18 20:00:00,2024-08-18,20,6,8,1,1,6339
2024-08-18 21:00:00,2024-08-18,21,6,8,1,1,5260
2024-08-18 22:00:00,2024-08-18,22,6,8,1,1,5797
2024-08-18 23:00:00,2024-08-18,23,6,8,1,1,1252
2024-08-19 09:00:00,2024-08-19,9,0,8,0,1,1536
2024-08-19 10:00:00,2024-08-19,10,0,8,0,1,2289
2024-08-19 11:00:00,2024-08-19,11,0,8,0,1,3064
2024-08-19 12:00:00,2024-08-19,12,0,8,0,1,3397
2024-08-19 13:00:00,2024-08-19,13,0,8,0,1,2775
2024-08-19 14:00:00,2024-08-19,14,0,8,0,1,4340
2024-08-19 15:00:00,2024-08-19,15,0,8,0,1,4456
2024-08-19 16:00:00,2024-08-19,16,0,8,0,1,4416
2024-08-19 17:00:00,2024-08-19,17,0,8,0,1,2487
2024-08-19 18:00:00,2024-08-19,18,0,8,0,1,3284
2024-08-19 19:00:00,2024-08-19,19,0,8,0,1,2551
2024-08-19 20:00:00,2024-08-19,20,0,8,0,1,4273
2024-08-19 21:00:00,2024-08-19,21,0,8,0,1,2858
2024-08-19 22:00:00,2024-08-19,22,0,8,0,1,4354
2024-08-19 23:00:00,2024-08-19,23,0,8,0,1,1059
2024-08-20 09:00:00,2024-08-20,9,1,8,0,1,1234
2024-08-20 10:00:00,2024-08-20,10,1,8,0,1,1159
2024-08-20 11:00:00,2024-08-20,11,1,8,0,1,2885
2024-08-20 12:00:00,2024-08-20,12,1,8,0,1,3565
2024-08-20 13:00:00,2024-08-20,13,1,8,0,1,3577
2024-08-20 14:00:00,2024-08-20,14,1,8,0,1,4117
2024-08-20 15:00:00,2024-08-20,15,1,8,0,1,5326
2024-08-20 16:00:00,2024-08-20,16,1,8,0,1,4739
2024-08-20 17:00:00,2024-08-20,17,1,8,0,1,3620
2024-08-20 18:00:00,2024-08-20,18,1,8,0,1,2904
2024-08-20 19:00:00,2024-08-20,19,1,8,0,1,2898
2024-08-20 20:00:00,2024-08-20,20,1,8,0,1,3727
2024-08-20 21:00:00,2024-08-20,21,1,8,0,1,4052
2024-08-20 22:00:00,2024-08-20,22,1,8,0,1,3579
2024-08-20 23:00:00,2024-08-20,23,1,8,0,1,964
2024-08-21 09:00:00,2024-08-21,9,2,8,0,1,2254
2024-08-21 10:00:00,2024-08-21,10,2,8,0,1,2644
2024-08-21 11:00:00,2024-08-21,11,2,8,0,1,2999
2024-08-21 12:00:00,2024-08-21,12,2,8,0,1,3514
2024-08-21 13:00:00,2024-08-21,13,2,8,0,1,3897
2024-08-21 14:00:00,2024-08-21,14,2,8,0,1,3507
2024-08-21 15:00:00,2024-08-21,15,2,8,0,1,4161
2024-08-21 16:00:00,2024-08-21,16,2,8,0,1,4412
2024-08-21 17:00:00,2024-08-21,17,2,8,0,1,4096
2024-08-21 18:00:00,2024-08-21,18,2,8,0,1,3376
2024-08-21 19:00:00,2024-08-21,19,2,8,0,1,2519
2024-08-21 20:00:00,2024-08-21,20,2,8,0,1,3973
2024-08-21 21:00:00,2024-08-21,21,2,8,0,1,3796
2024-08-21 22:00:00,2024-08-21,22,2,8,0,1,4054
2024-08-21 23:00:00,2024-08-21,23,2,8,0,1,850
2024-08-22 09:00:00,2024-08-22,9,3,8,0,1,2097
2024-08-22 10:00:00,2024-08-22,10,3,8,0,1,2155
2024-08-22 11:00:00,2024-08-22,11,3,8,0,1,3636
2024-08-22 12:00:00,2024-08-22,12,3,8,0,1,1987
2024-08-22 13:00:00,2024-08-22,13,3,8,0,1,4284
2024-08-22 14:00:00,2024-08-22,14,3,8,0,1,4639
2024-08-22 15:00:00,2024-08-22,15,3,8,0,1,4070
2024-08-22 16:00:00,2024-08-22,16,3,8,0,1,4612
2024-08-22 17:00:00,2024-08-22,17,3,8,0,1,4696
2024-08-22 18:00:00,2024-08-22,18,3,8,0,1,2637
2024-08-22 19:00:00,2024-08-22,19,3,8,0,1,3198
2024-08-22 20:00:00,2024-08-22,20,3,8,0,1,2680
2024-08-22 21:00:00,2024-08-22,21,3,8,0,1,3381
2024-08-22 22:00:00,2024-08-22,22,3,8,0,1,4572
2024-08-22 23:00:00,2024-08-22,23,3,8,0,1,845
2024-08-23 09:00:00,2024-08-23,9,4,8,0,1,1100
2024-08-23 10:00:00,2024-08-23,10,4,8,0,1,2351
2024-08-23 11:00:00,2024-08-23,11,4,8,0,1,3764
2024-08-23 12:00:00,2024-08-23,12,4,8,0,1,2803
2024-08-23 13:00:00,2024-08-23,13,4,8,0,1,3558
2024-08-23 14:00:00,2024-08-23,14,4,8,0,1,5177
2024-08-23 15:00:00,2024-08-23,15,4,8,0,1,5503
2024-08-23 16:00:00,2024-08-23,16,4,8,0,1,4334
2024-08-23 17:00:00,2024-08-23,17,4,8,0,1,3466
2024-08-23 18:00:00,2024-08-23,18,4,8,0,1,4497
2024-08-23 19:00:00,2024-08-23,19,4,8,0,1,3593
2024-08-23 20:00:00,2024-08-23,20,4,8,0,1,4136
2024-08-23 21:00:00,2024-08-23,21,4,8,0,1,3452
2024-08-23 22:00:00,2024-08-23,22,4,8,0,1,3802
2024-08-23 23:00:00,2024-08-23,23,4,8,0,1,891
2024-08-24 09:00:00,2024-08-24,9,5,8,1,1,2567
2024-08-24 10:00:00,2024-08-24,10,5,8,1,1,3817
2024-08-24 11:00:00,2024-08-24,11,5,8,1,1,4501
2024-08-24 12:00:00,2024-08-24,12,5,8,1,1,4223
2024-08-24 13:00:00,2024-08-24,13,5,8,1,1,6404
2024-08-24 14:00:00,2024-08-24,14,5,8,1,1,6147
2024-08-24 15:00:00,2024-08-24,15,5,8,1,1,6575
2024-08-24 16:00:00,2024-08-24,16,5,8,1,1,6967
2024-08-24 17:00:00,2024-08-24,17,5,8,1,1,4763
2024-08-24 18:00:00,2024-08-24,18,5,8,1,1,4830
2024-08-24 19:00:00,2024-08-24,19,5,8,1,1,3812
2024-08-24 20:00:00,2024-08-24,20,5,8,1,1,4192
2024-08-24 21:00:00,2024-08-24,21,5,8,1,1,5378
2024-08-24 22:00:00,2024-08-24,22,5,8,1,1,4704
2024-08-24 23:00:00,2024-08-24,23,5,8,1,1,668
2024-08-25 09:00:00,2024-08-25,9,6,8,1,1,2460
2024-08-25 10:00:00,2024-08-25,10,6,8,1,1,2451
2024-08-25 11:00:00,2024-08-25,11,6,8,1,1,4132
2024-08-25 12:00:00,2024-08-25,12,6,8,1,1,3349
2024-08-25 13:00:00,2024-08-25,13,6,8,1,1,4639
2024-08-25 14:00:00,2024-08-25,14,6,8,1,1,6090
2024-08-25 15:00:00,2024-08-25,15,6,8,1,1,5523
2024-08-25 16:00:00,2024-08-25,16,6,8,1,1,4367
2024-08-25 17:00:00,2024-08-25,17,6,8,1,1,6284
2024-08-25 18:00:00,2024-08-25,18,6,8,1,1,5408
2024-08-25 19:00:00,2024-08-25,19,6,8,1,1,4097
2024-08-25 20:00:00,2024-08-25,20,6,8,1,1,5305
2024-08-25 21:00:00,2024-08-25,21,6,8,1,1,5829
2024-08-25 22:00:00,2024-08-25,22,6,8,1,1,5302
2024-08-25 23:00:00,2024-08-25,23,6,8,1,1,1359
2024-08-26 09:00:00,2024-08-26,9,0,8,0,1,1764
2024-08-26 10:00:00,2024-08-26,10,0,8,0,1,2787
2024-08-26 11:00:00,2024-08-26,11,0,8,0,1,3132
2024-08-26 12:00:00,2024-08-26,12,0,8,0,1,3676
2024-08-26 13:00:00,2024-08-26,13,0,8,0,1,3451
2024-08-26 14:00:00,2024-08-26,14,0,8,0,1,4540
2024-08-26 15:00:00,2024-08-26,15,0,8,0,1,4050
2024-08-26 16:00:00,2024-08-26,16,0,8,0,1,4052
2024-08-26 17:00:00,2024-08-26,17,0,8,0,1,3673
2024-08-26 18:00:00,2024-08-26,18,0,8,0,1,3133
2024-08-26 19:00:00,2024-08-26,19,0,8,0,1,3785
2024-08-26 20:00:00,2024-08-26,20,0,8,0,1,4436
2024-08-26 21:00:00,2024-08-26,21,0,8,0,1,4706
2024-08-26 22:00:00,2024-08-26,22,0,8,0,1,2284
2024-08-26 23:00:00,2024-08-26,23,0,8,0,1,916
2024-08-27 09:00:00,2024-08-27,9,1,8,0,1,1545
2024-08-27 10:00:00,2024-08-27,10,1,8,0,1,2207
2024-08-27 11:00:00,2024-08-27,11,1,8,0,1,2684
2024-08-27 12:00:00,2024-08-27,12,1,8,0,1,4127
2024-08-27 13:00:00,2024-08-27,13,1,8,0,1,3878
2024-08-27 14:00:00,2024-08-27,14,1,8,0,1,4951
2024-08-27 15:00:00,2024-08-27,15,1,8,0,1,4826
2024-08-27 16:00:00,2024-08-27,16,1,8,0,1,5602
2024-08-27 17:00:00,2024-08-27,17,1,8,0,1,3348
2024-08-27 18:00:00,2024-08-27,18,1,8,0,1,2895
2024-08-27 19:00:00,2024-08-27,19,1,8,0,1,3431
2024-08-27 20:00:00,2024-08-27,20,1,8,0,1,3378
2024-08-27 21:00:00,2024-08-27,21,1,8,0,1,4287
2024-08-27 22:00:00,2024-08-27,22,1,8,0,1,2785
2024-08-27 23:00:00,2024-08-27,23,1,8,0,1,883
2024-08-28 09:00:00,2024-08-28,9,2,8,0,1,1648
2024-08-28 10:00:00,2024-08-28,10,2,8,0,1,2200
2024-08-28 11:00:00,2024-08-28,11,2,8,0,1,3758
2024-08-28 12:00:00,2024-08-28,12,2,8,0,1,3593
2024-08-28 13:00:00,2024-08-28,13,2,8,0,1,4453
2024-08-28 14:00:00,2024-08-28,14,2,8,0,1,3972
2024-08-28 15:00:00,2024-08-28,15,2,8,0,1,4078
2024-08-28 16:00:00,2024-08-28,16,2,8,0,1,3471
2024-08-28 17:00:00,2024-08-28,17,2,8,0,1,3412
2024-08-28 18:00:00,2024-08-28,18,2,8,0,1,3414
2024-08-28 19:00:00,2024-08-28,19,2,8,0,1,3028
2024-08-28 20:00:00,2024-08-28,20,2,8,0,1,3876
2024-08-28 21:00:00,2024-08-28,21,2,8,0,1,3742
2024-08-28 22:00:00,2024-08-28,22,2,8,0,1,4006
2024-08-28 23:00:00,2024-08-28,23,2,8,0,1,984
2024-08-29 09:00:00,2024-08-29,9,3,8,0,1,1990
2024-08-29 10:00:00,2024-08-29,10,3,8,0,1,2123
2024-08-29 11:00:00,2024-08-29,11,3,8,0,1,2913
2024-08-29 12:00:00,2024-08-29,12,3,8,0,1,4108
2024-08-29 13:00:00,2024-08-29,13,3,8,0,1,4508
2024-08-29 14:00:00,2024-08-29,14,3,8,0,1,3665
2024-08-29 15:00:00,2024-08-29,15,3,8,0,1,4689
2024-08-29 16:00:00,2024-08-29,16,3,8,0,1,3347
2024-08-29 17:00:00,2024-08-29,17,3,8,0,1,4094
2024-08-29 18:00:00,2024-08-29,18,3,8,0,1,3088
2024-08-29 19:00:00,2024-08-29,19,3,8,0,1,2673
2024-08-29 20:00:00,2024-08-29,20,3,8,0,1,3442
2024-08-29 21:00:00,2024-08-29,21,3,8,0,1,4175
2024-08-29 22:00:00,2024-08-29,22,3,8,0,1,3116
2024-08-29 23:00:00,2024-08-29,23,3,8,0,1,839
2024-08-30 09:00:00,2024-08-30,9,4,8,0,1,1960
2024-08-30 10:00:00,2024-08-30,10,4,8,0,1,2225
2024-08-30 11:00:00,2024-08-30,11,4,8,0,1,2931
2024-08-30 12:00:00,2024-08-30,12,4,8,0,1,3914
2024-08-30 13:00:00,2024-08-30,13,4,8,0,1,4277
2024-08-30 14:00:00,2024-08-30,14,4,8,0,1,4529
2024-08-30 15:00:00,2024-08-30,15,4,8,0,1,4316
2024-08-30 16:00:00,2024-08-30,16,4,8,0,1,4583
2024-08-30 17:00:00,2024-08-30,17,4,8,0,1,4011
2024-08-30 18:00:00,2024-08-30,18,4,8,0,1,3790
2024-08-30 19:00:00,2024-08-30,19,4,8,0,1,2836
2024-08-30 20:00:00,2024-08-30,20,4,8,0,1,3741
2024-08-30 21:00:00,2024-08-30,21,4,8,0,1,3370
2024-08-30 22:00:00,2024-08-30,22,4,8,0,1,3808
2024-08-30 23:00:00,2024-08-30,23,4,8,0,1,820
2024-08-31 09:00:00,2024-08-31,9,5,8,1,1,2139
2024-08-31 10:00:00,2024-08-31,10,5,8,1,1,3352
2024-08-31 11:00:00,2024-08-31,11,5,8,1,1,4176
2024-08-31 12:00:00,2024-08-31,12,5,8,1,1,5306
2024-08-31 13:00:00,2024-08-31,13,5,8,1,1,5212
2024-08-31 14:00:00,2024-08-31,14,5,8,1,1,6215
2024-08-31 15:00:00,2024-08-31,15,5,8,1,1,4533
2024-08-31 16:00:00,2024-08-31,16,5,8,1,1,6241
2024-08-31 17:00:00,2024-08-31,17,5,8,1,1,4952
2024-08-31 18:00:00,2024-08-31,18,5,8,1,1,4937
2024-08-31 19:00:00,2024-08-31,19,5,8,1,1,4250
2024-08-31 20:00:00,2024-08-31,20,5,8,1,1,5168
2024-08-31 21:00:00,2024-08-31,21,5,8,1,1,3870
2024-08-31 22:00:00,2024-08-31,22,5,8,1,1,5263
2024-08-31 23:00:00,2024-08-31,23,5,8,1,1,1086
2024-09-01 09:00:00,2024-09-01,9,6,9,1,0,1470
2024-09-01 10:00:00,2024-09-01,10,6,9,1,0,1846
2024-09-01 11:00:00,2024-09-01,11,6,9,1,0,2647
2024-09-01 12:00:00,2024-09-01,12,6,9,1,0,3131
2024-09-01 13:00:00,2024-09-01,13,6,9,1,0,3909
2024-09-01 14:00:00,2024-09-01,14,6,9,1,0,3130
2024-09-01 15:00:00,2024-09-01,15,6,9,1,0,2878
2024-09-01 16:00:00,2024-09-01,16,6,9,1,0,3947
2024-09-01 17:00:00,2024-09-01,17,6,9,1,0,3361
2024-09-01 18:00:00,2024-09-01,18,6,9,1,0,3141
2024-09-01 19:00:00,2024-09-01,19,6,9,1,0,2846
2024-09-01 20:00:00,2024-09-01,20,6,9,1,0,3549
2024-09-01 21:00:00,2024-09-01,21,6,9,1,0,2772
2024-09-01 22:00:00,2024-09-01,22,6,9,1,0,2470
2024-09-01 23:00:00,2024-09-01,23,6,9,1,0,757
2024-09-02 09:00:00,2024-09-02,9,0,9,0,0,1148
2024-09-02 10:00:00,2024-09-02,10,0,9,0,0,1511
2024-09-02 11:00:00,2024-09-02,11,0,9,0,0,1843
2024-09-02 12:00:00,2024-09-02,12,0,9,0,0,2555
2024-09-02 13:00:00,2024-09-02,13,0,9,0,0,2508
2024-09-02 14:00:00,2024-09-02,14,0,9,0,0,2363
2024-09-02 15:00:00,2024-09-02,15,0,9,0,0,2667
2024-09-02 16:00:00,2024-09-02,16,0,9,0,0,2789
2024-09-02 17:00:00,2024-09-02,17,0,9,0,0,2907
2024-09-02 18:00:00,2024-09-02,18,0,9,0,0,2397
2024-09-02 19:00:00,2024-09-02,19,0,9,0,0,1685
2024-09-02 20:00:00,2024-09-02,20,0,9,0,0,3089
2024-09-02 21:00:00,2024-09-02,21,0,9,0,0,1718
2024-09-02 22:00:00,2024-09-02,22,0,9,0,0,2744
2024-09-02 23:00:00,2024-09-02,23,0,9,0,0,555
2024-09-03 09:00:00,2024-09-03,9,1,9,0,0,1211
2024-09-03 10:00:00,2024-09-03,10,1,9,0,0,1649
2024-09-03 11:00:00,2024-09-03,11,1,9,0,0,2151
2024-09-03 12:00:00,2024-09-03,12,1,9,0,0,2519
2024-09-03 13:00:00,2024-09-03,13,1,9,0,0,2798
2024-09-03 14:00:00,2024-09-03,14,1,9,0,0,2627
2024-09-03 15:00:00,2024-09-03,15,1,9,0,0,2607
2024-09-03 16:00:00,2024-09-03,16,1,9,0,0,2839
2024-09-03 17:00:00,2024-09-03,17,1,9,0,0,2817
2024-09-03 18:00:00,2024-09-03,18,1,9,0,0,1523
2024-09-03 19:00:00,2024-09-03,19,1,9,0,0,2116
2024-09-03 20:00:00,2024-09-03,20,1,9,0,0,2794
2024-09-03 21:00:00,2024-09-03,21,1,9,0,0,2118
2024-09-03 22:00:00,2024-09-03,22,1,9,0,0,2140
2024-09-03 23:00:00,2024-09-03,23,1,9,0,0,555
2024-09-04 09:00:00,2024-09-04,9,2,9,0,0,1180
2024-09-04 10:00:00,2024-09-04,10,2,9,0,0,1404
2024-09-04 11:00:00,2024-09-04,11,2,9,0,0,2181
2024-09-04 12:00:00,2024-09-04,12,2,9,0,0,2349
2024-09-04 13:00:00,2024-09-04,13,2,9,0,0,2545
2024-09-04 14:00:00,2024-09-04,14,2,9,0,0,2260
2024-09-04 15:00:00,2024-09-04,15,2,9,0,0,2357
2024-09-04 16:00:00,2024-09-04,16,2,9,0,0,2822
2024-09-04 17:00:00,2024-09-04,17,2,9,0,0,1885
2024-09-04 18:00:00,2024-09-04,18,2,9,0,0,2507
2024-09-04 19:00:00,2024-09-04,19,2,9,0,0,1841
2024-09-04 20:00:00,2024-09-04,20,2,9,0,0,3306
2024-09-04 21:00:00,2024-09-04,21,2,9,0,0,3039
2024-09-04 22:00:00,2024-09-04,22,2,9,0,0,2328
2024-09-04 23:00:00,2024-09-04,23,2,9,0,0,558
2024-09-05 09:00:00,2024-09-05,9,3,9,0,0,1274
2024-09-05 10:00:00,2024-09-05,10,3,9,0,0,1805
2024-09-05 11:00:00,2024-09-05,11,3,9,0,0,1507
2024-09-05 12:00:00,2024-09-05,12,3,9,0,0,1756
2024-09-05 13:00:00,2024-09-05,13,3,9,0,0,2344
2024-09-05 14:00:00,2024-09-05,14,3,9,0,0,2921
2024-09-05 15:00:00,2024-09-05,15,3,9,0,0,2966
2024-09-05 16:00:00,2024-09-05,16,3,9,0,0,3081
2024-09-05 17:00:00,2024-09-05,17,3,9,0,0,2168
2024-09-05 18:00:00,2024-09-05,18,3,9,0,0,1614
2024-09-05 19:00:00,2024-09-05,19,3,9,0,0,2070
2024-09-05 20:00:00,2024-09-05,20,3,9,0,0,2143
2024-09-05 21:00:00,2024-09-05,21,3,9,0,0,1803
2024-09-05 22:00:00,2024-09-05,22,3,9,0,0,2421
2024-09-05 23:00:00,2024-09-05,23,3,9,0,0,619
2024-09-06 09:00:00,2024-09-06,9,4,9,0,0,1121
2024-09-06 10:00:00,2024-09-06,10,4,9,0,0,1416
2024-09-06 11:00:00,2024-09-06,11,4,9,0,0,1841
2024-09-06 12:00:00,2024-09-06,12,4,9,0,0,2136
2024-09-06 13:00:00,2024-09-06,13,4,9,0,0,2123
2024-09-06 14:00:00,2024-09-06,14,4,9,0,0,1747
2024-09-06 15:00:00,2024-09-06,15,4,9,0,0,2975
2024-09-06 16:00:00,2024-09-06,16,4,9,0,0,2836
2024-09-06 17:00:00,2024-09-06,17,4,9,0,0,2584
2024-09-06 18:00:00,2024-09-06,18,4,9,0,0,1968
2024-09-06 19:00:00,2024-09-06,19,4,9,0,0,1836
2024-09-06 20:00:00,2024-09-06,20,4,9,0,0,1758
2024-09-06 21:00:00,2024-09-06,21,4,9,0,0,2430
2024-09-06 22:00:00,2024-09-06,22,4,9,0,0,2788
2024-09-06 23:00:00,2024-09-06,23,4,9,0,0,465
2024-09-07 09:00:00,2024-09-07,9,5,9,1,0,1000
2024-09-07 10:00:00,2024-09-07,10,5,9,1,0,2103
2024-09-07 11:00:00,2024-09-07,11,5,9,1,0,2914
2024-09-07 12:00:00,2024-09-07,12,5,9,1,0,2856
2024-09-07 13:00:00,2024-09-07,13,5,9,1,0,2195
2024-09-07 14:00:00,2024-09-07,14,5,9,1,0,2815
2024-09-07 15:00:00,2024-09-07,15,5,9,1,0,3826
2024-09-07 16:00:00,2024-09-07,16,5,9,1,0,4590
2024-09-07 17:00:00,2024-09-07,17,5,9,1,0,2473
2024-09-07 18:00:00,2024-09-07,18,5,9,1,0,3010
2024-09-07 19:00:00,2024-09-07,19,5,9,1,0,2631
2024-09-07 20:00:00,2024-09-07,20,5,9,1,0,3208
2024-09-07 21:00:00,2024-09-07,21,5,9,1,0,2899
2024-09-07 22:00:00,2024-09-07,22,5,9,1,0,3530
2024-09-07 23:00:00,2024-09-07,23,5,9,1,0,783
2024-09-08 09:00:00,2024-09-08,9,6,9,1,0,1540
2024-09-08 10:00:00,2024-09-08,10,6,9,1,0,1786
2024-09-08 11:00:00,2024-09-08,11,6,9,1,0,2930
2024-09-08 12:00:00,2024-09-08,12,6,9,1,0,3259
2024-09-08 13:00:00,2024-09-08,13,6,9,1,0,3193
2024-09-08 14:00:00,2024-09-08,14,6,9,1,0,4129
2024-09-08 15:00:00,2024-09-08,15,6,9,1,0,3554
2024-09-08 16:00:00,2024-09-08,16,6,9,1,0,3340
2024-09-08 17:00:00,2024-09-08,17,6,9,1,0,2175
2024-09-08 18:00:00,2024-09-08,18,6,9,1,0,1663
2024-09-08 19:00:00,2024-09-08,19,6,9,1,0,2677
2024-09-08 20:00:00,2024-09-08,20,6,9,1,0,2506
2024-09-08 21:00:00,2024-09-08,21,6,9,1,0,2739
2024-09-08 22:00:00,2024-09-08,22,6,9,1,0,2412
2024-09-08 23:00:00,2024-09-08,23,6,9,1,0,755
2024-09-09 09:00:00,2024-09-09,9,0,9,0,0,1117
2024-09-09 10:00:00,2024-09-09,10,0,9,0,0,1439
2024-09-09 11:00:00,2024-09-09,11,0,9,0,0,1642
2024-09-09 12:00:00,2024-09-09,12,0,9,0,0,1344
2024-09-09 13:00:00,2024-09-09,13,0,9,0,0,2674
2024-09-09 14:00:00,2024-09-09,14,0,9,0,0,2550
2024-09-09 15:00:00,2024-09-09,15,0,9,0,0,2906
2024-09-09 16:00:00,2024-09-09,16,0,9,0,0,2440
2024-09-09 17:00:00,2024-09-09,17,0,9,0,0,2588
2024-09-09 18:00:00,2024-09-09,18,0,9,0,0,2585
2024-09-09 19:00:00,2024-09-09,19,0,9,0,0,2008
2024-09-09 20:00:00,2024-09-09,20,0,9,0,0,2262
2024-09-09 21:00:00,2024-09-09,21,0,9,0,0,2453
2024-09-09 22:00:00,2024-09-09,22,0,9,0,0,2311
2024-09-09 23:00:00,2024-09-09,23,0,9,0,0,565
2024-09-10 09:00:00,2024-09-10,9,1,9,0,0,1093
2024-09-10 10:00:00,2024-09-10,10,1,9,0,0,1469
2024-09-10 11:00:00,2024-09-10,11,1,9,0,0,1924
2024-09-10 12:00:00,2024-09-10,12,1,9,0,0,1969
2024-09-10 13:00:00,2024-09-10,13,1,9,0,0,2224
2024-09-10 14:00:00,2024-09-10,14,1,9,0,0,2275
2024-09-10 15:00:00,2024-09-10,15,1,9,0,0,2262
2024-09-10 16:00:00,2024-09-10,16,1,9,0,0,2331
2024-09-10 17:00:00,2024-09-10,17,1,9,0,0,2582
2024-09-10 18:00:00,2024-09-10,18,1,9,0,0,1996
2024-09-10 19:00:00,2024-09-10,19,1,9,0,0,1992
2024-09-10 20:00:00,2024-09-10,20,1,9,0,0,2389
2024-09-10 21:00:00,2024-09-10,21,1,9,0,0,1817
2024-09-10 22:00:00,2024-09-10,22,1,9,0,0,2567
2024-09-10 23:00:00,2024-09-10,23,1,9,0,0,620
2024-09-11 09:00:00,2024-09-11,9,2,9,0,0,1002
2024-09-11 10:00:00,2024-09-11,10,2,9,0,0,1574
2024-09-11 11:00:00,2024-09-11,11,2,9,0,0,1683
2024-09-11 12:00:00,2024-09-11,12,2,9,0,0,2262
2024-09-11 13:00:00,2024-09-11,13,2,9,0,0,2149
2024-09-11 14:00:00,2024-09-11,14,2,9,0,0,2143
2024-09-11 15:00:00,2024-09-11,15,2,9,0,0,2671
2024-09-11 16:00:00,2024-09-11,16,2,9,0,0,2690
2024-09-11 17:00:00,2024-09-11,17,2,9,0,0,2412
2024-09-11 18:00:00,2024-09-11,18,2,9,0,0,1918
2024-09-11 19:00:00,2024-09-11,19,2,9,0,0,1786
2024-09-11 20:00:00,2024-09-11,20,2,9,0,0,2456
2024-09-11 21:00:00,2024-09-11,21,2,9,0,0,2367
2024-09-11 22:00:00,2024-09-11,22,2,9,0,0,2432
2024-09-11 23:00:00,2024-09-11,23,2,9,0,0,519
2024-09-12 09:00:00,2024-09-12,9,3,9,0,0,1298
2024-09-12 10:00:00,2024-09-12,10,3,9,0,0,1287
2024-09-12 11:00:00,2024-09-12,11,3,9,0,0,1986
2024-09-12 12:00:00,2024-09-12,12,3,9,0,0,2552
2024-09-12 13:00:00,2024-09-12,13,3,9,0,0,2679
2024-09-12 14:00:00,2024-09-12,14,3,9,0,0,2664
2024-09-12 15:00:00,2024-09-12,15,3,9,0,0,1835
2024-09-12 16:00:00,2024-09-12,16,3,9,0,0,3070
2024-09-12 17:00:00,2024-09-12,17,3,9,0,0,2100
2024-09-12 18:00:00,2024-09-12,18,3,9,0,0,1975
2024-09-12 19:00:00,2024-09-12,19,3,9,0,0,1787
2024-09-12 20:00:00,2024-09-12,20,3,9,0,0,2733
2024-09-12 21:00:00,2024-09-12,21,3,9,0,0,2488
2024-09-12 22:00:00,2024-09-12,22,3,9,0,0,2103
2024-09-12 23:00:00,2024-09-12,23,3,9,0,0,544
2024-09-13 09:00:00,2024-09-13,9,4,9,0,0,1054
2024-09-13 10:00:00,2024-09-13,10,4,9,0,0,1371
2024-09-13 11:00:00,2024-09-13,11,4,9,0,0,2097
2024-09-13 12:00:00,2024-09-13,12,4,9,0,0,1867
2024-09-13 13:00:00,2024-09-13,13,4,9,0,0,3022
2024-09-13 14:00:00,2024-09-13,14,4,9,0,0,3002
2024-09-13 15:00:00,2024-09-13,15,4,9,0,0,3166
2024-09-13 16:00:00,2024-09-13,16,4,9,0,0,2579
2024-09-13 17:00:00,2024-09-13,17,4,9,0,0,2487
2024-09-13 18:00:00,2024-09-13,18,4,9,0,0,1851
2024-09-13 19:00:00,2024-09-13,19,4,9,0,0,1758
2024-09-13 20:00:00,2024-09-13,20,4,9,0,0,1764
2024-09-13 21:00:00,2024-09-13,21,4,9,0,0,2750
2024-09-13 22:00:00,2024-09-13,22,4,9,0,0,2063
2024-09-13 23:00:00,2024-09-13,23,4,9,0,0,378
2024-09-14 09:00:00,2024-09-14,9,5,9,1,0,1508
2024-09-14 10:00:00,2024-09-14,10,5,9,1,0,1684
2024-09-14 11:00:00,2024-09-14,11,5,9,1,0,2713
2024-09-14 12:00:00,2024-09-14,12,5,9,1,0,2756
2024-09-14 13:00:00,2024-09-14,13,5,9,1,0,3340
2024-09-14 14:00:00,2024-09-14,14,5,9,1,0,3486
2024-09-14 15:00:00,2024-09-14,15,5,9,1,0,3421
2024-09-14 16:00:00,2024-09-14,16,5,9,1,0,3683
2024-09-14 17:00:00,2024-09-14,17,5,9,1,0,3331
2024-09-14 18:00:00,2024-09-14,18,5,9,1,0,2883
2024-09-14 19:00:00,2024-09-14,19,5,9,1,0,2312
2024-09-14 20:00:00,2024-09-14,20,5,9,1,0,3336
2024-09-14 21:00:00,2024-09-14,21,5,9,1,0,3850
2024-09-14 22:00:00,2024-09-14,22,5,9,1,0,3266
2024-09-14 23:00:00,2024-09-14,23,5,9,1,0,854
2024-09-15 09:00:00,2024-09-15,9,6,9,1,0,1280
2024-09-15 10:00:00,2024-09-15,10,6,9,1,0,2061
2024-09-15 11:00:00,2024-09-15,11,6,9,1,0,2200
2024-09-15 12:00:00,2024-09-15,12,6,9,1,0,2483
2024-09-15 13:00:00,2024-09-15,13,6,9,1,0,3116
2024-09-15 14:00:00,2024-09-15,14,6,9,1,0,4213
2024-09-15 15:00:00,2024-09-15,15,6,9,1,0,2947
2024-09-15 16:00:00,2024-09-15,16,6,9,1,0,3794
2024-09-15 17:00:00,2024-09-15,17,6,9,1,0,2791
2024-09-15 18:00:00,2024-09-15,18,6,9,1,0,2947
2024-09-15 19:00:00,2024-09-15,19,6,9,1,0,2625
2024-09-15 20:00:00,2024-09-15,20,6,9,1,0,3280
2024-09-15 21:00:00,2024-09-15,21,6,9,1,0,2502
2024-09-15 22:00:00,2024-09-15,22,6,9,1,0,2869
2024-09-15 23:00:00,2024-09-15,23,6,9,1,0,757
2024-09-16 09:00:00,2024-09-16,9,0,9,0,0,848
2024-09-16 10:00:00,2024-09-16,10,0,9,0,0,1103
2024-09-16 11:00:00,2024-09-16,11,0,9,0,0,1840
2024-09-16 12:00:00,2024-09-16,12,0,9,0,0,2274
2024-09-16 13:00:00,2024-09-16,13,0,9,0,0,2791
2024-09-16 14:00:00,2024-09-16,14,0,9,0,0,2070
2024-09-16 15:00:00,2024-09-16,15,0,9,0,0,2995
2024-09-16 16:00:00,2024-09-16,16,0,9,0,0,2468
2024-09-16 17:00:00,2024-09-16,17,0,9,0,0,1953
2024-09-16 18:00:00,2024-09-16,18,0,9,0,0,2130
2024-09-16 19:00:00,2024-09-16,19,0,9,0,0,2102
2024-09-16 20:00:00,2024-09-16,20,0,9,0,0,2777
2024-09-16 21:00:00,2024-09-16,21,0,9,0,0,2582
2024-09-16 22:00:00,2024-09-16,22,0,9,0,0,2502
2024-09-16 23:00:00,2024-09-16,23,0,9,0,0,591
2024-09-17 09:00:00,2024-09-17,9,1,9,0,0,1062
2024-09-17 10:00:00,2024-09-17,10,1,9,0,0,1032
2024-09-17 11:00:00,2024-09-17,11,1,9,0,0,2252
2024-09-17 12:00:00,2024-09-17,12,1,9,0,0,1388
2024-09-17 13:00:00,2024-09-17,13,1,9,0,0,3024
2024-09-17 14:00:00,2024-09-17,14,1,9,0,0,2625
2024-09-17 15:00:00,2024-09-17,15,1,9,0,0,3245
2024-09-17 16:00:00,2024-09-17,16,1,9,0,0,2269
2024-09-17 17:00:00,2024-09-17,17,1,9,0,0,2711
2024-09-17 18:00:00,2024-09-17,18,1,9,0,0,2038
2024-09-17 19:00:00,2024-09-17,19,1,9,0,0,1558
2024-09-17 20:00:00,2024-09-17,20,1,9,0,0,1709
2024-09-17 21:00:00,2024-09-17,21,1,9,0,0,2668
2024-09-17 22:00:00,2024-09-17,22,1,9,0,0,2138
2024-09-17 23:00:00,2024-09-17,23,1,9,0,0,463
2024-09-18 09:00:00,2024-09-18,9,2,9,0,0,1125
2024-09-18 10:00:00,2024-09-18,10,2,9,0,0,1483
2024-09-18 11:00:00,2024-09-18,11,2,9,0,0,2000
2024-09-18 12:00:00,2024-09-18,12,2,9,0,0,2490
2024-09-18 13:00:00,2024-09-18,13,2,9,0,0,2515
2024-09-18 14:00:00,2024-09-18,14,2,9,0,0,3338
2024-09-18 15:00:00,2024-09-18,15,2,9,0,0,2875
2024-09-18 16:00:00,2024-09-18,16,2,9,0,0,2617
2024-09-18 17:00:00,2024-09-18,17,2,9,0,0,2043
2024-09-18 18:00:00,2024-09-18,18,2,9,0,0,2165
2024-09-18 19:00:00,2024-09-18,19,2,9,0,0,1801
2024-09-18 20:00:00,2024-09-18,20,2,9,0,0,2654
2024-09-18 21:00:00,2024-09-18,21,2,9,0,0,2512
2024-09-18 22:00:00,2024-09-18,22,2,9,0,0,2043
2024-09-18 23:00:00,2024-09-18,23,2,9,0,0,576
2024-09-19 09:00:00,2024-09-19,9,3,9,0,0,1230
2024-09-19 10:00:00,2024-09-19,10,3,9,0,0,1773
2024-09-19 11:00:00,2024-09-19,11,3,9,0,0,2076
2024-09-19 12:00:00,2024-09-19,12,3,9,0,0,2439
2024-09-19 13:00:00,2024-09-19,13,3,9,0,0,2551
2024-09-19 14:00:00,2024-09-19,14,3,9,0,0,2858
2024-09-19 15:00:00,2024-09-19,15,3,9,0,0,3219
2024-09-19 16:00:00,2024-09-19,16,3,9,0,0,2294
2024-09-19 17:00:00,2024-09-19,17,3,9,0,0,2427
2024-09-19 18:00:00,2024-09-19,18,3,9,0,0,2028
2024-09-19 19:00:00,2024-09-19,19,3,9,0,0,1962
2024-09-19 20:00:00,2024-09-19,20,3,9,0,0,2731
2024-09-19 21:00:00,2024-09-19,21,3,9,0,0,2209
2024-09-19 22:00:00,2024-09-19,22,3,9,0,0,1188
2024-09-19 23:00:00,2024-09-19,23,3,9,0,0,537
2024-09-20 09:00:00,2024-09-20,9,4,9,0,0,1263
2024-09-20 10:00:00,2024-09-20,10,4,9,0,0,1595
2024-09-20 11:00:00,2024-09-20,11,4,9,0,0,1973
2024-09-20 12:00:00,2024-09-20,12,4,9,0,0,2160
2024-09-20 13:00:00,2024-09-20,13,4,9,0,0,2144
2024-09-20 14:00:00,2024-09-20,14,4,9,0,0,2899
2024-09-20 15:00:00,2024-09-20,15,4,9,0,0,1763
2024-09-20 16:00:00,2024-09-20,16,4,9,0,0,3446
2024-09-20 17:00:00,2024-09-20,17,4,9,0,0,2706
2024-09-20 18:00:00,2024-09-20,18,4,9,0,0,2080
2024-09-20 19:00:00,2024-09-20,19,4,9,0,0,1739
2024-09-20 20:00:00,2024-09-20,20,4,9,0,0,1647
2024-09-20 21:00:00,2024-09-20,21,4,9,0,0,2311
2024-09-20 22:00:00,2024-09-20,22,4,9,0,0,2698
2024-09-20 23:00:00,2024-09-20,23,4,9,0,0,577
2024-09-21 09:00:00,2024-09-21,9,5,9,1,0,981
2024-09-21 10:00:00,2024-09-21,10,5,9,1,0,2482
2024-09-21 11:00:00,2024-09-21,11,5,9,1,0,1784
2024-09-21 12:00:00,2024-09-21,12,5,9,1,0,3296
2024-09-21 13:00:00,2024-09-21,13,5,9,1,0,3170
2024-09-21 14:00:00,2024-09-21,14,5,9,1,0,3847
2024-09-21 15:00:00,2024-09-21,15,5,9,1,0,3921
2024-09-21 16:00:00,2024-09-21,16,5,9,1,0,2850
2024-09-21 17:00:00,2024-09-21,17,5,9,1,0,4247
2024-09-21 18:00:00,2024-09-21,18,5,9,1,0,3485
2024-09-21 19:00:00,2024-09-21,19,5,9,1,0,2413
2024-09-21 20:00:00,2024-09-21,20,5,9,1,0,2788
2024-09-21 21:00:00,2024-09-21,21,5,9,1,0,3347
2024-09-21 22:00:00,2024-09-21,22,5,9,1,0,3246
2024-09-21 23:00:00,2024-09-21,23,5,9,1,0,795
2024-09-22 09:00:00,2024-09-22,9,6,9,1,0,1572
2024-09-22 10:00:00,2024-09-22,10,6,9,1,0,2146
2024-09-22 11:00:00,2024-09-22,11,6,9,1,0,2973
2024-09-22 12:00:00,2024-09-22,12,6,9,1,0,3224
2024-09-22 13:00:00,2024-09-22,13,6,9,1,0,2989
2024-09-22 14:00:00,2024-09-22,14,6,9,1,0,4289
2024-09-22 15:00:00,2024-09-22,15,6,9,1,0,4524
2024-09-22 16:00:00,2024-09-22,16,6,9,1,0,5081
2024-09-22 17:00:00,2024-09-22,17,6,9,1,0,2959
2024-09-22 18:00:00,2024-09-22,18,6,9,1,0,3106
2024-09-22 19:00:00,2024-09-22,19,6,9,1,0,1900
2024-09-22 20:00:00,2024-09-22,20,6,9,1,0,3426
2024-09-22 21:00:00,2024-09-22,21,6,9,1,0,3001
2024-09-22 22:00:00,2024-09-22,22,6,9,1,0,3954
2024-09-22 23:00:00,2024-09-22,23,6,9,1,0,692
2024-09-23 09:00:00,2024-09-23,9,0,9,0,0,635
2024-09-23 10:00:00,2024-09-23,10,0,9,0,0,1413
2024-09-23 11:00:00,2024-09-23,11,0,9,0,0,1431
2024-09-23 12:00:00,2024-09-23,12,0,9,0,0,2437
2024-09-23 13:00:00,2024-09-23,13,0,9,0,0,1905
2024-09-23 14:00:00,2024-09-23,14,0,9,0,0,2740
2024-09-23 15:00:00,2024-09-23,15,0,9,0,0,2101
2024-09-23 16:00:00,2024-09-23,16,0,9,0,0,2625
2024-09-23 17:00:00,2024-09-23,17,0,9,0,0,3033
2024-09-23 18:00:00,2024-09-23,18,0,9,0,0,2332
2024-09-23 19:00:00,2024-09-23,19,0,9,0,0,1682
2024-09-23 20:00:00,2024-09-23,20,0,9,0,0,2371
2024-09-23 21:00:00,2024-09-23,21,0,9,0,0,2385
2024-09-23 22:00:00,2024-09-23,22,0,9,0,0,1760
2024-09-23 23:00:00,2024-09-23,23,0,9,0,0,472
2024-09-24 09:00:00,2024-09-24,9,1,9,0,0,1219
2024-09-24 10:00:00,2024-09-24,10,1,9,0,0,1012
2024-09-24 11:00:00,2024-09-24,11,1,9,0,0,1214
2024-09-24 12:00:00,2024-09-24,12,1,9,0,0,2104
2024-09-24 13:00:00,2024-09-24,13,1,9,0,0,2726
2024-09-24 14:00:00,2024-09-24,14,1,9,0,0,2738
2024-09-24 15:00:00,2024-09-24,15,1,9,0,0,2327
2024-09-24 16:00:00,2024-09-24,16,1,9,0,0,2408
2024-09-24 17:00:00,2024-09-24,17,1,9,0,0,2593
2024-09-24 18:00:00,2024-09-24,18,1,9,0,0,2214
2024-09-24 19:00:00,2024-09-24,19,1,9,0,0,1746
2024-09-24 20:00:00,2024-09-24,20,1,9,0,0,2242
2024-09-24 21:00:00,2024-09-24,21,1,9,0,0,2578
2024-09-24 22:00:00,2024-09-24,22,1,9,0,0,2232
2024-09-24 23:00:00,2024-09-24,23,1,9,0,0,559
2024-09-25 09:00:00,2024-09-25,9,2,9,0,0,1434
2024-09-25 10:00:00,2024-09-25,10,2,9,0,0,1242
2024-09-25 11:00:00,2024-09-25,11,2,9,0,0,1459
2024-09-25 12:00:00,2024-09-25,12,2,9,0,0,2446
2024-09-25 13:00:00,2024-09-25,13,2,9,0,0,2327
2024-09-25 14:00:00,2024-09-25,14,2,9,0,0,2626
2024-09-25 15:00:00,2024-09-25,15,2,9,0,0,2537
2024-09-25 16:00:00,2024-09-25,16,2,9,0,0,2645
2024-09-25 17:00:00,2024-09-25,17,2,9,0,0,3019
2024-09-25 18:00:00,2024-09-25,18,2,9,0,0,2451
2024-09-25 19:00:00,2024-09-25,19,2,9,0,0,2071
2024-09-25 20:00:00,2024-09-25,20,2,9,0,0,1975
2024-09-25 21:00:00,2024-09-25,21,2,9,0,0,2051
2024-09-25 22:00:00,2024-09-25,22,2,9,0,0,1569
2024-09-25 23:00:00,2024-09-25,23,2,9,0,0,357
2024-09-26 09:00:00,2024-09-26,9,3,9,0,0,1269
2024-09-26 10:00:00,2024-09-26,10,3,9,0,0,1591
2024-09-26 11:00:00,2024-09-26,11,3,9,0,0,1827
2024-09-26 12:00:00,2024-09-26,12,3,9,0,0,2229
2024-09-26 13:00:00,2024-09-26,13,3,9,0,0,2324
2024-09-26 14:00:00,2024-09-26,14,3,9,0,0,2797
2024-09-26 15:00:00,2024-09-26,15,3,9,0,0,2140
2024-09-26 16:00:00,2024-09-26,16,3,9,0,0,2201
2024-09-26 17:00:00,2024-09-26,17,3,9,0,0,2624
2024-09-26 18:00:00,2024-09-26,18,3,9,0,0,2486
2024-09-26 19:00:00,2024-09-26,19,3,9,0,0,1783
2024-09-26 20:00:00,2024-09-26,20,3,9,0,0,2580
2024-09-26 21:00:00,2024-09-26,21,3,9,0,0,3183
2024-09-26 22:00:00,2024-09-26,22,3,9,0,0,1645
2024-09-26 23:00:00,2024-09-26,23,3,9,0,0,591
2024-09-27 09:00:00,2024-09-27,9,4,9,0,0,1037
2024-09-27 10:00:00,2024-09-27,10,4,9,0,0,1531
2024-09-27 11:00:00,2024-09-27,11,4,9,0,0,1980
2024-09-27 12:00:00,2024-09-27,12,4,9,0,0,2288
2024-09-27 13:00:00,2024-09-27,13,4,9,0,0,2223
2024-09-27 14:00:00,2024-09-27,14,4,9,0,0,2798
2024-09-27 15:00:00,2024-09-27,15,4,9,0,0,3291
2024-09-27 16:00:00,2024-09-27,16,4,9,0,0,2877
2024-09-27 17:00:00,2024-09-27,17,4,9,0,0,2826
2024-09-27 18:00:00,2024-09-27,18,4,9,0,0,2172
2024-09-27 19:00:00,2024-09-27,19,4,9,0,0,2045
2024-09-27 20:00:00,2024-09-27,20,4,9,0,0,1721
2024-09-27 21:00:00,2024-09-27,21,4,9,0,0,2108
2024-09-27 22:00:00,2024-09-27,22,4,9,0,0,2470
2024-09-27 23:00:00,2024-09-27,23,4,9,0,0,348
2024-09-28 09:00:00,2024-09-28,9,5,9,1,0,1420
2024-09-28 10:00:00,2024-09-28,10,5,9,1,0,2069
2024-09-28 11:00:00,2024-09-28,11,5,9,1,0,2624
2024-09-28 12:00:00,2024-09-28,12,5,9,1,0,1811
2024-09-28 13:00:00,2024-09-28,13,5,9,1,0,3852
2024-09-28 14:00:00,2024-09-28,14,5,9,1,0,3939
2024-09-28 15:00:00,2024-09-28,15,5,9,1,0,3460
2024-09-28 16:00:00,2024-09-28,16,5,9,1,0,3006
2024-09-28 17:00:00,2024-09-28,17,5,9,1,0,3360
2024-09-28 18:00:00,2024-09-28,18,5,9,1,0,2856
2024-09-28 19:00:00,2024-09-28,19,5,9,1,0,2568
2024-09-28 20:00:00,2024-09-28,20,5,9,1,0,3072
2024-09-28 21:00:00,2024-09-28,21,5,9,1,0,2439
2024-09-28 22:00:00,2024-09-28,22,5,9,1,0,3063
2024-09-28 23:00:00,2024-09-28,23,5,9,1,0,735
2024-09-29 09:00:00,2024-09-29,9,6,9,1,0,1653
2024-09-29 10:00:00,2024-09-29,10,6,9,1,0,1853
2024-09-29 11:00:00,2024-09-29,11,6,9,1,0,3044
2024-09-29 12:00:00,2024-09-29,12,6,9,1,0,2325
2024-09-29 13:00:00,2024-09-29,13,6,9,1,0,3958
2024-09-29 14:00:00,2024-09-29,14,6,9,1,0,3587
2024-09-29 15:00:00,2024-09-29,15,6,9,1,0,4169
2024-09-29 16:00:00,2024-09-29,16,6,9,1,0,3721
2024-09-29 17:00:00,2024-09-29,17,6,9,1,0,3887
2024-09-29 18:00:00,2024-09-29,18,6,9,1,0,2878
2024-09-29 19:00:00,2024-09-29,19,6,9,1,0,2199
2024-09-29 20:00:00,2024-09-29,20,6,9,1,0,3760
2024-09-29 21:00:00,2024-09-29,21,6,9,1,0,3169
2024-09-29 22:00:00,2024-09-29,22,6,9,1,0,3298
2024-09-29 23:00:00,2024-09-29,23,6,9,1,0,876
2024-09-30 09:00:00,2024-09-30,9,0,9,0,0,997
2024-09-30 10:00:00,2024-09-30,10,0,9,0,0,1605
2024-09-30 11:00:00,2024-09-30,11,0,9,0,0,1744
2024-09-30 12:00:00,2024-09-30,12,0,9,0,0,2200
2024-09-30 13:00:00,2024-09-30,13,0,9,0,0,2555
2024-09-30 14:00:00,2024-09-30,14,0,9,0,0,2239
2024-09-30 15:00:00,2024-09-30,15,0,9,0,0,2538
2024-09-30 16:00:00,2024-09-30,16,0,9,0,0,3173
2024-09-30 17:00:00,2024-09-30,17,0,9,0,0,2802
2024-09-30 18:00:00,2024-09-30,18,0,9,0,0,2219
2024-09-30 19:00:00,2024-09-30,19,0,9,0,0,1352
2024-09-30 20:00:00,2024-09-30,20,0,9,0,0,2295
2024-09-30 21:00:00,2024-09-30,21,0,9,0,0,2767
2024-09-30 22:00:00,2024-09-30,22,0,9,0,0,2322
2024-09-30 23:00:00,2024-09-30,23,0,9,0,0,581
2024-10-01 09:00:00,2024-10-01,9,1,10,0,0,1294
2024-10-01 10:00:00,2024-10-01,10,1,10,0,0,1358
2024-10-01 11:00:00,2024-10-01,11,1,10,0,0,2227
2024-10-01 12:00:00,2024-10-01,12,1,10,0,0,1825
2024-10-01 13:00:00,2024-10-01,13,1,10,0,0,3028
2024-10-01 14:00:00,2024-10-01,14,1,10,0,0,2608
2024-10-01 15:00:00,2024-10-01,15,1,10,0,0,2718
2024-10-01 16:00:00,2024-10-01,16,1,10,0,0,2111
2024-10-01 17:00:00,2024-10-01,17,1,10,0,0,2395
2024-10-01 18:00:00,2024-10-01,18,1,10,0,0,1956
2024-10-01 19:00:00,2024-10-01,19,1,10,0,0,1740
2024-10-01 20:00:00,2024-10-01,20,1,10,0,0,2340
2024-10-01 21:00:00,2024-10-01,21,1,10,0,0,2653
2024-10-01 22:00:00,2024-10-01,22,1,10,0,0,2439
2024-10-01 23:00:00,2024-10-01,23,1,10,0,0,586
2024-10-02 09:00:00,2024-10-02,9,2,10,0,0,988
2024-10-02 10:00:00,2024-10-02,10,2,10,0,0,1340
2024-10-02 11:00:00,2024-10-02,11,2,10,0,0,2282
2024-10-02 12:00:00,2024-10-02,12,2,10,0,0,2038
2024-10-02 13:00:00,2024-10-02,13,2,10,0,0,2125
2024-10-02 14:00:00,2024-10-02,14,2,10,0,0,2651
2024-10-02 15:00:00,2024-10-02,15,2,10,0,0,2800
2024-10-02 16:00:00,2024-10-02,16,2,10,0,0,3081
2024-10-02 17:00:00,2024-10-02,17,2,10,0,0,2920
2024-10-02 18:00:00,2024-10-02,18,2,10,0,0,2206
2024-10-02 19:00:00,2024-10-02,19,2,10,0,0,1789
2024-10-02 20:00:00,2024-10-02,20,2,10,0,0,2364
2024-10-02 21:00:00,2024-10-02,21,2,10,0,0,2476
2024-10-02 22:00:00,2024-10-02,22,2,10,0,0,2634
2024-10-02 23:00:00,2024-10-02,23,2,10,0,0,565
2024-10-03 09:00:00,2024-10-03,9,3,10,0,0,1222
2024-10-03 10:00:00,2024-10-03,10,3,10,0,0,1793
2024-10-03 11:00:00,2024-10-03,11,3,10,0,0,1962
2024-10-03 12:00:00,2024-10-03,12,3,10,0,0,2319
2024-10-03 13:00:00,2024-10-03,13,3,10,0,0,2071
2024-10-03 14:00:00,2024-10-03,14,3,10,0,0,1868
2024-10-03 15:00:00,2024-10-03,15,3,10,0,0,2930
2024-10-03 16:00:00,2024-10-03,16,3,10,0,0,2699
2024-10-03 17:00:00,2024-10-03,17,3,10,0,0,1663
2024-10-03 18:00:00,2024-10-03,18,3,10,0,0,2301
2024-10-03 19:00:00,2024-10-03,19,3,10,0,0,1863
2024-10-03 20:00:00,2024-10-03,20,3,10,0,0,2702
2024-10-03 21:00:00,2024-10-03,21,3,10,0,0,2404
2024-10-03 22:00:00,2024-10-03,22,3,10,0,0,1516
2024-10-03 23:00:00,2024-10-03,23,3,10,0,0,632
2024-10-04 09:00:00,2024-10-04,9,4,10,0,0,776
2024-10-04 10:00:00,2024-10-04,10,4,10,0,0,1593
2024-10-04 11:00:00,2024-10-04,11,4,10,0,0,1769
2024-10-04 12:00:00,2024-10-04,12,4,10,0,0,2061
2024-10-04 13:00:00,2024-10-04,13,4,10,0,0,2559
2024-10-04 14:00:00,2024-10-04,14,4,10,0,0,2735
2024-10-04 15:00:00,2024-10-04,15,4,10,0,0,2961
2024-10-04 16:00:00,2024-10-04,16,4,10,0,0,2642
2024-10-04 17:00:00,2024-10-04,17,4,10,0,0,1975
2024-10-04 18:00:00,2024-10-04,18,4,10,0,0,2119
2024-10-04 19:00:00,2024-10-04,19,4,10,0,0,1438
2024-10-04 20:00:00,2024-10-04,20,4,10,0,0,2295
2024-10-04 21:00:00,2024-10-04,21,4,10,0,0,2309
2024-10-04 22:00:00,2024-10-04,22,4,10,0,0,2661
2024-10-04 23:00:00,2024-10-04,23,4,10,0,0,517
2024-10-05 09:00:00,2024-10-05,9,5,10,1,0,1252
2024-10-05 10:00:00,2024-10-05,10,5,10,1,0,1984
2024-10-05 11:00:00,2024-10-05,11,5,10,1,0,2386
2024-10-05 12:00:00,2024-10-05,12,5,10,1,0,2668
2024-10-05 13:00:00,2024-10-05,13,5,10,1,0,3348
2024-10-05 14:00:00,2024-10-05,14,5,10,1,0,3904
2024-10-05 15:00:00,2024-10-05,15,5,10,1,0,3775
2024-10-05 16:00:00,2024-10-05,16,5,10,1,0,3822
2024-10-05 17:00:00,2024-10-05,17,5,10,1,0,4164
2024-10-05 18:00:00,2024-10-05,18,5,10,1,0,2894
2024-10-05 19:00:00,2024-10-05,19,5,10,1,0,1832
2024-10-05 20:00:00,2024-10-05,20,5,10,1,0,3016
2024-10-05 21:00:00,2024-10-05,21,5,10,1,0,2886
2024-10-05 22:00:00,2024-10-05,22,5,10,1,0,2987
2024-10-05 23:00:00,2024-10-05,23,5,10,1,0,719
2024-10-06 09:00:00,2024-10-06,9,6,10,1,0,1122
2024-10-06 10:00:00,2024-10-06,10,6,10,1,0,2593
2024-10-06 11:00:00,2024-10-06,11,6,10,1,0,2316
2024-10-06 12:00:00,2024-10-06,12,6,10,1,0,2867
2024-10-06 13:00:00,2024-10-06,13,6,10,1,0,2376
2024-10-06 14:00:00,2024-10-06,14,6,10,1,0,3861
2024-10-06 15:00:00,2024-10-06,15,6,10,1,0,3899
2024-10-06 16:00:00,2024-10-06,16,6,10,1,0,4254
2024-10-06 17:00:00,2024-10-06,17,6,10,1,0,2424
2024-10-06 18:00:00,2024-10-06,18,6,10,1,0,2153
2024-10-06 19:00:00,2024-10-06,19,6,10,1,0,2383
2024-10-06 20:00:00,2024-10-06,20,6,10,1,0,3636
2024-10-06 21:00:00,2024-10-06,21,6,10,1,0,2609
2024-10-06 22:00:00,2024-10-06,22,6,10,1,0,1437
2024-10-06 23:00:00,2024-10-06,23,6,10,1,0,815
2024-10-07 09:00:00,2024-10-07,9,0,10,0,0,1171
2024-10-07 10:00:00,2024-10-07,10,0,10,0,0,1302
2024-10-07 11:00:00,2024-10-07,11,0,10,0,0,1654
2024-10-07 12:00:00,2024-10-07,12,0,10,0,0,1975
2024-10-07 13:00:00,2024-10-07,13,0,10,0,0,2567
2024-10-07 14:00:00,2024-10-07,14,0,10,0,0,2525
2024-10-07 15:00:00,2024-10-07,15,0,10,0,0,2076
2024-10-07 16:00:00,2024-10-07,16,0,10,0,0,1795
2024-10-07 17:00:00,2024-10-07,17,0,10,0,0,2273
2024-10-07 18:00:00,2024-10-07,18,0,10,0,0,1933
2024-10-07 19:00:00,2024-10-07,19,0,10,0,0,1819
2024-10-07 20:00:00,2024-10-07,20,0,10,0,0,2226
2024-10-07 21:00:00,2024-10-07,21,0,10,0,0,2607
2024-10-07 22:00:00,2024-10-07,22,0,10,0,0,1848
2024-10-07 23:00:00,2024-10-07,23,0,10,0,0,568
2024-10-08 09:00:00,2024-10-08,9,1,10,0,0,850
2024-10-08 10:00:00,2024-10-08,10,1,10,0,0,1832
2024-10-08 11:00:00,2024-10-08,11,1,10,0,0,1768
2024-10-08 12:00:00,2024-10-08,12,1,10,0,0,2322
2024-10-08 13:00:00,2024-10-08,13,1,10,0,0,1985
2024-10-08 14:00:00,2024-10-08,14,1,10,0,0,1947
2024-10-08 15:00:00,2024-10-08,15,1,10,0,0,3083
2024-10-08 16:00:00,2024-10-08,16,1,10,0,0,2729
2024-10-08 17:00:00,2024-10-08,17,1,10,0,0,2891
2024-10-08 18:00:00,2024-10-08,18,1,10,0,0,1867
2024-10-08 19:00:00,2024-10-08,19,1,10,0,0,1993
2024-10-08 20:00:00,2024-10-08,20,1,10,0,0,2913
2024-10-08 21:00:00,2024-10-08,21,1,10,0,0,1749
2024-10-08 22:00:00,2024-10-08,22,1,10,0,0,2458
2024-10-08 23:00:00,2024-10-08,23,1,10,0,0,565
2024-10-09 09:00:00,2024-10-09,9,2,10,0,0,646
2024-10-09 10:00:00,2024-10-09,10,2,10,0,0,1742
2024-10-09 11:00:00,2024-10-09,11,2,10,0,0,1739
2024-10-09 12:00:00,2024-10-09,12,2,10,0,0,1659
2024-10-09 13:00:00,2024-10-09,13,2,10,0,0,2058
2024-10-09 14:00:00,2024-10-09,14,2,10,0,0,2344
2024-10-09 15:00:00,2024-10-09,15,2,10,0,0,3282
2024-10-09 16:00:00,2024-10-09,16,2,10,0,0,2617
2024-10-09 17:00:00,2024-10-09,17,2,10,0,0,2975
2024-10-09 18:00:00,2024-10-09,18,2,10,0,0,2214
2024-10-09 19:00:00,2024-10-09,19,2,10,0,0,1462
2024-10-09 20:00:00,2024-10-09,20,2,10,0,0,2634
2024-10-09 21:00:00,2024-10-09,21,2,10,0,0,2211
2024-10-09 22:00:00,2024-10-09,22,2,10,0,0,1805
2024-10-09 23:00:00,2024-10-09,23,2,10,0,0,567
2024-10-10 09:00:00,2024-10-10,9,3,10,0,0,927
2024-10-10 10:00:00,2024-10-10,10,3,10,0,0,1069
2024-10-10 11:00:00,2024-10-10,11,3,10,0,0,2371
2024-10-10 12:00:00,2024-10-10,12,3,10,0,0,2368
2024-10-10 13:00:00,2024-10-10,13,3,10,0,0,2516
2024-10-10 14:00:00,2024-10-10,14,3,10,0,0,3083
2024-10-10 15:00:00,2024-10-10,15,3,10,0,0,2870
2024-10-10 16:00:00,2024-10-10,16,3,10,0,0,2799
2024-10-10 17:00:00,2024-10-10,17,3,10,0,0,1541
2024-10-10 18:00:00,2024-10-10,18,3,10,0,0,2298
2024-10-10 19:00:00,2024-10-10,19,3,10,0,0,1477
2024-10-10 20:00:00,2024-10-10,20,3,10,0,0,2141
2024-10-10 21:00:00,2024-10-10,21,3,10,0,0,2786
2024-10-10 22:00:00,2024-10-10,22,3,10,0,0,2353
2024-10-10 23:00:00,2024-10-10,23,3,10,0,0,505
2024-10-11 09:00:00,2024-10-11,9,4,10,0,0,1274
2024-10-11 10:00:00,2024-10-11,10,4,10,0,0,1447
2024-10-11 11:00:00,2024-10-11,11,4,10,0,0,2047
2024-10-11 12:00:00,2024-10-11,12,4,10,0,0,1510
2024-10-11 13:00:00,2024-10-11,13,4,10,0,0,2515
2024-10-11 14:00:00,2024-10-11,14,4,10,0,0,2892
2024-10-11 15:00:00,2024-10-11,15,4,10,0,0,2897
2024-10-11 16:00:00,2024-10-11,16,4,10,0,0,2076
2024-10-11 17:00:00,2024-10-11,17,4,10,0,0,2192
2024-10-11 18:00:00,2024-10-11,18,4,10,0,0,2485
2024-10-11 19:00:00,2024-10-11,19,4,10,0,0,1847
2024-10-11 20:00:00,2024-10-11,20,4,10,0,0,2230
2024-10-11 21:00:00,2024-10-11,21,4,10,0,0,1394
2024-10-11 22:00:00,2024-10-11,22,4,10,0,0,2071
2024-10-11 23:00:00,2024-10-11,23,4,10,0,0,428
2024-10-12 09:00:00,2024-10-12,9,5,10,1,0,1518
2024-10-12 10:00:00,2024-10-12,10,5,10,1,0,1877
2024-10-12 11:00:00,2024-10-12,11,5,10,1,0,2239
2024-10-12 12:00:00,2024-10-12,12,5,10,1,0,2993
2024-10-12 13:00:00,2024-10-12,13,5,10,1,0,3569
2024-10-12 14:00:00,2024-10-12,14,5,10,1,0,4612
2024-10-12 15:00:00,2024-10-12,15,5,10,1,0,3094
2024-10-12 16:00:00,2024-10-12,16,5,10,1,0,4199
2024-10-12 17:00:00,2024-10-12,17,5,10,1,0,3819
2024-10-12 18:00:00,2024-10-12,18,5,10,1,0,2736
2024-10-12 19:00:00,2024-10-12,19,5,10,1,0,2595
2024-10-12 20:00:00,2024-10-12,20,5,10,1,0,3036
2024-10-12 21:00:00,2024-10-12,21,5,10,1,0,3284
2024-10-12 22:00:00,2024-10-12,22,5,10,1,0,3794
2024-10-12 23:00:00,2024-10-12,23,5,10,1,0,818
2024-10-13 09:00:00,2024-10-13,9,6,10,1,0,1630
2024-10-13 10:00:00,2024-10-13,10,6,10,1,0,1918
2024-10-13 11:00:00,2024-10-13,11,6,10,1,0,2082
2024-10-13 12:00:00,2024-10-13,12,6,10,1,0,2942
2024-10-13 13:00:00,2024-10-13,13,6,10,1,0,3915
2024-10-13 14:00:00,2024-10-13,14,6,10,1,0,2107
2024-10-13 15:00:00,2024-10-13,15,6,10,1,0,3301
2024-10-13 16:00:00,2024-10-13,16,6,10,1,0,3742
2024-10-13 17:00:00,2024-10-13,17,6,10,1,0,3016
2024-10-13 18:00:00,2024-10-13,18,6,10,1,0,2731
2024-10-13 19:00:00,2024-10-13,19,6,10,1,0,2405
2024-10-13 20:00:00,2024-10-13,20,6,10,1,0,2686
2024-10-13 21:00:00,2024-10-13,21,6,10,1,0,2837
2024-10-13 22:00:00,2024-10-13,22,6,10,1,0,3484
2024-10-13 23:00:00,2024-10-13,23,6,10,1,0,643
2024-10-14 09:00:00,2024-10-14,9,0,10,0,0,920
2024-10-14 10:00:00,2024-10-14,10,0,10,0,0,1385
2024-10-14 11:00:00,2024-10-14,11,0,10,0,0,2041
2024-10-14 12:00:00,2024-10-14,12,0,10,0,0,2183
2024-10-14 13:00:00,2024-10-14,13,0,10,0,0,1674
2024-10-14 14:00:00,2024-10-14,14,0,10,0,0,2745
2024-10-14 15:00:00,2024-10-14,15,0,10,0,0,1549
2024-10-14 16:00:00,2024-10-14,16,0,10,0,0,2892
2024-10-14 17:00:00,2024-10-14,17,0,10,0,0,2650
2024-10-14 18:00:00,2024-10-14,18,0,10,0,0,2126
2024-10-14 19:00:00,2024-10-14,19,0,10,0,0,2103
2024-10-14 20:00:00,2024-10-14,20,0,10,0,0,2057
2024-10-14 21:00:00,2024-10-14,21,0,10,0,0,2702
2024-10-14 22:00:00,2024-10-14,22,0,10,0,0,2424
2024-10-14 23:00:00,2024-10-14,23,0,10,0,0,542
2024-10-15 09:00:00,2024-10-15,9,1,10,0,0,1135
2024-10-15 10:00:00,2024-10-15,10,1,10,0,0,1479
2024-10-15 11:00:00,2024-10-15,11,1,10,0,0,2151
2024-10-15 12:00:00,2024-10-15,12,1,10,0,0,1946
2024-10-15 13:00:00,2024-10-15,13,1,10,0,0,2301
2024-10-15 14:00:00,2024-10-15,14,1,10,0,0,3070
2024-10-15 15:00:00,2024-10-15,15,1,10,0,0,2599
2024-10-15 16:00:00,2024-10-15,16,1,10,0,0,3025
2024-10-15 17:00:00,2024-10-15,17,1,10,0,0,3050
2024-10-15 18:00:00,2024-10-15,18,1,10,0,0,1489
2024-10-15 19:00:00,2024-10-15,19,1,10,0,0,2030
2024-10-15 20:00:00,2024-10-15,20,1,10,0,0,2050
2024-10-15 21:00:00,2024-10-15,21,1,10,0,0,2595
2024-10-15 22:00:00,2024-10-15,22,1,10,0,0,2436
2024-10-15 23:00:00,2024-10-15,23,1,10,0,0,597
2024-10-16 09:00:00,2024-10-16,9,2,10,0,0,1050
2024-10-16 10:00:00,2024-10-16,10,2,10,0,0,1199
2024-10-16 11:00:00,2024-10-16,11,2,10,0,0,1990
2024-10-16 12:00:00,2024-10-16,12,2,10,0,0,1177
2024-10-16 13:00:00,2024-10-16,13,2,10,0,0,1705
2024-10-16 14:00:00,2024-10-16,14,2,10,0,0,3039
2024-10-16 15:00:00,2024-10-16,15,2,10,0,0,2005
2024-10-16 16:00:00,2024-10-16,16,2,10,0,0,3369
2024-10-16 17:00:00,2024-10-16,17,2,10,0,0,2845
2024-10-16 18:00:00,2024-10-16,18,2,10,0,0,2060
2024-10-16 19:00:00,2024-10-16,19,2,10,0,0,1883
2024-10-16 20:00:00,2024-10-16,20,2,10,0,0,2366
2024-10-16 21:00:00,2024-10-16,21,2,10,0,0,1349
2024-10-16 22:00:00,2024-10-16,22,2,10,0,0,2111
2024-10-16 23:00:00,2024-10-16,23,2,10,0,0,527
2024-10-17 09:00:00,2024-10-17,9,3,10,0,0,602
2024-10-17 10:00:00,2024-10-17,10,3,10,0,0,1507
2024-10-17 11:00:00,2024-10-17,11,3,10,0,0,1820
2024-10-17 12:00:00,2024-10-17,12,3,10,0,0,1787
2024-10-17 13:00:00,2024-10-17,13,3,10,0,0,2656
2024-10-17 14:00:00,2024-10-17,14,3,10,0,0,2965
2024-10-17 15:00:00,2024-10-17,15,3,10,0,0,2876
2024-10-17 16:00:00,2024-10-17,16,3,10,0,0,2624
2024-10-17 17:00:00,2024-10-17,17,3,10,0,0,2713
2024-10-17 18:00:00,2024-10-17,18,3,10,0,0,2418
2024-10-17 19:00:00,2024-10-17,19,3,10,0,0,1946
2024-10-17 20:00:00,2024-10-17,20,3,10,0,0,2144
2024-10-17 21:00:00,2024-10-17,21,3,10,0,0,2458
2024-10-17 22:00:00,2024-10-17,22,3,10,0,0,2721
2024-10-17 23:00:00,2024-10-17,23,3,10,0,0,524
2024-10-18 09:00:00,2024-10-18,9,4,10,0,0,1424
2024-10-18 10:00:00,2024-10-18,10,4,10,0,0,1404
2024-10-18 11:00:00,2024-10-18,11,4,10,0,0,1884
2024-10-18 12:00:00,2024-10-18,12,4,10,0,0,2055
2024-10-18 13:00:00,2024-10-18,13,4,10,0,0,2601
2024-10-18 14:00:00,2024-10-18,14,4,10,0,0,2159
2024-10-18 15:00:00,2024-10-18,15,4,10,0,0,2616
2024-10-18 16:00:00,2024-10-18,16,4,10,0,0,2372
2024-10-18 17:00:00,2024-10-18,17,4,10,0,0,2574
2024-10-18 18:00:00,2024-10-18,18,4,10,0,0,2502
2024-10-18 19:00:00,2024-10-18,19,4,10,0,0,2022
2024-10-18 20:00:00,2024-10-18,20,4,10,0,0,1702
2024-10-18 21:00:00,2024-10-18,21,4,10,0,0,2963
2024-10-18 22:00:00,2024-10-18,22,4,10,0,0,2464
2024-10-18 23:00:00,2024-10-18,23,4,10,0,0,512
2024-10-19 09:00:00,2024-10-19,9,5,10,1,0,1565
2024-10-19 10:00:00,2024-10-19,10,5,10,1,0,2066
2024-10-19 11:00:00,2024-10-19,11,5,10,1,0,2331
2024-10-19 12:00:00,2024-10-19,12,5,10,1,0,3090
2024-10-19 13:00:00,2024-10-19,13,5,10,1,0,3170
2024-10-19 14:00:00,2024-10-19,14,5,10,1,0,3507
2024-10-19 15:00:00,2024-10-19,15,5,10,1,0,3468
2024-10-19 16:00:00,2024-10-19,16,5,10,1,0,3052
2024-10-19 17:00:00,2024-10-19,17,5,10,1,0,3480
2024-10-19 18:00:00,2024-10-19,18,5,10,1,0,3230
2024-10-19 19:00:00,2024-10-19,19,5,10,1,0,1883
2024-10-19 20:00:00,2024-10-19,20,5,10,1,0,2470
2024-10-19 21:00:00,2024-10-19,21,5,10,1,0,3338
2024-10-19 22:00:00,2024-10-19,22,5,10,1,0,3007
2024-10-19 23:00:00,2024-10-19,23,5,10,1,0,840
2024-10-20 09:00:00,2024-10-20,9,6,10,1,0,1286
2024-10-20 10:00:00,2024-10-20,10,6,10,1,0,1804
2024-10-20 11:00:00,2024-10-20,11,6,10,1,0,2240
2024-10-20 12:00:00,2024-10-20,12,6,10,1,0,2386
2024-10-20 13:00:00,2024-10-20,13,6,10,1,0,3807
2024-10-20 14:00:00,2024-10-20,14,6,10,1,0,3902
2024-10-20 15:00:00,2024-10-20,15,6,10,1,0,4266
2024-10-20 16:00:00,2024-10-20,16,6,10,1,0,3297
2024-10-20 17:00:00,2024-10-20,17,6,10,1,0,3563
2024-10-20 18:00:00,2024-10-20,18,6,10,1,0,2973
2024-10-20 19:00:00,2024-10-20,19,6,10,1,0,2791
2024-10-20 20:00:00,2024-10-20,20,6,10,1,0,3168
2024-10-20 21:00:00,2024-10-20,21,6,10,1,0,3064
2024-10-20 22:00:00,2024-10-20,22,6,10,1,0,3421
2024-10-20 23:00:00,2024-10-20,23,6,10,1,0,590
2024-10-21 09:00:00,2024-10-21,9,0,10,0,0,732
2024-10-21 10:00:00,2024-10-21,10,0,10,0,0,1487
2024-10-21 11:00:00,2024-10-21,11,0,10,0,0,1638
2024-10-21 12:00:00,2024-10-21,12,0,10,0,0,1565
2024-10-21 13:00:00,2024-10-21,13,0,10,0,0,1816
2024-10-21 14:00:00,2024-10-21,14,0,10,0,0,2930
2024-10-21 15:00:00,2024-10-21,15,0,10,0,0,2888
2024-10-21 16:00:00,2024-10-21,16,0,10,0,0,2091
2024-10-21 17:00:00,2024-10-21,17,0,10,0,0,2426
2024-10-21 18:00:00,2024-10-21,18,0,10,0,0,1640
2024-10-21 19:00:00,2024-10-21,19,0,10,0,0,2185
2024-10-21 20:00:00,2024-10-21,20,0,10,0,0,2069
2024-10-21 21:00:00,2024-10-21,21,0,10,0,0,2738
2024-10-21 22:00:00,2024-10-21,22,0,10,0,0,1855
2024-10-21 23:00:00,2024-10-21,23,0,10,0,0,504
2024-10-22 09:00:00,2024-10-22,9,1,10,0,0,983
2024-10-22 10:00:00,2024-10-22,10,1,10,0,0,1561
2024-10-22 11:00:00,2024-10-22,11,1,10,0,0,1686
2024-10-22 12:00:00,2024-10-22,12,1,10,0,0,2263
2024-10-22 13:00:00,2024-10-22,13,1,10,0,0,2386
2024-10-22 14:00:00,2024-10-22,14,1,10,0,0,2147
2024-10-22 15:00:00,2024-10-22,15,1,10,0,0,2050
2024-10-22 16:00:00,2024-10-22,16,1,10,0,0,2805
2024-10-22 17:00:00,2024-10-22,17,1,10,0,0,1653
2024-10-22 18:00:00,2024-10-22,18,1,10,0,0,2087
2024-10-22 19:00:00,2024-10-22,19,1,10,0,0,2033
2024-10-22 20:00:00,2024-10-22,20,1,10,0,0,2715
2024-10-22 21:00:00,2024-10-22,21,1,10,0,0,2302
2024-10-22 22:00:00,2024-10-22,22,1,10,0,0,2282
2024-10-22 23:00:00,2024-10-22,23,1,10,0,0,599
2024-10-23 09:00:00,2024-10-23,9,2,10,0,0,953
2024-10-23 10:00:00,2024-10-23,10,2,10,0,0,1538
2024-10-23 11:00:00,2024-10-23,11,2,10,0,0,2001
2024-10-23 12:00:00,2024-10-23,12,2,10,0,0,2418
2024-10-23 13:00:00,2024-10-23,13,2,10,0,0,1944
2024-10-23 14:00:00,2024-10-23,14,2,10,0,0,2481
2024-10-23 15:00:00,2024-10-23,15,2,10,0,0,2504
2024-10-23 16:00:00,2024-10-23,16,2,10,0,0,2763
2024-10-23 17:00:00,2024-10-23,17,2,10,0,0,2679
2024-10-23 18:00:00,2024-10-23,18,2,10,0,0,2637
2024-10-23 19:00:00,2024-10-23,19,2,10,0,0,1765
2024-10-23 20:00:00,2024-10-23,20,2,10,0,0,1566
2024-10-23 21:00:00,2024-10-23,21,2,10,0,0,2708
2024-10-23 22:00:00,2024-10-23,22,2,10,0,0,2464
2024-10-23 23:00:00,2024-10-23,23,2,10,0,0,651
2024-10-24 09:00:00,2024-10-24,9,3,10,0,0,1177
2024-10-24 10:00:00,2024-10-24,10,3,10,0,0,1290
2024-10-24 11:00:00,2024-10-24,11,3,10,0,0,1576
2024-10-24 12:00:00,2024-10-24,12,3,10,0,0,1273
2024-10-24 13:00:00,2024-10-24,13,3,10,0,0,2734
2024-10-24 14:00:00,2024-10-24,14,3,10,0,0,3120
2024-10-24 15:00:00,2024-10-24,15,3,10,0,0,3421
2024-10-24 16:00:00,2024-10-24,16,3,10,0,0,3007
2024-10-24 17:00:00,2024-10-24,17,3,10,0,0,2887
2024-10-24 18:00:00,2024-10-24,18,3,10,0,0,1456
2024-10-24 19:00:00,2024-10-24,19,3,10,0,0,1616
2024-10-24 20:00:00,2024-10-24,20,3,10,0,0,2622
2024-10-24 21:00:00,2024-10-24,21,3,10,0,0,2499
2024-10-24 22:00:00,2024-10-24,22,3,10,0,0,2410
2024-10-24 23:00:00,2024-10-24,23,3,10,0,0,591
2024-10-25 09:00:00,2024-10-25,9,4,10,0,0,827
2024-10-25 10:00:00,2024-10-25,10,4,10,0,0,1729
2024-10-25 11:00:00,2024-10-25,11,4,10,0,0,2168
2024-10-25 12:00:00,2024-10-25,12,4,10,0,0,2381
2024-10-25 13:00:00,2024-10-25,13,4,10,0,0,2790
2024-10-25 14:00:00,2024-10-25,14,4,10,0,0,2899
2024-10-25 15:00:00,2024-10-25,15,4,10,0,0,2645
2024-10-25 16:00:00,2024-10-25,16,4,10,0,0,2978
2024-10-25 17:00:00,2024-10-25,17,4,10,0,0,2109
2024-10-25 18:00:00,2024-10-25,18,4,10,0,0,2518
2024-10-25 19:00:00,2024-10-25,19,4,10,0,0,1607
2024-10-25 20:00:00,2024-10-25,20,4,10,0,0,2461
2024-10-25 21:00:00,2024-10-25,21,4,10,0,0,1497
2024-10-25 22:00:00,2024-10-25,22,4,10,0,0,2538
2024-10-25 23:00:00,2024-10-25,23,4,10,0,0,563
2024-10-26 09:00:00,2024-10-26,9,5,10,1,0,1242
2024-10-26 10:00:00,2024-10-26,10,5,10,1,0,2125
2024-10-26 11:00:00,2024-10-26,11,5,10,1,0,2358
2024-10-26 12:00:00,2024-10-26,12,5,10,1,0,3337
2024-10-26 13:00:00,2024-10-26,13,5,10,1,0,2394
2024-10-26 14:00:00,2024-10-26,14,5,10,1,0,3861
2024-10-26 15:00:00,2024-10-26,15,5,10,1,0,3345
2024-10-26 16:00:00,2024-10-26,16,5,10,1,0,3425
2024-10-26 17:00:00,2024-10-26,17,5,10,1,0,3232
2024-10-26 18:00:00,2024-10-26,18,5,10,1,0,3328
2024-10-26 19:00:00,2024-10-26,19,5,10,1,0,3043
2024-10-26 20:00:00,2024-10-26,20,5,10,1,0,2902
2024-10-26 21:00:00,2024-10-26,21,5,10,1,0,3628
2024-10-26 22:00:00,2024-10-26,22,5,10,1,0,2376
2024-10-26 23:00:00,2024-10-26,23,5,10,1,0,653
2024-10-27 09:00:00,2024-10-27,9,6,10,1,0,1360
2024-10-27 10:00:00,2024-10-27,10,6,10,1,0,1694
2024-10-27 11:00:00,2024-10-27,11,6,10,1,0,2052
2024-10-27 12:00:00,2024-10-27,12,6,10,1,0,3167
2024-10-27 13:00:00,2024-10-27,13,6,10,1,0,3332
2024-10-27 14:00:00,2024-10-27,14,6,10,1,0,3854
2024-10-27 15:00:00,2024-10-27,15,6,10,1,0,4093
2024-10-27 16:00:00,2024-10-27,16,6,10,1,0,3804
2024-10-27 17:00:00,2024-10-27,17,6,10,1,0,3690
2024-10-27 18:00:00,2024-10-27,18,6,10,1,0,2993
2024-10-27 19:00:00,2024-10-27,19,6,10,1,0,1521
2024-10-27 20:00:00,2024-10-27,20,6,10,1,0,3620
2024-10-27 21:00:00,2024-10-27,21,6,10,1,0,2090
2024-10-27 22:00:00,2024-10-27,22,6,10,1,0,2852
2024-10-27 23:00:00,2024-10-27,23,6,10,1,0,522
2024-10-28 09:00:00,2024-10-28,9,0,10,0,0,1013
2024-10-28 10:00:00,2024-10-28,10,0,10,0,0,1423
2024-10-28 11:00:00,2024-10-28,11,0,10,0,0,1954
2024-10-28 12:00:00,2024-10-28,12,0,10,0,0,2329
2024-10-28 13:00:00,2024-10-28,13,0,10,0,0,2260
2024-10-28 14:00:00,2024-10-28,14,0,10,0,0,2571
2024-10-28 15:00:00,2024-10-28,15,0,10,0,0,3160
2024-10-28 16:00:00,2024-10-28,16,0,10,0,0,2893
2024-10-28 17:00:00,2024-10-28,17,0,10,0,0,3164
2024-10-28 18:00:00,2024-10-28,18,0,10,0,0,2552
2024-10-28 19:00:00,2024-10-28,19,0,10,0,0,2134
2024-10-28 20:00:00,2024-10-28,20,0,10,0,0,1983
2024-10-28 21:00:00,2024-10-28,21,0,10,0,0,2598
2024-10-28 22:00:00,2024-10-28,22,0,10,0,0,2364
2024-10-28 23:00:00,2024-10-28,23,0,10,0,0,527
2024-10-29 09:00:00,2024-10-29,9,1,10,0,0,1161
2024-10-29 10:00:00,2024-10-29,10,1,10,0,0,1668
2024-10-29 11:00:00,2024-10-29,11,1,10,0,0,1989
2024-10-29 12:00:00,2024-10-29,12,1,10,0,0,2000
2024-10-29 13:00:00,2024-10-29,13,1,10,0,0,2759
2024-10-29 14:00:00,2024-10-29,14,1,10,0,0,2521
2024-10-29 15:00:00,2024-10-29,15,1,10,0,0,2872
2024-10-29 16:00:00,2024-10-29,16,1,10,0,0,2631
2024-10-29 17:00:00,2024-10-29,17,1,10,0,0,2467
2024-10-29 18:00:00,2024-10-29,18,1,10,0,0,2441
2024-10-29 19:00:00,2024-10-29,19,1,10,0,0,1642
2024-10-29 20:00:00,2024-10-29,20,1,10,0,0,2935
2024-10-29 21:00:00,2024-10-29,21,1,10,0,0,1859
2024-10-29 22:00:00,2024-10-29,22,1,10,0,0,2209
2024-10-29 23:00:00,2024-10-29,23,1,10,0,0,590
2024-10-30 09:00:00,2024-10-30,9,2,10,0,0,1218
2024-10-30 10:00:00,2024-10-30,10,2,10,0,0,1480
2024-10-30 11:00:00,2024-10-30,11,2,10,0,0,1863
2024-10-30 12:00:00,2024-10-30,12,2,10,0,0,2345
2024-10-30 13:00:00,2024-10-30,13,2,10,0,0,2463
2024-10-30 14:00:00,2024-10-30,14,2,10,0,0,3187
2024-10-30 15:00:00,2024-10-30,15,2,10,0,0,3082
2024-10-30 16:00:00,2024-10-30,16,2,10,0,0,3016
2024-10-30 17:00:00,2024-10-30,17,2,10,0,0,2239
2024-10-30 18:00:00,2024-10-30,18,2,10,0,0,2214
2024-10-30 19:00:00,2024-10-30,19,2,10,0,0,1809
2024-10-30 20:00:00,2024-10-30,20,2,10,0,0,2092
2024-10-30 21:00:00,2024-10-30,21,2,10,0,0,2482
2024-10-30 22:00:00,2024-10-30,22,2,10,0,0,2226
2024-10-30 23:00:00,2024-10-30,23,2,10,0,0,609
2024-10-31 09:00:00,2024-10-31,9,3,10,0,0,694
2024-10-31 10:00:00,2024-10-31,10,3,10,0,0,1807
2024-10-31 11:00:00,2024-10-31,11,3,10,0,0,1675
2024-10-31 12:00:00,2024-10-31,12,3,10,0,0,2294
2024-10-31 13:00:00,2024-10-31,13,3,10,0,0,1942
2024-10-31 14:00:00,2024-10-31,14,3,10,0,0,2543
2024-10-31 15:00:00,2024-10-31,15,3,10,0,0,3086
2024-10-31 16:00:00,2024-10-31,16,3,10,0,0,2328
2024-10-31 17:00:00,2024-10-31,17,3,10,0,0,2975
2024-10-31 18:00:00,2024-10-31,18,3,10,0,0,2239
2024-10-31 19:00:00,2024-10-31,19,3,10,0,0,1742
2024-10-31 20:00:00,2024-10-31,20,3,10,0,0,1606
2024-10-31 21:00:00,2024-10-31,21,3,10,0,0,2611
2024-10-31 22:00:00,2024-10-31,22,3,10,0,0,2213
2024-10-31 23:00:00,2024-10-31,23,3,10,0,0,514
2024-11-01 09:00:00,2024-11-01,9,4,11,0,0,593
2024-11-01 10:00:00,2024-11-01,10,4,11,0,0,689
2024-11-01 11:00:00,2024-11-01,11,4,11,0,0,1225
2024-11-01 12:00:00,2024-11-01,12,4,11,0,0,1116
2024-11-01 13:00:00,2024-11-01,13,4,11,0,0,1492
2024-11-01 14:00:00,2024-11-01,14,4,11,0,0,1499
2024-11-01 15:00:00,2024-11-01,15,4,11,0,0,1322
2024-11-01 16:00:00,2024-11-01,16,4,11,0,0,1461
2024-11-01 17:00:00,2024-11-01,17,4,11,0,0,1484
2024-11-01 18:00:00,2024-11-01,18,4,11,0,0,1170
2024-11-01 19:00:00,2024-11-01,19,4,11,0,0,1149
2024-11-01 20:00:00,2024-11-01,20,4,11,0,0,1431
2024-11-01 21:00:00,2024-11-01,21,4,11,0,0,1415
2024-11-01 22:00:00,2024-11-01,22,4,11,0,0,1204
2024-11-01 23:00:00,2024-11-01,23,4,11,0,0,263
2024-11-02 09:00:00,2024-11-02,9,5,11,1,0,762
2024-11-02 10:00:00,2024-11-02,10,5,11,1,0,1109
2024-11-02 11:00:00,2024-11-02,11,5,11,1,0,1446
2024-11-02 12:00:00,2024-11-02,12,5,11,1,0,1195
2024-11-02 13:00:00,2024-11-02,13,5,11,1,0,1830
2024-11-02 14:00:00,2024-11-02,14,5,11,1,0,2012
2024-11-02 15:00:00,2024-11-02,15,5,11,1,0,1957
2024-11-02 16:00:00,2024-11-02,16,5,11,1,0,2281
2024-11-02 17:00:00,2024-11-02,17,5,11,1,0,1925
2024-11-02 18:00:00,2024-11-02,18,5,11,1,0,1871
2024-11-02 19:00:00,2024-11-02,19,5,11,1,0,1322
2024-11-02 20:00:00,2024-11-02,20,5,11,1,0,1914
2024-11-02 21:00:00,2024-11-02,21,5,11,1,0,2058
2024-11-02 22:00:00,2024-11-02,22,5,11,1,0,1992
2024-11-02 23:00:00,2024-11-02,23,5,11,1,0,355
2024-11-03 09:00:00,2024-11-03,9,6,11,1,0,798
2024-11-03 10:00:00,2024-11-03,10,6,11,1,0,727
2024-11-03 11:00:00,2024-11-03,11,6,11,1,0,1437
2024-11-03 12:00:00,2024-11-03,12,6,11,1,0,1750
2024-11-03 13:00:00,2024-11-03,13,6,11,1,0,1647
2024-11-03 14:00:00,2024-11-03,14,6,11,1,0,1991
2024-11-03 15:00:00,2024-11-03,15,6,11,1,0,1534
2024-11-03 16:00:00,2024-11-03,16,6,11,1,0,2316
2024-11-03 17:00:00,2024-11-03,17,6,11,1,0,1719
2024-11-03 18:00:00,2024-11-03,18,6,11,1,0,1627
2024-11-03 19:00:00,2024-11-03,19,6,11,1,0,1306
2024-11-03 20:00:00,2024-11-03,20,6,11,1,0,1957
2024-11-03 21:00:00,2024-11-03,21,6,11,1,0,794
2024-11-03 22:00:00,2024-11-03,22,6,11,1,0,1717
2024-11-03 23:00:00,2024-11-03,23,6,11,1,0,403
2024-11-04 09:00:00,2024-11-04,9,0,11,0,0,576
2024-11-04 10:00:00,2024-11-04,10,0,11,0,0,969
2024-11-04 11:00:00,2024-11-04,11,0,11,0,0,898
2024-11-04 12:00:00,2024-11-04,12,0,11,0,0,1308
2024-11-04 13:00:00,2024-11-04,13,0,11,0,0,1415
2024-11-04 14:00:00,2024-11-04,14,0,11,0,0,1684
2024-11-04 15:00:00,2024-11-04,15,0,11,0,0,1379
2024-11-04 16:00:00,2024-11-04,16,0,11,0,0,1334
2024-11-04 17:00:00,2024-11-04,17,0,11,0,0,1535
2024-11-04 18:00:00,2024-11-04,18,0,11,0,0,1258
2024-11-04 19:00:00,2024-11-04,19,0,11,0,0,819
2024-11-04 20:00:00,2024-11-04,20,0,11,0,0,1192
2024-11-04 21:00:00,2024-11-04,21,0,11,0,0,1334
2024-11-04 22:00:00,2024-11-04,22,0,11,0,0,1403
2024-11-04 23:00:00,2024-11-04,23,0,11,0,0,278
2024-11-05 09:00:00,2024-11-05,9,1,11,0,0,396
2024-11-05 10:00:00,2024-11-05,10,1,11,0,0,853
2024-11-05 11:00:00,2024-11-05,11,1,11,0,0,858
2024-11-05 12:00:00,2024-11-05,12,1,11,0,0,635
2024-11-05 13:00:00,2024-11-05,13,1,11,0,0,895
2024-11-05 14:00:00,2024-11-05,14,1,11,0,0,1605
2024-11-05 15:00:00,2024-11-05,15,1,11,0,0,1523
2024-11-05 16:00:00,2024-11-05,16,1,11,0,0,996
2024-11-05 17:00:00,2024-11-05,17,1,11,0,0,1583
2024-11-05 18:00:00,2024-11-05,18,1,11,0,0,1289
2024-11-05 19:00:00,2024-11-05,19,1,11,0,0,1200
2024-11-05 20:00:00,2024-11-05,20,1,11,0,0,1061
2024-11-05 21:00:00,2024-11-05,21,1,11,0,0,1269
2024-11-05 22:00:00,2024-11-05,22,1,11,0,0,1027
2024-11-05 23:00:00,2024-11-05,23,1,11,0,0,294
2024-11-06 09:00:00,2024-11-06,9,2,11,0,0,591
2024-11-06 10:00:00,2024-11-06,10,2,11,0,0,863
2024-11-06 11:00:00,2024-11-06,11,2,11,0,0,707
2024-11-06 12:00:00,2024-11-06,12,2,11,0,0,1287
2024-11-06 13:00:00,2024-11-06,13,2,11,0,0,1471
2024-11-06 14:00:00,2024-11-06,14,2,11,0,0,1841
2024-11-06 15:00:00,2024-11-06,15,2,11,0,0,1010
2024-11-06 16:00:00,2024-11-06,16,2,11,0,0,1297
2024-11-06 17:00:00,2024-11-06,17,2,11,0,0,1397
2024-11-06 18:00:00,2024-11-06,18,2,11,0,0,1082
2024-11-06 19:00:00,2024-11-06,19,2,11,0,0,1184
2024-11-06 20:00:00,2024-11-06,20,2,11,0,0,1231
2024-11-06 21:00:00,2024-11-06,21,2,11,0,0,1188
2024-11-06 22:00:00,2024-11-06,22,2,11,0,0,1202
2024-11-06 23:00:00,2024-11-06,23,2,11,0,0,328
2024-11-07 09:00:00,2024-11-07,9,3,11,0,0,598
2024-11-07 10:00:00,2024-11-07,10,3,11,0,0,741
2024-11-07 11:00:00,2024-11-07,11,3,11,0,0,1206
2024-11-07 12:00:00,2024-11-07,12,3,11,0,0,1074
2024-11-07 13:00:00,2024-11-07,13,3,11,0,0,1363
2024-11-07 14:00:00,2024-11-07,14,3,11,0,0,1577
2024-11-07 15:00:00,2024-11-07,15,3,11,0,0,1206
2024-11-07 16:00:00,2024-11-07,16,3,11,0,0,1547
2024-11-07 17:00:00,2024-11-07,17,3,11,0,0,1185
2024-11-07 18:00:00,2024-11-07,18,3,11,0,0,1316
2024-11-07 19:00:00,2024-11-07,19,3,11,0,0,889
2024-11-07 20:00:00,2024-11-07,20,3,11,0,0,966
2024-11-07 21:00:00,2024-11-07,21,3,11,0,0,1444
2024-11-07 22:00:00,2024-11-07,22,3,11,0,0,1406
2024-11-07 23:00:00,2024-11-07,23,3,11,0,0,311
2024-11-08 09:00:00,2024-11-08,9,4,11,0,0,592
2024-11-08 10:00:00,2024-11-08,10,4,11,0,0,747
2024-11-08 11:00:00,2024-11-08,11,4,11,0,0,1182
2024-11-08 12:00:00,2024-11-08,12,4,11,0,0,1097
2024-11-08 13:00:00,2024-11-08,13,4,11,0,0,1188
2024-11-08 14:00:00,2024-11-08,14,4,11,0,0,1579
2024-11-08 15:00:00,2024-11-08,15,4,11,0,0,1356
2024-11-08 16:00:00,2024-11-08,16,4,11,0,0,1296
2024-11-08 17:00:00,2024-11-08,17,4,11,0,0,1122
2024-11-08 18:00:00,2024-11-08,18,4,11,0,0,1128
2024-11-08 19:00:00,2024-11-08,19,4,11,0,0,995
2024-11-08 20:00:00,2024-11-08,20,4,11,0,0,918
2024-11-08 21:00:00,2024-11-08,21,4,11,0,0,1420
2024-11-08 22:00:00,2024-11-08,22,4,11,0,0,1355
2024-11-08 23:00:00,2024-11-08,23,4,11,0,0,295
2024-11-09 09:00:00,2024-11-09,9,5,11,1,0,803
2024-11-09 10:00:00,2024-11-09,10,5,11,1,0,1150
2024-11-09 11:00:00,2024-11-09,11,5,11,1,0,1564
2024-11-09 12:00:00,2024-11-09,12,5,11,1,0,1641
2024-11-09 13:00:00,2024-11-09,13,5,11,1,0,1729
2024-11-09 14:00:00,2024-11-09,14,5,11,1,0,1217
2024-11-09 15:00:00,2024-11-09,15,5,11,1,0,1673
2024-11-09 16:00:00,2024-11-09,16,5,11,1,0,1493
2024-11-09 17:00:00,2024-11-09,17,5,11,1,0,1959
2024-11-09 18:00:00,2024-11-09,18,5,11,1,0,1210
2024-11-09 19:00:00,2024-11-09,19,5,11,1,0,1336
2024-11-09 20:00:00,2024-11-09,20,5,11,1,0,2011
2024-11-09 21:00:00,2024-11-09,21,5,11,1,0,1621
2024-11-09 22:00:00,2024-11-09,22,5,11,1,0,1918
2024-11-09 23:00:00,2024-11-09,23,5,11,1,0,406
2024-11-10 09:00:00,2024-11-10,9,6,11,1,0,763
2024-11-10 10:00:00,2024-11-10,10,6,11,1,0,1160
2024-11-10 11:00:00,2024-11-10,11,6,11,1,0,1424
2024-11-10 12:00:00,2024-11-10,12,6,11,1,0,1686
2024-11-10 13:00:00,2024-11-10,13,6,11,1,0,1850
2024-11-10 14:00:00,2024-11-10,14,6,11,1,0,1966
2024-11-10 15:00:00,2024-11-10,15,6,11,1,0,2605
2024-11-10 16:00:00,2024-11-10,16,6,11,1,0,2255
2024-11-10 17:00:00,2024-11-10,17,6,11,1,0,1991
2024-11-10 18:00:00,2024-11-10,18,6,11,1,0,1638
2024-11-10 19:00:00,2024-11-10,19,6,11,1,0,1521
2024-11-10 20:00:00,2024-11-10,20,6,11,1,0,1828
2024-11-10 21:00:00,2024-11-10,21,6,11,1,0,1726
2024-11-10 22:00:00,2024-11-10,22,6,11,1,0,1160
2024-11-10 23:00:00,2024-11-10,23,6,11,1,0,404
2024-11-11 09:00:00,2024-11-11,9,0,11,0,0,377
2024-11-11 10:00:00,2024-11-11,10,0,11,0,0,823
2024-11-11 11:00:00,2024-11-11,11,0,11,0,0,946
2024-11-11 12:00:00,2024-11-11,12,0,11,0,0,1426
2024-11-11 13:00:00,2024-11-11,13,0,11,0,0,1360
2024-11-11 14:00:00,2024-11-11,14,0,11,0,0,1254
2024-11-11 15:00:00,2024-11-11,15,0,11,0,0,1491
2024-11-11 16:00:00,2024-11-11,16,0,11,0,0,1279
2024-11-11 17:00:00,2024-11-11,17,0,11,0,0,1434
2024-11-11 18:00:00,2024-11-11,18,0,11,0,0,1239
2024-11-11 19:00:00,2024-11-11,19,0,11,0,0,1121
2024-11-11 20:00:00,2024-11-11,20,0,11,0,0,1153
2024-11-11 21:00:00,2024-11-11,21,0,11,0,0,1280
2024-11-11 22:00:00,2024-11-11,22,0,11,0,0,1066
2024-11-11 23:00:00,2024-11-11,23,0,11,0,0,328
2024-11-12 09:00:00,2024-11-12,9,1,11,0,0,453
2024-11-12 10:00:00,2024-11-12,10,1,11,0,0,850
2024-11-12 11:00:00,2024-11-12,11,1,11,0,0,1005
2024-11-12 12:00:00,2024-11-12,12,1,11,0,0,1257
2024-11-12 13:00:00,2024-11-12,13,1,11,0,0,1618
2024-11-12 14:00:00,2024-11-12,14,1,11,0,0,1412
2024-11-12 15:00:00,2024-11-12,15,1,11,0,0,1524
2024-11-12 16:00:00,2024-11-12,16,1,11,0,0,1272
2024-11-12 17:00:00,2024-11-12,17,1,11,0,0,1215
2024-11-12 18:00:00,2024-11-12,18,1,11,0,0,1211
2024-11-12 19:00:00,2024-11-12,19,1,11,0,0,1138
2024-11-12 20:00:00,2024-11-12,20,1,11,0,0,1235
2024-11-12 21:00:00,2024-11-12,21,1,11,0,0,1238
2024-11-12 22:00:00,2024-11-12,22,1,11,0,0,1212
2024-11-12 23:00:00,2024-11-12,23,1,11,0,0,283
2024-11-13 09:00:00,2024-11-13,9,2,11,0,0,631
2024-11-13 10:00:00,2024-11-13,10,2,11,0,0,658
2024-11-13 11:00:00,2024-11-13,11,2,11,0,0,1160
2024-11-13 12:00:00,2024-11-13,12,2,11,0,0,1102
2024-11-13 13:00:00,2024-11-13,13,2,11,0,0,1474
2024-11-13 14:00:00,2024-11-13,14,2,11,0,0,1240
2024-11-13 15:00:00,2024-11-13,15,2,11,0,0,1620
2024-11-13 16:00:00,2024-11-13,16,2,11,0,0,1580
2024-11-13 17:00:00,2024-11-13,17,2,11,0,0,1419
2024-11-13 18:00:00,2024-11-13,18,2,11,0,0,1054
2024-11-13 19:00:00,2024-11-13,19,2,11,0,0,724
2024-11-13 20:00:00,2024-11-13,20,2,11,0,0,1093
2024-11-13 21:00:00,2024-11-13,21,2,11,0,0,1236
2024-11-13 22:00:00,2024-11-13,22,2,11,0,0,1432
2024-11-13 23:00:00,2024-11-13,23,2,11,0,0,331
2024-11-14 09:00:00,2024-11-14,9,3,11,0,0,610
2024-11-14 10:00:00,2024-11-14,10,3,11,0,0,708
2024-11-14 11:00:00,2024-11-14,11,3,11,0,0,1083
2024-11-14 12:00:00,2024-11-14,12,3,11,0,0,1200
2024-11-14 13:00:00,2024-11-14,13,3,11,0,0,979
2024-11-14 14:00:00,2024-11-14,14,3,11,0,0,1600
2024-11-14 15:00:00,2024-11-14,15,3,11,0,0,1495
2024-11-14 16:00:00,2024-11-14,16,3,11,0,0,1171
2024-11-14 17:00:00,2024-11-14,17,3,11,0,0,1178
2024-11-14 18:00:00,2024-11-14,18,3,11,0,0,741
2024-11-14 19:00:00,2024-11-14,19,3,11,0,0,1039
2024-11-14 20:00:00,2024-11-14,20,3,11,0,0,1319
2024-11-14 21:00:00,2024-11-14,21,3,11,0,0,1016
2024-11-14 22:00:00,2024-11-14,22,3,11,0,0,1125
2024-11-14 23:00:00,2024-11-14,23,3,11,0,0,402
2024-11-15 09:00:00,2024-11-15,9,4,11,0,0,587
2024-11-15 10:00:00,2024-11-15,10,4,11,0,0,873
2024-11-15 11:00:00,2024-11-15,11,4,11,0,0,926
2024-11-15 12:00:00,2024-11-15,12,4,11,0,0,897
2024-11-15 13:00:00,2024-11-15,13,4,11,0,0,1329
2024-11-15 14:00:00,2024-11-15,14,4,11,0,0,1416
2024-11-15 15:00:00,2024-11-15,15,4,11,0,0,1428
2024-11-15 16:00:00,2024-11-15,16,4,11,0,0,1442
2024-11-15 17:00:00,2024-11-15,17,4,11,0,0,1400
2024-11-15 18:00:00,2024-11-15,18,4,11,0,0,1176
2024-11-15 19:00:00,2024-11-15,19,4,11,0,0,852
2024-11-15 20:00:00,2024-11-15,20,4,11,0,0,1349
2024-11-15 21:00:00,2024-11-15,21,4,11,0,0,976
2024-11-15 22:00:00,2024-11-15,22,4,11,0,0,961
2024-11-15 23:00:00,2024-11-15,23,4,11,0,0,329
2024-11-16 09:00:00,2024-11-16,9,5,11,1,0,873
2024-11-16 10:00:00,2024-11-16,10,5,11,1,0,1076
2024-11-16 11:00:00,2024-11-16,11,5,11,1,0,1130
2024-11-16 12:00:00,2024-11-16,12,5,11,1,0,1479
2024-11-16 13:00:00,2024-11-16,13,5,11,1,0,1774
2024-11-16 14:00:00,2024-11-16,14,5,11,1,0,1596
2024-11-16 15:00:00,2024-11-16,15,5,11,1,0,1845
2024-11-16 16:00:00,2024-11-16,16,5,11,1,0,2129
2024-11-16 17:00:00,2024-11-16,17,5,11,1,0,2146
2024-11-16 18:00:00,2024-11-16,18,5,11,1,0,1535
2024-11-16 19:00:00,2024-11-16,19,5,11,1,0,1480
2024-11-16 20:00:00,2024-11-16,20,5,11,1,0,1325
2024-11-16 21:00:00,2024-11-16,21,5,11,1,0,1857
2024-11-16 22:00:00,2024-11-16,22,5,11,1,0,1555
2024-11-16 23:00:00,2024-11-16,23,5,11,1,0,423
2024-11-17 09:00:00,2024-11-17,9,6,11,1,0,798
2024-11-17 10:00:00,2024-11-17,10,6,11,1,0,1255
2024-11-17 11:00:00,2024-11-17,11,6,11,1,0,1214
2024-11-17 12:00:00,2024-11-17,12,6,11,1,0,1738
2024-11-17 13:00:00,2024-11-17,13,6,11,1,0,1770
2024-11-17 14:00:00,2024-11-17,14,6,11,1,0,1937
2024-11-17 15:00:00,2024-11-17,15,6,11,1,0,1980
2024-11-17 16:00:00,2024-11-17,16,6,11,1,0,1774
2024-11-17 17:00:00,2024-11-17,17,6,11,1,0,1829
2024-11-17 18:00:00,2024-11-17,18,6,11,1,0,1604
2024-11-17 19:00:00,2024-11-17,19,6,11,1,0,1396
2024-11-17 20:00:00,2024-11-17,20,6,11,1,0,1738
2024-11-17 21:00:00,2024-11-17,21,6,11,1,0,1886
2024-11-17 22:00:00,2024-11-17,22,6,11,1,0,1912
2024-11-17 23:00:00,2024-11-17,23,6,11,1,0,357
2024-11-18 09:00:00,2024-11-18,9,0,11,0,0,673
2024-11-18 10:00:00,2024-11-18,10,0,11,0,0,482
2024-11-18 11:00:00,2024-11-18,11,0,11,0,0,1076
2024-11-18 12:00:00,2024-11-18,12,0,11,0,0,1286
2024-11-18 13:00:00,2024-11-18,13,0,11,0,0,1045
2024-11-18 14:00:00,2024-11-18,14,0,11,0,0,1479
2024-11-18 15:00:00,2024-11-18,15,0,11,0,0,1415
2024-11-18 16:00:00,2024-11-18,16,0,11,0,0,1329
2024-11-18 17:00:00,2024-11-18,17,0,11,0,0,1577
2024-11-18 18:00:00,2024-11-18,18,0,11,0,0,1103
2024-11-18 19:00:00,2024-11-18,19,0,11,0,0,908
2024-11-18 20:00:00,2024-11-18,20,0,11,0,0,1286
2024-11-18 21:00:00,2024-11-18,21,0,11,0,0,965
2024-11-18 22:00:00,2024-11-18,22,0,11,0,0,1253
2024-11-18 23:00:00,2024-11-18,23,0,11,0,0,345
2024-11-19 09:00:00,2024-11-19,9,1,11,0,0,648
2024-11-19 10:00:00,2024-11-19,10,1,11,0,0,593
2024-11-19 11:00:00,2024-11-19,11,1,11,0,0,941
2024-11-19 12:00:00,2024-11-19,12,1,11,0,0,1117
2024-11-19 13:00:00,2024-11-19,13,1,11,0,0,1435
2024-11-19 14:00:00,2024-11-19,14,1,11,0,0,1002
2024-11-19 15:00:00,2024-11-19,15,1,11,0,0,1958
2024-11-19 16:00:00,2024-11-19,16,1,11,0,0,1556
2024-11-19 17:00:00,2024-11-19,17,1,11,0,0,967
2024-11-19 18:00:00,2024-11-19,18,1,11,0,0,957
2024-11-19 19:00:00,2024-11-19,19,1,11,0,0,1288
2024-11-19 20:00:00,2024-11-19,20,1,11,0,0,1408
2024-11-19 21:00:00,2024-11-19,21,1,11,0,0,1420
2024-11-19 22:00:00,2024-11-19,22,1,11,0,0,1294
2024-11-19 23:00:00,2024-11-19,23,1,11,0,0,297
2024-11-20 09:00:00,2024-11-20,9,2,11,0,0,402
2024-11-20 10:00:00,2024-11-20,10,2,11,0,0,723
2024-11-20 11:00:00,2024-11-20,11,2,11,0,0,922
2024-11-20 12:00:00,2024-11-20,12,2,11,0,0,1003
2024-11-20 13:00:00,2024-11-20,13,2,11,0,0,1344
2024-11-20 14:00:00,2024-11-20,14,2,11,0,0,1167
2024-11-20 15:00:00,2024-11-20,15,2,11,0,0,1534
2024-11-20 16:00:00,2024-11-20,16,2,11,0,0,1456
2024-11-20 17:00:00,2024-11-20,17,2,11,0,0,1381
2024-11-20 18:00:00,2024-11-20,18,2,11,0,0,1122
2024-11-20 19:00:00,2024-11-20,19,2,11,0,0,1376
2024-11-20 20:00:00,2024-11-20,20,2,11,0,0,1483
2024-11-20 21:00:00,2024-11-20,21,2,11,0,0,1084
2024-11-20 22:00:00,2024-11-20,22,2,11,0,0,1310
2024-11-20 23:00:00,2024-11-20,23,2,11,0,0,280
2024-11-21 09:00:00,2024-11-21,9,3,11,0,0,535
2024-11-21 10:00:00,2024-11-21,10,3,11,0,0,673
2024-11-21 11:00:00,2024-11-21,11,3,11,0,0,1057
2024-11-21 12:00:00,2024-11-21,12,3,11,0,0,1099
2024-11-21 13:00:00,2024-11-21,13,3,11,0,0,1514
2024-11-21 14:00:00,2024-11-21,14,3,11,0,0,1637
2024-11-21 15:00:00,2024-11-21,15,3,11,0,0,1747
2024-11-21 16:00:00,2024-11-21,16,3,11,0,0,1313
2024-11-21 17:00:00,2024-11-21,17,3,11,0,0,1434
2024-11-21 18:00:00,2024-11-21,18,3,11,0,0,902
2024-11-21 19:00:00,2024-11-21,19,3,11,0,0,948
2024-11-21 20:00:00,2024-11-21,20,3,11,0,0,1156
2024-11-21 21:00:00,2024-11-21,21,3,11,0,0,1521
2024-11-21 22:00:00,2024-11-21,22,3,11,0,0,1309
2024-11-21 23:00:00,2024-11-21,23,3,11,0,0,325
2024-11-22 09:00:00,2024-11-22,9,4,11,0,0,549
2024-11-22 10:00:00,2024-11-22,10,4,11,0,0,685
2024-11-22 11:00:00,2024-11-22,11,4,11,0,0,936
2024-11-22 12:00:00,2024-11-22,12,4,11,0,0,1179
2024-11-22 13:00:00,2024-11-22,13,4,11,0,0,828
2024-11-22 14:00:00,2024-11-22,14,4,11,0,0,1461
2024-11-22 15:00:00,2024-11-22,15,4,11,0,0,1196
2024-11-22 16:00:00,2024-11-22,16,4,11,0,0,1266
2024-11-22 17:00:00,2024-11-22,17,4,11,0,0,1466
2024-11-22 18:00:00,2024-11-22,18,4,11,0,0,1284
2024-11-22 19:00:00,2024-11-22,19,4,11,0,0,958
2024-11-22 20:00:00,2024-11-22,20,4,11,0,0,1119
2024-11-22 21:00:00,2024-11-22,21,4,11,0,0,1117
2024-11-22 22:00:00,2024-11-22,22,4,11,0,0,1217
2024-11-22 23:00:00,2024-11-22,23,4,11,0,0,326
2024-11-23 09:00:00,2024-11-23,9,5,11,1,0,640
2024-11-23 10:00:00,2024-11-23,10,5,11,1,0,1019
2024-11-23 11:00:00,2024-11-23,11,5,11,1,0,1169
2024-11-23 12:00:00,2024-11-23,12,5,11,1,0,1668
2024-11-23 13:00:00,2024-11-23,13,5,11,1,0,1651
2024-11-23 14:00:00,2024-11-23,14,5,11,1,0,1852
2024-11-23 15:00:00,2024-11-23,15,5,11,1,0,2347
2024-11-23 16:00:00,2024-11-23,16,5,11,1,0,2171
2024-11-23 17:00:00,2024-11-23,17,5,11,1,0,1867
2024-11-23 18:00:00,2024-11-23,18,5,11,1,0,1370
2024-11-23 19:00:00,2024-11-23,19,5,11,1,0,1391
2024-11-23 20:00:00,2024-11-23,20,5,11,1,0,1940
2024-11-23 21:00:00,2024-11-23,21,5,11,1,0,1643
2024-11-23 22:00:00,2024-11-23,22,5,11,1,0,1400
2024-11-23 23:00:00,2024-11-23,23,5,11,1,0,472
2024-11-24 09:00:00,2024-11-24,9,6,11,1,0,987
2024-11-24 10:00:00,2024-11-24,10,6,11,1,0,1123
2024-11-24 11:00:00,2024-11-24,11,6,11,1,0,1453
2024-11-24 12:00:00,2024-11-24,12,6,11,1,0,1891
2024-11-24 13:00:00,2024-11-24,13,6,11,1,0,1930
2024-11-24 14:00:00,2024-11-24,14,6,11,1,0,1856
2024-11-24 15:00:00,2024-11-24,15,6,11,1,0,1916
2024-11-24 16:00:00,2024-11-24,16,6,11,1,0,1422
2024-11-24 17:00:00,2024-11-24,17,6,11,1,0,1548
2024-11-24 18:00:00,2024-11-24,18,6,11,1,0,1589
2024-11-24 19:00:00,2024-11-24,19,6,11,1,0,1536
2024-11-24 20:00:00,2024-11-24,20,6,11,1,0,1268
2024-11-24 21:00:00,2024-11-24,21,6,11,1,0,2038
2024-11-24 22:00:00,2024-11-24,22,6,11,1,0,1953
2024-11-24 23:00:00,2024-11-24,23,6,11,1,0,386
2024-11-25 09:00:00,2024-11-25,9,0,11,0,0,649
2024-11-25 10:00:00,2024-11-25,10,0,11,0,0,803
2024-11-25 11:00:00,2024-11-25,11,0,11,0,0,1153
2024-11-25 12:00:00,2024-11-25,12,0,11,0,0,1339
2024-11-25 13:00:00,2024-11-25,13,0,11,0,0,1129
2024-11-25 14:00:00,2024-11-25,14,0,11,0,0,1566
2024-11-25 15:00:00,2024-11-25,15,0,11,0,0,1024
2024-11-25 16:00:00,2024-11-25,16,0,11,0,0,1477
2024-11-25 17:00:00,2024-11-25,17,0,11,0,0,1238
2024-11-25 18:00:00,2024-11-25,18,0,11,0,0,1449
2024-11-25 19:00:00,2024-11-25,19,0,11,0,0,1130
2024-11-25 20:00:00,2024-11-25,20,0,11,0,0,1161
2024-11-25 21:00:00,2024-11-25,21,0,11,0,0,1070
2024-11-25 22:00:00,2024-11-25,22,0,11,0,0,1215
2024-11-25 23:00:00,2024-11-25,23,0,11,0,0,318
2024-11-26 09:00:00,2024-11-26,9,1,11,0,0,627
2024-11-26 10:00:00,2024-11-26,10,1,11,0,0,923
2024-11-26 11:00:00,2024-11-26,11,1,11,0,0,1100
2024-11-26 12:00:00,2024-11-26,12,1,11,0,0,1337
2024-11-26 13:00:00,2024-11-26,13,1,11,0,0,1410
2024-11-26 14:00:00,2024-11-26,14,1,11,0,0,1219
2024-11-26 15:00:00,2024-11-26,15,1,11,0,0,1464
2024-11-26 16:00:00,2024-11-26,16,1,11,0,0,1649
2024-11-26 17:00:00,2024-11-26,17,1,11,0,0,1348
2024-11-26 18:00:00,2024-11-26,18,1,11,0,0,1270
2024-11-26 19:00:00,2024-11-26,19,1,11,0,0,967
2024-11-26 20:00:00,2024-11-26,20,1,11,0,0,1117
2024-11-26 21:00:00,2024-11-26,21,1,11,0,0,1256
2024-11-26 22:00:00,2024-11-26,22,1,11,0,0,1322
2024-11-26 23:00:00,2024-11-26,23,1,11,0,0,279
2024-11-27 09:00:00,2024-11-27,9,2,11,0,0,592
2024-11-27 10:00:00,2024-11-27,10,2,11,0,0,712
2024-11-27 11:00:00,2024-11-27,11,2,11,0,0,1140
2024-11-27 12:00:00,2024-11-27,12,2,11,0,0,1155
2024-11-27 13:00:00,2024-11-27,13,2,11,0,0,1593
2024-11-27 14:00:00,2024-11-27,14,2,11,0,0,1731
2024-11-27 15:00:00,2024-11-27,15,2,11,0,0,1485
2024-11-27 16:00:00,2024-11-27,16,2,11,0,0,1285
2024-11-27 17:00:00,2024-11-27,17,2,11,0,0,1017
2024-11-27 18:00:00,2024-11-27,18,2,11,0,0,986
2024-11-27 19:00:00,2024-11-27,19,2,11,0,0,839
2024-11-27 20:00:00,2024-11-27,20,2,11,0,0,1485
2024-11-27 21:00:00,2024-11-27,21,2,11,0,0,1292
2024-11-27 22:00:00,2024-11-27,22,2,11,0,0,1334
2024-11-27 23:00:00,2024-11-27,23,2,11,0,0,222
2024-11-28 09:00:00,2024-11-28,9,3,11,0,0,522
2024-11-28 10:00:00,2024-11-28,10,3,11,0,0,888
2024-11-28 11:00:00,2024-11-28,11,3,11,0,0,1040
2024-11-28 12:00:00,2024-11-28,12,3,11,0,0,1176
2024-11-28 13:00:00,2024-11-28,13,3,11,0,0,1449
2024-11-28 14:00:00,2024-11-28,14,3,11,0,0,1750
2024-11-28 15:00:00,2024-11-28,15,3,11,0,0,1022
2024-11-28 16:00:00,2024-11-28,16,3,11,0,0,1475
2024-11-28 17:00:00,2024-11-28,17,3,11,0,0,1388
2024-11-28 18:00:00,2024-11-28,18,3,11,0,0,1541
2024-11-28 19:00:00,2024-11-28,19,3,11,0,0,752
2024-11-28 20:00:00,2024-11-28,20,3,11,0,0,1379
2024-11-28 21:00:00,2024-11-28,21,3,11,0,0,1257
2024-11-28 22:00:00,2024-11-28,22,3,11,0,0,1361
2024-11-28 23:00:00,2024-11-28,23,3,11,0,0,278
2024-11-29 09:00:00,2024-11-29,9,4,11,0,0,424
2024-11-29 10:00:00,2024-11-29,10,4,11,0,0,871
2024-11-29 11:00:00,2024-11-29,11,4,11,0,0,1381
2024-11-29 12:00:00,2024-11-29,12,4,11,0,0,1313
2024-11-29 13:00:00,2024-11-29,13,4,11,0,0,1219
2024-11-29 14:00:00,2024-11-29,14,4,11,0,0,1388
2024-11-29 15:00:00,2024-11-29,15,4,11,0,0,1418
2024-11-29 16:00:00,2024-11-29,16,4,11,0,0,1147
2024-11-29 17:00:00,2024-11-29,17,4,11,0,0,1303
2024-11-29 18:00:00,2024-11-29,18,4,11,0,0,1303
2024-11-29 19:00:00,2024-11-29,19,4,11,0,0,851
2024-11-29 20:00:00,2024-11-29,20,4,11,0,0,1435
2024-11-29 21:00:00,2024-11-29,21,4,11,0,0,1349
2024-11-29 22:00:00,2024-11-29,22,4,11,0,0,1162
2024-11-29 23:00:00,2024-11-29,23,4,11,0,0,297
2024-11-30 09:00:00,2024-11-30,9,5,11,1,0,981
2024-11-30 10:00:00,2024-11-30,10,5,11,1,0,825
2024-11-30 11:00:00,2024-11-30,11,5,11,1,0,1358
2024-11-30 12:00:00,2024-11-30,12,5,11,1,0,1570
2024-11-30 13:00:00,2024-11-30,13,5,11,1,0,1849
2024-11-30 14:00:00,2024-11-30,14,5,11,1,0,1853
2024-11-30 15:00:00,2024-11-30,15,5,11,1,0,1513
2024-11-30 16:00:00,2024-11-30,16,5,11,1,0,2458
2024-11-30 17:00:00,2024-11-30,17,5,11,1,0,1866
2024-11-30 18:00:00,2024-11-30,18,5,11,1,0,1694
2024-11-30 19:00:00,2024-11-30,19,5,11,1,0,1347
2024-11-30 20:00:00,2024-11-30,20,5,11,1,0,1569
2024-11-30 21:00:00,2024-11-30,21,5,11,1,0,1682
2024-11-30 22:00:00,2024-11-30,22,5,11,1,0,1390
2024-11-30 23:00:00,2024-11-30,23,5,11,1,0,520
2024-12-01 09:00:00,2024-12-01,9,6,12,1,1,1028
2024-12-01 10:00:00,2024-12-01,10,6,12,1,1,1392
2024-12-01 11:00:00,2024-12-01,11,6,12,1,1,1885
2024-12-01 12:00:00,2024-12-01,12,6,12,1,1,2738
2024-12-01 13:00:00,2024-12-01,13,6,12,1,1,2692
2024-12-01 14:00:00,2024-12-01,14,6,12,1,1,2466
2024-12-01 15:00:00,2024-12-01,15,6,12,1,1,2391
2024-12-01 16:00:00,2024-12-01,16,6,12,1,1,3150
2024-12-01 17:00:00,2024-12-01,17,6,12,1,1,2861
2024-12-01 18:00:00,2024-12-01,18,6,12,1,1,2575
2024-12-01 19:00:00,2024-12-01,19,6,12,1,1,2562
2024-12-01 20:00:00,2024-12-01,20,6,12,1,1,3186
2024-12-01 21:00:00,2024-12-01,21,6,12,1,1,1621
2024-12-01 22:00:00,2024-12-01,22,6,12,1,1,3016
2024-12-01 23:00:00,2024-12-01,23,6,12,1,1,627
2024-12-02 09:00:00,2024-12-02,9,0,12,0,1,948
2024-12-02 10:00:00,2024-12-02,10,0,12,0,1,938
2024-12-02 11:00:00,2024-12-02,11,0,12,0,1,1444
2024-12-02 12:00:00,2024-12-02,12,0,12,0,1,1585
2024-12-02 13:00:00,2024-12-02,13,0,12,0,1,2188
2024-12-02 14:00:00,2024-12-02,14,0,12,0,1,2421
2024-12-02 15:00:00,2024-12-02,15,0,12,0,1,1652
2024-12-02 16:00:00,2024-12-02,16,0,12,0,1,2140
2024-12-02 17:00:00,2024-12-02,17,0,12,0,1,2258
2024-12-02 18:00:00,2024-12-02,18,0,12,0,1,1717
2024-12-02 19:00:00,2024-12-02,19,0,12,0,1,1603
2024-12-02 20:00:00,2024-12-02,20,0,12,0,1,1948
2024-12-02 21:00:00,2024-12-02,21,0,12,0,1,1946
2024-12-02 22:00:00,2024-12-02,22,0,12,0,1,1809
2024-12-02 23:00:00,2024-12-02,23,0,12,0,1,379
2024-12-03 09:00:00,2024-12-03,9,1,12,0,1,774
2024-12-03 10:00:00,2024-12-03,10,1,12,0,1,1277
2024-12-03 11:00:00,2024-12-03,11,1,12,0,1,1478
2024-12-03 12:00:00,2024-12-03,12,1,12,0,1,1209
2024-12-03 13:00:00,2024-12-03,13,1,12,0,1,1889
2024-12-03 14:00:00,2024-12-03,14,1,12,0,1,2067
2024-12-03 15:00:00,2024-12-03,15,1,12,0,1,2476
2024-12-03 16:00:00,2024-12-03,16,1,12,0,1,2059
2024-12-03 17:00:00,2024-12-03,17,1,12,0,1,1169
2024-12-03 18:00:00,2024-12-03,18,1,12,0,1,1913
2024-12-03 19:00:00,2024-12-03,19,1,12,0,1,1006
2024-12-03 20:00:00,2024-12-03,20,1,12,0,1,1877
2024-12-03 21:00:00,2024-12-03,21,1,12,0,1,2230
2024-12-03 22:00:00,2024-12-03,22,1,12,0,1,1865
2024-12-03 23:00:00,2024-12-03,23,1,12,0,1,321
2024-12-04 09:00:00,2024-12-04,9,2,12,0,1,767
2024-12-04 10:00:00,2024-12-04,10,2,12,0,1,1146
2024-12-04 11:00:00,2024-12-04,11,2,12,0,1,1582
2024-12-04 12:00:00,2024-12-04,12,2,12,0,1,1428
2024-12-04 13:00:00,2024-12-04,13,2,12,0,1,1427
2024-12-04 14:00:00,2024-12-04,14,2,12,0,1,2171
2024-12-04 15:00:00,2024-12-04,15,2,12,0,1,2210
2024-12-04 16:00:00,2024-12-04,16,2,12,0,1,2412
2024-12-04 17:00:00,2024-12-04,17,2,12,0,1,2070
2024-12-04 18:00:00,2024-12-04,18,2,12,0,1,2068
2024-12-04 19:00:00,2024-12-04,19,2,12,0,1,1298
2024-12-04 20:00:00,2024-12-04,20,2,12,0,1,1900
2024-12-04 21:00:00,2024-12-04,21,2,12,0,1,1888
2024-12-04 22:00:00,2024-12-04,22,2,12,0,1,1630
2024-12-04 23:00:00,2024-12-04,23,2,12,0,1,495
2024-12-05 09:00:00,2024-12-05,9,3,12,0,1,1143
2024-12-05 10:00:00,2024-12-05,10,3,12,0,1,1175
2024-12-05 11:00:00,2024-12-05,11,3,12,0,1,1564
2024-12-05 12:00:00,2024-12-05,12,3,12,0,1,1774
2024-12-05 13:00:00,2024-12-05,13,3,12,0,1,1820
2024-12-05 14:00:00,2024-12-05,14,3,12,0,1,1676
2024-12-05 15:00:00,2024-12-05,15,3,12,0,1,2013
2024-12-05 16:00:00,2024-12-05,16,3,12,0,1,1787
2024-12-05 17:00:00,2024-12-05,17,3,12,0,1,2397
2024-12-05 18:00:00,2024-12-05,18,3,12,0,1,1732
2024-12-05 19:00:00,2024-12-05,19,3,12,0,1,1413
2024-12-05 20:00:00,2024-12-05,20,3,12,0,1,2069
2024-12-05 21:00:00,2024-12-05,21,3,12,0,1,1618
2024-12-05 22:00:00,2024-12-05,22,3,12,0,1,1697
2024-12-05 23:00:00,2024-12-05,23,3,12,0,1,447
2024-12-06 09:00:00,2024-12-06,9,4,12,0,1,1004
2024-12-06 10:00:00,2024-12-06,10,4,12,0,1,1248
2024-12-06 11:00:00,2024-12-06,11,4,12,0,1,1518
2024-12-06 12:00:00,2024-12-06,12,4,12,0,1,1773
2024-12-06 13:00:00,2024-12-06,13,4,12,0,1,2086
2024-12-06 14:00:00,2024-12-06,14,4,12,0,1,2197
2024-12-06 15:00:00,2024-12-06,15,4,12,0,1,1928
2024-12-06 16:00:00,2024-12-06,16,4,12,0,1,2157
2024-12-06 17:00:00,2024-12-06,17,4,12,0,1,1734
2024-12-06 18:00:00,2024-12-06,18,4,12,0,1,1773
2024-12-06 19:00:00,2024-12-06,19,4,12,0,1,1389
2024-12-06 20:00:00,2024-12-06,20,4,12,0,1,2439
2024-12-06 21:00:00,2024-12-06,21,4,12,0,1,1861
2024-12-06 22:00:00,2024-12-06,22,4,12,0,1,1088
2024-12-06 23:00:00,2024-12-06,23,4,12,0,1,437
2024-12-07 09:00:00,2024-12-07,9,5,12,1,1,1282
2024-12-07 10:00:00,2024-12-07,10,5,12,1,1,1908
2024-12-07 11:00:00,2024-12-07,11,5,12,1,1,1850
2024-12-07 12:00:00,2024-12-07,12,5,12,1,1,1921
2024-12-07 13:00:00,2024-12-07,13,5,12,1,1,2950
2024-12-07 14:00:00,2024-12-07,14,5,12,1,1,2416
2024-12-07 15:00:00,2024-12-07,15,5,12,1,1,2814
2024-12-07 16:00:00,2024-12-07,16,5,12,1,1,2807
2024-12-07 17:00:00,2024-12-07,17,5,12,1,1,2664
2024-12-07 18:00:00,2024-12-07,18,5,12,1,1,1797
2024-12-07 19:00:00,2024-12-07,19,5,12,1,1,1827
2024-12-07 20:00:00,2024-12-07,20,5,12,1,1,2441
2024-12-07 21:00:00,2024-12-07,21,5,12,1,1,2520
2024-12-07 22:00:00,2024-12-07,22,5,12,1,1,2569
2024-12-07 23:00:00,2024-12-07,23,5,12,1,1,606
2024-12-08 09:00:00,2024-12-08,9,6,12,1,1,1270
2024-12-08 10:00:00,2024-12-08,10,6,12,1,1,1750
2024-12-08 11:00:00,2024-12-08,11,6,12,1,1,2084
2024-12-08 12:00:00,2024-12-08,12,6,12,1,1,2500
2024-12-08 13:00:00,2024-12-08,13,6,12,1,1,2177
2024-12-08 14:00:00,2024-12-08,14,6,12,1,1,2914
2024-12-08 15:00:00,2024-12-08,15,6,12,1,1,3140
2024-12-08 16:00:00,2024-12-08,16,6,12,1,1,3150
2024-12-08 17:00:00,2024-12-08,17,6,12,1,1,2464
2024-12-08 18:00:00,2024-12-08,18,6,12,1,1,2184
2024-12-08 19:00:00,2024-12-08,19,6,12,1,1,1853
2024-12-08 20:00:00,2024-12-08,20,6,12,1,1,2687
2024-12-08 21:00:00,2024-12-08,21,6,12,1,1,2837
2024-12-08 22:00:00,2024-12-08,22,6,12,1,1,1680
2024-12-08 23:00:00,2024-12-08,23,6,12,1,1,664
2024-12-09 09:00:00,2024-12-09,9,0,12,0,1,907
2024-12-09 10:00:00,2024-12-09,10,0,12,0,1,1160
2024-12-09 11:00:00,2024-12-09,11,0,12,0,1,1437
2024-12-09 12:00:00,2024-12-09,12,0,12,0,1,1914
2024-12-09 13:00:00,2024-12-09,13,0,12,0,1,1447
2024-12-09 14:00:00,2024-12-09,14,0,12,0,1,2731
2024-12-09 15:00:00,2024-12-09,15,0,12,0,1,1975
2024-12-09 16:00:00,2024-12-09,16,0,12,0,1,2279
2024-12-09 17:00:00,2024-12-09,17,0,12,0,1,1864
2024-12-09 18:00:00,2024-12-09,18,0,12,0,1,1573
2024-12-09 19:00:00,2024-12-09,19,0,12,0,1,1472
2024-12-09 20:00:00,2024-12-09,20,0,12,0,1,1330
2024-12-09 21:00:00,2024-12-09,21,0,12,0,1,2524
2024-12-09 22:00:00,2024-12-09,22,0,12,0,1,1828
2024-12-09 23:00:00,2024-12-09,23,0,12,0,1,383
2024-12-10 09:00:00,2024-12-10,9,1,12,0,1,923
2024-12-10 10:00:00,2024-12-10,10,1,12,0,1,884
2024-12-10 11:00:00,2024-12-10,11,1,12,0,1,1458
2024-12-10 12:00:00,2024-12-10,12,1,12,0,1,1760
2024-12-10 13:00:00,2024-12-10,13,1,12,0,1,2180
2024-12-10 14:00:00,2024-12-10,14,1,12,0,1,2396
2024-12-10 15:00:00,2024-12-10,15,1,12,0,1,2067
2024-12-10 16:00:00,2024-12-10,16,1,12,0,1,2106
2024-12-10 17:00:00,2024-12-10,17,1,12,0,1,1807
2024-12-10 18:00:00,2024-12-10,18,1,12,0,1,1518
2024-12-10 19:00:00,2024-12-10,19,1,12,0,1,1529
2024-12-10 20:00:00,2024-12-10,20,1,12,0,1,1584
2024-12-10 21:00:00,2024-12-10,21,1,12,0,1,1776
2024-12-10 22:00:00,2024-12-10,22,1,12,0,1,1646
2024-12-10 23:00:00,2024-12-10,23,1,12,0,1,473
2024-12-11 09:00:00,2024-12-11,9,2,12,0,1,1087
2024-12-11 10:00:00,2024-12-11,10,2,12,0,1,993
2024-12-11 11:00:00,2024-12-11,11,2,12,0,1,1146
2024-12-11 12:00:00,2024-12-11,12,2,12,0,1,1730
2024-12-11 13:00:00,2024-12-11,13,2,12,0,1,1994
2024-12-11 14:00:00,2024-12-11,14,2,12,0,1,2201
2024-12-11 15:00:00,2024-12-11,15,2,12,0,1,2082
2024-12-11 16:00:00,2024-12-11,16,2,12,0,1,2094
2024-12-11 17:00:00,2024-12-11,17,2,12,0,1,2078
2024-12-11 18:00:00,2024-12-11,18,2,12,0,1,1976
2024-12-11 19:00:00,2024-12-11,19,2,12,0,1,1128
2024-12-11 20:00:00,2024-12-11,20,2,12,0,1,1787
2024-12-11 21:00:00,2024-12-11,21,2,12,0,1,1917
2024-12-11 22:00:00,2024-12-11,22,2,12,0,1,1664
2024-12-11 23:00:00,2024-12-11,23,2,12,0,1,536
2024-12-12 09:00:00,2024-12-12,9,3,12,0,1,826
2024-12-12 10:00:00,2024-12-12,10,3,12,0,1,1171
2024-12-12 11:00:00,2024-12-12,11,3,12,0,1,1573
2024-12-12 12:00:00,2024-12-12,12,3,12,0,1,1142
2024-12-12 13:00:00,2024-12-12,13,3,12,0,1,1549
2024-12-12 14:00:00,2024-12-12,14,3,12,0,1,2035
2024-12-12 15:00:00,2024-12-12,15,3,12,0,1,2471
2024-12-12 16:00:00,2024-12-12,16,3,12,0,1,2058
2024-12-12 17:00:00,2024-12-12,17,3,12,0,1,1788
2024-12-12 18:00:00,2024-12-12,18,3,12,0,1,1951
2024-12-12 19:00:00,2024-12-12,19,3,12,0,1,1416
2024-12-12 20:00:00,2024-12-12,20,3,12,0,1,1755
2024-12-12 21:00:00,2024-12-12,21,3,12,0,1,1903
2024-12-12 22:00:00,2024-12-12,22,3,12,0,1,2042
2024-12-12 23:00:00,2024-12-12,23,3,12,0,1,571
2024-12-13 09:00:00,2024-12-13,9,4,12,0,1,688
2024-12-13 10:00:00,2024-12-13,10,4,12,0,1,1341
2024-12-13 11:00:00,2024-12-13,11,4,12,0,1,1385
2024-12-13 12:00:00,2024-12-13,12,4,12,0,1,1540
2024-12-13 13:00:00,2024-12-13,13,4,12,0,1,2005
2024-12-13 14:00:00,2024-12-13,14,4,12,0,1,2173
2024-12-13 15:00:00,2024-12-13,15,4,12,0,1,1915
2024-12-13 16:00:00,2024-12-13,16,4,12,0,1,2100
2024-12-13 17:00:00,2024-12-13,17,4,12,0,1,2086
2024-12-13 18:00:00,2024-12-13,18,4,12,0,1,1832
2024-12-13 19:00:00,2024-12-13,19,4,12,0,1,1563
2024-12-13 20:00:00,2024-12-13,20,4,12,0,1,1354
2024-12-13 21:00:00,2024-12-13,21,4,12,0,1,1229
2024-12-13 22:00:00,2024-12-13,22,4,12,0,1,1754
2024-12-13 23:00:00,2024-12-13,23,4,12,0,1,380
2024-12-14 09:00:00,2024-12-14,9,5,12,1,1,1466
2024-12-14 10:00:00,2024-12-14,10,5,12,1,1,1114
2024-12-14 11:00:00,2024-12-14,11,5,12,1,1,1937
2024-12-14 12:00:00,2024-12-14,12,5,12,1,1,2107
2024-12-14 13:00:00,2024-12-14,13,5,12,1,1,3634
2024-12-14 14:00:00,2024-12-14,14,5,12,1,1,2523
2024-12-14 15:00:00,2024-12-14,15,5,12,1,1,1972
2024-12-14 16:00:00,2024-12-14,16,5,12,1,1,3041
2024-12-14 17:00:00,2024-12-14,17,5,12,1,1,2880
2024-12-14 18:00:00,2024-12-14,18,5,12,1,1,2644
2024-12-14 19:00:00,2024-12-14,19,5,12,1,1,1695
2024-12-14 20:00:00,2024-12-14,20,5,12,1,1,2677
2024-12-14 21:00:00,2024-12-14,21,5,12,1,1,2204
2024-12-14 22:00:00,2024-12-14,22,5,12,1,1,2446
2024-12-14 23:00:00,2024-12-14,23,5,12,1,1,621
2024-12-15 09:00:00,2024-12-15,9,6,12,1,1,1507
2024-12-15 10:00:00,2024-12-15,10,6,12,1,1,1323
2024-12-15 11:00:00,2024-12-15,11,6,12,1,1,2278
2024-12-15 12:00:00,2024-12-15,12,6,12,1,1,2422
2024-12-15 13:00:00,2024-12-15,13,6,12,1,1,2957
2024-12-15 14:00:00,2024-12-15,14,6,12,1,1,2861
2024-12-15 15:00:00,2024-12-15,15,6,12,1,1,2669
2024-12-15 16:00:00,2024-12-15,16,6,12,1,1,3157
2024-12-15 17:00:00,2024-12-15,17,6,12,1,1,2898
2024-12-15 18:00:00,2024-12-15,18,6,12,1,1,2648
2024-12-15 19:00:00,2024-12-15,19,6,12,1,1,1987
2024-12-15 20:00:00,2024-12-15,20,6,12,1,1,2342
2024-12-15 21:00:00,2024-12-15,21,6,12,1,1,2052
2024-12-15 22:00:00,2024-12-15,22,6,12,1,1,2772
2024-12-15 23:00:00,2024-12-15,23,6,12,1,1,630
2024-12-16 09:00:00,2024-12-16,9,0,12,0,1,790
2024-12-16 10:00:00,2024-12-16,10,0,12,0,1,1101
2024-12-16 11:00:00,2024-12-16,11,0,12,0,1,1392
2024-12-16 12:00:00,2024-12-16,12,0,12,0,1,1444
2024-12-16 13:00:00,2024-12-16,13,0,12,0,1,1795
2024-12-16 14:00:00,2024-12-16,14,0,12,0,1,1853
2024-12-16 15:00:00,2024-12-16,15,0,12,0,1,2091
2024-12-16 16:00:00,2024-12-16,16,0,12,0,1,1955
2024-12-16 17:00:00,2024-12-16,17,0,12,0,1,1601
2024-12-16 18:00:00,2024-12-16,18,0,12,0,1,2183
2024-12-16 19:00:00,2024-12-16,19,0,12,0,1,1696
2024-12-16 20:00:00,2024-12-16,20,0,12,0,1,1695
2024-12-16 21:00:00,2024-12-16,21,0,12,0,1,1931
2024-12-16 22:00:00,2024-12-16,22,0,12,0,1,1963
2024-12-16 23:00:00,2024-12-16,23,0,12,0,1,507
2024-12-17 09:00:00,2024-12-17,9,1,12,0,1,806
2024-12-17 10:00:00,2024-12-17,10,1,12,0,1,1331
2024-12-17 11:00:00,2024-12-17,11,1,12,0,1,1377
2024-12-17 12:00:00,2024-12-17,12,1,12,0,1,1475
2024-12-17 13:00:00,2024-12-17,13,1,12,0,1,2163
2024-12-17 14:00:00,2024-12-17,14,1,12,0,1,2478
2024-12-17 15:00:00,2024-12-17,15,1,12,0,1,2883
2024-12-17 16:00:00,2024-12-17,16,1,12,0,1,1836
2024-12-17 17:00:00,2024-12-17,17,1,12,0,1,2157
2024-12-17 18:00:00,2024-12-17,18,1,12,0,1,1670
2024-12-17 19:00:00,2024-12-17,19,1,12,0,1,1129
2024-12-17 20:00:00,2024-12-17,20,1,12,0,1,1540
2024-12-17 21:00:00,2024-12-17,21,1,12,0,1,1586
2024-12-17 22:00:00,2024-12-17,22,1,12,0,1,1695
2024-12-17 23:00:00,2024-12-17,23,1,12,0,1,448
2024-12-18 09:00:00,2024-12-18,9,2,12,0,1,825
2024-12-18 10:00:00,2024-12-18,10,2,12,0,1,1270
2024-12-18 11:00:00,2024-12-18,11,2,12,0,1,1656
2024-12-18 12:00:00,2024-12-18,12,2,12,0,1,1883
2024-12-18 13:00:00,2024-12-18,13,2,12,0,1,2377
2024-12-18 14:00:00,2024-12-18,14,2,12,0,1,2252
2024-12-18 15:00:00,2024-12-18,15,2,12,0,1,1315
2024-12-18 16:00:00,2024-12-18,16,2,12,0,1,2496
2024-12-18 17:00:00,2024-12-18,17,2,12,0,1,1846
2024-12-18 18:00:00,2024-12-18,18,2,12,0,1,1948
2024-12-18 19:00:00,2024-12-18,19,2,12,0,1,1753
2024-12-18 20:00:00,2024-12-18,20,2,12,0,1,1972
2024-12-18 21:00:00,2024-12-18,21,2,12,0,1,1534
2024-12-18 22:00:00,2024-12-18,22,2,12,0,1,1663
2024-12-18 23:00:00,2024-12-18,23,2,12,0,1,514
2024-12-19 09:00:00,2024-12-19,9,3,12,0,1,876
2024-12-19 10:00:00,2024-12-19,10,3,12,0,1,832
2024-12-19 11:00:00,2024-12-19,11,3,12,0,1,1608
2024-12-19 12:00:00,2024-12-19,12,3,12,0,1,1903
2024-12-19 13:00:00,2024-12-19,13,3,12,0,1,2057
2024-12-19 14:00:00,2024-12-19,14,3,12,0,1,2091
2024-12-19 15:00:00,2024-12-19,15,3,12,0,1,2117
2024-12-19 16:00:00,2024-12-19,16,3,12,0,1,2366
2024-12-19 17:00:00,2024-12-19,17,3,12,0,1,2122
2024-12-19 18:00:00,2024-12-19,18,3,12,0,1,1702
2024-12-19 19:00:00,2024-12-19,19,3,12,0,1,1666
2024-12-19 20:00:00,2024-12-19,20,3,12,0,1,1841
2024-12-19 21:00:00,2024-12-19,21,3,12,0,1,1678
2024-12-19 22:00:00,2024-12-19,22,3,12,0,1,1699
2024-12-19 23:00:00,2024-12-19,23,3,12,0,1,392
2024-12-20 09:00:00,2024-12-20,9,4,12,0,1,865
2024-12-20 10:00:00,2024-12-20,10,4,12,0,1,1351
2024-12-20 11:00:00,2024-12-20,11,4,12,0,1,1332
2024-12-20 12:00:00,2024-12-20,12,4,12,0,1,1796
2024-12-20 13:00:00,2024-12-20,13,4,12,0,1,1833
2024-12-20 14:00:00,2024-12-20,14,4,12,0,1,2078
2024-12-20 15:00:00,2024-12-20,15,4,12,0,1,1801
2024-12-20 16:00:00,2024-12-20,16,4,12,0,1,2088
2024-12-20 17:00:00,2024-12-20,17,4,12,0,1,1944
2024-12-20 18:00:00,2024-12-20,18,4,12,0,1,1870
2024-12-20 19:00:00,2024-12-20,19,4,12,0,1,1514
2024-12-20 20:00:00,2024-12-20,20,4,12,0,1,1601
2024-12-20 21:00:00,2024-12-20,21,4,12,0,1,2113
2024-12-20 22:00:00,2024-12-20,22,4,12,0,1,1917
2024-12-20 23:00:00,2024-12-20,23,4,12,0,1,454
2024-12-21 09:00:00,2024-12-21,9,5,12,1,1,1206
2024-12-21 10:00:00,2024-12-21,10,5,12,1,1,1490
2024-12-21 11:00:00,2024-12-21,11,5,12,1,1,2042
2024-12-21 12:00:00,2024-12-21,12,5,12,1,1,2506
2024-12-21 13:00:00,2024-12-21,13,5,12,1,1,2124
2024-12-21 14:00:00,2024-12-21,14,5,12,1,1,2709
2024-12-21 15:00:00,2024-12-21,15,5,12,1,1,2879
2024-12-21 16:00:00,2024-12-21,16,5,12,1,1,2985
2024-12-21 17:00:00,2024-12-21,17,5,12,1,1,3072
2024-12-21 18:00:00,2024-12-21,18,5,12,1,1,2151
2024-12-21 19:00:00,2024-12-21,19,5,12,1,1,1310
2024-12-21 20:00:00,2024-12-21,20,5,12,1,1,1658
2024-12-21 21:00:00,2024-12-21,21,5,12,1,1,2281
2024-12-21 22:00:00,2024-12-21,22,5,12,1,1,2419
2024-12-21 23:00:00,2024-12-21,23,5,12,1,1,655
2024-12-22 09:00:00,2024-12-22,9,6,12,1,1,1054
2024-12-22 10:00:00,2024-12-22,10,6,12,1,1,1671
2024-12-22 11:00:00,2024-12-22,11,6,12,1,1,1584
2024-12-22 12:00:00,2024-12-22,12,6,12,1,1,1548
2024-12-22 13:00:00,2024-12-22,13,6,12,1,1,2581
2024-12-22 14:00:00,2024-12-22,14,6,12,1,1,3478
2024-12-22 15:00:00,2024-12-22,15,6,12,1,1,2872
2024-12-22 16:00:00,2024-12-22,16,6,12,1,1,2131
2024-12-22 17:00:00,2024-12-22,17,6,12,1,1,2042
2024-12-22 18:00:00,2024-12-22,18,6,12,1,1,2381
2024-12-22 19:00:00,2024-12-22,19,6,12,1,1,2137
2024-12-22 20:00:00,2024-12-22,20,6,12,1,1,2638
2024-12-22 21:00:00,2024-12-22,21,6,12,1,1,2575
2024-12-22 22:00:00,2024-12-22,22,6,12,1,1,2876
2024-12-22 23:00:00,2024-12-22,23,6,12,1,1,560
2024-12-23 09:00:00,2024-12-23,9,0,12,0,1,990
2024-12-23 10:00:00,2024-12-23,10,0,12,0,1,946
2024-12-23 11:00:00,2024-12-23,11,0,12,0,1,1314
2024-12-23 12:00:00,2024-12-23,12,0,12,0,1,1375
2024-12-23 13:00:00,2024-12-23,13,0,12,0,1,1924
2024-12-23 14:00:00,2024-12-23,14,0,12,0,1,2133
2024-12-23 15:00:00,2024-12-23,15,0,12,0,1,2230
2024-12-23 16:00:00,2024-12-23,16,0,12,0,1,2161
2024-12-23 17:00:00,2024-12-23,17,0,12,0,1,1769
2024-12-23 18:00:00,2024-12-23,18,0,12,0,1,1716
2024-12-23 19:00:00,2024-12-23,19,0,12,0,1,1209
2024-12-23 20:00:00,2024-12-23,20,0,12,0,1,2175
2024-12-23 21:00:00,2024-12-23,21,0,12,0,1,1801
2024-12-23 22:00:00,2024-12-23,22,0,12,0,1,1760
2024-12-23 23:00:00,2024-12-23,23,0,12,0,1,528
2024-12-24 09:00:00,2024-12-24,9,1,12,0,1,761
2024-12-24 10:00:00,2024-12-24,10,1,12,0,1,1018
2024-12-24 11:00:00,2024-12-24,11,1,12,0,1,1280
2024-12-24 12:00:00,2024-12-24,12,1,12,0,1,1742
2024-12-24 13:00:00,2024-12-24,13,1,12,0,1,2093
2024-12-24 14:00:00,2024-12-24,14,1,12,0,1,2336
2024-12-24 15:00:00,2024-12-24,15,1,12,0,1,2879
2024-12-24 16:00:00,2024-12-24,16,1,12,0,1,1566
2024-12-24 17:00:00,2024-12-24,17,1,12,0,1,2136
2024-12-24 18:00:00,2024-12-24,18,1,12,0,1,1639
2024-12-24 19:00:00,2024-12-24,19,1,12,0,1,1370
2024-12-24 20:00:00,2024-12-24,20,1,12,0,1,1730
2024-12-24 21:00:00,2024-12-24,21,1,12,0,1,1666
2024-12-24 22:00:00,2024-12-24,22,1,12,0,1,2248
2024-12-24 23:00:00,2024-12-24,23,1,12,0,1,489
2024-12-25 09:00:00,2024-12-25,9,2,12,0,1,896
2024-12-25 10:00:00,2024-12-25,10,2,12,0,1,1368
2024-12-25 11:00:00,2024-12-25,11,2,12,0,1,1207
2024-12-25 12:00:00,2024-12-25,12,2,12,0,1,1476
2024-12-25 13:00:00,2024-12-25,13,2,12,0,1,1470
2024-12-25 14:00:00,2024-12-25,14,2,12,0,1,1965
2024-12-25 15:00:00,2024-12-25,15,2,12,0,1,2242
2024-12-25 16:00:00,2024-12-25,16,2,12,0,1,2172
2024-12-25 17:00:00,2024-12-25,17,2,12,0,1,1418
2024-12-25 18:00:00,2024-12-25,18,2,12,0,1,1459
2024-12-25 19:00:00,2024-12-25,19,2,12,0,1,1616
2024-12-25 20:00:00,2024-12-25,20,2,12,0,1,1923
2024-12-25 21:00:00,2024-12-25,21,2,12,0,1,2034
2024-12-25 22:00:00,2024-12-25,22,2,12,0,1,1445
2024-12-25 23:00:00,2024-12-25,23,2,12,0,1,460
2024-12-26 09:00:00,2024-12-26,9,3,12,0,1,766
2024-12-26 10:00:00,2024-12-26,10,3,12,0,1,1121
2024-12-26 11:00:00,2024-12-26,11,3,12,0,1,1569
2024-12-26 12:00:00,2024-12-26,12,3,12,0,1,1775
2024-12-26 13:00:00,2024-12-26,13,3,12,0,1,1787
2024-12-26 14:00:00,2024-12-26,14,3,12,0,1,2147
2024-12-26 15:00:00,2024-12-26,15,3,12,0,1,1795
2024-12-26 16:00:00,2024-12-26,16,3,12,0,1,2441
2024-12-26 17:00:00,2024-12-26,17,3,12,0,1,1941
2024-12-26 18:00:00,2024-12-26,18,3,12,0,1,1992
2024-12-26 19:00:00,2024-12-26,19,3,12,0,1,1381
2024-12-26 20:00:00,2024-12-26,20,3,12,0,1,1752
2024-12-26 21:00:00,2024-12-26,21,3,12,0,1,1698
2024-12-26 22:00:00,2024-12-26,22,3,12,0,1,2066
2024-12-26 23:00:00,2024-12-26,23,3,12,0,1,406
2024-12-27 09:00:00,2024-12-27,9,4,12,0,1,963
2024-12-27 10:00:00,2024-12-27,10,4,12,0,1,1123
2024-12-27 11:00:00,2024-12-27,11,4,12,0,1,1125
2024-12-27 12:00:00,2024-12-27,12,4,12,0,1,1636
2024-12-27 13:00:00,2024-12-27,13,4,12,0,1,1708
2024-12-27 14:00:00,2024-12-27,14,4,12,0,1,2154
2024-12-27 15:00:00,2024-12-27,15,4,12,0,1,1885
2024-12-27 16:00:00,2024-12-27,16,4,12,0,1,2384
2024-12-27 17:00:00,2024-12-27,17,4,12,0,1,1968
2024-12-27 18:00:00,2024-12-27,18,4,12,0,1,1203
2024-12-27 19:00:00,2024-12-27,19,4,12,0,1,1113
2024-12-27 20:00:00,2024-12-27,20,4,12,0,1,2086
2024-12-27 21:00:00,2024-12-27,21,4,12,0,1,1865
2024-12-27 22:00:00,2024-12-27,22,4,12,0,1,1696
2024-12-27 23:00:00,2024-12-27,23,4,12,0,1,349
2024-12-28 09:00:00,2024-12-28,9,5,12,1,1,1108
2024-12-28 10:00:00,2024-12-28,10,5,12,1,1,1471
2024-12-28 11:00:00,2024-12-28,11,5,12,1,1,2016
2024-12-28 12:00:00,2024-12-28,12,5,12,1,1,1591
2024-12-28 13:00:00,2024-12-28,13,5,12,1,1,2909
2024-12-28 14:00:00,2024-12-28,14,5,12,1,1,1878
2024-12-28 15:00:00,2024-12-28,15,5,12,1,1,2949
2024-12-28 16:00:00,2024-12-28,16,5,12,1,1,3308
2024-12-28 17:00:00,2024-12-28,17,5,12,1,1,2797
2024-12-28 18:00:00,2024-12-28,18,5,12,1,1,2354
2024-12-28 19:00:00,2024-12-28,19,5,12,1,1,1847
2024-12-28 20:00:00,2024-12-28,20,5,12,1,1,2332
2024-12-28 21:00:00,2024-12-28,21,5,12,1,1,2266
2024-12-28 22:00:00,2024-12-28,22,5,12,1,1,2360
2024-12-28 23:00:00,2024-12-28,23,5,12,1,1,654
2024-12-29 09:00:00,2024-12-29,9,6,12,1,1,1175
2024-12-29 10:00:00,2024-12-29,10,6,12,1,1,1332
2024-12-29 11:00:00,2024-12-29,11,6,12,1,1,2413
2024-12-29 12:00:00,2024-12-29,12,6,12,1,1,2462
2024-12-29 13:00:00,2024-12-29,13,6,12,1,1,2233
2024-12-29 14:00:00,2024-12-29,14,6,12,1,1,2743
2024-12-29 15:00:00,2024-12-29,15,6,12,1,1,3009
2024-12-29 16:00:00,2024-12-29,16,6,12,1,1,3489
2024-12-29 17:00:00,2024-12-29,17,6,12,1,1,2330
2024-12-29 18:00:00,2024-12-29,18,6,12,1,1,2649
2024-12-29 19:00:00,2024-12-29,19,6,12,1,1,2325
2024-12-29 20:00:00,2024-12-29,20,6,12,1,1,2334
2024-12-29 21:00:00,2024-12-29,21,6,12,1,1,2440
2024-12-29 22:00:00,2024-12-29,22,6,12,1,1,2210
2024-12-29 23:00:00,2024-12-29,23,6,12,1,1,584
2024-12-30 09:00:00,2024-12-30,9,0,12,0,1,623
2024-12-30 10:00:00,2024-12-30,10,0,12,0,1,1270
2024-12-30 11:00:00,2024-12-30,11,0,12,0,1,1667
2024-12-30 12:00:00,2024-12-30,12,0,12,0,1,1599
2024-12-30 13:00:00,2024-12-30,13,0,12,0,1,1520
2024-12-30 14:00:00,2024-12-30,14,0,12,0,1,2140
2024-12-30 15:00:00,2024-12-30,15,0,12,0,1,2277
2024-12-30 16:00:00,2024-12-30,16,0,12,0,1,1546
2024-12-30 17:00:00,2024-12-30,17,0,12,0,1,1912
2024-12-30 18:00:00,2024-12-30,18,0,12,0,1,1783
2024-12-30 19:00:00,2024-12-30,19,0,12,0,1,1742
2024-12-30 20:00:00,2024-12-30,20,0,12,0,1,1955
2024-12-30 21:00:00,2024-12-30,21,0,12,0,1,1786
2024-12-30 22:00:00,2024-12-30,22,0,12,0,1,1757
2024-12-30 23:00:00,2024-12-30,23,0,12,0,1,435
2024-12-31 09:00:00,2024-12-31,9,1,12,0,1,1070
2024-12-31 10:00:00,2024-12-31,10,1,12,0,1,1151
2024-12-31 11:00:00,2024-12-31,11,1,12,0,1,1471
2024-12-31 12:00:00,2024-12-31,12,1,12,0,1,1655
2024-12-31 13:00:00,2024-12-31,13,1,12,0,1,2253
2024-12-31 14:00:00,2024-12-31,14,1,12,0,1,1855
2024-12-31 15:00:00,2024-12-31,15,1,12,0,1,2318
2024-12-31 16:00:00,2024-12-31,16,1,12,0,1,2166
2024-12-31 17:00:00,2024-12-31,17,1,12,0,1,1999
2024-12-31 18:00:00,2024-12-31,18,1,12,0,1,1254
2024-12-31 19:00:00,2024-12-31,19,1,12,0,1,1606
2024-12-31 20:00:00,2024-12-31,20,1,12,0,1,1900
2024-12-31 21:00:00,2024-12-31,21,1,12,0,1,1966
2024-12-31 22:00:00,2024-12-31,22,1,12,0,1,1710
2024-12-31 23:00:00,2024-12-31,23,1,12,0,1,423
2025-01-01 09:00:00,2025-01-01,9,2,1,0,0,850
2025-01-01 10:00:00,2025-01-01,10,2,1,0,0,1321
2025-01-01 11:00:00,2025-01-01,11,2,1,0,0,1407
2025-01-01 12:00:00,2025-01-01,12,2,1,0,0,2195
2025-01-01 13:00:00,2025-01-01,13,2,1,0,0,2093
2025-01-01 14:00:00,2025-01-01,14,2,1,0,0,1272
2025-01-01 15:00:00,2025-01-01,15,2,1,0,0,2166
2025-01-01 16:00:00,2025-01-01,16,2,1,0,0,1384
2025-01-01 17:00:00,2025-01-01,17,2,1,0,0,1466
2025-01-01 18:00:00,2025-01-01,18,2,1,0,0,2093
2025-01-01 19:00:00,2025-01-01,19,2,1,0,0,1599
2025-01-01 20:00:00,2025-01-01,20,2,1,0,0,1392
2025-01-01 21:00:00,2025-01-01,21,2,1,0,0,1907
2025-01-01 22:00:00,2025-01-01,22,2,1,0,0,1559
2025-01-01 23:00:00,2025-01-01,23,2,1,0,0,418
2025-01-02 09:00:00,2025-01-02,9,3,1,0,0,984
2025-01-02 10:00:00,2025-01-02,10,3,1,0,0,1029
2025-01-02 11:00:00,2025-01-02,11,3,1,0,0,1026
2025-01-02 12:00:00,2025-01-02,12,3,1,0,0,1708
2025-01-02 13:00:00,2025-01-02,13,3,1,0,0,1369
2025-01-02 14:00:00,2025-01-02,14,3,1,0,0,2180
2025-01-02 15:00:00,2025-01-02,15,3,1,0,0,2392
2025-01-02 16:00:00,2025-01-02,16,3,1,0,0,2309
2025-01-02 17:00:00,2025-01-02,17,3,1,0,0,2052
2025-01-02 18:00:00,2025-01-02,18,3,1,0,0,2008
2025-01-02 19:00:00,2025-01-02,19,3,1,0,0,1205
2025-01-02 20:00:00,2025-01-02,20,3,1,0,0,1983
2025-01-02 21:00:00,2025-01-02,21,3,1,0,0,2010
2025-01-02 22:00:00,2025-01-02,22,3,1,0,0,1591
2025-01-02 23:00:00,2025-01-02,23,3,1,0,0,364
2025-01-03 09:00:00,2025-01-03,9,4,1,0,0,814
2025-01-03 10:00:00,2025-01-03,10,4,1,0,0,1084
2025-01-03 11:00:00,2025-01-03,11,4,1,0,0,1608
2025-01-03 12:00:00,2025-01-03,12,4,1,0,0,1139
2025-01-03 13:00:00,2025-01-03,13,4,1,0,0,1786
2025-01-03 14:00:00,2025-01-03,14,4,1,0,0,1988
2025-01-03 15:00:00,2025-01-03,15,4,1,0,0,1746
2025-01-03 16:00:00,2025-01-03,16,4,1,0,0,2149
2025-01-03 17:00:00,2025-01-03,17,4,1,0,0,1947
2025-01-03 18:00:00,2025-01-03,18,4,1,0,0,1733
2025-01-03 19:00:00,2025-01-03,19,4,1,0,0,1703
2025-01-03 20:00:00,2025-01-03,20,4,1,0,0,1701
2025-01-03 21:00:00,2025-01-03,21,4,1,0,0,2165
2025-01-03 22:00:00,2025-01-03,22,4,1,0,0,1917
2025-01-03 23:00:00,2025-01-03,23,4,1,0,0,435
2025-01-04 09:00:00,2025-01-04,9,5,1,1,0,1569
2025-01-04 10:00:00,2025-01-04,10,5,1,1,0,1388
2025-01-04 11:00:00,2025-01-04,11,5,1,1,0,1906
2025-01-04 12:00:00,2025-01-04,12,5,1,1,0,2020
2025-01-04 13:00:00,2025-01-04,13,5,1,1,0,2994
2025-01-04 14:00:00,2025-01-04,14,5,1,1,0,3483
2025-01-04 15:00:00,2025-01-04,15,5,1,1,0,2495
2025-01-04 16:00:00,2025-01-04,16,5,1,1,0,3322
2025-01-04 17:00:00,2025-01-04,17,5,1,1,0,2623
2025-01-04 18:00:00,2025-01-04,18,5,1,1,0,1587
2025-01-04 19:00:00,2025-01-04,19,5,1,1,0,1591
2025-01-04 20:00:00,2025-01-04,20,5,1,1,0,3141
2025-01-04 21:00:00,2025-01-04,21,5,1,1,0,2666
2025-01-04 22:00:00,2025-01-04,22,5,1,1,0,2375
2025-01-04 23:00:00,2025-01-04,23,5,1,1,0,486
2025-01-05 09:00:00,2025-01-05,9,6,1,1,0,1066
2025-01-05 10:00:00,2025-01-05,10,6,1,1,0,1667
2025-01-05 11:00:00,2025-01-05,11,6,1,1,0,1949
2025-01-05 12:00:00,2025-01-05,12,6,1,1,0,2553
2025-01-05 13:00:00,2025-01-05,13,6,1,1,0,2666
2025-01-05 14:00:00,2025-01-05,14,6,1,1,0,2392
2025-01-05 15:00:00,2025-01-05,15,6,1,1,0,2996
2025-01-05 16:00:00,2025-01-05,16,6,1,1,0,3261
2025-01-05 17:00:00,2025-01-05,17,6,1,1,0,2677
2025-01-05 18:00:00,2025-01-05,18,6,1,1,0,2592
2025-01-05 19:00:00,2025-01-05,19,6,1,1,0,1741
2025-01-05 20:00:00,2025-01-05,20,6,1,1,0,2516
2025-01-05 21:00:00,2025-01-05,21,6,1,1,0,2335
2025-01-05 22:00:00,2025-01-05,22,6,1,1,0,2750
2025-01-05 23:00:00,2025-01-05,23,6,1,1,0,601
2025-01-06 09:00:00,2025-01-06,9,0,1,0,0,968
2025-01-06 10:00:00,2025-01-06,10,0,1,0,0,1331
2025-01-06 11:00:00,2025-01-06,11,0,1,0,0,1597
2025-01-06 12:00:00,2025-01-06,12,0,1,0,0,1814
2025-01-06 13:00:00,2025-01-06,13,0,1,0,0,1752
2025-01-06 14:00:00,2025-01-06,14,0,1,0,0,2144
2025-01-06 15:00:00,2025-01-06,15,0,1,0,0,2059
2025-01-06 16:00:00,2025-01-06,16,0,1,0,0,2057
2025-01-06 17:00:00,2025-01-06,17,0,1,0,0,1901
2025-01-06 18:00:00,2025-01-06,18,0,1,0,0,1550
2025-01-06 19:00:00,2025-01-06,19,0,1,0,0,1128
2025-01-06 20:00:00,2025-01-06,20,0,1,0,0,1720
2025-01-06 21:00:00,2025-01-06,21,0,1,0,0,1913
2025-01-06 22:00:00,2025-01-06,22,0,1,0,0,1567
2025-01-06 23:00:00,2025-01-06,23,0,1,0,0,445
2025-01-07 09:00:00,2025-01-07,9,1,1,0,0,1098
2025-01-07 10:00:00,2025-01-07,10,1,1,0,0,1322
2025-01-07 11:00:00,2025-01-07,11,1,1,0,0,1765
2025-01-07 12:00:00,2025-01-07,12,1,1,0,0,1839
2025-01-07 13:00:00,2025-01-07,13,1,1,0,0,2269
2025-01-07 14:00:00,2025-01-07,14,1,1,0,0,1959
2025-01-07 15:00:00,2025-01-07,15,1,1,0,0,2029
2025-01-07 16:00:00,2025-01-07,16,1,1,0,0,1440
2025-01-07 17:00:00,2025-01-07,17,1,1,0,0,2273
2025-01-07 18:00:00,2025-01-07,18,1,1,0,0,2081
2025-01-07 19:00:00,2025-01-07,19,1,1,0,0,1376
2025-01-07 20:00:00,2025-01-07,20,1,1,0,0,1813
2025-01-07 21:00:00,2025-01-07,21,1,1,0,0,1190
2025-01-07 22:00:00,2025-01-07,22,1,1,0,0,1955
2025-01-07 23:00:00,2025-01-07,23,1,1,0,0,504
2025-01-08 09:00:00,2025-01-08,9,2,1,0,0,707
2025-01-08 10:00:00,2025-01-08,10,2,1,0,0,1235
2025-01-08 11:00:00,2025-01-08,11,2,1,0,0,1425
2025-01-08 12:00:00,2025-01-08,12,2,1,0,0,1780
2025-01-08 13:00:00,2025-01-08,13,2,1,0,0,2100
2025-01-08 14:00:00,2025-01-08,14,2,1,0,0,2097
2025-01-08 15:00:00,2025-01-08,15,2,1,0,0,2172
2025-01-08 16:00:00,2025-01-08,16,2,1,0,0,2090
2025-01-08 17:00:00,2025-01-08,17,2,1,0,0,2222
2025-01-08 18:00:00,2025-01-08,18,2,1,0,0,1845
2025-01-08 19:00:00,2025-01-08,19,2,1,0,0,1513
2025-01-08 20:00:00,2025-01-08,20,2,1,0,0,1584
2025-01-08 21:00:00,2025-01-08,21,2,1,0,0,1785
2025-01-08 22:00:00,2025-01-08,22,2,1,0,0,2071
2025-01-08 23:00:00,2025-01-08,23,2,1,0,0,312
2025-01-09 09:00:00,2025-01-09,9,3,1,0,0,965
2025-01-09 10:00:00,2025-01-09,10,3,1,0,0,1427
2025-01-09 11:00:00,2025-01-09,11,3,1,0,0,1658
2025-01-09 12:00:00,2025-01-09,12,3,1,0,0,1776
2025-01-09 13:00:00,2025-01-09,13,3,1,0,0,1868
2025-01-09 14:00:00,2025-01-09,14,3,1,0,0,1488
2025-01-09 15:00:00,2025-01-09,15,3,1,0,0,2155
2025-01-09 16:00:00,2025-01-09,16,3,1,0,0,2061
2025-01-09 17:00:00,2025-01-09,17,3,1,0,0,2083
2025-01-09 18:00:00,2025-01-09,18,3,1,0,0,1724
2025-01-09 19:00:00,2025-01-09,19,3,1,0,0,992
2025-01-09 20:00:00,2025-01-09,20,3,1,0,0,1470
2025-01-09 21:00:00,2025-01-09,21,3,1,0,0,1659
2025-01-09 22:00:00,2025-01-09,22,3,1,0,0,1976
2025-01-09 23:00:00,2025-01-09,23,3,1,0,0,535
2025-01-10 09:00:00,2025-01-10,9,4,1,0,0,883
2025-01-10 10:00:00,2025-01-10,10,4,1,0,0,1223
2025-01-10 11:00:00,2025-01-10,11,4,1,0,0,1643
2025-01-10 12:00:00,2025-01-10,12,4,1,0,0,1585
2025-01-10 13:00:00,2025-01-10,13,4,1,0,0,2078
2025-01-10 14:00:00,2025-01-10,14,4,1,0,0,1955
2025-01-10 15:00:00,2025-01-10,15,4,1,0,0,2428
2025-01-10 16:00:00,2025-01-10,16,4,1,0,0,2184
2025-01-10 17:00:00,2025-01-10,17,4,1,0,0,2061
2025-01-10 18:00:00,2025-01-10,18,4,1,0,0,1591
2025-01-10 19:00:00,2025-01-10,19,4,1,0,0,1119
2025-01-10 20:00:00,2025-01-10,20,4,1,0,0,2337
2025-01-10 21:00:00,2025-01-10,21,4,1,0,0,1643
2025-01-10 22:00:00,2025-01-10,22,4,1,0,0,1793
2025-01-10 23:00:00,2025-01-10,23,4,1,0,0,456
2025-01-11 09:00:00,2025-01-11,9,5,1,1,0,1321
2025-01-11 10:00:00,2025-01-11,10,5,1,1,0,1482
2025-01-11 11:00:00,2025-01-11,11,5,1,1,0,1314
2025-01-11 12:00:00,2025-01-11,12,5,1,1,0,2758
2025-01-11 13:00:00,2025-01-11,13,5,1,1,0,2932
2025-01-11 14:00:00,2025-01-11,14,5,1,1,0,2290
2025-01-11 15:00:00,2025-01-11,15,5,1,1,0,1927
2025-01-11 16:00:00,2025-01-11,16,5,1,1,0,2409
2025-01-11 17:00:00,2025-01-11,17,5,1,1,0,3154
2025-01-11 18:00:00,2025-01-11,18,5,1,1,0,2638
2025-01-11 19:00:00,2025-01-11,19,5,1,1,0,1948
2025-01-11 20:00:00,2025-01-11,20,5,1,1,0,2549
2025-01-11 21:00:00,2025-01-11,21,5,1,1,0,1739
2025-01-11 22:00:00,2025-01-11,22,5,1,1,0,2866
2025-01-11 23:00:00,2025-01-11,23,5,1,1,0,536
2025-01-12 09:00:00,2025-01-12,9,6,1,1,0,1090
2025-01-12 10:00:00,2025-01-12,10,6,1,1,0,1782
2025-01-12 11:00:00,2025-01-12,11,6,1,1,0,1980
2025-01-12 12:00:00,2025-01-12,12,6,1,1,0,2763
2025-01-12 13:00:00,2025-01-12,13,6,1,1,0,2470
2025-01-12 14:00:00,2025-01-12,14,6,1,1,0,2877
2025-01-12 15:00:00,2025-01-12,15,6,1,1,0,2641
2025-01-12 16:00:00,2025-01-12,16,6,1,1,0,2899
2025-01-12 17:00:00,2025-01-12,17,6,1,1,0,2210
2025-01-12 18:00:00,2025-01-12,18,6,1,1,0,2232
2025-01-12 19:00:00,2025-01-12,19,6,1,1,0,1647
2025-01-12 20:00:00,2025-01-12,20,6,1,1,0,2734
2025-01-12 21:00:00,2025-01-12,21,6,1,1,0,2741
2025-01-12 22:00:00,2025-01-12,22,6,1,1,0,2000
2025-01-12 23:00:00,2025-01-12,23,6,1,1,0,486
2025-01-13 09:00:00,2025-01-13,9,0,1,0,0,1162
2025-01-13 10:00:00,2025-01-13,10,0,1,0,0,1184
2025-01-13 11:00:00,2025-01-13,11,0,1,0,0,1361
2025-01-13 12:00:00,2025-01-13,12,0,1,0,0,1646
2025-01-13 13:00:00,2025-01-13,13,0,1,0,0,1675
2025-01-13 14:00:00,2025-01-13,14,0,1,0,0,2150
2025-01-13 15:00:00,2025-01-13,15,0,1,0,0,2247
2025-01-13 16:00:00,2025-01-13,16,0,1,0,0,1744
2025-01-13 17:00:00,2025-01-13,17,0,1,0,0,2076
2025-01-13 18:00:00,2025-01-13,18,0,1,0,0,1651
2025-01-13 19:00:00,2025-01-13,19,0,1,0,0,1306
2025-01-13 20:00:00,2025-01-13,20,0,1,0,0,1793
2025-01-13 21:00:00,2025-01-13,21,0,1,0,0,1644
2025-01-13 22:00:00,2025-01-13,22,0,1,0,0,1880
2025-01-13 23:00:00,2025-01-13,23,0,1,0,0,414
2025-01-14 09:00:00,2025-01-14,9,1,1,0,0,513
2025-01-14 10:00:00,2025-01-14,10,1,1,0,0,1354
2025-01-14 11:00:00,2025-01-14,11,1,1,0,0,1386
2025-01-14 12:00:00,2025-01-14,12,1,1,0,0,1489
2025-01-14 13:00:00,2025-01-14,13,1,1,0,0,1950
2025-01-14 14:00:00,2025-01-14,14,1,1,0,0,2163
2025-01-14 15:00:00,2025-01-14,15,1,1,0,0,1738
2025-01-14 16:00:00,2025-01-14,16,1,1,0,0,2231
2025-01-14 17:00:00,2025-01-14,17,1,1,0,0,1740
2025-01-14 18:00:00,2025-01-14,18,1,1,0,0,2117
2025-01-14 19:00:00,2025-01-14,19,1,1,0,0,1567
2025-01-14 20:00:00,2025-01-14,20,1,1,0,0,1246
2025-01-14 21:00:00,2025-01-14,21,1,1,0,0,1702
2025-01-14 22:00:00,2025-01-14,22,1,1,0,0,1846
2025-01-14 23:00:00,2025-01-14,23,1,1,0,0,476
2025-01-15 09:00:00,2025-01-15,9,2,1,0,0,891
2025-01-15 10:00:00,2025-01-15,10,2,1,0,0,1146
2025-01-15 11:00:00,2025-01-15,11,2,1,0,0,1485
2025-01-15 12:00:00,2025-01-15,12,2,1,0,0,1629
2025-01-15 13:00:00,2025-01-15,13,2,1,0,0,1908
2025-01-15 14:00:00,2025-01-15,14,2,1,0,0,1608
2025-01-15 15:00:00,2025-01-15,15,2,1,0,0,2457
2025-01-15 16:00:00,2025-01-15,16,2,1,0,0,2222
2025-01-15 17:00:00,2025-01-15,17,2,1,0,0,1805
2025-01-15 18:00:00,2025-01-15,18,2,1,0,0,2157
2025-01-15 19:00:00,2025-01-15,19,2,1,0,0,1490
2025-01-15 20:00:00,2025-01-15,20,2,1,0,0,1637
2025-01-15 21:00:00,2025-01-15,21,2,1,0,0,2062
2025-01-15 22:00:00,2025-01-15,22,2,1,0,0,1959
2025-01-15 23:00:00,2025-01-15,23,2,1,0,0,465
2025-01-16 09:00:00,2025-01-16,9,3,1,0,0,848
2025-01-16 10:00:00,2025-01-16,10,3,1,0,0,1241
2025-01-16 11:00:00,2025-01-16,11,3,1,0,0,1428
2025-01-16 12:00:00,2025-01-16,12,3,1,0,0,1873
2025-01-16 13:00:00,2025-01-16,13,3,1,0,0,1535
2025-01-16 14:00:00,2025-01-16,14,3,1,0,0,2033
2025-01-16 15:00:00,2025-01-16,15,3,1,0,0,2654
2025-01-16 16:00:00,2025-01-16,16,3,1,0,0,1948
2025-01-16 17:00:00,2025-01-16,17,3,1,0,0,1846
2025-01-16 18:00:00,2025-01-16,18,3,1,0,0,1163
2025-01-16 19:00:00,2025-01-16,19,3,1,0,0,881
2025-01-16 20:00:00,2025-01-16,20,3,1,0,0,962
2025-01-16 21:00:00,2025-01-16,21,3,1,0,0,1818
2025-01-16 22:00:00,2025-01-16,22,3,1,0,0,1900
2025-01-16 23:00:00,2025-01-16,23,3,1,0,0,441
2025-01-17 09:00:00,2025-01-17,9,4,1,0,0,878
2025-01-17 10:00:00,2025-01-17,10,4,1,0,0,1183
2025-01-17 11:00:00,2025-01-17,11,4,1,0,0,1655
2025-01-17 12:00:00,2025-01-17,12,4,1,0,0,1716
2025-01-17 13:00:00,2025-01-17,13,4,1,0,0,1853
2025-01-17 14:00:00,2025-01-17,14,4,1,0,0,2073
2025-01-17 15:00:00,2025-01-17,15,4,1,0,0,2352
2025-01-17 16:00:00,2025-01-17,16,4,1,0,0,2509
2025-01-17 17:00:00,2025-01-17,17,4,1,0,0,1840
2025-01-17 18:00:00,2025-01-17,18,4,1,0,0,1777
2025-01-17 19:00:00,2025-01-17,19,4,1,0,0,1534
2025-01-17 20:00:00,2025-01-17,20,4,1,0,0,1153
2025-01-17 21:00:00,2025-01-17,21,4,1,0,0,1874
2025-01-17 22:00:00,2025-01-17,22,4,1,0,0,1541
2025-01-17 23:00:00,2025-01-17,23,4,1,0,0,349
2025-01-18 09:00:00,2025-01-18,9,5,1,1,0,1260
2025-01-18 10:00:00,2025-01-18,10,5,1,1,0,1516
2025-01-18 11:00:00,2025-01-18,11,5,1,1,0,2039
2025-01-18 12:00:00,2025-01-18,12,5,1,1,0,1656
2025-01-18 13:00:00,2025-01-18,13,5,1,1,0,2372
2025-01-18 14:00:00,2025-01-18,14,5,1,1,0,2880
2025-01-18 15:00:00,2025-01-18,15,5,1,1,0,2530
2025-01-18 16:00:00,2025-01-18,16,5,1,1,0,3380
2025-01-18 17:00:00,2025-01-18,17,5,1,1,0,2250
2025-01-18 18:00:00,2025-01-18,18,5,1,1,0,2315
2025-01-18 19:00:00,2025-01-18,19,5,1,1,0,1741
2025-01-18 20:00:00,2025-01-18,20,5,1,1,0,2697
2025-01-18 21:00:00,2025-01-18,21,5,1,1,0,2424
2025-01-18 22:00:00,2025-01-18,22,5,1,1,0,1657
2025-01-18 23:00:00,2025-01-18,23,5,1,1,0,661
2025-01-19 09:00:00,2025-01-19,9,6,1,1,0,1211
2025-01-19 10:00:00,2025-01-19,10,6,1,1,0,1688
2025-01-19 11:00:00,2025-01-19,11,6,1,1,0,1756
2025-01-19 12:00:00,2025-01-19,12,6,1,1,0,1971
2025-01-19 13:00:00,2025-01-19,13,6,1,1,0,2721
2025-01-19 14:00:00,2025-01-19,14,6,1,1,0,1950
2025-01-19 15:00:00,2025-01-19,15,6,1,1,0,3193
2025-01-19 16:00:00,2025-01-19,16,6,1,1,0,2868
2025-01-19 17:00:00,2025-01-19,17,6,1,1,0,2753
2025-01-19 18:00:00,2025-01-19,18,6,1,1,0,1909
2025-01-19 19:00:00,2025-01-19,19,6,1,1,0,2442
2025-01-19 20:00:00,2025-01-19,20,6,1,1,0,2474
2025-01-19 21:00:00,2025-01-19,21,6,1,1,0,2735
2025-01-19 22:00:00,2025-01-19,22,6,1,1,0,2271
2025-01-19 23:00:00,2025-01-19,23,6,1,1,0,621
2025-01-20 09:00:00,2025-01-20,9,0,1,0,0,754
2025-01-20 10:00:00,2025-01-20,10,0,1,0,0,1241
2025-01-20 11:00:00,2025-01-20,11,0,1,0,0,1411
2025-01-20 12:00:00,2025-01-20,12,0,1,0,0,1762
2025-01-20 13:00:00,2025-01-20,13,0,1,0,0,2157
2025-01-20 14:00:00,2025-01-20,14,0,1,0,0,1828
2025-01-20 15:00:00,2025-01-20,15,0,1,0,0,2019
2025-01-20 16:00:00,2025-01-20,16,0,1,0,0,2263
2025-01-20 17:00:00,2025-01-20,17,0,1,0,0,2491
2025-01-20 18:00:00,2025-01-20,18,0,1,0,0,1727
2025-01-20 19:00:00,2025-01-20,19,0,1,0,0,1579
2025-01-20 20:00:00,2025-01-20,20,0,1,0,0,1845
2025-01-20 21:00:00,2025-01-20,21,0,1,0,0,2305
2025-01-20 22:00:00,2025-01-20,22,0,1,0,0,1477
2025-01-20 23:00:00,2025-01-20,23,0,1,0,0,449
2025-01-21 09:00:00,2025-01-21,9,1,1,0,0,719
2025-01-21 10:00:00,2025-01-21,10,1,1,0,0,823
2025-01-21 11:00:00,2025-01-21,11,1,1,0,0,1527
2025-01-21 12:00:00,2025-01-21,12,1,1,0,0,1786
2025-01-21 13:00:00,2025-01-21,13,1,1,0,0,1922
2025-01-21 14:00:00,2025-01-21,14,1,1,0,0,2118
2025-01-21 15:00:00,2025-01-21,15,1,1,0,0,3017
2025-01-21 16:00:00,2025-01-21,16,1,1,0,0,2079
2025-01-21 17:00:00,2025-01-21,17,1,1,0,0,2112
2025-01-21 18:00:00,2025-01-21,18,1,1,0,0,1619
2025-01-21 19:00:00,2025-01-21,19,1,1,0,0,1526
2025-01-21 20:00:00,2025-01-21,20,1,1,0,0,1816
2025-01-21 21:00:00,2025-01-21,21,1,1,0,0,1777
2025-01-21 22:00:00,2025-01-21,22,1,1,0,0,2278
2025-01-21 23:00:00,2025-01-21,23,1,1,0,0,506
2025-01-22 09:00:00,2025-01-22,9,2,1,0,0,909
2025-01-22 10:00:00,2025-01-22,10,2,1,0,0,851
2025-01-22 11:00:00,2025-01-22,11,2,1,0,0,1410
2025-01-22 12:00:00,2025-01-22,12,2,1,0,0,2326
2025-01-22 13:00:00,2025-01-22,13,2,1,0,0,1935
2025-01-22 14:00:00,2025-01-22,14,2,1,0,0,2429
2025-01-22 15:00:00,2025-01-22,15,2,1,0,0,1806
2025-01-22 16:00:00,2025-01-22,16,2,1,0,0,2202
2025-01-22 17:00:00,2025-01-22,17,2,1,0,0,1789
2025-01-22 18:00:00,2025-01-22,18,2,1,0,0,1243
2025-01-22 19:00:00,2025-01-22,19,2,1,0,0,1595
2025-01-22 20:00:00,2025-01-22,20,2,1,0,0,1687
2025-01-22 21:00:00,2025-01-22,21,2,1,0,0,1909
2025-01-22 22:00:00,2025-01-22,22,2,1,0,0,1589
2025-01-22 23:00:00,2025-01-22,23,2,1,0,0,430
2025-01-23 09:00:00,2025-01-23,9,3,1,0,0,898
2025-01-23 10:00:00,2025-01-23,10,3,1,0,0,1215
2025-01-23 11:00:00,2025-01-23,11,3,1,0,0,1277
2025-01-23 12:00:00,2025-01-23,12,3,1,0,0,2009
2025-01-23 13:00:00,2025-01-23,13,3,1,0,0,1848
2025-01-23 14:00:00,2025-01-23,14,3,1,0,0,1714
2025-01-23 15:00:00,2025-01-23,15,3,1,0,0,2171
2025-01-23 16:00:00,2025-01-23,16,3,1,0,0,2154
2025-01-23 17:00:00,2025-01-23,17,3,1,0,0,2029
2025-01-23 18:00:00,2025-01-23,18,3,1,0,0,2043
2025-01-23 19:00:00,2025-01-23,19,3,1,0,0,1432
2025-01-23 20:00:00,2025-01-23,20,3,1,0,0,1843
2025-01-23 21:00:00,2025-01-23,21,3,1,0,0,1622
2025-01-23 22:00:00,2025-01-23,22,3,1,0,0,2054
2025-01-23 23:00:00,2025-01-23,23,3,1,0,0,453
2025-01-24 09:00:00,2025-01-24,9,4,1,0,0,849
2025-01-24 10:00:00,2025-01-24,10,4,1,0,0,908
2025-01-24 11:00:00,2025-01-24,11,4,1,0,0,1730
2025-01-24 12:00:00,2025-01-24,12,4,1,0,0,1497
2025-01-24 13:00:00,2025-01-24,13,4,1,0,0,1849
2025-01-24 14:00:00,2025-01-24,14,4,1,0,0,2237
2025-01-24 15:00:00,2025-01-24,15,4,1,0,0,1884
2025-01-24 16:00:00,2025-01-24,16,4,1,0,0,1761
2025-01-24 17:00:00,2025-01-24,17,4,1,0,0,1483
2025-01-24 18:00:00,2025-01-24,18,4,1,0,0,1908
2025-01-24 19:00:00,2025-01-24,19,4,1,0,0,1378
2025-01-24 20:00:00,2025-01-24,20,4,1,0,0,2526
2025-01-24 21:00:00,2025-01-24,21,4,1,0,0,1646
2025-01-24 22:00:00,2025-01-24,22,4,1,0,0,1663
2025-01-24 23:00:00,2025-01-24,23,4,1,0,0,414
2025-01-25 09:00:00,2025-01-25,9,5,1,1,0,1242
2025-01-25 10:00:00,2025-01-25,10,5,1,1,0,1500
2025-01-25 11:00:00,2025-01-25,11,5,1,1,0,2137
2025-01-25 12:00:00,2025-01-25,12,5,1,1,0,2093
2025-01-25 13:00:00,2025-01-25,13,5,1,1,0,2241
2025-01-25 14:00:00,2025-01-25,14,5,1,1,0,2271
2025-01-25 15:00:00,2025-01-25,15,5,1,1,0,1524
2025-01-25 16:00:00,2025-01-25,16,5,1,1,0,2716
2025-01-25 17:00:00,2025-01-25,17,5,1,1,0,2590
2025-01-25 18:00:00,2025-01-25,18,5,1,1,0,2191
2025-01-25 19:00:00,2025-01-25,19,5,1,1,0,2287
2025-01-25 20:00:00,2025-01-25,20,5,1,1,0,2896
2025-01-25 21:00:00,2025-01-25,21,5,1,1,0,2423
2025-01-25 22:00:00,2025-01-25,22,5,1,1,0,1981
2025-01-25 23:00:00,2025-01-25,23,5,1,1,0,558
2025-01-26 09:00:00,2025-01-26,9,6,1,1,0,1120
2025-01-26 10:00:00,2025-01-26,10,6,1,1,0,1464
2025-01-26 11:00:00,2025-01-26,11,6,1,1,0,1824
2025-01-26 12:00:00,2025-01-26,12,6,1,1,0,2185
2025-01-26 13:00:00,2025-01-26,13,6,1,1,0,2562
2025-01-26 14:00:00,2025-01-26,14,6,1,1,0,2675
2025-01-26 15:00:00,2025-01-26,15,6,1,1,0,3044
2025-01-26 16:00:00,2025-01-26,16,6,1,1,0,3021
2025-01-26 17:00:00,2025-01-26,17,6,1,1,0,2393
2025-01-26 18:00:00,2025-01-26,18,6,1,1,0,2733
2025-01-26 19:00:00,2025-01-26,19,6,1,1,0,1756
2025-01-26 20:00:00,2025-01-26,20,6,1,1,0,2034
2025-01-26 21:00:00,2025-01-26,21,6,1,1,0,2639
2025-01-26 22:00:00,2025-01-26,22,6,1,1,0,2276
2025-01-26 23:00:00,2025-01-26,23,6,1,1,0,622
2025-01-27 09:00:00,2025-01-27,9,0,1,0,0,636
2025-01-27 10:00:00,2025-01-27,10,0,1,0,0,1374
2025-01-27 11:00:00,2025-01-27,11,0,1,0,0,1593
2025-01-27 12:00:00,2025-01-27,12,0,1,0,0,1440
2025-01-27 13:00:00,2025-01-27,13,0,1,0,0,1637
2025-01-27 14:00:00,2025-01-27,14,0,1,0,0,2576
2025-01-27 15:00:00,2025-01-27,15,0,1,0,0,1403
2025-01-27 16:00:00,2025-01-27,16,0,1,0,0,1930
2025-01-27 17:00:00,2025-01-27,17,0,1,0,0,1449
2025-01-27 18:00:00,2025-01-27,18,0,1,0,0,1682
2025-01-27 19:00:00,2025-01-27,19,0,1,0,0,1434
2025-01-27 20:00:00,2025-01-27,20,0,1,0,0,1421
2025-01-27 21:00:00,2025-01-27,21,0,1,0,0,1556
2025-01-27 22:00:00,2025-01-27,22,0,1,0,0,1070
2025-01-27 23:00:00,2025-01-27,23,0,1,0,0,468
2025-01-28 09:00:00,2025-01-28,9,1,1,0,0,1002
2025-01-28 10:00:00,2025-01-28,10,1,1,0,0,668
2025-01-28 11:00:00,2025-01-28,11,1,1,0,0,1666
2025-01-28 12:00:00,2025-01-28,12,1,1,0,0,1764
2025-01-28 13:00:00,2025-01-28,13,1,1,0,0,2251
2025-01-28 14:00:00,2025-01-28,14,1,1,0,0,2127
2025-01-28 15:00:00,2025-01-28,15,1,1,0,0,1534
2025-01-28 16:00:00,2025-01-28,16,1,1,0,0,2106
2025-01-28 17:00:00,2025-01-28,17,1,1,0,0,2243
2025-01-28 18:00:00,2025-01-28,18,1,1,0,0,1568
2025-01-28 19:00:00,2025-01-28,19,1,1,0,0,1406
2025-01-28 20:00:00,2025-01-28,20,1,1,0,0,1830
2025-01-28 21:00:00,2025-01-28,21,1,1,0,0,1219
2025-01-28 22:00:00,2025-01-28,22,1,1,0,0,2245
2025-01-28 23:00:00,2025-01-28,23,1,1,0,0,396
2025-01-29 09:00:00,2025-01-29,9,2,1,0,0,948
2025-01-29 10:00:00,2025-01-29,10,2,1,0,0,1165
2025-01-29 11:00:00,2025-01-29,11,2,1,0,0,1697
2025-01-29 12:00:00,2025-01-29,12,2,1,0,0,1842
2025-01-29 13:00:00,2025-01-29,13,2,1,0,0,1934
2025-01-29 14:00:00,2025-01-29,14,2,1,0,0,1915
2025-01-29 15:00:00,2025-01-29,15,2,1,0,0,2410
2025-01-29 16:00:00,2025-01-29,16,2,1,0,0,1663
2025-01-29 17:00:00,2025-01-29,17,2,1,0,0,2144
2025-01-29 18:00:00,2025-01-29,18,2,1,0,0,1525
2025-01-29 19:00:00,2025-01-29,19,2,1,0,0,1696
2025-01-29 20:00:00,2025-01-29,20,2,1,0,0,1906
2025-01-29 21:00:00,2025-01-29,21,2,1,0,0,2014
2025-01-29 22:00:00,2025-01-29,22,2,1,0,0,1888
2025-01-29 23:00:00,2025-01-29,23,2,1,0,0,350
2025-01-30 09:00:00,2025-01-30,9,3,1,0,0,802
2025-01-30 10:00:00,2025-01-30,10,3,1,0,0,1272
2025-01-30 11:00:00,2025-01-30,11,3,1,0,0,1504
2025-01-30 12:00:00,2025-01-30,12,3,1,0,0,2005
2025-01-30 13:00:00,2025-01-30,13,3,1,0,0,2086
2025-01-30 14:00:00,2025-01-30,14,3,1,0,0,1896
2025-01-30 15:00:00,2025-01-30,15,3,1,0,0,1989
2025-01-30 16:00:00,2025-01-30,16,3,1,0,0,2172
2025-01-30 17:00:00,2025-01-30,17,3,1,0,0,1437
2025-01-30 18:00:00,2025-01-30,18,3,1,0,0,2109
2025-01-30 19:00:00,2025-01-30,19,3,1,0,0,1552
2025-01-30 20:00:00,2025-01-30,20,3,1,0,0,2145
2025-01-30 21:00:00,2025-01-30,21,3,1,0,0,1515
2025-01-30 22:00:00,2025-01-30,22,3,1,0,0,2149
2025-01-30 23:00:00,2025-01-30,23,3,1,0,0,563
2025-01-31 09:00:00,2025-01-31,9,4,1,0,0,752
2025-01-31 10:00:00,2025-01-31,10,4,1,0,0,1286
2025-01-31 11:00:00,2025-01-31,11,4,1,0,0,1474
2025-01-31 12:00:00,2025-01-31,12,4,1,0,0,1431
2025-01-31 13:00:00,2025-01-31,13,4,1,0,0,2108
2025-01-31 14:00:00,2025-01-31,14,4,1,0,0,2360
2025-01-31 15:00:00,2025-01-31,15,4,1,0,0,2041
2025-01-31 16:00:00,2025-01-31,16,4,1,0,0,2445
2025-01-31 17:00:00,2025-01-31,17,4,1,0,0,1592
2025-01-31 18:00:00,2025-01-31,18,4,1,0,0,1009
2025-01-31 19:00:00,2025-01-31,19,4,1,0,0,1049
2025-01-31 20:00:00,2025-01-31,20,4,1,0,0,1875
2025-01-31 21:00:00,2025-01-31,21,4,1,0,0,1709
2025-01-31 22:00:00,2025-01-31,22,4,1,0,0,2051
2025-01-31 23:00:00,2025-01-31,23,4,1,0,0,472
2025-02-01 09:00:00,2025-02-01,9,5,2,1,0,908
2025-02-01 10:00:00,2025-02-01,10,5,2,1,0,1067
2025-02-01 11:00:00,2025-02-01,11,5,2,1,0,1455
2025-02-01 12:00:00,2025-02-01,12,5,2,1,0,1530
2025-02-01 13:00:00,2025-02-01,13,5,2,1,0,2283
2025-02-01 14:00:00,2025-02-01,14,5,2,1,0,1782
2025-02-01 15:00:00,2025-02-01,15,5,2,1,0,2536
2025-02-01 16:00:00,2025-02-01,16,5,2,1,0,1983
2025-02-01 17:00:00,2025-02-01,17,5,2,1,0,1529
2025-02-01 18:00:00,2025-02-01,18,5,2,1,0,1882
2025-02-01 19:00:00,2025-02-01,19,5,2,1,0,1377
2025-02-01 20:00:00,2025-02-01,20,5,2,1,0,1897
2025-02-01 21:00:00,2025-02-01,21,5,2,1,0,1974
2025-02-01 22:00:00,2025-02-01,22,5,2,1,0,1791
2025-02-01 23:00:00,2025-02-01,23,5,2,1,0,379
2025-02-02 09:00:00,2025-02-02,9,6,2,1,0,919
2025-02-02 10:00:00,2025-02-02,10,6,2,1,0,1084
2025-02-02 11:00:00,2025-02-02,11,6,2,1,0,1028
2025-02-02 12:00:00,2025-02-02,12,6,2,1,0,1199
2025-02-02 13:00:00,2025-02-02,13,6,2,1,0,1930
2025-02-02 14:00:00,2025-02-02,14,6,2,1,0,1276
2025-02-02 15:00:00,2025-02-02,15,6,2,1,0,2426
2025-02-02 16:00:00,2025-02-02,16,6,2,1,0,2122
2025-02-02 17:00:00,2025-02-02,17,6,2,1,0,1885
2025-02-02 18:00:00,2025-02-02,18,6,2,1,0,1711
2025-02-02 19:00:00,2025-02-02,19,6,2,1,0,1194
2025-02-02 20:00:00,2025-02-02,20,6,2,1,0,2056
2025-02-02 21:00:00,2025-02-02,21,6,2,1,0,2132
2025-02-02 22:00:00,2025-02-02,22,6,2,1,0,1802
2025-02-02 23:00:00,2025-02-02,23,6,2,1,0,340
2025-02-03 09:00:00,2025-02-03,9,0,2,0,0,568
2025-02-03 10:00:00,2025-02-03,10,0,2,0,0,726
2025-02-03 11:00:00,2025-02-03,11,0,2,0,0,1010
2025-02-03 12:00:00,2025-02-03,12,0,2,0,0,1260
2025-02-03 13:00:00,2025-02-03,13,0,2,0,0,1293
2025-02-03 14:00:00,2025-02-03,14,0,2,0,0,1557
2025-02-03 15:00:00,2025-02-03,15,0,2,0,0,1555
2025-02-03 16:00:00,2025-02-03,16,0,2,0,0,1287
2025-02-03 17:00:00,2025-02-03,17,0,2,0,0,1441
2025-02-03 18:00:00,2025-02-03,18,0,2,0,0,1321
2025-02-03 19:00:00,2025-02-03,19,0,2,0,0,1026
2025-02-03 20:00:00,2025-02-03,20,0,2,0,0,1451
2025-02-03 21:00:00,2025-02-03,21,0,2,0,0,1088
2025-02-03 22:00:00,2025-02-03,22,0,2,0,0,1346
2025-02-03 23:00:00,2025-02-03,23,0,2,0,0,182
2025-02-04 09:00:00,2025-02-04,9,1,2,0,0,528
2025-02-04 10:00:00,2025-02-04,10,1,2,0,0,742
2025-02-04 11:00:00,2025-02-04,11,1,2,0,0,891
2025-02-04 12:00:00,2025-02-04,12,1,2,0,0,1119
2025-02-04 13:00:00,2025-02-04,13,1,2,0,0,1322
2025-02-04 14:00:00,2025-02-04,14,1,2,0,0,1126
2025-02-04 15:00:00,2025-02-04,15,1,2,0,0,1442
2025-02-04 16:00:00,2025-02-04,16,1,2,0,0,1184
2025-02-04 17:00:00,2025-02-04,17,1,2,0,0,1542
2025-02-04 18:00:00,2025-02-04,18,1,2,0,0,1077
2025-02-04 19:00:00,2025-02-04,19,1,2,0,0,998
2025-02-04 20:00:00,2025-02-04,20,1,2,0,0,1343
2025-02-04 21:00:00,2025-02-04,21,1,2,0,0,1305
2025-02-04 22:00:00,2025-02-04,22,1,2,0,0,1442
2025-02-04 23:00:00,2025-02-04,23,1,2,0,0,320
2025-02-05 09:00:00,2025-02-05,9,2,2,0,0,546
2025-02-05 10:00:00,2025-02-05,10,2,2,0,0,1012
2025-02-05 11:00:00,2025-02-05,11,2,2,0,0,1028
2025-02-05 12:00:00,2025-02-05,12,2,2,0,0,1176
2025-02-05 13:00:00,2025-02-05,13,2,2,0,0,1514
2025-02-05 14:00:00,2025-02-05,14,2,2,0,0,1506
2025-02-05 15:00:00,2025-02-05,15,2,2,0,0,1571
2025-02-05 16:00:00,2025-02-05,16,2,2,0,0,1900
2025-02-05 17:00:00,2025-02-05,17,2,2,0,0,1312
2025-02-05 18:00:00,2025-02-05,18,2,2,0,0,1152
2025-02-05 19:00:00,2025-02-05,19,2,2,0,0,1019
2025-02-05 20:00:00,2025-02-05,20,2,2,0,0,1007
2025-02-05 21:00:00,2025-02-05,21,2,2,0,0,1044
2025-02-05 22:00:00,2025-02-05,22,2,2,0,0,681
2025-02-05 23:00:00,2025-02-05,23,2,2,0,0,281
2025-02-06 09:00:00,2025-02-06,9,3,2,0,0,343
2025-02-06 10:00:00,2025-02-06,10,3,2,0,0,761
2025-02-06 11:00:00,2025-02-06,11,3,2,0,0,1066
2025-02-06 12:00:00,2025-02-06,12,3,2,0,0,1069
2025-02-06 13:00:00,2025-02-06,13,3,2,0,0,1124
2025-02-06 14:00:00,2025-02-06,14,3,2,0,0,1475
2025-02-06 15:00:00,2025-02-06,15,3,2,0,0,1158
2025-02-06 16:00:00,2025-02-06,16,3,2,0,0,1165
2025-02-06 17:00:00,2025-02-06,17,3,2,0,0,1490
2025-02-06 18:00:00,2025-02-06,18,3,2,0,0,1315
2025-02-06 19:00:00,2025-02-06,19,3,2,0,0,784
2025-02-06 20:00:00,2025-02-06,20,3,2,0,0,1461
2025-02-06 21:00:00,2025-02-06,21,3,2,0,0,1611
2025-02-06 22:00:00,2025-02-06,22,3,2,0,0,1220
2025-02-06 23:00:00,2025-02-06,23,3,2,0,0,306
2025-02-07 09:00:00,2025-02-07,9,4,2,0,0,579
2025-02-07 10:00:00,2025-02-07,10,4,2,0,0,803
2025-02-07 11:00:00,2025-02-07,11,4,2,0,0,1190
2025-02-07 12:00:00,2025-02-07,12,4,2,0,0,703
2025-02-07 13:00:00,2025-02-07,13,4,2,0,0,1217
2025-02-07 14:00:00,2025-02-07,14,4,2,0,0,1704
2025-02-07 15:00:00,2025-02-07,15,4,2,0,0,1683
2025-02-07 16:00:00,2025-02-07,16,4,2,0,0,1399
2025-02-07 17:00:00,2025-02-07,17,4,2,0,0,1496
2025-02-07 18:00:00,2025-02-07,18,4,2,0,0,1246
2025-02-07 19:00:00,2025-02-07,19,4,2,0,0,1186
2025-02-07 20:00:00,2025-02-07,20,4,2,0,0,1286
2025-02-07 21:00:00,2025-02-07,21,4,2,0,0,1431
2025-02-07 22:00:00,2025-02-07,22,4,2,0,0,1679
2025-02-07 23:00:00,2025-02-07,23,4,2,0,0,324
2025-02-08 09:00:00,2025-02-08,9,5,2,1,0,579
2025-02-08 10:00:00,2025-02-08,10,5,2,1,0,1177
2025-02-08 11:00:00,2025-02-08,11,5,2,1,0,1297
2025-02-08 12:00:00,2025-02-08,12,5,2,1,0,2080
2025-02-08 13:00:00,2025-02-08,13,5,2,1,0,1871
2025-02-08 14:00:00,2025-02-08,14,5,2,1,0,1910
2025-02-08 15:00:00,2025-02-08,15,5,2,1,0,1821
2025-02-08 16:00:00,2025-02-08,16,5,2,1,0,1564
2025-02-08 17:00:00,2025-02-08,17,5,2,1,0,2022
2025-02-08 18:00:00,2025-02-08,18,5,2,1,0,1520
2025-02-08 19:00:00,2025-02-08,19,5,2,1,0,1451
2025-02-08 20:00:00,2025-02-08,20,5,2,1,0,1409
2025-02-08 21:00:00,2025-02-08,21,5,2,1,0,1759
2025-02-08 22:00:00,2025-02-08,22,5,2,1,0,1814
2025-02-08 23:00:00,2025-02-08,23,5,2,1,0,492
2025-02-09 09:00:00,2025-02-09,9,6,2,1,0,747
2025-02-09 10:00:00,2025-02-09,10,6,2,1,0,917
2025-02-09 11:00:00,2025-02-09,11,6,2,1,0,1211
2025-02-09 12:00:00,2025-02-09,12,6,2,1,0,1357
2025-02-09 13:00:00,2025-02-09,13,6,2,1,0,2126
2025-02-09 14:00:00,2025-02-09,14,6,2,1,0,2342
2025-02-09 15:00:00,2025-02-09,15,6,2,1,0,2102
2025-02-09 16:00:00,2025-02-09,16,6,2,1,0,2264
2025-02-09 17:00:00,2025-02-09,17,6,2,1,0,1861
2025-02-09 18:00:00,2025-02-09,18,6,2,1,0,1598
2025-02-09 19:00:00,2025-02-09,19,6,2,1,0,1303
2025-02-09 20:00:00,2025-02-09,20,6,2,1,0,1657
2025-02-09 21:00:00,2025-02-09,21,6,2,1,0,1401
2025-02-09 22:00:00,2025-02-09,22,6,2,1,0,1243
2025-02-09 23:00:00,2025-02-09,23,6,2,1,0,406
2025-02-10 09:00:00,2025-02-10,9,0,2,0,0,664
2025-02-10 10:00:00,2025-02-10,10,0,2,0,0,811
2025-02-10 11:00:00,2025-02-10,11,0,2,0,0,985
2025-02-10 12:00:00,2025-02-10,12,0,2,0,0,1072
2025-02-10 13:00:00,2025-02-10,13,0,2,0,0,1369
2025-02-10 14:00:00,2025-02-10,14,0,2,0,0,1592
2025-02-10 15:00:00,2025-02-10,15,0,2,0,0,1294
2025-02-10 16:00:00,2025-02-10,16,0,2,0,0,1478
2025-02-10 17:00:00,2025-02-10,17,0,2,0,0,1395
2025-02-10 18:00:00,2025-02-10,18,0,2,0,0,1094
2025-02-10 19:00:00,2025-02-10,19,0,2,0,0,934
2025-02-10 20:00:00,2025-02-10,20,0,2,0,0,1310
2025-02-10 21:00:00,2025-02-10,21,0,2,0,0,1101
2025-02-10 22:00:00,2025-02-10,22,0,2,0,0,1328
2025-02-10 23:00:00,2025-02-10,23,0,2,0,0,270
2025-02-11 09:00:00,2025-02-11,9,1,2,0,0,687
2025-02-11 10:00:00,2025-02-11,10,1,2,0,0,1028
2025-02-11 11:00:00,2025-02-11,11,1,2,0,0,901
2025-02-11 12:00:00,2025-02-11,12,1,2,0,0,1274
2025-02-11 13:00:00,2025-02-11,13,1,2,0,0,1238
2025-02-11 14:00:00,2025-02-11,14,1,2,0,0,1645
2025-02-11 15:00:00,2025-02-11,15,1,2,0,0,1272
2025-02-11 16:00:00,2025-02-11,16,1,2,0,0,1547
2025-02-11 17:00:00,2025-02-11,17,1,2,0,0,1215
2025-02-11 18:00:00,2025-02-11,18,1,2,0,0,1168
2025-02-11 19:00:00,2025-02-11,19,1,2,0,0,881
2025-02-11 20:00:00,2025-02-11,20,1,2,0,0,1400
2025-02-11 21:00:00,2025-02-11,21,1,2,0,0,1146
2025-02-11 22:00:00,2025-02-11,22,1,2,0,0,951
2025-02-11 23:00:00,2025-02-11,23,1,2,0,0,290
2025-02-12 09:00:00,2025-02-12,9,2,2,0,0,601
2025-02-12 10:00:00,2025-02-12,10,2,2,0,0,817
2025-02-12 11:00:00,2025-02-12,11,2,2,0,0,913
2025-02-12 12:00:00,2025-02-12,12,2,2,0,0,1228
2025-02-12 13:00:00,2025-02-12,13,2,2,0,0,1606
2025-02-12 14:00:00,2025-02-12,14,2,2,0,0,1326
2025-02-12 15:00:00,2025-02-12,15,2,2,0,0,1710
2025-02-12 16:00:00,2025-02-12,16,2,2,0,0,1725
2025-02-12 17:00:00,2025-02-12,17,2,2,0,0,1224
2025-02-12 18:00:00,2025-02-12,18,2,2,0,0,988
2025-02-12 19:00:00,2025-02-12,19,2,2,0,0,1041
2025-02-12 20:00:00,2025-02-12,20,2,2,0,0,1191
2025-02-12 21:00:00,2025-02-12,21,2,2,0,0,1560
2025-02-12 22:00:00,2025-02-12,22,2,2,0,0,896
2025-02-12 23:00:00,2025-02-12,23,2,2,0,0,273
2025-02-13 09:00:00,2025-02-13,9,3,2,0,0,525
2025-02-13 10:00:00,2025-02-13,10,3,2,0,0,907
2025-02-13 11:00:00,2025-02-13,11,3,2,0,0,936
2025-02-13 12:00:00,2025-02-13,12,3,2,0,0,842
2025-02-13 13:00:00,2025-02-13,13,3,2,0,0,1512
2025-02-13 14:00:00,2025-02-13,14,3,2,0,0,1377
2025-02-13 15:00:00,2025-02-13,15,3,2,0,0,1491
2025-02-13 16:00:00,2025-02-13,16,3,2,0,0,1022
2025-02-13 17:00:00,2025-02-13,17,3,2,0,0,1468
2025-02-13 18:00:00,2025-02-13,18,3,2,0,0,1282
2025-02-13 19:00:00,2025-02-13,19,3,2,0,0,978
2025-02-13 20:00:00,2025-02-13,20,3,2,0,0,1284
2025-02-13 21:00:00,2025-02-13,21,3,2,0,0,1218
2025-02-13 22:00:00,2025-02-13,22,3,2,0,0,1048
2025-02-13 23:00:00,2025-02-13,23,3,2,0,0,312
2025-02-14 09:00:00,2025-02-14,9,4,2,0,0,748
2025-02-14 10:00:00,2025-02-14,10,4,2,0,0,717
2025-02-14 11:00:00,2025-02-14,11,4,2,0,0,912
2025-02-14 12:00:00,2025-02-14,12,4,2,0,0,750
2025-02-14 13:00:00,2025-02-14,13,4,2,0,0,1475
2025-02-14 14:00:00,2025-02-14,14,4,2,0,0,1541
2025-02-14 15:00:00,2025-02-14,15,4,2,0,0,1471
2025-02-14 16:00:00,2025-02-14,16,4,2,0,0,1301
2025-02-14 17:00:00,2025-02-14,17,4,2,0,0,1372
2025-02-14 18:00:00,2025-02-14,18,4,2,0,0,972
2025-02-14 19:00:00,2025-02-14,19,4,2,0,0,715
2025-02-14 20:00:00,2025-02-14,20,4,2,0,0,985
2025-02-14 21:00:00,2025-02-14,21,4,2,0,0,1083
2025-02-14 22:00:00,2025-02-14,22,4,2,0,0,728
2025-02-14 23:00:00,2025-02-14,23,4,2,0,0,360
2025-02-15 09:00:00,2025-02-15,9,5,2,1,0,762
2025-02-15 10:00:00,2025-02-15,10,5,2,1,0,1231
2025-02-15 11:00:00,2025-02-15,11,5,2,1,0,1332
2025-02-15 12:00:00,2025-02-15,12,5,2,1,0,1585
2025-02-15 13:00:00,2025-02-15,13,5,2,1,0,1350
2025-02-15 14:00:00,2025-02-15,14,5,2,1,0,1765
2025-02-15 15:00:00,2025-02-15,15,5,2,1,0,2057
2025-02-15 16:00:00,2025-02-15,16,5,2,1,0,1884
2025-02-15 17:00:00,2025-02-15,17,5,2,1,0,1541
2025-02-15 18:00:00,2025-02-15,18,5,2,1,0,1177
2025-02-15 19:00:00,2025-02-15,19,5,2,1,0,1314
2025-02-15 20:00:00,2025-02-15,20,5,2,1,0,1182
2025-02-15 21:00:00,2025-02-15,21,5,2,1,0,1471
2025-02-15 22:00:00,2025-02-15,22,5,2,1,0,2049
2025-02-15 23:00:00,2025-02-15,23,5,2,1,0,451
2025-02-16 09:00:00,2025-02-16,9,6,2,1,0,918
2025-02-16 10:00:00,2025-02-16,10,6,2,1,0,1044
2025-02-16 11:00:00,2025-02-16,11,6,2,1,0,1075
2025-02-16 12:00:00,2025-02-16,12,6,2,1,0,1995
2025-02-16 13:00:00,2025-02-16,13,6,2,1,0,1818
2025-02-16 14:00:00,2025-02-16,14,6,2,1,0,1797
2025-02-16 15:00:00,2025-02-16,15,6,2,1,0,2126
2025-02-16 16:00:00,2025-02-16,16,6,2,1,0,2251
2025-02-16 17:00:00,2025-02-16,17,6,2,1,0,1279
2025-02-16 18:00:00,2025-02-16,18,6,2,1,0,1865
2025-02-16 19:00:00,2025-02-16,19,6,2,1,0,1533
2025-02-16 20:00:00,2025-02-16,20,6,2,1,0,1498
2025-02-16 21:00:00,2025-02-16,21,6,2,1,0,1582
2025-02-16 22:00:00,2025-02-16,22,6,2,1,0,1919
2025-02-16 23:00:00,2025-02-16,23,6,2,1,0,275
2025-02-17 09:00:00,2025-02-17,9,0,2,0,0,598
2025-02-17 10:00:00,2025-02-17,10,0,2,0,0,465
2025-02-17 11:00:00,2025-02-17,11,0,2,0,0,947
2025-02-17 12:00:00,2025-02-17,12,0,2,0,0,1154
2025-02-17 13:00:00,2025-02-17,13,0,2,0,0,1298
2025-02-17 14:00:00,2025-02-17,14,0,2,0,0,1366
2025-02-17 15:00:00,2025-02-17,15,0,2,0,0,1302
2025-02-17 16:00:00,2025-02-17,16,0,2,0,0,1865
2025-02-17 17:00:00,2025-02-17,17,0,2,0,0,1661
2025-02-17 18:00:00,2025-02-17,18,0,2,0,0,721
2025-02-17 19:00:00,2025-02-17,19,0,2,0,0,1196
2025-02-17 20:00:00,2025-02-17,20,0,2,0,0,1213
2025-02-17 21:00:00,2025-02-17,21,0,2,0,0,1294
2025-02-17 22:00:00,2025-02-17,22,0,2,0,0,1265
2025-02-17 23:00:00,2025-02-17,23,0,2,0,0,278
2025-02-18 09:00:00,2025-02-18,9,1,2,0,0,681
2025-02-18 10:00:00,2025-02-18,10,1,2,0,0,815
2025-02-18 11:00:00,2025-02-18,11,1,2,0,0,947
2025-02-18 12:00:00,2025-02-18,12,1,2,0,0,1010
2025-02-18 13:00:00,2025-02-18,13,1,2,0,0,1211
2025-02-18 14:00:00,2025-02-18,14,1,2,0,0,1174
2025-02-18 15:00:00,2025-02-18,15,1,2,0,0,1502
2025-02-18 16:00:00,2025-02-18,16,1,2,0,0,1252
2025-02-18 17:00:00,2025-02-18,17,1,2,0,0,1314
2025-02-18 18:00:00,2025-02-18,18,1,2,0,0,1394
2025-02-18 19:00:00,2025-02-18,19,1,2,0,0,1150
2025-02-18 20:00:00,2025-02-18,20,1,2,0,0,889
2025-02-18 21:00:00,2025-02-18,21,1,2,0,0,1261
2025-02-18 22:00:00,2025-02-18,22,1,2,0,0,1562
2025-02-18 23:00:00,2025-02-18,23,1,2,0,0,321
2025-02-19 09:00:00,2025-02-19,9,2,2,0,0,585
2025-02-19 10:00:00,2025-02-19,10,2,2,0,0,665
2025-02-19 11:00:00,2025-02-19,11,2,2,0,0,1053
2025-02-19 12:00:00,2025-02-19,12,2,2,0,0,921
2025-02-19 13:00:00,2025-02-19,13,2,2,0,0,1254
2025-02-19 14:00:00,2025-02-19,14,2,2,0,0,1514
2025-02-19 15:00:00,2025-02-19,15,2,2,0,0,1004
2025-02-19 16:00:00,2025-02-19,16,2,2,0,0,1430
2025-02-19 17:00:00,2025-02-19,17,2,2,0,0,952
2025-02-19 18:00:00,2025-02-19,18,2,2,0,0,1165
2025-02-19 19:00:00,2025-02-19,19,2,2,0,0,1122
2025-02-19 20:00:00,2025-02-19,20,2,2,0,0,1178
2025-02-19 21:00:00,2025-02-19,21,2,2,0,0,1283
2025-02-19 22:00:00,2025-02-19,22,2,2,0,0,1159
2025-02-19 23:00:00,2025-02-19,23,2,2,0,0,315
2025-02-20 09:00:00,2025-02-20,9,3,2,0,0,594
2025-02-20 10:00:00,2025-02-20,10,3,2,0,0,712
2025-02-20 11:00:00,2025-02-20,11,3,2,0,0,1166
2025-02-20 12:00:00,2025-02-20,12,3,2,0,0,1331
2025-02-20 13:00:00,2025-02-20,13,3,2,0,0,1258
2025-02-20 14:00:00,2025-02-20,14,3,2,0,0,1550
2025-02-20 15:00:00,2025-02-20,15,3,2,0,0,1596
2025-02-20 16:00:00,2025-02-20,16,3,2,0,0,1575
2025-02-20 17:00:00,2025-02-20,17,3,2,0,0,1081
2025-02-20 18:00:00,2025-02-20,18,3,2,0,0,1342
2025-02-20 19:00:00,2025-02-20,19,3,2,0,0,936
2025-02-20 20:00:00,2025-02-20,20,3,2,0,0,1220
2025-02-20 21:00:00,2025-02-20,21,3,2,0,0,1678
2025-02-20 22:00:00,2025-02-20,22,3,2,0,0,1321
2025-02-20 23:00:00,2025-02-20,23,3,2,0,0,288
2025-02-21 09:00:00,2025-02-21,9,4,2,0,0,448
2025-02-21 10:00:00,2025-02-21,10,4,2,0,0,936
2025-02-21 11:00:00,2025-02-21,11,4,2,0,0,843
2025-02-21 12:00:00,2025-02-21,12,4,2,0,0,1053
2025-02-21 13:00:00,2025-02-21,13,4,2,0,0,1303
2025-02-21 14:00:00,2025-02-21,14,4,2,0,0,1711
2025-02-21 15:00:00,2025-02-21,15,4,2,0,0,1639
2025-02-21 16:00:00,2025-02-21,16,4,2,0,0,1435
2025-02-21 17:00:00,2025-02-21,17,4,2,0,0,1407
2025-02-21 18:00:00,2025-02-21,18,4,2,0,0,1111
2025-02-21 19:00:00,2025-02-21,19,4,2,0,0,1022
2025-02-21 20:00:00,2025-02-21,20,4,2,0,0,1286
2025-02-21 21:00:00,2025-02-21,21,4,2,0,0,1423
2025-02-21 22:00:00,2025-02-21,22,4,2,0,0,1422
2025-02-21 23:00:00,2025-02-21,23,4,2,0,0,224
2025-02-22 09:00:00,2025-02-22,9,5,2,1,0,787
2025-02-22 10:00:00,2025-02-22,10,5,2,1,0,1180
2025-02-22 11:00:00,2025-02-22,11,5,2,1,0,1342
2025-02-22 12:00:00,2025-02-22,12,5,2,1,0,1407
2025-02-22 13:00:00,2025-02-22,13,5,2,1,0,1743
2025-02-22 14:00:00,2025-02-22,14,5,2,1,0,1995
2025-02-22 15:00:00,2025-02-22,15,5,2,1,0,2246
2025-02-22 16:00:00,2025-02-22,16,5,2,1,0,1931
2025-02-22 17:00:00,2025-02-22,17,5,2,1,0,1566
2025-02-22 18:00:00,2025-02-22,18,5,2,1,0,1139
2025-02-22 19:00:00,2025-02-22,19,5,2,1,0,1375
2025-02-22 20:00:00,2025-02-22,20,5,2,1,0,1759
2025-02-22 21:00:00,2025-02-22,21,5,2,1,0,1337
2025-02-22 22:00:00,2025-02-22,22,5,2,1,0,1931
2025-02-22 23:00:00,2025-02-22,23,5,2,1,0,379
2025-02-23 09:00:00,2025-02-23,9,6,2,1,0,762
2025-02-23 10:00:00,2025-02-23,10,6,2,1,0,948
2025-02-23 11:00:00,2025-02-23,11,6,2,1,0,1471
2025-02-23 12:00:00,2025-02-23,12,6,2,1,0,1898
2025-02-23 13:00:00,2025-02-23,13,6,2,1,0,1763
2025-02-23 14:00:00,2025-02-23,14,6,2,1,0,1917
2025-02-23 15:00:00,2025-02-23,15,6,2,1,0,2381
2025-02-23 16:00:00,2025-02-23,16,6,2,1,0,2094
2025-02-23 17:00:00,2025-02-23,17,6,2,1,0,1928
2025-02-23 18:00:00,2025-02-23,18,6,2,1,0,970
2025-02-23 19:00:00,2025-02-23,19,6,2,1,0,1467
2025-02-23 20:00:00,2025-02-23,20,6,2,1,0,1529
2025-02-23 21:00:00,2025-02-23,21,6,2,1,0,1040
2025-02-23 22:00:00,2025-02-23,22,6,2,1,0,1649
2025-02-23 23:00:00,2025-02-23,23,6,2,1,0,380
2025-02-24 09:00:00,2025-02-24,9,0,2,0,0,593
2025-02-24 10:00:00,2025-02-24,10,0,2,0,0,664
2025-02-24 11:00:00,2025-02-24,11,0,2,0,0,1121
2025-02-24 12:00:00,2025-02-24,12,0,2,0,0,1359
2025-02-24 13:00:00,2025-02-24,13,0,2,0,0,1040
2025-02-24 14:00:00,2025-02-24,14,0,2,0,0,1634
2025-02-24 15:00:00,2025-02-24,15,0,2,0,0,1354
2025-02-24 16:00:00,2025-02-24,16,0,2,0,0,1613
2025-02-24 17:00:00,2025-02-24,17,0,2,0,0,1346
2025-02-24 18:00:00,2025-02-24,18,0,2,0,0,1201
2025-02-24 19:00:00,2025-02-24,19,0,2,0,0,983
2025-02-24 20:00:00,2025-02-24,20,0,2,0,0,1460
2025-02-24 21:00:00,2025-02-24,21,0,2,0,0,1085
2025-02-24 22:00:00,2025-02-24,22,0,2,0,0,1367
2025-02-24 23:00:00,2025-02-24,23,0,2,0,0,342
2025-02-25 09:00:00,2025-02-25,9,1,2,0,0,662
2025-02-25 10:00:00,2025-02-25,10,1,2,0,0,1026
2025-02-25 11:00:00,2025-02-25,11,1,2,0,0,941
2025-02-25 12:00:00,2025-02-25,12,1,2,0,0,1335
2025-02-25 13:00:00,2025-02-25,13,1,2,0,0,1339
2025-02-25 14:00:00,2025-02-25,14,1,2,0,0,1679
2025-02-25 15:00:00,2025-02-25,15,1,2,0,0,1498
2025-02-25 16:00:00,2025-02-25,16,1,2,0,0,1394
2025-02-25 17:00:00,2025-02-25,17,1,2,0,0,1569
2025-02-25 18:00:00,2025-02-25,18,1,2,0,0,1127
2025-02-25 19:00:00,2025-02-25,19,1,2,0,0,584
2025-02-25 20:00:00,2025-02-25,20,1,2,0,0,837
2025-02-25 21:00:00,2025-02-25,21,1,2,0,0,958
2025-02-25 22:00:00,2025-02-25,22,1,2,0,0,1487
2025-02-25 23:00:00,2025-02-25,23,1,2,0,0,306
2025-02-26 09:00:00,2025-02-26,9,2,2,0,0,706
2025-02-26 10:00:00,2025-02-26,10,2,2,0,0,672
2025-02-26 11:00:00,2025-02-26,11,2,2,0,0,951
2025-02-26 12:00:00,2025-02-26,12,2,2,0,0,1156
2025-02-26 13:00:00,2025-02-26,13,2,2,0,0,1338
2025-02-26 14:00:00,2025-02-26,14,2,2,0,0,1477
2025-02-26 15:00:00,2025-02-26,15,2,2,0,0,1624
2025-02-26 16:00:00,2025-02-26,16,2,2,0,0,1384
2025-02-26 17:00:00,2025-02-26,17,2,2,0,0,1379
2025-02-26 18:00:00,2025-02-26,18,2,2,0,0,1191
2025-02-26 19:00:00,2025-02-26,19,2,2,0,0,625
2025-02-26 20:00:00,2025-02-26,20,2,2,0,0,1257
2025-02-26 21:00:00,2025-02-26,21,2,2,0,0,1253
2025-02-26 22:00:00,2025-02-26,22,2,2,0,0,1249
2025-02-26 23:00:00,2025-02-26,23,2,2,0,0,303
2025-02-27 09:00:00,2025-02-27,9,3,2,0,0,615
2025-02-27 10:00:00,2025-02-27,10,3,2,0,0,761
2025-02-27 11:00:00,2025-02-27,11,3,2,0,0,1159
2025-02-27 12:00:00,2025-02-27,12,3,2,0,0,720
2025-02-27 13:00:00,2025-02-27,13,3,2,0,0,1239
2025-02-27 14:00:00,2025-02-27,14,3,2,0,0,1951
2025-02-27 15:00:00,2025-02-27,15,3,2,0,0,1313
2025-02-27 16:00:00,2025-02-27,16,3,2,0,0,1225
2025-02-27 17:00:00,2025-02-27,17,3,2,0,0,1476
2025-02-27 18:00:00,2025-02-27,18,3,2,0,0,899
2025-02-27 19:00:00,2025-02-27,19,3,2,0,0,977
2025-02-27 20:00:00,2025-02-27,20,3,2,0,0,1603
2025-02-27 21:00:00,2025-02-27,21,3,2,0,0,1038
2025-02-27 22:00:00,2025-02-27,22,3,2,0,0,971
2025-02-27 23:00:00,2025-02-27,23,3,2,0,0,248
2025-02-28 09:00:00,2025-02-28,9,4,2,0,0,472
2025-02-28 10:00:00,2025-02-28,10,4,2,0,0,911
2025-02-28 11:00:00,2025-02-28,11,4,2,0,0,943
2025-02-28 12:00:00,2025-02-28,12,4,2,0,0,1295
2025-02-28 13:00:00,2025-02-28,13,4,2,0,0,1583
2025-02-28 14:00:00,2025-02-28,14,4,2,0,0,1776
2025-02-28 15:00:00,2025-02-28,15,4,2,0,0,1455
2025-02-28 16:00:00,2025-02-28,16,4,2,0,0,1058
2025-02-28 17:00:00,2025-02-28,17,4,2,0,0,1223
2025-02-28 18:00:00,2025-02-28,18,4,2,0,0,1136
2025-02-28 19:00:00,2025-02-28,19,4,2,0,0,974
2025-02-28 20:00:00,2025-02-28,20,4,2,0,0,1246
2025-02-28 21:00:00,2025-02-28,21,4,2,0,0,1446
2025-02-28 22:00:00,2025-02-28,22,4,2,0,0,1469
2025-02-28 23:00:00,2025-02-28,23,4,2,0,0,296
2025-03-01 09:00:00,2025-03-01,9,5,3,1,0,931
2025-03-01 10:00:00,2025-03-01,10,5,3,1,0,1130
2025-03-01 11:00:00,2025-03-01,11,5,3,1,0,1367
2025-03-01 12:00:00,2025-03-01,12,5,3,1,0,1792
2025-03-01 13:00:00,2025-03-01,13,5,3,1,0,1848
2025-03-01 14:00:00,2025-03-01,14,5,3,1,0,1723
2025-03-01 15:00:00,2025-03-01,15,5,3,1,0,1675
2025-03-01 16:00:00,2025-03-01,16,5,3,1,0,1852
2025-03-01 17:00:00,2025-03-01,17,5,3,1,0,1804
2025-03-01 18:00:00,2025-03-01,18,5,3,1,0,1702
2025-03-01 19:00:00,2025-03-01,19,5,3,1,0,1563
2025-03-01 20:00:00,2025-03-01,20,5,3,1,0,1716
2025-03-01 21:00:00,2025-03-01,21,5,3,1,0,1427
2025-03-01 22:00:00,2025-03-01,22,5,3,1,0,1895
2025-03-01 23:00:00,2025-03-01,23,5,3,1,0,445
2025-03-02 09:00:00,2025-03-02,9,6,3,1,0,631
2025-03-02 10:00:00,2025-03-02,10,6,3,1,0,1083
2025-03-02 11:00:00,2025-03-02,11,6,3,1,0,1098
2025-03-02 12:00:00,2025-03-02,12,6,3,1,0,1488
2025-03-02 13:00:00,2025-03-02,13,6,3,1,0,1633
2025-03-02 14:00:00,2025-03-02,14,6,3,1,0,2166
2025-03-02 15:00:00,2025-03-02,15,6,3,1,0,2053
2025-03-02 16:00:00,2025-03-02,16,6,3,1,0,1670
2025-03-02 17:00:00,2025-03-02,17,6,3,1,0,2025
2025-03-02 18:00:00,2025-03-02,18,6,3,1,0,1338
2025-03-02 19:00:00,2025-03-02,19,6,3,1,0,1411
2025-03-02 20:00:00,2025-03-02,20,6,3,1,0,1553
2025-03-02 21:00:00,2025-03-02,21,6,3,1,0,1645
2025-03-02 22:00:00,2025-03-02,22,6,3,1,0,1825
2025-03-02 23:00:00,2025-03-02,23,6,3,1,0,434
2025-03-03 09:00:00,2025-03-03,9,0,3,0,0,707
2025-03-03 10:00:00,2025-03-03,10,0,3,0,0,794
2025-03-03 11:00:00,2025-03-03,11,0,3,0,0,1042
2025-03-03 12:00:00,2025-03-03,12,0,3,0,0,1134
2025-03-03 13:00:00,2025-03-03,13,0,3,0,0,1386
2025-03-03 14:00:00,2025-03-03,14,0,3,0,0,1540
2025-03-03 15:00:00,2025-03-03,15,0,3,0,0,1037
2025-03-03 16:00:00,2025-03-03,16,0,3,0,0,1146
2025-03-03 17:00:00,2025-03-03,17,0,3,0,0,1411
2025-03-03 18:00:00,2025-03-03,18,0,3,0,0,1250
2025-03-03 19:00:00,2025-03-03,19,0,3,0,0,923
2025-03-03 20:00:00,2025-03-03,20,0,3,0,0,1078
2025-03-03 21:00:00,2025-03-03,21,0,3,0,0,1500
2025-03-03 22:00:00,2025-03-03,22,0,3,0,0,1350
2025-03-03 23:00:00,2025-03-03,23,0,3,0,0,294
2025-03-04 09:00:00,2025-03-04,9,1,3,0,0,526
2025-03-04 10:00:00,2025-03-04,10,1,3,0,0,723
2025-03-04 11:00:00,2025-03-04,11,1,3,0,0,1162
2025-03-04 12:00:00,2025-03-04,12,1,3,0,0,1217
2025-03-04 13:00:00,2025-03-04,13,1,3,0,0,1267
2025-03-04 14:00:00,2025-03-04,14,1,3,0,0,1552
2025-03-04 15:00:00,2025-03-04,15,1,3,0,0,1353
2025-03-04 16:00:00,2025-03-04,16,1,3,0,0,1726
2025-03-04 17:00:00,2025-03-04,17,1,3,0,0,1577
2025-03-04 18:00:00,2025-03-04,18,1,3,0,0,1130
2025-03-04 19:00:00,2025-03-04,19,1,3,0,0,929
2025-03-04 20:00:00,2025-03-04,20,1,3,0,0,874
2025-03-04 21:00:00,2025-03-04,21,1,3,0,0,1048
2025-03-04 22:00:00,2025-03-04,22,1,3,0,0,1070
2025-03-04 23:00:00,2025-03-04,23,1,3,0,0,307
2025-03-05 09:00:00,2025-03-05,9,2,3,0,0,585
2025-03-05 10:00:00,2025-03-05,10,2,3,0,0,673
2025-03-05 11:00:00,2025-03-05,11,2,3,0,0,971
2025-03-05 12:00:00,2025-03-05,12,2,3,0,0,1270
2025-03-05 13:00:00,2025-03-05,13,2,3,0,0,1443
2025-03-05 14:00:00,2025-03-05,14,2,3,0,0,1129
2025-03-05 15:00:00,2025-03-05,15,2,3,0,0,1476
2025-03-05 16:00:00,2025-03-05,16,2,3,0,0,1220
2025-03-05 17:00:00,2025-03-05,17,2,3,0,0,1504
2025-03-05 18:00:00,2025-03-05,18,2,3,0,0,1310
2025-03-05 19:00:00,2025-03-05,19,2,3,0,0,627
2025-03-05 20:00:00,2025-03-05,20,2,3,0,0,1157
2025-03-05 21:00:00,2025-03-05,21,2,3,0,0,1204
2025-03-05 22:00:00,2025-03-05,22,2,3,0,0,930
2025-03-05 23:00:00,2025-03-05,23,2,3,0,0,315
2025-03-06 09:00:00,2025-03-06,9,3,3,0,0,589
2025-03-06 10:00:00,2025-03-06,10,3,3,0,0,627
2025-03-06 11:00:00,2025-03-06,11,3,3,0,0,872
2025-03-06 12:00:00,2025-03-06,12,3,3,0,0,1108
2025-03-06 13:00:00,2025-03-06,13,3,3,0,0,1111
2025-03-06 14:00:00,2025-03-06,14,3,3,0,0,1286
2025-03-06 15:00:00,2025-03-06,15,3,3,0,0,1287
2025-03-06 16:00:00,2025-03-06,16,3,3,0,0,1637
2025-03-06 17:00:00,2025-03-06,17,3,3,0,0,1243
2025-03-06 18:00:00,2025-03-06,18,3,3,0,0,1215
2025-03-06 19:00:00,2025-03-06,19,3,3,0,0,959
2025-03-06 20:00:00,2025-03-06,20,3,3,0,0,756
2025-03-06 21:00:00,2025-03-06,21,3,3,0,0,1249
2025-03-06 22:00:00,2025-03-06,22,3,3,0,0,1366
2025-03-06 23:00:00,2025-03-06,23,3,3,0,0,181
2025-03-07 09:00:00,2025-03-07,9,4,3,0,0,669
2025-03-07 10:00:00,2025-03-07,10,4,3,0,0,721
2025-03-07 11:00:00,2025-03-07,11,4,3,0,0,947
2025-03-07 12:00:00,2025-03-07,12,4,3,0,0,1274
2025-03-07 13:00:00,2025-03-07,13,4,3,0,0,1249
2025-03-07 14:00:00,2025-03-07,14,4,3,0,0,1469
2025-03-07 15:00:00,2025-03-07,15,4,3,0,0,1443
2025-03-07 16:00:00,2025-03-07,16,4,3,0,0,1485
2025-03-07 17:00:00,2025-03-07,17,4,3,0,0,969
2025-03-07 18:00:00,2025-03-07,18,4,3,0,0,934
2025-03-07 19:00:00,2025-03-07,19,4,3,0,0,1079
2025-03-07 20:00:00,2025-03-07,20,4,3,0,0,1003
2025-03-07 21:00:00,2025-03-07,21,4,3,0,0,1135
2025-03-07 22:00:00,2025-03-07,22,4,3,0,0,1237
2025-03-07 23:00:00,2025-03-07,23,4,3,0,0,313
2025-03-08 09:00:00,2025-03-08,9,5,3,1,0,891
2025-03-08 10:00:00,2025-03-08,10,5,3,1,0,820
2025-03-08 11:00:00,2025-03-08,11,5,3,1,0,849
2025-03-08 12:00:00,2025-03-08,12,5,3,1,0,1552
2025-03-08 13:00:00,2025-03-08,13,5,3,1,0,1986
2025-03-08 14:00:00,2025-03-08,14,5,3,1,0,2567
2025-03-08 15:00:00,2025-03-08,15,5,3,1,0,1969
2025-03-08 16:00:00,2025-03-08,16,5,3,1,0,1149
2025-03-08 17:00:00,2025-03-08,17,5,3,1,0,1920
2025-03-08 18:00:00,2025-03-08,18,5,3,1,0,1873
2025-03-08 19:00:00,2025-03-08,19,5,3,1,0,1374
2025-03-08 20:00:00,2025-03-08,20,5,3,1,0,1533
2025-03-08 21:00:00,2025-03-08,21,5,3,1,0,1919
2025-03-08 22:00:00,2025-03-08,22,5,3,1,0,1858
2025-03-08 23:00:00,2025-03-08,23,5,3,1,0,358
2025-03-09 09:00:00,2025-03-09,9,6,3,1,0,860
2025-03-09 10:00:00,2025-03-09,10,6,3,1,0,1213
2025-03-09 11:00:00,2025-03-09,11,6,3,1,0,1084
2025-03-09 12:00:00,2025-03-09,12,6,3,1,0,1604
2025-03-09 13:00:00,2025-03-09,13,6,3,1,0,1753
2025-03-09 14:00:00,2025-03-09,14,6,3,1,0,2265
2025-03-09 15:00:00,2025-03-09,15,6,3,1,0,1211
2025-03-09 16:00:00,2025-03-09,16,6,3,1,0,2078
2025-03-09 17:00:00,2025-03-09,17,6,3,1,0,1531
2025-03-09 18:00:00,2025-03-09,18,6,3,1,0,1823
2025-03-09 19:00:00,2025-03-09,19,6,3,1,0,1315
2025-03-09 20:00:00,2025-03-09,20,6,3,1,0,1983
2025-03-09 21:00:00,2025-03-09,21,6,3,1,0,1822
2025-03-09 22:00:00,2025-03-09,22,6,3,1,0,1468
2025-03-09 23:00:00,2025-03-09,23,6,3,1,0,478
2025-03-10 09:00:00,2025-03-10,9,0,3,0,0,723
2025-03-10 10:00:00,2025-03-10,10,0,3,0,0,887
2025-03-10 11:00:00,2025-03-10,11,0,3,0,0,913
2025-03-10 12:00:00,2025-03-10,12,0,3,0,0,1153
2025-03-10 13:00:00,2025-03-10,13,0,3,0,0,1380
2025-03-10 14:00:00,2025-03-10,14,0,3,0,0,1339
2025-03-10 15:00:00,2025-03-10,15,0,3,0,0,1804
2025-03-10 16:00:00,2025-03-10,16,0,3,0,0,1488
2025-03-10 17:00:00,2025-03-10,17,0,3,0,0,916
2025-03-10 18:00:00,2025-03-10,18,0,3,0,0,1246
2025-03-10 19:00:00,2025-03-10,19,0,3,0,0,963
2025-03-10 20:00:00,2025-03-10,20,0,3,0,0,1263
2025-03-10 21:00:00,2025-03-10,21,0,3,0,0,1218
2025-03-10 22:00:00,2025-03-10,22,0,3,0,0,1398
2025-03-10 23:00:00,2025-03-10,23,0,3,0,0,343
2025-03-11 09:00:00,2025-03-11,9,1,3,0,0,630
2025-03-11 10:00:00,2025-03-11,10,1,3,0,0,770
2025-03-11 11:00:00,2025-03-11,11,1,3,0,0,1000
2025-03-11 12:00:00,2025-03-11,12,1,3,0,0,1200
2025-03-11 13:00:00,2025-03-11,13,1,3,0,0,1226
2025-03-11 14:00:00,2025-03-11,14,1,3,0,0,1564
2025-03-11 15:00:00,2025-03-11,15,1,3,0,0,1582
2025-03-11 16:00:00,2025-03-11,16,1,3,0,0,1733
2025-03-11 17:00:00,2025-03-11,17,1,3,0,0,1561
2025-03-11 18:00:00,2025-03-11,18,1,3,0,0,1099
2025-03-11 19:00:00,2025-03-11,19,1,3,0,0,1104
2025-03-11 20:00:00,2025-03-11,20,1,3,0,0,1129
2025-03-11 21:00:00,2025-03-11,21,1,3,0,0,1381
2025-03-11 22:00:00,2025-03-11,22,1,3,0,0,1195
2025-03-11 23:00:00,2025-03-11,23,1,3,0,0,265
2025-03-12 09:00:00,2025-03-12,9,2,3,0,0,630
2025-03-12 10:00:00,2025-03-12,10,2,3,0,0,545
2025-03-12 11:00:00,2025-03-12,11,2,3,0,0,794
2025-03-12 12:00:00,2025-03-12,12,2,3,0,0,1172
2025-03-12 13:00:00,2025-03-12,13,2,3,0,0,1370
2025-03-12 14:00:00,2025-03-12,14,2,3,0,0,1398
2025-03-12 15:00:00,2025-03-12,15,2,3,0,0,1215
2025-03-12 16:00:00,2025-03-12,16,2,3,0,0,1319
2025-03-12 17:00:00,2025-03-12,17,2,3,0,0,1420
2025-03-12 18:00:00,2025-03-12,18,2,3,0,0,1281
2025-03-12 19:00:00,2025-03-12,19,2,3,0,0,1003
2025-03-12 20:00:00,2025-03-12,20,2,3,0,0,1451
2025-03-12 21:00:00,2025-03-12,21,2,3,0,0,1335
2025-03-12 22:00:00,2025-03-12,22,2,3,0,0,1160
2025-03-12 23:00:00,2025-03-12,23,2,3,0,0,292
2025-03-13 09:00:00,2025-03-13,9,3,3,0,0,507
2025-03-13 10:00:00,2025-03-13,10,3,3,0,0,792
2025-03-13 11:00:00,2025-03-13,11,3,3,0,0,797
2025-03-13 12:00:00,2025-03-13,12,3,3,0,0,1296
2025-03-13 13:00:00,2025-03-13,13,3,3,0,0,1585
2025-03-13 14:00:00,2025-03-13,14,3,3,0,0,1409
2025-03-13 15:00:00,2025-03-13,15,3,3,0,0,1742
2025-03-13 16:00:00,2025-03-13,16,3,3,0,0,1429
2025-03-13 17:00:00,2025-03-13,17,3,3,0,0,1596
2025-03-13 18:00:00,2025-03-13,18,3,3,0,0,1194
2025-03-13 19:00:00,2025-03-13,19,3,3,0,0,1090
2025-03-13 20:00:00,2025-03-13,20,3,3,0,0,1500
2025-03-13 21:00:00,2025-03-13,21,3,3,0,0,871
2025-03-13 22:00:00,2025-03-13,22,3,3,0,0,1308
2025-03-13 23:00:00,2025-03-13,23,3,3,0,0,349
2025-03-14 09:00:00,2025-03-14,9,4,3,0,0,600
2025-03-14 10:00:00,2025-03-14,10,4,3,0,0,675
2025-03-14 11:00:00,2025-03-14,11,4,3,0,0,1264
2025-03-14 12:00:00,2025-03-14,12,4,3,0,0,1130
2025-03-14 13:00:00,2025-03-14,13,4,3,0,0,1383
2025-03-14 14:00:00,2025-03-14,14,4,3,0,0,1665
2025-03-14 15:00:00,2025-03-14,15,4,3,0,0,1390
2025-03-14 16:00:00,2025-03-14,16,4,3,0,0,1286
2025-03-14 17:00:00,2025-03-14,17,4,3,0,0,1398
2025-03-14 18:00:00,2025-03-14,18,4,3,0,0,940
2025-03-14 19:00:00,2025-03-14,19,4,3,0,0,970
2025-03-14 20:00:00,2025-03-14,20,4,3,0,0,1312
2025-03-14 21:00:00,2025-03-14,21,4,3,0,0,1233
2025-03-14 22:00:00,2025-03-14,22,4,3,0,0,1038
2025-03-14 23:00:00,2025-03-14,23,4,3,0,0,360
2025-03-15 09:00:00,2025-03-15,9,5,3,1,0,833
2025-03-15 10:00:00,2025-03-15,10,5,3,1,0,1270
2025-03-15 11:00:00,2025-03-15,11,5,3,1,0,1315
2025-03-15 12:00:00,2025-03-15,12,5,3,1,0,1446
2025-03-15 13:00:00,2025-03-15,13,5,3,1,0,1891
2025-03-15 14:00:00,2025-03-15,14,5,3,1,0,1923
2025-03-15 15:00:00,2025-03-15,15,5,3,1,0,1738
2025-03-15 16:00:00,2025-03-15,16,5,3,1,0,2323
2025-03-15 17:00:00,2025-03-15,17,5,3,1,0,1695
2025-03-15 18:00:00,2025-03-15,18,5,3,1,0,1259
2025-03-15 19:00:00,2025-03-15,19,5,3,1,0,1573
2025-03-15 20:00:00,2025-03-15,20,5,3,1,0,1617
2025-03-15 21:00:00,2025-03-15,21,5,3,1,0,1595
2025-03-15 22:00:00,2025-03-15,22,5,3,1,0,1356
2025-03-15 23:00:00,2025-03-15,23,5,3,1,0,494
2025-03-16 09:00:00,2025-03-16,9,6,3,1,0,695
2025-03-16 10:00:00,2025-03-16,10,6,3,1,0,1091
2025-03-16 11:00:00,2025-03-16,11,6,3,1,0,1506
2025-03-16 12:00:00,2025-03-16,12,6,3,1,0,1698
2025-03-16 13:00:00,2025-03-16,13,6,3,1,0,1819
2025-03-16 14:00:00,2025-03-16,14,6,3,1,0,1571
2025-03-16 15:00:00,2025-03-16,15,6,3,1,0,1828
2025-03-16 16:00:00,2025-03-16,16,6,3,1,0,2019
2025-03-16 17:00:00,2025-03-16,17,6,3,1,0,1659
2025-03-16 18:00:00,2025-03-16,18,6,3,1,0,1656
2025-03-16 19:00:00,2025-03-16,19,6,3,1,0,1468
2025-03-16 20:00:00,2025-03-16,20,6,3,1,0,1920
2025-03-16 21:00:00,2025-03-16,21,6,3,1,0,1467
2025-03-16 22:00:00,2025-03-16,22,6,3,1,0,2174
2025-03-16 23:00:00,2025-03-16,23,6,3,1,0,446
2025-03-17 09:00:00,2025-03-17,9,0,3,0,0,426
2025-03-17 10:00:00,2025-03-17,10,0,3,0,0,907
2025-03-17 11:00:00,2025-03-17,11,0,3,0,0,1290
2025-03-17 12:00:00,2025-03-17,12,0,3,0,0,990
2025-03-17 13:00:00,2025-03-17,13,0,3,0,0,1320
2025-03-17 14:00:00,2025-03-17,14,0,3,0,0,1045
2025-03-17 15:00:00,2025-03-17,15,0,3,0,0,1534
2025-03-17 16:00:00,2025-03-17,16,0,3,0,0,1527
2025-03-17 17:00:00,2025-03-17,17,0,3,0,0,1350
2025-03-17 18:00:00,2025-03-17,18,0,3,0,0,1103
2025-03-17 19:00:00,2025-03-17,19,0,3,0,0,758
2025-03-17 20:00:00,2025-03-17,20,0,3,0,0,1332
2025-03-17 21:00:00,2025-03-17,21,0,3,0,0,1497
2025-03-17 22:00:00,2025-03-17,22,0,3,0,0,1184
2025-03-17 23:00:00,2025-03-17,23,0,3,0,0,223
2025-03-18 09:00:00,2025-03-18,9,1,3,0,0,495
2025-03-18 10:00:00,2025-03-18,10,1,3,0,0,846
2025-03-18 11:00:00,2025-03-18,11,1,3,0,0,958
2025-03-18 12:00:00,2025-03-18,12,1,3,0,0,1088
2025-03-18 13:00:00,2025-03-18,13,1,3,0,0,1233
2025-03-18 14:00:00,2025-03-18,14,1,3,0,0,1393
2025-03-18 15:00:00,2025-03-18,15,1,3,0,0,1568
2025-03-18 16:00:00,2025-03-18,16,1,3,0,0,1232
2025-03-18 17:00:00,2025-03-18,17,1,3,0,0,1292
2025-03-18 18:00:00,2025-03-18,18,1,3,0,0,1191
2025-03-18 19:00:00,2025-03-18,19,1,3,0,0,872
2025-03-18 20:00:00,2025-03-18,20,1,3,0,0,1549
2025-03-18 21:00:00,2025-03-18,21,1,3,0,0,1144
2025-03-18 22:00:00,2025-03-18,22,1,3,0,0,820
2025-03-18 23:00:00,2025-03-18,23,1,3,0,0,187
2025-03-19 09:00:00,2025-03-19,9,2,3,0,0,741
2025-03-19 10:00:00,2025-03-19,10,2,3,0,0,856
2025-03-19 11:00:00,2025-03-19,11,2,3,0,0,892
2025-03-19 12:00:00,2025-03-19,12,2,3,0,0,1356
2025-03-19 13:00:00,2025-03-19,13,2,3,0,0,1389
2025-03-19 14:00:00,2025-03-19,14,2,3,0,0,1055
2025-03-19 15:00:00,2025-03-19,15,2,3,0,0,1437
2025-03-19 16:00:00,2025-03-19,16,2,3,0,0,1331
2025-03-19 17:00:00,2025-03-19,17,2,3,0,0,1412
2025-03-19 18:00:00,2025-03-19,18,2,3,0,0,1119
2025-03-19 19:00:00,2025-03-19,19,2,3,0,0,1224
2025-03-19 20:00:00,2025-03-19,20,2,3,0,0,1080
2025-03-19 21:00:00,2025-03-19,21,2,3,0,0,1510
2025-03-19 22:00:00,2025-03-19,22,2,3,0,0,880
2025-03-19 23:00:00,2025-03-19,23,2,3,0,0,313
2025-03-20 09:00:00,2025-03-20,9,3,3,0,0,670
2025-03-20 10:00:00,2025-03-20,10,3,3,0,0,742
2025-03-20 11:00:00,2025-03-20,11,3,3,0,0,1109
2025-03-20 12:00:00,2025-03-20,12,3,3,0,0,808
2025-03-20 13:00:00,2025-03-20,13,3,3,0,0,1239
2025-03-20 14:00:00,2025-03-20,14,3,3,0,0,1300
2025-03-20 15:00:00,2025-03-20,15,3,3,0,0,1274
2025-03-20 16:00:00,2025-03-20,16,3,3,0,0,1425
2025-03-20 17:00:00,2025-03-20,17,3,3,0,0,1420
2025-03-20 18:00:00,2025-03-20,18,3,3,0,0,1298
2025-03-20 19:00:00,2025-03-20,19,3,3,0,0,1034
2025-03-20 20:00:00,2025-03-20,20,3,3,0,0,1173
2025-03-20 21:00:00,2025-03-20,21,3,3,0,0,1331
2025-03-20 22:00:00,2025-03-20,22,3,3,0,0,1294
2025-03-20 23:00:00,2025-03-20,23,3,3,0,0,336
2025-03-21 09:00:00,2025-03-21,9,4,3,0,0,666
2025-03-21 10:00:00,2025-03-21,10,4,3,0,0,805
2025-03-21 11:00:00,2025-03-21,11,4,3,0,0,628
2025-03-21 12:00:00,2025-03-21,12,4,3,0,0,1103
2025-03-21 13:00:00,2025-03-21,13,4,3,0,0,1267
2025-03-21 14:00:00,2025-03-21,14,4,3,0,0,1407
2025-03-21 15:00:00,2025-03-21,15,4,3,0,0,1548
2025-03-21 16:00:00,2025-03-21,16,4,3,0,0,1588
2025-03-21 17:00:00,2025-03-21,17,4,3,0,0,1348
2025-03-21 18:00:00,2025-03-21,18,4,3,0,0,1200
2025-03-21 19:00:00,2025-03-21,19,4,3,0,0,1022
2025-03-21 20:00:00,2025-03-21,20,4,3,0,0,1196
2025-03-21 21:00:00,2025-03-21,21,4,3,0,0,1133
2025-03-21 22:00:00,2025-03-21,22,4,3,0,0,1006
2025-03-21 23:00:00,2025-03-21,23,4,3,0,0,277
2025-03-22 09:00:00,2025-03-22,9,5,3,1,0,870
2025-03-22 10:00:00,2025-03-22,10,5,3,1,0,992
2025-03-22 11:00:00,2025-03-22,11,5,3,1,0,1318
2025-03-22 12:00:00,2025-03-22,12,5,3,1,0,1707
2025-03-22 13:00:00,2025-03-22,13,5,3,1,0,1946
2025-03-22 14:00:00,2025-03-22,14,5,3,1,0,1719
2025-03-22 15:00:00,2025-03-22,15,5,3,1,0,2267
2025-03-22 16:00:00,2025-03-22,16,5,3,1,0,2242
2025-03-22 17:00:00,2025-03-22,17,5,3,1,0,1583
2025-03-22 18:00:00,2025-03-22,18,5,3,1,0,1457
2025-03-22 19:00:00,2025-03-22,19,5,3,1,0,1551
2025-03-22 20:00:00,2025-03-22,20,5,3,1,0,1690
2025-03-22 21:00:00,2025-03-22,21,5,3,1,0,1262
2025-03-22 22:00:00,2025-03-22,22,5,3,1,0,1432
2025-03-22 23:00:00,2025-03-22,23,5,3,1,0,396
2025-03-23 09:00:00,2025-03-23,9,6,3,1,0,708
2025-03-23 10:00:00,2025-03-23,10,6,3,1,0,721
2025-03-23 11:00:00,2025-03-23,11,6,3,1,0,1362
2025-03-23 12:00:00,2025-03-23,12,6,3,1,0,1900
2025-03-23 13:00:00,2025-03-23,13,6,3,1,0,1768
2025-03-23 14:00:00,2025-03-23,14,6,3,1,0,2229
2025-03-23 15:00:00,2025-03-23,15,6,3,1,0,2372
2025-03-23 16:00:00,2025-03-23,16,6,3,1,0,2314
2025-03-23 17:00:00,2025-03-23,17,6,3,1,0,1894
2025-03-23 18:00:00,2025-03-23,18,6,3,1,0,1236
2025-03-23 19:00:00,2025-03-23,19,6,3,1,0,1002
2025-03-23 20:00:00,2025-03-23,20,6,3,1,0,1937
2025-03-23 21:00:00,2025-03-23,21,6,3,1,0,1704
2025-03-23 22:00:00,2025-03-23,22,6,3,1,0,2081
2025-03-23 23:00:00,2025-03-23,23,6,3,1,0,451
2025-03-24 09:00:00,2025-03-24,9,0,3,0,0,651
2025-03-24 10:00:00,2025-03-24,10,0,3,0,0,907
2025-03-24 11:00:00,2025-03-24,11,0,3,0,0,1045
2025-03-24 12:00:00,2025-03-24,12,0,3,0,0,839
2025-03-24 13:00:00,2025-03-24,13,0,3,0,0,1275
2025-03-24 14:00:00,2025-03-24,14,0,3,0,0,1673
2025-03-24 15:00:00,2025-03-24,15,0,3,0,0,948
2025-03-24 16:00:00,2025-03-24,16,0,3,0,0,1423
2025-03-24 17:00:00,2025-03-24,17,0,3,0,0,1187
2025-03-24 18:00:00,2025-03-24,18,0,3,0,0,1454
2025-03-24 19:00:00,2025-03-24,19,0,3,0,0,1208
2025-03-24 20:00:00,2025-03-24,20,0,3,0,0,1139
2025-03-24 21:00:00,2025-03-24,21,0,3,0,0,1297
2025-03-24 22:00:00,2025-03-24,22,0,3,0,0,819
2025-03-24 23:00:00,2025-03-24,23,0,3,0,0,325
2025-03-25 09:00:00,2025-03-25,9,1,3,0,0,647
2025-03-25 10:00:00,2025-03-25,10,1,3,0,0,881
2025-03-25 11:00:00,2025-03-25,11,1,3,0,0,1045
2025-03-25 12:00:00,2025-03-25,12,1,3,0,0,1619
2025-03-25 13:00:00,2025-03-25,13,1,3,0,0,1189
2025-03-25 14:00:00,2025-03-25,14,1,3,0,0,1162
2025-03-25 15:00:00,2025-03-25,15,1,3,0,0,1000
2025-03-25 16:00:00,2025-03-25,16,1,3,0,0,1187
2025-03-25 17:00:00,2025-03-25,17,1,3,0,0,1114
2025-03-25 18:00:00,2025-03-25,18,1,3,0,0,1053
2025-03-25 19:00:00,2025-03-25,19,1,3,0,0,894
2025-03-25 20:00:00,2025-03-25,20,1,3,0,0,1128
2025-03-25 21:00:00,2025-03-25,21,1,3,0,0,948
2025-03-25 22:00:00,2025-03-25,22,1,3,0,0,1197
2025-03-25 23:00:00,2025-03-25,23,1,3,0,0,296
2025-03-26 09:00:00,2025-03-26,9,2,3,0,0,675
2025-03-26 10:00:00,2025-03-26,10,2,3,0,0,510
2025-03-26 11:00:00,2025-03-26,11,2,3,0,0,681
2025-03-26 12:00:00,2025-03-26,12,2,3,0,0,1250
2025-03-26 13:00:00,2025-03-26,13,2,3,0,0,1041
2025-03-26 14:00:00,2025-03-26,14,2,3,0,0,1044
2025-03-26 15:00:00,2025-03-26,15,2,3,0,0,1562
2025-03-26 16:00:00,2025-03-26,16,2,3,0,0,1549
2025-03-26 17:00:00,2025-03-26,17,2,3,0,0,1693
2025-03-26 18:00:00,2025-03-26,18,2,3,0,0,1220
2025-03-26 19:00:00,2025-03-26,19,2,3,0,0,1104
2025-03-26 20:00:00,2025-03-26,20,2,3,0,0,1245
2025-03-26 21:00:00,2025-03-26,21,2,3,0,0,1320
2025-03-26 22:00:00,2025-03-26,22,2,3,0,0,1530
2025-03-26 23:00:00,2025-03-26,23,2,3,0,0,225
2025-03-27 09:00:00,2025-03-27,9,3,3,0,0,640
2025-03-27 10:00:00,2025-03-27,10,3,3,0,0,1008
2025-03-27 11:00:00,2025-03-27,11,3,3,0,0,1039
2025-03-27 12:00:00,2025-03-27,12,3,3,0,0,1435
2025-03-27 13:00:00,2025-03-27,13,3,3,0,0,878
2025-03-27 14:00:00,2025-03-27,14,3,3,0,0,1457
2025-03-27 15:00:00,2025-03-27,15,3,3,0,0,1506
2025-03-27 16:00:00,2025-03-27,16,3,3,0,0,1073
2025-03-27 17:00:00,2025-03-27,17,3,3,0,0,1166
2025-03-27 18:00:00,2025-03-27,18,3,3,0,0,728
2025-03-27 19:00:00,2025-03-27,19,3,3,0,0,1104
2025-03-27 20:00:00,2025-03-27,20,3,3,0,0,1408
2025-03-27 21:00:00,2025-03-27,21,3,3,0,0,1324
2025-03-27 22:00:00,2025-03-27,22,3,3,0,0,1401
2025-03-27 23:00:00,2025-03-27,23,3,3,0,0,296
2025-03-28 09:00:00,2025-03-28,9,4,3,0,0,697
2025-03-28 10:00:00,2025-03-28,10,4,3,0,0,562
2025-03-28 11:00:00,2025-03-28,11,4,3,0,0,1012
2025-03-28 12:00:00,2025-03-28,12,4,3,0,0,1159
2025-03-28 13:00:00,2025-03-28,13,4,3,0,0,1468
2025-03-28 14:00:00,2025-03-28,14,4,3,0,0,1389
2025-03-28 15:00:00,2025-03-28,15,4,3,0,0,1675
2025-03-28 16:00:00,2025-03-28,16,4,3,0,0,1264
2025-03-28 17:00:00,2025-03-28,17,4,3,0,0,1178
2025-03-28 18:00:00,2025-03-28,18,4,3,0,0,1296
2025-03-28 19:00:00,2025-03-28,19,4,3,0,0,696
2025-03-28 20:00:00,2025-03-28,20,4,3,0,0,1205
2025-03-28 21:00:00,2025-03-28,21,4,3,0,0,1411
2025-03-28 22:00:00,2025-03-28,22,4,3,0,0,1182
2025-03-28 23:00:00,2025-03-28,23,4,3,0,0,206
2025-03-29 09:00:00,2025-03-29,9,5,3,1,0,961
2025-03-29 10:00:00,2025-03-29,10,5,3,1,0,1284
2025-03-29 11:00:00,2025-03-29,11,5,3,1,0,1613
2025-03-29 12:00:00,2025-03-29,12,5,3,1,0,1562
2025-03-29 13:00:00,2025-03-29,13,5,3,1,0,2102
2025-03-29 14:00:00,2025-03-29,14,5,3,1,0,1750
2025-03-29 15:00:00,2025-03-29,15,5,3,1,0,1804
2025-03-29 16:00:00,2025-03-29,16,5,3,1,0,1417
2025-03-29 17:00:00,2025-03-29,17,5,3,1,0,2200
2025-03-29 18:00:00,2025-03-29,18,5,3,1,0,1449
2025-03-29 19:00:00,2025-03-29,19,5,3,1,0,1336
2025-03-29 20:00:00,2025-03-29,20,5,3,1,0,1533
2025-03-29 21:00:00,2025-03-29,21,5,3,1,0,1864
2025-03-29 22:00:00,2025-03-29,22,5,3,1,0,1643
2025-03-29 23:00:00,2025-03-29,23,5,3,1,0,344
2025-03-30 09:00:00,2025-03-30,9,6,3,1,0,866
2025-03-30 10:00:00,2025-03-30,10,6,3,1,0,628
2025-03-30 11:00:00,2025-03-30,11,6,3,1,0,1220
2025-03-30 12:00:00,2025-03-30,12,6,3,1,0,1208
2025-03-30 13:00:00,2025-03-30,13,6,3,1,0,1519
2025-03-30 14:00:00,2025-03-30,14,6,3,1,0,1412
2025-03-30 15:00:00,2025-03-30,15,6,3,1,0,1547
2025-03-30 16:00:00,2025-03-30,16,6,3,1,0,1136
2025-03-30 17:00:00,2025-03-30,17,6,3,1,0,1831
2025-03-30 18:00:00,2025-03-30,18,6,3,1,0,1511
2025-03-30 19:00:00,2025-03-30,19,6,3,1,0,1681
2025-03-30 20:00:00,2025-03-30,20,6,3,1,0,2100
2025-03-30 21:00:00,2025-03-30,21,6,3,1,0,1541
2025-03-30 22:00:00,2025-03-30,22,6,3,1,0,1836
2025-03-30 23:00:00,2025-03-30,23,6,3,1,0,445
2025-03-31 09:00:00,2025-03-31,9,0,3,0,0,566
2025-03-31 10:00:00,2025-03-31,10,0,3,0,0,658
2025-03-31 11:00:00,2025-03-31,11,0,3,0,0,702
2025-03-31 12:00:00,2025-03-31,12,0,3,0,0,1172
2025-03-31 13:00:00,2025-03-31,13,0,3,0,0,900
2025-03-31 14:00:00,2025-03-31,14,0,3,0,0,1540
2025-03-31 15:00:00,2025-03-31,15,0,3,0,0,1364
2025-03-31 16:00:00,2025-03-31,16,0,3,0,0,1260
2025-03-31 17:00:00,2025-03-31,17,0,3,0,0,1375
2025-03-31 18:00:00,2025-03-31,18,0,3,0,0,1253
2025-03-31 19:00:00,2025-03-31,19,0,3,0,0,863
2025-03-31 20:00:00,2025-03-31,20,0,3,0,0,1416
2025-03-31 21:00:00,2025-03-31,21,0,3,0,0,702
2025-03-31 22:00:00,2025-03-31,22,0,3,0,0,1186
2025-03-31 23:00:00,2025-03-31,23,0,3,0,0,293
2025-04-01 09:00:00,2025-04-01,9,1,4,0,0,1051
2025-04-01 10:00:00,2025-04-01,10,1,4,0,0,1397
2025-04-01 11:00:00,2025-04-01,11,1,4,0,0,1608
2025-04-01 12:00:00,2025-04-01,12,1,4,0,0,2007
2025-04-01 13:00:00,2025-04-01,13,1,4,0,0,3275
2025-04-01 14:00:00,2025-04-01,14,1,4,0,0,2874
2025-04-01 15:00:00,2025-04-01,15,1,4,0,0,2830
2025-04-01 16:00:00,2025-04-01,16,1,4,0,0,2886
2025-04-01 17:00:00,2025-04-01,17,1,4,0,0,3302
2025-04-01 18:00:00,2025-04-01,18,1,4,0,0,1969
2025-04-01 19:00:00,2025-04-01,19,1,4,0,0,1624
2025-04-01 20:00:00,2025-04-01,20,1,4,0,0,2164
2025-04-01 21:00:00,2025-04-01,21,1,4,0,0,2389
2025-04-01 22:00:00,2025-04-01,22,1,4,0,0,1887
2025-04-01 23:00:00,2025-04-01,23,1,4,0,0,566
2025-04-02 09:00:00,2025-04-02,9,2,4,0,0,958
2025-04-02 10:00:00,2025-04-02,10,2,4,0,0,1525
2025-04-02 11:00:00,2025-04-02,11,2,4,0,0,1267
2025-04-02 12:00:00,2025-04-02,12,2,4,0,0,2069
2025-04-02 13:00:00,2025-04-02,13,2,4,0,0,2806
2025-04-02 14:00:00,2025-04-02,14,2,4,0,0,2460
2025-04-02 15:00:00,2025-04-02,15,2,4,0,0,3420
2025-04-02 16:00:00,2025-04-02,16,2,4,0,0,3364
2025-04-02 17:00:00,2025-04-02,17,2,4,0,0,2611
2025-04-02 18:00:00,2025-04-02,18,2,4,0,0,2232
2025-04-02 19:00:00,2025-04-02,19,2,4,0,0,2109
2025-04-02 20:00:00,2025-04-02,20,2,4,0,0,2692
2025-04-02 21:00:00,2025-04-02,21,2,4,0,0,2149
2025-04-02 22:00:00,2025-04-02,22,2,4,0,0,2229
2025-04-02 23:00:00,2025-04-02,23,2,4,0,0,475
2025-04-03 09:00:00,2025-04-03,9,3,4,0,0,1194
2025-04-03 10:00:00,2025-04-03,10,3,4,0,0,1618
2025-04-03 11:00:00,2025-04-03,11,3,4,0,0,1572
2025-04-03 12:00:00,2025-04-03,12,3,4,0,0,2113
2025-04-03 13:00:00,2025-04-03,13,3,4,0,0,2123
2025-04-03 14:00:00,2025-04-03,14,3,4,0,0,2436
2025-04-03 15:00:00,2025-04-03,15,3,4,0,0,2985
2025-04-03 16:00:00,2025-04-03,16,3,4,0,0,2490
2025-04-03 17:00:00,2025-04-03,17,3,4,0,0,2442
2025-04-03 18:00:00,2025-04-03,18,3,4,0,0,1799
2025-04-03 19:00:00,2025-04-03,19,3,4,0,0,1343
2025-04-03 20:00:00,2025-04-03,20,3,4,0,0,2367
2025-04-03 21:00:00,2025-04-03,21,3,4,0,0,2171
2025-04-03 22:00:00,2025-04-03,22,3,4,0,0,1628
2025-04-03 23:00:00,2025-04-03,23,3,4,0,0,577
2025-04-04 09:00:00,2025-04-04,9,4,4,0,0,1027
2025-04-04 10:00:00,2025-04-04,10,4,4,0,0,1233
2025-04-04 11:00:00,2025-04-04,11,4,4,0,0,2283
2025-04-04 12:00:00,2025-04-04,12,4,4,0,0,2065
2025-04-04 13:00:00,2025-04-04,13,4,4,0,0,2504
2025-04-04 14:00:00,2025-04-04,14,4,4,0,0,3062
2025-04-04 15:00:00,2025-04-04,15,4,4,0,0,3985
2025-04-04 16:00:00,2025-04-04,16,4,4,0,0,2323
2025-04-04 17:00:00,2025-04-04,17,4,4,0,0,2670
2025-04-04 18:00:00,2025-04-04,18,4,4,0,0,2046
2025-04-04 19:00:00,2025-04-04,19,4,4,0,0,1755
2025-04-04 20:00:00,2025-04-04,20,4,4,0,0,2174
2025-04-04 21:00:00,2025-04-04,21,4,4,0,0,2058
2025-04-04 22:00:00,2025-04-04,22,4,4,0,0,2368
2025-04-04 23:00:00,2025-04-04,23,4,4,0,0,465
2025-04-05 09:00:00,2025-04-05,9,5,4,1,0,1711
2025-04-05 10:00:00,2025-04-05,10,5,4,1,0,2036
2025-04-05 11:00:00,2025-04-05,11,5,4,1,0,2662
2025-04-05 12:00:00,2025-04-05,12,5,4,1,0,2849
2025-04-05 13:00:00,2025-04-05,13,5,4,1,0,3269
2025-04-05 14:00:00,2025-04-05,14,5,4,1,0,3813
2025-04-05 15:00:00,2025-04-05,15,5,4,1,0,3251
2025-04-05 16:00:00,2025-04-05,16,5,4,1,0,3528
2025-04-05 17:00:00,2025-04-05,17,5,4,1,0,3067
2025-04-05 18:00:00,2025-04-05,18,5,4,1,0,2695
2025-04-05 19:00:00,2025-04-05,19,5,4,1,0,1892
2025-04-05 20:00:00,2025-04-05,20,5,4,1,0,3729
2025-04-05 21:00:00,2025-04-05,21,5,4,1,0,2948
2025-04-05 22:00:00,2025-04-05,22,5,4,1,0,3661
2025-04-05 23:00:00,2025-04-05,23,5,4,1,0,861
2025-04-06 09:00:00,2025-04-06,9,6,4,1,0,909
2025-04-06 10:00:00,2025-04-06,10,6,4,1,0,1759
2025-04-06 11:00:00,2025-04-06,11,6,4,1,0,3312
2025-04-06 12:00:00,2025-04-06,12,6,4,1,0,3652
2025-04-06 13:00:00,2025-04-06,13,6,4,1,0,3407
2025-04-06 14:00:00,2025-04-06,14,6,4,1,0,3800
2025-04-06 15:00:00,2025-04-06,15,6,4,1,0,3493
2025-04-06 16:00:00,2025-04-06,16,6,4,1,0,3877
2025-04-06 17:00:00,2025-04-06,17,6,4,1,0,3125
2025-04-06 18:00:00,2025-04-06,18,6,4,1,0,2282
2025-04-06 19:00:00,2025-04-06,19,6,4,1,0,2131
2025-04-06 20:00:00,2025-04-06,20,6,4,1,0,3221
2025-04-06 21:00:00,2025-04-06,21,6,4,1,0,2776
2025-04-06 22:00:00,2025-04-06,22,6,4,1,0,3187
2025-04-06 23:00:00,2025-04-06,23,6,4,1,0,664
2025-04-07 09:00:00,2025-04-07,9,0,4,0,0,1031
2025-04-07 10:00:00,2025-04-07,10,0,4,0,0,1652
2025-04-07 11:00:00,2025-04-07,11,0,4,0,0,1932
2025-04-07 12:00:00,2025-04-07,12,0,4,0,0,2233
2025-04-07 13:00:00,2025-04-07,13,0,4,0,0,2800
2025-04-07 14:00:00,2025-04-07,14,0,4,0,0,2888
2025-04-07 15:00:00,2025-04-07,15,0,4,0,0,3286
2025-04-07 16:00:00,2025-04-07,16,0,4,0,0,2580
2025-04-07 17:00:00,2025-04-07,17,0,4,0,0,2402
2025-04-07 18:00:00,2025-04-07,18,0,4,0,0,1886
2025-04-07 19:00:00,2025-04-07,19,0,4,0,0,1780
2025-04-07 20:00:00,2025-04-07,20,0,4,0,0,2655
2025-04-07 21:00:00,2025-04-07,21,0,4,0,0,2751
2025-04-07 22:00:00,2025-04-07,22,0,4,0,0,2654
2025-04-07 23:00:00,2025-04-07,23,0,4,0,0,443
2025-04-08 09:00:00,2025-04-08,9,1,4,0,0,1286
2025-04-08 10:00:00,2025-04-08,10,1,4,0,0,1168
2025-04-08 11:00:00,2025-04-08,11,1,4,0,0,2079
2025-04-08 12:00:00,2025-04-08,12,1,4,0,0,2137
2025-04-08 13:00:00,2025-04-08,13,1,4,0,0,2747
2025-04-08 14:00:00,2025-04-08,14,1,4,0,0,2294
2025-04-08 15:00:00,2025-04-08,15,1,4,0,0,3193
2025-04-08 16:00:00,2025-04-08,16,1,4,0,0,2250
2025-04-08 17:00:00,2025-04-08,17,1,4,0,0,2330
2025-04-08 18:00:00,2025-04-08,18,1,4,0,0,1968
2025-04-08 19:00:00,2025-04-08,19,1,4,0,0,1481
2025-04-08 20:00:00,2025-04-08,20,1,4,0,0,2406
2025-04-08 21:00:00,2025-04-08,21,1,4,0,0,2895
2025-04-08 22:00:00,2025-04-08,22,1,4,0,0,3141
2025-04-08 23:00:00,2025-04-08,23,1,4,0,0,571
2025-04-09 09:00:00,2025-04-09,9,2,4,0,0,1290
2025-04-09 10:00:00,2025-04-09,10,2,4,0,0,1540
2025-04-09 11:00:00,2025-04-09,11,2,4,0,0,1989
2025-04-09 12:00:00,2025-04-09,12,2,4,0,0,2144
2025-04-09 13:00:00,2025-04-09,13,2,4,0,0,2592
2025-04-09 14:00:00,2025-04-09,14,2,4,0,0,2034
2025-04-09 15:00:00,2025-04-09,15,2,4,0,0,1823
2025-04-09 16:00:00,2025-04-09,16,2,4,0,0,2705
2025-04-09 17:00:00,2025-04-09,17,2,4,0,0,2515
2025-04-09 18:00:00,2025-04-09,18,2,4,0,0,2457
2025-04-09 19:00:00,2025-04-09,19,2,4,0,0,1636
2025-04-09 20:00:00,2025-04-09,20,2,4,0,0,2365
2025-04-09 21:00:00,2025-04-09,21,2,4,0,0,2926
2025-04-09 22:00:00,2025-04-09,22,2,4,0,0,2712
2025-04-09 23:00:00,2025-04-09,23,2,4,0,0,656
2025-04-10 09:00:00,2025-04-10,9,3,4,0,0,1141
2025-04-10 10:00:00,2025-04-10,10,3,4,0,0,1556
2025-04-10 11:00:00,2025-04-10,11,3,4,0,0,2102
2025-04-10 12:00:00,2025-04-10,12,3,4,0,0,2654
2025-04-10 13:00:00,2025-04-10,13,3,4,0,0,1940
2025-04-10 14:00:00,2025-04-10,14,3,4,0,0,2299
2025-04-10 15:00:00,2025-04-10,15,3,4,0,0,3239
2025-04-10 16:00:00,2025-04-10,16,3,4,0,0,2640
2025-04-10 17:00:00,2025-04-10,17,3,4,0,0,2329
2025-04-10 18:00:00,2025-04-10,18,3,4,0,0,1899
2025-04-10 19:00:00,2025-04-10,19,3,4,0,0,1751
2025-04-10 20:00:00,2025-04-10,20,3,4,0,0,1979
2025-04-10 21:00:00,2025-04-10,21,3,4,0,0,2977
2025-04-10 22:00:00,2025-04-10,22,3,4,0,0,2373
2025-04-10 23:00:00,2025-04-10,23,3,4,0,0,561
2025-04-11 09:00:00,2025-04-11,9,4,4,0,0,1218
2025-04-11 10:00:00,2025-04-11,10,4,4,0,0,1671
2025-04-11 11:00:00,2025-04-11,11,4,4,0,0,1462
2025-04-11 12:00:00,2025-04-11,12,4,4,0,0,2523
2025-04-11 13:00:00,2025-04-11,13,4,4,0,0,2341
2025-04-11 14:00:00,2025-04-11,14,4,4,0,0,2633
2025-04-11 15:00:00,2025-04-11,15,4,4,0,0,3058
2025-04-11 16:00:00,2025-04-11,16,4,4,0,0,2558
2025-04-11 17:00:00,2025-04-11,17,4,4,0,0,2531
2025-04-11 18:00:00,2025-04-11,18,4,4,0,0,2342
2025-04-11 19:00:00,2025-04-11,19,4,4,0,0,2053
2025-04-11 20:00:00,2025-04-11,20,4,4,0,0,1872
2025-04-11 21:00:00,2025-04-11,21,4,4,0,0,2584
2025-04-11 22:00:00,2025-04-11,22,4,4,0,0,2313
2025-04-11 23:00:00,2025-04-11,23,4,4,0,0,613
2025-04-12 09:00:00,2025-04-12,9,5,4,1,0,1680
2025-04-12 10:00:00,2025-04-12,10,5,4,1,0,2413
2025-04-12 11:00:00,2025-04-12,11,5,4,1,0,2945
2025-04-12 12:00:00,2025-04-12,12,5,4,1,0,3506
2025-04-12 13:00:00,2025-04-12,13,5,4,1,0,4012
2025-04-12 14:00:00,2025-04-12,14,5,4,1,0,3815
2025-04-12 15:00:00,2025-04-12,15,5,4,1,0,3794
2025-04-12 16:00:00,2025-04-12,16,5,4,1,0,4072
2025-04-12 17:00:00,2025-04-12,17,5,4,1,0,3720
2025-04-12 18:00:00,2025-04-12,18,5,4,1,0,2906
2025-04-12 19:00:00,2025-04-12,19,5,4,1,0,2656
2025-04-12 20:00:00,2025-04-12,20,5,4,1,0,3199
2025-04-12 21:00:00,2025-04-12,21,5,4,1,0,2883
2025-04-12 22:00:00,2025-04-12,22,5,4,1,0,3710
2025-04-12 23:00:00,2025-04-12,23,5,4,1,0,768
2025-04-13 09:00:00,2025-04-13,9,6,4,1,0,1914
2025-04-13 10:00:00,2025-04-13,10,6,4,1,0,1628
2025-04-13 11:00:00,2025-04-13,11,6,4,1,0,2364
2025-04-13 12:00:00,2025-04-13,12,6,4,1,0,3030
2025-04-13 13:00:00,2025-04-13,13,6,4,1,0,3887
2025-04-13 14:00:00,2025-04-13,14,6,4,1,0,3863
2025-04-13 15:00:00,2025-04-13,15,6,4,1,0,3920
2025-04-13 16:00:00,2025-04-13,16,6,4,1,0,3187
2025-04-13 17:00:00,2025-04-13,17,6,4,1,0,2061
2025-04-13 18:00:00,2025-04-13,18,6,4,1,0,3135
2025-04-13 19:00:00,2025-04-13,19,6,4,1,0,2119
2025-04-13 20:00:00,2025-04-13,20,6,4,1,0,3007
2025-04-13 21:00:00,2025-04-13,21,6,4,1,0,3406
2025-04-13 22:00:00,2025-04-13,22,6,4,1,0,2834
2025-04-13 23:00:00,2025-04-13,23,6,4,1,0,910
2025-04-14 09:00:00,2025-04-14,9,0,4,0,0,1305
2025-04-14 10:00:00,2025-04-14,10,0,4,0,0,1216
2025-04-14 11:00:00,2025-04-14,11,0,4,0,0,1666
2025-04-14 12:00:00,2025-04-14,12,0,4,0,0,1622
2025-04-14 13:00:00,2025-04-14,13,0,4,0,0,2295
2025-04-14 14:00:00,2025-04-14,14,0,4,0,0,2982
2025-04-14 15:00:00,2025-04-14,15,0,4,0,0,2660
2025-04-14 16:00:00,2025-04-14,16,0,4,0,0,2881
2025-04-14 17:00:00,2025-04-14,17,0,4,0,0,2070
2025-04-14 18:00:00,2025-04-14,18,0,4,0,0,2449
2025-04-14 19:00:00,2025-04-14,19,0,4,0,0,1226
2025-04-14 20:00:00,2025-04-14,20,0,4,0,0,2383
2025-04-14 21:00:00,2025-04-14,21,0,4,0,0,2353
2025-04-14 22:00:00,2025-04-14,22,0,4,0,0,2016
2025-04-14 23:00:00,2025-04-14,23,0,4,0,0,487
2025-04-15 09:00:00,2025-04-15,9,1,4,0,0,1270
2025-04-15 10:00:00,2025-04-15,10,1,4,0,0,1570
2025-04-15 11:00:00,2025-04-15,11,1,4,0,0,2113
2025-04-15 12:00:00,2025-04-15,12,1,4,0,0,1626
2025-04-15 13:00:00,2025-04-15,13,1,4,0,0,2577
2025-04-15 14:00:00,2025-04-15,14,1,4,0,0,2165
2025-04-15 15:00:00,2025-04-15,15,1,4,0,0,2709
2025-04-15 16:00:00,2025-04-15,16,1,4,0,0,2721
2025-04-15 17:00:00,2025-04-15,17,1,4,0,0,2189
2025-04-15 18:00:00,2025-04-15,18,1,4,0,0,2420
2025-04-15 19:00:00,2025-04-15,19,1,4,0,0,2222
2025-04-15 20:00:00,2025-04-15,20,1,4,0,0,2550
2025-04-15 21:00:00,2025-04-15,21,1,4,0,0,2176
2025-04-15 22:00:00,2025-04-15,22,1,4,0,0,2413
2025-04-15 23:00:00,2025-04-15,23,1,4,0,0,581
2025-04-16 09:00:00,2025-04-16,9,2,4,0,0,1010
2025-04-16 10:00:00,2025-04-16,10,2,4,0,0,1429
2025-04-16 11:00:00,2025-04-16,11,2,4,0,0,1830
2025-04-16 12:00:00,2025-04-16,12,2,4,0,0,2666
2025-04-16 13:00:00,2025-04-16,13,2,4,0,0,1900
2025-04-16 14:00:00,2025-04-16,14,2,4,0,0,3126
2025-04-16 15:00:00,2025-04-16,15,2,4,0,0,2485
2025-04-16 16:00:00,2025-04-16,16,2,4,0,0,2281
2025-04-16 17:00:00,2025-04-16,17,2,4,0,0,2892
2025-04-16 18:00:00,2025-04-16,18,2,4,0,0,2432
2025-04-16 19:00:00,2025-04-16,19,2,4,0,0,2159
2025-04-16 20:00:00,2025-04-16,20,2,4,0,0,2608
2025-04-16 21:00:00,2025-04-16,21,2,4,0,0,2968
2025-04-16 22:00:00,2025-04-16,22,2,4,0,0,2539
2025-04-16 23:00:00,2025-04-16,23,2,4,0,0,554
2025-04-17 09:00:00,2025-04-17,9,3,4,0,0,1185
2025-04-17 10:00:00,2025-04-17,10,3,4,0,0,1722
2025-04-17 11:00:00,2025-04-17,11,3,4,0,0,1701
2025-04-17 12:00:00,2025-04-17,12,3,4,0,0,2060
2025-04-17 13:00:00,2025-04-17,13,3,4,0,0,2439
2025-04-17 14:00:00,2025-04-17,14,3,4,0,0,2041
2025-04-17 15:00:00,2025-04-17,15,3,4,0,0,1992
2025-04-17 16:00:00,2025-04-17,16,3,4,0,0,2112
2025-04-17 17:00:00,2025-04-17,17,3,4,0,0,2549
2025-04-17 18:00:00,2025-04-17,18,3,4,0,0,2468
2025-04-17 19:00:00,2025-04-17,19,3,4,0,0,1238
2025-04-17 20:00:00,2025-04-17,20,3,4,0,0,2858
2025-04-17 21:00:00,2025-04-17,21,3,4,0,0,1962
2025-04-17 22:00:00,2025-04-17,22,3,4,0,0,2720
2025-04-17 23:00:00,2025-04-17,23,3,4,0,0,611
2025-04-18 09:00:00,2025-04-18,9,4,4,0,0,903
2025-04-18 10:00:00,2025-04-18,10,4,4,0,0,1986
2025-04-18 11:00:00,2025-04-18,11,4,4,0,0,1862
2025-04-18 12:00:00,2025-04-18,12,4,4,0,0,2000
2025-04-18 13:00:00,2025-04-18,13,4,4,0,0,2105
2025-04-18 14:00:00,2025-04-18,14,4,4,0,0,2658
2025-04-18 15:00:00,2025-04-18,15,4,4,0,0,2757
2025-04-18 16:00:00,2025-04-18,16,4,4,0,0,1935
2025-04-18 17:00:00,2025-04-18,17,4,4,0,0,2443
2025-04-18 18:00:00,2025-04-18,18,4,4,0,0,2405
2025-04-18 19:00:00,2025-04-18,19,4,4,0,0,1789
2025-04-18 20:00:00,2025-04-18,20,4,4,0,0,1827
2025-04-18 21:00:00,2025-04-18,21,4,4,0,0,2337
2025-04-18 22:00:00,2025-04-18,22,4,4,0,0,1703
2025-04-18 23:00:00,2025-04-18,23,4,4,0,0,589
2025-04-19 09:00:00,2025-04-19,9,5,4,1,0,1356
2025-04-19 10:00:00,2025-04-19,10,5,4,1,0,1444
2025-04-19 11:00:00,2025-04-19,11,5,4,1,0,2933
2025-04-19 12:00:00,2025-04-19,12,5,4,1,0,2674
2025-04-19 13:00:00,2025-04-19,13,5,4,1,0,3855
2025-04-19 14:00:00,2025-04-19,14,5,4,1,0,2446
2025-04-19 15:00:00,2025-04-19,15,5,4,1,0,4575
2025-04-19 16:00:00,2025-04-19,16,5,4,1,0,3525
2025-04-19 17:00:00,2025-04-19,17,5,4,1,0,3075
2025-04-19 18:00:00,2025-04-19,18,5,4,1,0,3267
2025-04-19 19:00:00,2025-04-19,19,5,4,1,0,2401
2025-04-19 20:00:00,2025-04-19,20,5,4,1,0,2888
2025-04-19 21:00:00,2025-04-19,21,5,4,1,0,3028
2025-04-19 22:00:00,2025-04-19,22,5,4,1,0,3195
2025-04-19 23:00:00,2025-04-19,23,5,4,1,0,886
2025-04-20 09:00:00,2025-04-20,9,6,4,1,0,1180
2025-04-20 10:00:00,2025-04-20,10,6,4,1,0,2028
2025-04-20 11:00:00,2025-04-20,11,6,4,1,0,2723
2025-04-20 12:00:00,2025-04-20,12,6,4,1,0,2161
2025-04-20 13:00:00,2025-04-20,13,6,4,1,0,3957
2025-04-20 14:00:00,2025-04-20,14,6,4,1,0,3653
2025-04-20 15:00:00,2025-04-20,15,6,4,1,0,3696
2025-04-20 16:00:00,2025-04-20,16,6,4,1,0,3948
2025-04-20 17:00:00,2025-04-20,17,6,4,1,0,3461
2025-04-20 18:00:00,2025-04-20,18,6,4,1,0,2876
2025-04-20 19:00:00,2025-04-20,19,6,4,1,0,2690
2025-04-20 20:00:00,2025-04-20,20,6,4,1,0,2961
2025-04-20 21:00:00,2025-04-20,21,6,4,1,0,2977
2025-04-20 22:00:00,2025-04-20,22,6,4,1,0,3009
2025-04-20 23:00:00,2025-04-20,23,6,4,1,0,887
2025-04-21 09:00:00,2025-04-21,9,0,4,0,0,698
2025-04-21 10:00:00,2025-04-21,10,0,4,0,0,1569
2025-04-21 11:00:00,2025-04-21,11,0,4,0,0,1319
2025-04-21 12:00:00,2025-04-21,12,0,4,0,0,1784
2025-04-21 13:00:00,2025-04-21,13,0,4,0,0,2627
2025-04-21 14:00:00,2025-04-21,14,0,4,0,0,2886
2025-04-21 15:00:00,2025-04-21,15,0,4,0,0,2998
2025-04-21 16:00:00,2025-04-21,16,0,4,0,0,1303
2025-04-21 17:00:00,2025-04-21,17,0,4,0,0,2948
2025-04-21 18:00:00,2025-04-21,18,0,4,0,0,2037
2025-04-21 19:00:00,2025-04-21,19,0,4,0,0,2031
2025-04-21 20:00:00,2025-04-21,20,0,4,0,0,2591
2025-04-21 21:00:00,2025-04-21,21,0,4,0,0,2129
2025-04-21 22:00:00,2025-04-21,22,0,4,0,0,2568
2025-04-21 23:00:00,2025-04-21,23,0,4,0,0,539
2025-04-22 09:00:00,2025-04-22,9,1,4,0,0,855
2025-04-22 10:00:00,2025-04-22,10,1,4,0,0,1708
2025-04-22 11:00:00,2025-04-22,11,1,4,0,0,1702
2025-04-22 12:00:00,2025-04-22,12,1,4,0,0,2006
2025-04-22 13:00:00,2025-04-22,13,1,4,0,0,2411
2025-04-22 14:00:00,2025-04-22,14,1,4,0,0,2820
2025-04-22 15:00:00,2025-04-22,15,1,4,0,0,2780
2025-04-22 16:00:00,2025-04-22,16,1,4,0,0,2037
2025-04-22 17:00:00,2025-04-22,17,1,4,0,0,2126
2025-04-22 18:00:00,2025-04-22,18,1,4,0,0,2036
2025-04-22 19:00:00,2025-04-22,19,1,4,0,0,1850
2025-04-22 20:00:00,2025-04-22,20,1,4,0,0,2922
2025-04-22 21:00:00,2025-04-22,21,1,4,0,0,2347
2025-04-22 22:00:00,2025-04-22,22,1,4,0,0,2689
2025-04-22 23:00:00,2025-04-22,23,1,4,0,0,567
2025-04-23 09:00:00,2025-04-23,9,2,4,0,0,1072
2025-04-23 10:00:00,2025-04-23,10,2,4,0,0,1454
2025-04-23 11:00:00,2025-04-23,11,2,4,0,0,1838
2025-04-23 12:00:00,2025-04-23,12,2,4,0,0,2397
2025-04-23 13:00:00,2025-04-23,13,2,4,0,0,2951
2025-04-23 14:00:00,2025-04-23,14,2,4,0,0,2848
2025-04-23 15:00:00,2025-04-23,15,2,4,0,0,3198
2025-04-23 16:00:00,2025-04-23,16,2,4,0,0,2414
2025-04-23 17:00:00,2025-04-23,17,2,4,0,0,2407
2025-04-23 18:00:00,2025-04-23,18,2,4,0,0,2041
2025-04-23 19:00:00,2025-04-23,19,2,4,0,0,1363
2025-04-23 20:00:00,2025-04-23,20,2,4,0,0,2277
2025-04-23 21:00:00,2025-04-23,21,2,4,0,0,2588
2025-04-23 22:00:00,2025-04-23,22,2,4,0,0,2114
2025-04-23 23:00:00,2025-04-23,23,2,4,0,0,568
2025-04-24 09:00:00,2025-04-24,9,3,4,0,0,1232
2025-04-24 10:00:00,2025-04-24,10,3,4,0,0,1127
2025-04-24 11:00:00,2025-04-24,11,3,4,0,0,2354
2025-04-24 12:00:00,2025-04-24,12,3,4,0,0,2159
2025-04-24 13:00:00,2025-04-24,13,3,4,0,0,1917
2025-04-24 14:00:00,2025-04-24,14,3,4,0,0,2782
2025-04-24 15:00:00,2025-04-24,15,3,4,0,0,1967
2025-04-24 16:00:00,2025-04-24,16,3,4,0,0,1892
2025-04-24 17:00:00,2025-04-24,17,3,4,0,0,2834
2025-04-24 18:00:00,2025-04-24,18,3,4,0,0,2436
2025-04-24 19:00:00,2025-04-24,19,3,4,0,0,1943
2025-04-24 20:00:00,2025-04-24,20,3,4,0,0,2508
2025-04-24 21:00:00,2025-04-24,21,3,4,0,0,2350
2025-04-24 22:00:00,2025-04-24,22,3,4,0,0,2887
2025-04-24 23:00:00,2025-04-24,23,3,4,0,0,464
2025-04-25 09:00:00,2025-04-25,9,4,4,0,0,1157
2025-04-25 10:00:00,2025-04-25,10,4,4,0,0,1510
2025-04-25 11:00:00,2025-04-25,11,4,4,0,0,2060
2025-04-25 12:00:00,2025-04-25,12,4,4,0,0,1406
2025-04-25 13:00:00,2025-04-25,13,4,4,0,0,2003
2025-04-25 14:00:00,2025-04-25,14,4,4,0,0,2782
2025-04-25 15:00:00,2025-04-25,15,4,4,0,0,2894
2025-04-25 16:00:00,2025-04-25,16,4,4,0,0,3219
2025-04-25 17:00:00,2025-04-25,17,4,4,0,0,1503
2025-04-25 18:00:00,2025-04-25,18,4,4,0,0,2545
2025-04-25 19:00:00,2025-04-25,19,4,4,0,0,2410
2025-04-25 20:00:00,2025-04-25,20,4,4,0,0,2272
2025-04-25 21:00:00,2025-04-25,21,4,4,0,0,2011
2025-04-25 22:00:00,2025-04-25,22,4,4,0,0,2263
2025-04-25 23:00:00,2025-04-25,23,4,4,0,0,566
2025-04-26 09:00:00,2025-04-26,9,5,4,1,0,1640
2025-04-26 10:00:00,2025-04-26,10,5,4,1,0,1879
2025-04-26 11:00:00,2025-04-26,11,5,4,1,0,3006
2025-04-26 12:00:00,2025-04-26,12,5,4,1,0,2614
2025-04-26 13:00:00,2025-04-26,13,5,4,1,0,2706
2025-04-26 14:00:00,2025-04-26,14,5,4,1,0,4176
2025-04-26 15:00:00,2025-04-26,15,5,4,1,0,2748
2025-04-26 16:00:00,2025-04-26,16,5,4,1,0,3596
2025-04-26 17:00:00,2025-04-26,17,5,4,1,0,4699
2025-04-26 18:00:00,2025-04-26,18,5,4,1,0,3014
2025-04-26 19:00:00,2025-04-26,19,5,4,1,0,2193
2025-04-26 20:00:00,2025-04-26,20,5,4,1,0,3190
2025-04-26 21:00:00,2025-04-26,21,5,4,1,0,3193
2025-04-26 22:00:00,2025-04-26,22,5,4,1,0,3274
2025-04-26 23:00:00,2025-04-26,23,5,4,1,0,823
2025-04-27 09:00:00,2025-04-27,9,6,4,1,0,1345
2025-04-27 10:00:00,2025-04-27,10,6,4,1,0,2433
2025-04-27 11:00:00,2025-04-27,11,6,4,1,0,2608
2025-04-27 12:00:00,2025-04-27,12,6,4,1,0,3281
2025-04-27 13:00:00,2025-04-27,13,6,4,1,0,3162
2025-04-27 14:00:00,2025-04-27,14,6,4,1,0,2979
2025-04-27 15:00:00,2025-04-27,15,6,4,1,0,3663
2025-04-27 16:00:00,2025-04-27,16,6,4,1,0,3809
2025-04-27 17:00:00,2025-04-27,17,6,4,1,0,3037
2025-04-27 18:00:00,2025-04-27,18,6,4,1,0,2657
2025-04-27 19:00:00,2025-04-27,19,6,4,1,0,2743
2025-04-27 20:00:00,2025-04-27,20,6,4,1,0,2129
2025-04-27 21:00:00,2025-04-27,21,6,4,1,0,2883
2025-04-27 22:00:00,2025-04-27,22,6,4,1,0,2965
2025-04-27 23:00:00,2025-04-27,23,6,4,1,0,579
2025-04-28 09:00:00,2025-04-28,9,0,4,0,0,1052
2025-04-28 10:00:00,2025-04-28,10,0,4,0,0,1034
2025-04-28 11:00:00,2025-04-28,11,0,4,0,0,1880
2025-04-28 12:00:00,2025-04-28,12,0,4,0,0,1721
2025-04-28 13:00:00,2025-04-28,13,0,4,0,0,2086
2025-04-28 14:00:00,2025-04-28,14,0,4,0,0,2841
2025-04-28 15:00:00,2025-04-28,15,0,4,0,0,2552
2025-04-28 16:00:00,2025-04-28,16,0,4,0,0,3077
2025-04-28 17:00:00,2025-04-28,17,0,4,0,0,2827
2025-04-28 18:00:00,2025-04-28,18,0,4,0,0,2428
2025-04-28 19:00:00,2025-04-28,19,0,4,0,0,2286
2025-04-28 20:00:00,2025-04-28,20,0,4,0,0,2356
2025-04-28 21:00:00,2025-04-28,21,0,4,0,0,2565
2025-04-28 22:00:00,2025-04-28,22,0,4,0,0,2213
2025-04-28 23:00:00,2025-04-28,23,0,4,0,0,731
2025-04-29 09:00:00,2025-04-29,9,1,4,0,0,1409
2025-04-29 10:00:00,2025-04-29,10,1,4,0,0,1500
2025-04-29 11:00:00,2025-04-29,11,1,4,0,0,1963
2025-04-29 12:00:00,2025-04-29,12,1,4,0,0,2600
2025-04-29 13:00:00,2025-04-29,13,1,4,0,0,2488
2025-04-29 14:00:00,2025-04-29,14,1,4,0,0,2515
2025-04-29 15:00:00,2025-04-29,15,1,4,0,0,3093
2025-04-29 16:00:00,2025-04-29,16,1,4,0,0,2756
2025-04-29 17:00:00,2025-04-29,17,1,4,0,0,2589
2025-04-29 18:00:00,2025-04-29,18,1,4,0,0,2012
2025-04-29 19:00:00,2025-04-29,19,1,4,0,0,1490
2025-04-29 20:00:00,2025-04-29,20,1,4,0,0,2447
2025-04-29 21:00:00,2025-04-29,21,1,4,0,0,2638
2025-04-29 22:00:00,2025-04-29,22,1,4,0,0,2315
2025-04-29 23:00:00,2025-04-29,23,1,4,0,0,662
2025-04-30 09:00:00,2025-04-30,9,2,4,0,0,1042
2025-04-30 10:00:00,2025-04-30,10,2,4,0,0,1309
2025-04-30 11:00:00,2025-04-30,11,2,4,0,0,1861
2025-04-30 12:00:00,2025-04-30,12,2,4,0,0,2213
2025-04-30 13:00:00,2025-04-30,13,2,4,0,0,2767
2025-04-30 14:00:00,2025-04-30,14,2,4,0,0,2476
2025-04-30 15:00:00,2025-04-30,15,2,4,0,0,3259
2025-04-30 16:00:00,2025-04-30,16,2,4,0,0,3375
2025-04-30 17:00:00,2025-04-30,17,2,4,0,0,2521
2025-04-30 18:00:00,2025-04-30,18,2,4,0,0,2571
2025-04-30 19:00:00,2025-04-30,19,2,4,0,0,1638
2025-04-30 20:00:00,2025-04-30,20,2,4,0,0,2687
2025-04-30 21:00:00,2025-04-30,21,2,4,0,0,2679
2025-04-30 22:00:00,2025-04-30,22,2,4,0,0,2626
2025-04-30 23:00:00,2025-04-30,23,2,4,0,0,564
2025-05-01 09:00:00,2025-05-01,9,3,5,0,0,734
2025-05-01 10:00:00,2025-05-01,10,3,5,0,0,1383
2025-05-01 11:00:00,2025-05-01,11,3,5,0,0,1735
2025-05-01 12:00:00,2025-05-01,12,3,5,0,0,1381
2025-05-01 13:00:00,2025-05-01,13,3,5,0,0,2570
2025-05-01 14:00:00,2025-05-01,14,3,5,0,0,2593
2025-05-01 15:00:00,2025-05-01,15,3,5,0,0,2522
2025-05-01 16:00:00,2025-05-01,16,3,5,0,0,2383
2025-05-01 17:00:00,2025-05-01,17,3,5,0,0,2316
2025-05-01 18:00:00,2025-05-01,18,3,5,0,0,1775
2025-05-01 19:00:00,2025-05-01,19,3,5,0,0,1728
2025-05-01 20:00:00,2025-05-01,20,3,5,0,0,2232
2025-05-01 21:00:00,2025-05-01,21,3,5,0,0,2249
2025-05-01 22:00:00,2025-05-01,22,3,5,0,0,2476
2025-05-01 23:00:00,2025-05-01,23,3,5,0,0,596
2025-05-02 09:00:00,2025-05-02,9,4,5,0,0,722
2025-05-02 10:00:00,2025-05-02,10,4,5,0,0,1682
2025-05-02 11:00:00,2025-05-02,11,4,5,0,0,1540
2025-05-02 12:00:00,2025-05-02,12,4,5,0,0,1954
2025-05-02 13:00:00,2025-05-02,13,4,5,0,0,2237
2025-05-02 14:00:00,2025-05-02,14,4,5,0,0,2583
2025-05-02 15:00:00,2025-05-02,15,4,5,0,0,2545
2025-05-02 16:00:00,2025-05-02,16,4,5,0,0,2804
2025-05-02 17:00:00,2025-05-02,17,4,5,0,0,1941
2025-05-02 18:00:00,2025-05-02,18,4,5,0,0,1935
2025-05-02 19:00:00,2025-05-02,19,4,5,0,0,2223
2025-05-02 20:00:00,2025-05-02,20,4,5,0,0,1480
2025-05-02 21:00:00,2025-05-02,21,4,5,0,0,2735
2025-05-02 22:00:00,2025-05-02,22,4,5,0,0,2481
2025-05-02 23:00:00,2025-05-02,23,4,5,0,0,309
2025-05-03 09:00:00,2025-05-03,9,5,5,1,0,1157
2025-05-03 10:00:00,2025-05-03,10,5,5,1,0,1994
2025-05-03 11:00:00,2025-05-03,11,5,5,1,0,2395
2025-05-03 12:00:00,2025-05-03,12,5,5,1,0,3107
2025-05-03 13:00:00,2025-05-03,13,5,5,1,0,3615
2025-05-03 14:00:00,2025-05-03,14,5,5,1,0,3999
2025-05-03 15:00:00,2025-05-03,15,5,5,1,0,4314
2025-05-03 16:00:00,2025-05-03,16,5,5,1,0,3867
2025-05-03 17:00:00,2025-05-03,17,5,5,1,0,2855
2025-05-03 18:00:00,2025-05-03,18,5,5,1,0,2846
2025-05-03 19:00:00,2025-05-03,19,5,5,1,0,3428
2025-05-03 20:00:00,2025-05-03,20,5,5,1,0,3492
2025-05-03 21:00:00,2025-05-03,21,5,5,1,0,4126
2025-05-03 22:00:00,2025-05-03,22,5,5,1,0,3751
2025-05-03 23:00:00,2025-05-03,23,5,5,1,0,785
2025-05-04 09:00:00,2025-05-04,9,6,5,1,0,1592
2025-05-04 10:00:00,2025-05-04,10,6,5,1,0,2014
2025-05-04 11:00:00,2025-05-04,11,6,5,1,0,2005
2025-05-04 12:00:00,2025-05-04,12,6,5,1,0,3024
2025-05-04 13:00:00,2025-05-04,13,6,5,1,0,3917
2025-05-04 14:00:00,2025-05-04,14,6,5,1,0,2394
2025-05-04 15:00:00,2025-05-04,15,6,5,1,0,3966
2025-05-04 16:00:00,2025-05-04,16,6,5,1,0,4063
2025-05-04 17:00:00,2025-05-04,17,6,5,1,0,3046
2025-05-04 18:00:00,2025-05-04,18,6,5,1,0,2854
2025-05-04 19:00:00,2025-05-04,19,6,5,1,0,2224
2025-05-04 20:00:00,2025-05-04,20,6,5,1,0,2896
2025-05-04 21:00:00,2025-05-04,21,6,5,1,0,2716
2025-05-04 22:00:00,2025-05-04,22,6,5,1,0,2865
2025-05-04 23:00:00,2025-05-04,23,6,5,1,0,893
2025-05-05 09:00:00,2025-05-05,9,0,5,0,0,1013
2025-05-05 10:00:00,2025-05-05,10,0,5,0,0,1521
2025-05-05 11:00:00,2025-05-05,11,0,5,0,0,1763
2025-05-05 12:00:00,2025-05-05,12,0,5,0,0,2552
2025-05-05 13:00:00,2025-05-05,13,0,5,0,0,2932
2025-05-05 14:00:00,2025-05-05,14,0,5,0,0,3014
2025-05-05 15:00:00,2025-05-05,15,0,5,0,0,2032
2025-05-05 16:00:00,2025-05-05,16,0,5,0,0,2655
2025-05-05 17:00:00,2025-05-05,17,0,5,0,0,2171
2025-05-05 18:00:00,2025-05-05,18,0,5,0,0,2757
2025-05-05 19:00:00,2025-05-05,19,0,5,0,0,1705
2025-05-05 20:00:00,2025-05-05,20,0,5,0,0,1798
2025-05-05 21:00:00,2025-05-05,21,0,5,0,0,2682
2025-05-05 22:00:00,2025-05-05,22,0,5,0,0,2221
2025-05-05 23:00:00,2025-05-05,23,0,5,0,0,635
2025-05-06 09:00:00,2025-05-06,9,1,5,0,0,1242
2025-05-06 10:00:00,2025-05-06,10,1,5,0,0,1809
2025-05-06 11:00:00,2025-05-06,11,1,5,0,0,1771
2025-05-06 12:00:00,2025-05-06,12,1,5,0,0,1890
2025-05-06 13:00:00,2025-05-06,13,1,5,0,0,1665
2025-05-06 14:00:00,2025-05-06,14,1,5,0,0,1959
2025-05-06 15:00:00,2025-05-06,15,1,5,0,0,1973
2025-05-06 16:00:00,2025-05-06,16,1,5,0,0,2601
2025-05-06 17:00:00,2025-05-06,17,1,5,0,0,1953
2025-05-06 18:00:00,2025-05-06,18,1,5,0,0,2362
2025-05-06 19:00:00,2025-05-06,19,1,5,0,0,2321
2025-05-06 20:00:00,2025-05-06,20,1,5,0,0,2512
2025-05-06 21:00:00,2025-05-06,21,1,5,0,0,1787
2025-05-06 22:00:00,2025-05-06,22,1,5,0,0,2543
2025-05-06 23:00:00,2025-05-06,23,1,5,0,0,592
2025-05-07 09:00:00,2025-05-07,9,2,5,0,0,1265
2025-05-07 10:00:00,2025-05-07,10,2,5,0,0,1569
2025-05-07 11:00:00,2025-05-07,11,2,5,0,0,1806
2025-05-07 12:00:00,2025-05-07,12,2,5,0,0,2022
2025-05-07 13:00:00,2025-05-07,13,2,5,0,0,1720
2025-05-07 14:00:00,2025-05-07,14,2,5,0,0,2833
2025-05-07 15:00:00,2025-05-07,15,2,5,0,0,2693
2025-05-07 16:00:00,2025-05-07,16,2,5,0,0,1983
2025-05-07 17:00:00,2025-05-07,17,2,5,0,0,2667
2025-05-07 18:00:00,2025-05-07,18,2,5,0,0,2459
2025-05-07 19:00:00,2025-05-07,19,2,5,0,0,2165
2025-05-07 20:00:00,2025-05-07,20,2,5,0,0,1681
2025-05-07 21:00:00,2025-05-07,21,2,5,0,0,2006
2025-05-07 22:00:00,2025-05-07,22,2,5,0,0,1597
2025-05-07 23:00:00,2025-05-07,23,2,5,0,0,568
2025-05-08 09:00:00,2025-05-08,9,3,5,0,0,887
2025-05-08 10:00:00,2025-05-08,10,3,5,0,0,1748
2025-05-08 11:00:00,2025-05-08,11,3,5,0,0,1908
2025-05-08 12:00:00,2025-05-08,12,3,5,0,0,2338
2025-05-08 13:00:00,2025-05-08,13,3,5,0,0,2948
2025-05-08 14:00:00,2025-05-08,14,3,5,0,0,2524
2025-05-08 15:00:00,2025-05-08,15,3,5,0,0,2992
2025-05-08 16:00:00,2025-05-08,16,3,5,0,0,2694
2025-05-08 17:00:00,2025-05-08,17,3,5,0,0,2477
2025-05-08 18:00:00,2025-05-08,18,3,5,0,0,1420
2025-05-08 19:00:00,2025-05-08,19,3,5,0,0,2252
2025-05-08 20:00:00,2025-05-08,20,3,5,0,0,2272
2025-05-08 21:00:00,2025-05-08,21,3,5,0,0,2579
2025-05-08 22:00:00,2025-05-08,22,3,5,0,0,1844
2025-05-08 23:00:00,2025-05-08,23,3,5,0,0,645
2025-05-09 09:00:00,2025-05-09,9,4,5,0,0,1282
2025-05-09 10:00:00,2025-05-09,10,4,5,0,0,1516
2025-05-09 11:00:00,2025-05-09,11,4,5,0,0,1825
2025-05-09 12:00:00,2025-05-09,12,4,5,0,0,2343
2025-05-09 13:00:00,2025-05-09,13,4,5,0,0,3229
2025-05-09 14:00:00,2025-05-09,14,4,5,0,0,2153
2025-05-09 15:00:00,2025-05-09,15,4,5,0,0,2143
2025-05-09 16:00:00,2025-05-09,16,4,5,0,0,2432
2025-05-09 17:00:00,2025-05-09,17,4,5,0,0,2527
2025-05-09 18:00:00,2025-05-09,18,4,5,0,0,2169
2025-05-09 19:00:00,2025-05-09,19,4,5,0,0,1780
2025-05-09 20:00:00,2025-05-09,20,4,5,0,0,2377
2025-05-09 21:00:00,2025-05-09,21,4,5,0,0,2056
2025-05-09 22:00:00,2025-05-09,22,4,5,0,0,1871
2025-05-09 23:00:00,2025-05-09,23,4,5,0,0,443
2025-05-10 09:00:00,2025-05-10,9,5,5,1,0,1636
2025-05-10 10:00:00,2025-05-10,10,5,5,1,0,1944
2025-05-10 11:00:00,2025-05-10,11,5,5,1,0,2177
2025-05-10 12:00:00,2025-05-10,12,5,5,1,0,2164
2025-05-10 13:00:00,2025-05-10,13,5,5,1,0,2781
2025-05-10 14:00:00,2025-05-10,14,5,5,1,0,3704
2025-05-10 15:00:00,2025-05-10,15,5,5,1,0,3134
2025-05-10 16:00:00,2025-05-10,16,5,5,1,0,3890
2025-05-10 17:00:00,2025-05-10,17,5,5,1,0,3040
2025-05-10 18:00:00,2025-05-10,18,5,5,1,0,2855
2025-05-10 19:00:00,2025-05-10,19,5,5,1,0,2623
2025-05-10 20:00:00,2025-05-10,20,5,5,1,0,2915
2025-05-10 21:00:00,2025-05-10,21,5,5,1,0,3190
2025-05-10 22:00:00,2025-05-10,22,5,5,1,0,2629
2025-05-10 23:00:00,2025-05-10,23,5,5,1,0,820
2025-05-11 09:00:00,2025-05-11,9,6,5,1,0,1862
2025-05-11 10:00:00,2025-05-11,10,6,5,1,0,2701
2025-05-11 11:00:00,2025-05-11,11,6,5,1,0,2561
2025-05-11 12:00:00,2025-05-11,12,6,5,1,0,3303
2025-05-11 13:00:00,2025-05-11,13,6,5,1,0,2689
2025-05-11 14:00:00,2025-05-11,14,6,5,1,0,4351
2025-05-11 15:00:00,2025-05-11,15,6,5,1,0,4132
2025-05-11 16:00:00,2025-05-11,16,6,5,1,0,3472
2025-05-11 17:00:00,2025-05-11,17,6,5,1,0,3928
2025-05-11 18:00:00,2025-05-11,18,6,5,1,0,2926
2025-05-11 19:00:00,2025-05-11,19,6,5,1,0,2394
2025-05-11 20:00:00,2025-05-11,20,6,5,1,0,3396
2025-05-11 21:00:00,2025-05-11,21,6,5,1,0,2803
2025-05-11 22:00:00,2025-05-11,22,6,5,1,0,3606
2025-05-11 23:00:00,2025-05-11,23,6,5,1,0,666
2025-05-12 09:00:00,2025-05-12,9,0,5,0,0,994
2025-05-12 10:00:00,2025-05-12,10,0,5,0,0,1335
2025-05-12 11:00:00,2025-05-12,11,0,5,0,0,2047
2025-05-12 12:00:00,2025-05-12,12,0,5,0,0,2070
2025-05-12 13:00:00,2025-05-12,13,0,5,0,0,2123
2025-05-12 14:00:00,2025-05-12,14,0,5,0,0,2532
2025-05-12 15:00:00,2025-05-12,15,0,5,0,0,2789
2025-05-12 16:00:00,2025-05-12,16,0,5,0,0,2343
2025-05-12 17:00:00,2025-05-12,17,0,5,0,0,2183
2025-05-12 18:00:00,2025-05-12,18,0,5,0,0,2802
2025-05-12 19:00:00,2025-05-12,19,0,5,0,0,1683
2025-05-12 20:00:00,2025-05-12,20,0,5,0,0,2287
2025-05-12 21:00:00,2025-05-12,21,0,5,0,0,2275
2025-05-12 22:00:00,2025-05-12,22,0,5,0,0,2259
2025-05-12 23:00:00,2025-05-12,23,0,5,0,0,607
2025-05-13 09:00:00,2025-05-13,9,1,5,0,0,1267
2025-05-13 10:00:00,2025-05-13,10,1,5,0,0,1443
2025-05-13 11:00:00,2025-05-13,11,1,5,0,0,1598
2025-05-13 12:00:00,2025-05-13,12,1,5,0,0,2577
2025-05-13 13:00:00,2025-05-13,13,1,5,0,0,1753
2025-05-13 14:00:00,2025-05-13,14,1,5,0,0,3297
2025-05-13 15:00:00,2025-05-13,15,1,5,0,0,1431
2025-05-13 16:00:00,2025-05-13,16,1,5,0,0,2794
2025-05-13 17:00:00,2025-05-13,17,1,5,0,0,3116
2025-05-13 18:00:00,2025-05-13,18,1,5,0,0,2141
2025-05-13 19:00:00,2025-05-13,19,1,5,0,0,1826
2025-05-13 20:00:00,2025-05-13,20,1,5,0,0,2464
2025-05-13 21:00:00,2025-05-13,21,1,5,0,0,2220
2025-05-13 22:00:00,2025-05-13,22,1,5,0,0,2290
2025-05-13 23:00:00,2025-05-13,23,1,5,0,0,542
2025-05-14 09:00:00,2025-05-14,9,2,5,0,0,1052
2025-05-14 10:00:00,2025-05-14,10,2,5,0,0,1719
2025-05-14 11:00:00,2025-05-14,11,2,5,0,0,1980
2025-05-14 12:00:00,2025-05-14,12,2,5,0,0,2303
2025-05-14 13:00:00,2025-05-14,13,2,5,0,0,2779
2025-05-14 14:00:00,2025-05-14,14,2,5,0,0,2644
2025-05-14 15:00:00,2025-05-14,15,2,5,0,0,2539
2025-05-14 16:00:00,2025-05-14,16,2,5,0,0,2533
2025-05-14 17:00:00,2025-05-14,17,2,5,0,0,2534
2025-05-14 18:00:00,2025-05-14,18,2,5,0,0,1951
2025-05-14 19:00:00,2025-05-14,19,2,5,0,0,1764
2025-05-14 20:00:00,2025-05-14,20,2,5,0,0,2232
2025-05-14 21:00:00,2025-05-14,21,2,5,0,0,2986
2025-05-14 22:00:00,2025-05-14,22,2,5,0,0,1587
2025-05-14 23:00:00,2025-05-14,23,2,5,0,0,553
2025-05-15 09:00:00,2025-05-15,9,3,5,0,0,961
2025-05-15 10:00:00,2025-05-15,10,3,5,0,0,1520
2025-05-15 11:00:00,2025-05-15,11,3,5,0,0,1432
2025-05-15 12:00:00,2025-05-15,12,3,5,0,0,2262
2025-05-15 13:00:00,2025-05-15,13,3,5,0,0,2330
2025-05-15 14:00:00,2025-05-15,14,3,5,0,0,1996
2025-05-15 15:00:00,2025-05-15,15,3,5,0,0,2869
2025-05-15 16:00:00,2025-05-15,16,3,5,0,0,2476
2025-05-15 17:00:00,2025-05-15,17,3,5,0,0,2290
2025-05-15 18:00:00,2025-05-15,18,3,5,0,0,2101
2025-05-15 19:00:00,2025-05-15,19,3,5,0,0,2269
2025-05-15 20:00:00,2025-05-15,20,3,5,0,0,3066
2025-05-15 21:00:00,2025-05-15,21,3,5,0,0,2442
2025-05-15 22:00:00,2025-05-15,22,3,5,0,0,1573
2025-05-15 23:00:00,2025-05-15,23,3,5,0,0,485
2025-05-16 09:00:00,2025-05-16,9,4,5,0,0,1202
2025-05-16 10:00:00,2025-05-16,10,4,5,0,0,1819
2025-05-16 11:00:00,2025-05-16,11,4,5,0,0,1821
2025-05-16 12:00:00,2025-05-16,12,4,5,0,0,1118
2025-05-16 13:00:00,2025-05-16,13,4,5,0,0,2737
2025-05-16 14:00:00,2025-05-16,14,4,5,0,0,2137
2025-05-16 15:00:00,2025-05-16,15,4,5,0,0,2267
2025-05-16 16:00:00,2025-05-16,16,4,5,0,0,2788
2025-05-16 17:00:00,2025-05-16,17,4,5,0,0,2670
2025-05-16 18:00:00,2025-05-16,18,4,5,0,0,2216
2025-05-16 19:00:00,2025-05-16,19,4,5,0,0,1698
2025-05-16 20:00:00,2025-05-16,20,4,5,0,0,2670
2025-05-16 21:00:00,2025-05-16,21,4,5,0,0,1585
2025-05-16 22:00:00,2025-05-16,22,4,5,0,0,1955
2025-05-16 23:00:00,2025-05-16,23,4,5,0,0,426
2025-05-17 09:00:00,2025-05-17,9,5,5,1,0,1769
2025-05-17 10:00:00,2025-05-17,10,5,5,1,0,2173
2025-05-17 11:00:00,2025-05-17,11,5,5,1,0,2560
2025-05-17 12:00:00,2025-05-17,12,5,5,1,0,2858
2025-05-17 13:00:00,2025-05-17,13,5,5,1,0,3203
2025-05-17 14:00:00,2025-05-17,14,5,5,1,0,3210
2025-05-17 15:00:00,2025-05-17,15,5,5,1,0,3584
2025-05-17 16:00:00,2025-05-17,16,5,5,1,0,2748
2025-05-17 17:00:00,2025-05-17,17,5,5,1,0,3118
2025-05-17 18:00:00,2025-05-17,18,5,5,1,0,2034
2025-05-17 19:00:00,2025-05-17,19,5,5,1,0,2719
2025-05-17 20:00:00,2025-05-17,20,5,5,1,0,3197
2025-05-17 21:00:00,2025-05-17,21,5,5,1,0,3519
2025-05-17 22:00:00,2025-05-17,22,5,5,1,0,3733
2025-05-17 23:00:00,2025-05-17,23,5,5,1,0,860
2025-05-18 09:00:00,2025-05-18,9,6,5,1,0,1623
2025-05-18 10:00:00,2025-05-18,10,6,5,1,0,2026
2025-05-18 11:00:00,2025-05-18,11,6,5,1,0,2235
2025-05-18 12:00:00,2025-05-18,12,6,5,1,0,3286
2025-05-18 13:00:00,2025-05-18,13,6,5,1,0,4109
2025-05-18 14:00:00,2025-05-18,14,6,5,1,0,2686
2025-05-18 15:00:00,2025-05-18,15,6,5,1,0,4649
2025-05-18 16:00:00,2025-05-18,16,6,5,1,0,3011
2025-05-18 17:00:00,2025-05-18,17,6,5,1,0,2946
2025-05-18 18:00:00,2025-05-18,18,6,5,1,0,3328
2025-05-18 19:00:00,2025-05-18,19,6,5,1,0,2614
2025-05-18 20:00:00,2025-05-18,20,6,5,1,0,3719
2025-05-18 21:00:00,2025-05-18,21,6,5,1,0,3207
2025-05-18 22:00:00,2025-05-18,22,6,5,1,0,2878
2025-05-18 23:00:00,2025-05-18,23,6,5,1,0,743
2025-05-19 09:00:00,2025-05-19,9,0,5,0,0,929
2025-05-19 10:00:00,2025-05-19,10,0,5,0,0,1295
2025-05-19 11:00:00,2025-05-19,11,0,5,0,0,2095
2025-05-19 12:00:00,2025-05-19,12,0,5,0,0,2470
2025-05-19 13:00:00,2025-05-19,13,0,5,0,0,1850
2025-05-19 14:00:00,2025-05-19,14,0,5,0,0,2166
2025-05-19 15:00:00,2025-05-19,15,0,5,0,0,2679
2025-05-19 16:00:00,2025-05-19,16,0,5,0,0,2329
2025-05-19 17:00:00,2025-05-19,17,0,5,0,0,2891
2025-05-19 18:00:00,2025-05-19,18,0,5,0,0,2079
2025-05-19 19:00:00,2025-05-19,19,0,5,0,0,1632
2025-05-19 20:00:00,2025-05-19,20,0,5,0,0,2388
2025-05-19 21:00:00,2025-05-19,21,0,5,0,0,2197
2025-05-19 22:00:00,2025-05-19,22,0,5,0,0,2803
2025-05-19 23:00:00,2025-05-19,23,0,5,0,0,515
2025-05-20 09:00:00,2025-05-20,9,1,5,0,0,947
2025-05-20 10:00:00,2025-05-20,10,1,5,0,0,1111
2025-05-20 11:00:00,2025-05-20,11,1,5,0,0,1869
2025-05-20 12:00:00,2025-05-20,12,1,5,0,0,2085
2025-05-20 13:00:00,2025-05-20,13,1,5,0,0,1469
2025-05-20 14:00:00,2025-05-20,14,1,5,0,0,3120
2025-05-20 15:00:00,2025-05-20,15,1,5,0,0,3024
2025-05-20 16:00:00,2025-05-20,16,1,5,0,0,2721
2025-05-20 17:00:00,2025-05-20,17,1,5,0,0,2948
2025-05-20 18:00:00,2025-05-20,18,1,5,0,0,2413
2025-05-20 19:00:00,2025-05-20,19,1,5,0,0,1691
2025-05-20 20:00:00,2025-05-20,20,1,5,0,0,2083
2025-05-20 21:00:00,2025-05-20,21,1,5,0,0,2613
2025-05-20 22:00:00,2025-05-20,22,1,5,0,0,2493
2025-05-20 23:00:00,2025-05-20,23,1,5,0,0,576
2025-05-21 09:00:00,2025-05-21,9,2,5,0,0,1022
2025-05-21 10:00:00,2025-05-21,10,2,5,0,0,1608
2025-05-21 11:00:00,2025-05-21,11,2,5,0,0,1706
2025-05-21 12:00:00,2025-05-21,12,2,5,0,0,2208
2025-05-21 13:00:00,2025-05-21,13,2,5,0,0,2973
2025-05-21 14:00:00,2025-05-21,14,2,5,0,0,2514
2025-05-21 15:00:00,2025-05-21,15,2,5,0,0,2271
2025-05-21 16:00:00,2025-05-21,16,2,5,0,0,1670
2025-05-21 17:00:00,2025-05-21,17,2,5,0,0,2835
2025-05-21 18:00:00,2025-05-21,18,2,5,0,0,2304
2025-05-21 19:00:00,2025-05-21,19,2,5,0,0,1847
2025-05-21 20:00:00,2025-05-21,20,2,5,0,0,2234
2025-05-21 21:00:00,2025-05-21,21,2,5,0,0,2518
2025-05-21 22:00:00,2025-05-21,22,2,5,0,0,2137
2025-05-21 23:00:00,2025-05-21,23,2,5,0,0,586
2025-05-22 09:00:00,2025-05-22,9,3,5,0,0,1038
2025-05-22 10:00:00,2025-05-22,10,3,5,0,0,1337
2025-05-22 11:00:00,2025-05-22,11,3,5,0,0,1733
2025-05-22 12:00:00,2025-05-22,12,3,5,0,0,2135
2025-05-22 13:00:00,2025-05-22,13,3,5,0,0,2518
2025-05-22 14:00:00,2025-05-22,14,3,5,0,0,1965
2025-05-22 15:00:00,2025-05-22,15,3,5,0,0,1560
2025-05-22 16:00:00,2025-05-22,16,3,5,0,0,2466
2025-05-22 17:00:00,2025-05-22,17,3,5,0,0,2414
2025-05-22 18:00:00,2025-05-22,18,3,5,0,0,2639
2025-05-22 19:00:00,2025-05-22,19,3,5,0,0,1633
2025-05-22 20:00:00,2025-05-22,20,3,5,0,0,2426
2025-05-22 21:00:00,2025-05-22,21,3,5,0,0,2806
2025-05-22 22:00:00,2025-05-22,22,3,5,0,0,2005
2025-05-22 23:00:00,2025-05-22,23,3,5,0,0,592
2025-05-23 09:00:00,2025-05-23,9,4,5,0,0,1028
2025-05-23 10:00:00,2025-05-23,10,4,5,0,0,985
2025-05-23 11:00:00,2025-05-23,11,4,5,0,0,1696
2025-05-23 12:00:00,2025-05-23,12,4,5,0,0,2039
2025-05-23 13:00:00,2025-05-23,13,4,5,0,0,3361
2025-05-23 14:00:00,2025-05-23,14,4,5,0,0,3007
2025-05-23 15:00:00,2025-05-23,15,4,5,0,0,3170
2025-05-23 16:00:00,2025-05-23,16,4,5,0,0,2892
2025-05-23 17:00:00,2025-05-23,17,4,5,0,0,1431
2025-05-23 18:00:00,2025-05-23,18,4,5,0,0,2341
2025-05-23 19:00:00,2025-05-23,19,4,5,0,0,2118
2025-05-23 20:00:00,2025-05-23,20,4,5,0,0,2136
2025-05-23 21:00:00,2025-05-23,21,4,5,0,0,1858
2025-05-23 22:00:00,2025-05-23,22,4,5,0,0,2581
2025-05-23 23:00:00,2025-05-23,23,4,5,0,0,690
2025-05-24 09:00:00,2025-05-24,9,5,5,1,0,1021
2025-05-24 10:00:00,2025-05-24,10,5,5,1,0,1756
2025-05-24 11:00:00,2025-05-24,11,5,5,1,0,1696
2025-05-24 12:00:00,2025-05-24,12,5,5,1,0,3538
2025-05-24 13:00:00,2025-05-24,13,5,5,1,0,2669
2025-05-24 14:00:00,2025-05-24,14,5,5,1,0,2771
2025-05-24 15:00:00,2025-05-24,15,5,5,1,0,3820
2025-05-24 16:00:00,2025-05-24,16,5,5,1,0,3490
2025-05-24 17:00:00,2025-05-24,17,5,5,1,0,3423
2025-05-24 18:00:00,2025-05-24,18,5,5,1,0,3360
2025-05-24 19:00:00,2025-05-24,19,5,5,1,0,2365
2025-05-24 20:00:00,2025-05-24,20,5,5,1,0,2490
2025-05-24 21:00:00,2025-05-24,21,5,5,1,0,4001
2025-05-24 22:00:00,2025-05-24,22,5,5,1,0,2828
2025-05-24 23:00:00,2025-05-24,23,5,5,1,0,666
2025-05-25 09:00:00,2025-05-25,9,6,5,1,0,1740
2025-05-25 10:00:00,2025-05-25,10,6,5,1,0,1929
2025-05-25 11:00:00,2025-05-25,11,6,5,1,0,2514
2025-05-25 12:00:00,2025-05-25,12,6,5,1,0,3193
2025-05-25 13:00:00,2025-05-25,13,6,5,1,0,3865
2025-05-25 14:00:00,2025-05-25,14,6,5,1,0,3539
2025-05-25 15:00:00,2025-05-25,15,6,5,1,0,4469
2025-05-25 16:00:00,2025-05-25,16,6,5,1,0,2741
2025-05-25 17:00:00,2025-05-25,17,6,5,1,0,3732
2025-05-25 18:00:00,2025-05-25,18,6,5,1,0,2714
2025-05-25 19:00:00,2025-05-25,19,6,5,1,0,2951
2025-05-25 20:00:00,2025-05-25,20,6,5,1,0,3267
2025-05-25 21:00:00,2025-05-25,21,6,5,1,0,2953
2025-05-25 22:00:00,2025-05-25,22,6,5,1,0,3468
2025-05-25 23:00:00,2025-05-25,23,6,5,1,0,591
2025-05-26 09:00:00,2025-05-26,9,0,5,0,0,858
2025-05-26 10:00:00,2025-05-26,10,0,5,0,0,1313
2025-05-26 11:00:00,2025-05-26,11,0,5,0,0,1767
2025-05-26 12:00:00,2025-05-26,12,0,5,0,0,2234
2025-05-26 13:00:00,2025-05-26,13,0,5,0,0,2521
2025-05-26 14:00:00,2025-05-26,14,0,5,0,0,2976
2025-05-26 15:00:00,2025-05-26,15,0,5,0,0,1486
2025-05-26 16:00:00,2025-05-26,16,0,5,0,0,2840
2025-05-26 17:00:00,2025-05-26,17,0,5,0,0,2445
2025-05-26 18:00:00,2025-05-26,18,0,5,0,0,2010
2025-05-26 19:00:00,2025-05-26,19,0,5,0,0,1709
2025-05-26 20:00:00,2025-05-26,20,0,5,0,0,1623
2025-05-26 21:00:00,2025-05-26,21,0,5,0,0,1351
2025-05-26 22:00:00,2025-05-26,22,0,5,0,0,2179
2025-05-26 23:00:00,2025-05-26,23,0,5,0,0,505
2025-05-27 09:00:00,2025-05-27,9,1,5,0,0,1211
2025-05-27 10:00:00,2025-05-27,10,1,5,0,0,1353
2025-05-27 11:00:00,2025-05-27,11,1,5,0,0,1279
2025-05-27 12:00:00,2025-05-27,12,1,5,0,0,2649
2025-05-27 13:00:00,2025-05-27,13,1,5,0,0,2835
2025-05-27 14:00:00,2025-05-27,14,1,5,0,0,3026
2025-05-27 15:00:00,2025-05-27,15,1,5,0,0,2632
2025-05-27 16:00:00,2025-05-27,16,1,5,0,0,2908
2025-05-27 17:00:00,2025-05-27,17,1,5,0,0,2462
2025-05-27 18:00:00,2025-05-27,18,1,5,0,0,2183
2025-05-27 19:00:00,2025-05-27,19,1,5,0,0,1378
2025-05-27 20:00:00,2025-05-27,20,1,5,0,0,2209
2025-05-27 21:00:00,2025-05-27,21,1,5,0,0,2806
2025-05-27 22:00:00,2025-05-27,22,1,5,0,0,2334
2025-05-27 23:00:00,2025-05-27,23,1,5,0,0,607
2025-05-28 09:00:00,2025-05-28,9,2,5,0,0,1337
2025-05-28 10:00:00,2025-05-28,10,2,5,0,0,1684
2025-05-28 11:00:00,2025-05-28,11,2,5,0,0,1559
2025-05-28 12:00:00,2025-05-28,12,2,5,0,0,2355
2025-05-28 13:00:00,2025-05-28,13,2,5,0,0,2792
2025-05-28 14:00:00,2025-05-28,14,2,5,0,0,3023
2025-05-28 15:00:00,2025-05-28,15,2,5,0,0,2425
2025-05-28 16:00:00,2025-05-28,16,2,5,0,0,2515
2025-05-28 17:00:00,2025-05-28,17,2,5,0,0,2835
2025-05-28 18:00:00,2025-05-28,18,2,5,0,0,1422
2025-05-28 19:00:00,2025-05-28,19,2,5,0,0,1809
2025-05-28 20:00:00,2025-05-28,20,2,5,0,0,2830
2025-05-28 21:00:00,2025-05-28,21,2,5,0,0,2366
2025-05-28 22:00:00,2025-05-28,22,2,5,0,0,2172
2025-05-28 23:00:00,2025-05-28,23,2,5,0,0,505
2025-05-29 09:00:00,2025-05-29,9,3,5,0,0,1183
2025-05-29 10:00:00,2025-05-29,10,3,5,0,0,1258
2025-05-29 11:00:00,2025-05-29,11,3,5,0,0,1821
2025-05-29 12:00:00,2025-05-29,12,3,5,0,0,2325
2025-05-29 13:00:00,2025-05-29,13,3,5,0,0,2049
2025-05-29 14:00:00,2025-05-29,14,3,5,0,0,2949
2025-05-29 15:00:00,2025-05-29,15,3,5,0,0,2560
2025-05-29 16:00:00,2025-05-29,16,3,5,0,0,2181
2025-05-29 17:00:00,2025-05-29,17,3,5,0,0,2442
2025-05-29 18:00:00,2025-05-29,18,3,5,0,0,1904
2025-05-29 19:00:00,2025-05-29,19,3,5,0,0,1838
2025-05-29 20:00:00,2025-05-29,20,3,5,0,0,1953
2025-05-29 21:00:00,2025-05-29,21,3,5,0,0,2427
2025-05-29 22:00:00,2025-05-29,22,3,5,0,0,2383
2025-05-29 23:00:00,2025-05-29,23,3,5,0,0,676
2025-05-30 09:00:00,2025-05-30,9,4,5,0,0,942
2025-05-30 10:00:00,2025-05-30,10,4,5,0,0,1267
2025-05-30 11:00:00,2025-05-30,11,4,5,0,0,1512
2025-05-30 12:00:00,2025-05-30,12,4,5,0,0,1635
2025-05-30 13:00:00,2025-05-30,13,4,5,0,0,2584
2025-05-30 14:00:00,2025-05-30,14,4,5,0,0,3236
2025-05-30 15:00:00,2025-05-30,15,4,5,0,0,2881
2025-05-30 16:00:00,2025-05-30,16,4,5,0,0,2598
2025-05-30 17:00:00,2025-05-30,17,4,5,0,0,2534
2025-05-30 18:00:00,2025-05-30,18,4,5,0,0,2267
2025-05-30 19:00:00,2025-05-30,19,4,5,0,0,1500
2025-05-30 20:00:00,2025-05-30,20,4,5,0,0,3154
2025-05-30 21:00:00,2025-05-30,21,4,5,0,0,2528
2025-05-30 22:00:00,2025-05-30,22,4,5,0,0,2439
2025-05-30 23:00:00,2025-05-30,23,4,5,0,0,607
2025-05-31 09:00:00,2025-05-31,9,5,5,1,0,1167
2025-05-31 10:00:00,2025-05-31,10,5,5,1,0,1989
2025-05-31 11:00:00,2025-05-31,11,5,5,1,0,2341
2025-05-31 12:00:00,2025-05-31,12,5,5,1,0,3235
2025-05-31 13:00:00,2025-05-31,13,5,5,1,0,3578
2025-05-31 14:00:00,2025-05-31,14,5,5,1,0,3328
2025-05-31 15:00:00,2025-05-31,15,5,5,1,0,4423
2025-05-31 16:00:00,2025-05-31,16,5,5,1,0,3816
2025-05-31 17:00:00,2025-05-31,17,5,5,1,0,3719
2025-05-31 18:00:00,2025-05-31,18,5,5,1,0,3522
2025-05-31 19:00:00,2025-05-31,19,5,5,1,0,2540
2025-05-31 20:00:00,2025-05-31,20,5,5,1,0,3335
2025-05-31 21:00:00,2025-05-31,21,5,5,1,0,3525
2025-05-31 22:00:00,2025-05-31,22,5,5,1,0,2933
2025-05-31 23:00:00,2025-05-31,23,5,5,1,0,768
2025-06-01 09:00:00,2025-06-01,9,6,6,1,0,1091
2025-06-01 10:00:00,2025-06-01,10,6,6,1,0,1791
2025-06-01 11:00:00,2025-06-01,11,6,6,1,0,3238
2025-06-01 12:00:00,2025-06-01,12,6,6,1,0,2508
2025-06-01 13:00:00,2025-06-01,13,6,6,1,0,2887
2025-06-01 14:00:00,2025-06-01,14,6,6,1,0,4268
2025-06-01 15:00:00,2025-06-01,15,6,6,1,0,4103
2025-06-01 16:00:00,2025-06-01,16,6,6,1,0,3232
2025-06-01 17:00:00,2025-06-01,17,6,6,1,0,3669
2025-06-01 18:00:00,2025-06-01,18,6,6,1,0,3550
2025-06-01 19:00:00,2025-06-01,19,6,6,1,0,2524
2025-06-01 20:00:00,2025-06-01,20,6,6,1,0,4215
2025-06-01 21:00:00,2025-06-01,21,6,6,1,0,2548
2025-06-01 22:00:00,2025-06-01,22,6,6,1,0,3480
2025-06-01 23:00:00,2025-06-01,23,6,6,1,0,869
2025-06-02 09:00:00,2025-06-02,9,0,6,0,0,1260
2025-06-02 10:00:00,2025-06-02,10,0,6,0,0,1461
2025-06-02 11:00:00,2025-06-02,11,0,6,0,0,1811
2025-06-02 12:00:00,2025-06-02,12,0,6,0,0,2355
2025-06-02 13:00:00,2025-06-02,13,0,6,0,0,2781
2025-06-02 14:00:00,2025-06-02,14,0,6,0,0,2928
2025-06-02 15:00:00,2025-06-02,15,0,6,0,0,3149
2025-06-02 16:00:00,2025-06-02,16,0,6,0,0,1677
2025-06-02 17:00:00,2025-06-02,17,0,6,0,0,2464
2025-06-02 18:00:00,2025-06-02,18,0,6,0,0,1983
2025-06-02 19:00:00,2025-06-02,19,0,6,0,0,1789
2025-06-02 20:00:00,2025-06-02,20,0,6,0,0,2669
2025-06-02 21:00:00,2025-06-02,21,0,6,0,0,1687
2025-06-02 22:00:00,2025-06-02,22,0,6,0,0,3124
2025-06-02 23:00:00,2025-06-02,23,0,6,0,0,578
2025-06-03 09:00:00,2025-06-03,9,1,6,0,0,1146
2025-06-03 10:00:00,2025-06-03,10,1,6,0,0,1517
2025-06-03 11:00:00,2025-06-03,11,1,6,0,0,1733
2025-06-03 12:00:00,2025-06-03,12,1,6,0,0,2220
2025-06-03 13:00:00,2025-06-03,13,1,6,0,0,2876
2025-06-03 14:00:00,2025-06-03,14,1,6,0,0,2768
2025-06-03 15:00:00,2025-06-03,15,1,6,0,0,2533
2025-06-03 16:00:00,2025-06-03,16,1,6,0,0,2427
2025-06-03 17:00:00,2025-06-03,17,1,6,0,0,2396
2025-06-03 18:00:00,2025-06-03,18,1,6,0,0,2255
2025-06-03 19:00:00,2025-06-03,19,1,6,0,0,2145
2025-06-03 20:00:00,2025-06-03,20,1,6,0,0,1997
2025-06-03 21:00:00,2025-06-03,21,1,6,0,0,2288
2025-06-03 22:00:00,2025-06-03,22,1,6,0,0,1694
2025-06-03 23:00:00,2025-06-03,23,1,6,0,0,440
2025-06-04 09:00:00,2025-06-04,9,2,6,0,0,1024
2025-06-04 10:00:00,2025-06-04,10,2,6,0,0,1376
2025-06-04 11:00:00,2025-06-04,11,2,6,0,0,1697
2025-06-04 12:00:00,2025-06-04,12,2,6,0,0,2287
2025-06-04 13:00:00,2025-06-04,13,2,6,0,0,2484
2025-06-04 14:00:00,2025-06-04,14,2,6,0,0,2548
2025-06-04 15:00:00,2025-06-04,15,2,6,0,0,2943
2025-06-04 16:00:00,2025-06-04,16,2,6,0,0,3295
2025-06-04 17:00:00,2025-06-04,17,2,6,0,0,3031
2025-06-04 18:00:00,2025-06-04,18,2,6,0,0,1719
2025-06-04 19:00:00,2025-06-04,19,2,6,0,0,2006
2025-06-04 20:00:00,2025-06-04,20,2,6,0,0,2329
2025-06-04 21:00:00,2025-06-04,21,2,6,0,0,2424
2025-06-04 22:00:00,2025-06-04,22,2,6,0,0,2266
2025-06-04 23:00:00,2025-06-04,23,2,6,0,0,573
2025-06-05 09:00:00,2025-06-05,9,3,6,0,0,1159
2025-06-05 10:00:00,2025-06-05,10,3,6,0,0,1394
2025-06-05 11:00:00,2025-06-05,11,3,6,0,0,1675
2025-06-05 12:00:00,2025-06-05,12,3,6,0,0,2115
2025-06-05 13:00:00,2025-06-05,13,3,6,0,0,2604
2025-06-05 14:00:00,2025-06-05,14,3,6,0,0,2927
2025-06-05 15:00:00,2025-06-05,15,3,6,0,0,3086
2025-06-05 16:00:00,2025-06-05,16,3,6,0,0,2568
2025-06-05 17:00:00,2025-06-05,17,3,6,0,0,2619
2025-06-05 18:00:00,2025-06-05,18,3,6,0,0,2494
2025-06-05 19:00:00,2025-06-05,19,3,6,0,0,2139
2025-06-05 20:00:00,2025-06-05,20,3,6,0,0,2363
2025-06-05 21:00:00,2025-06-05,21,3,6,0,0,2316
2025-06-05 22:00:00,2025-06-05,22,3,6,0,0,2434
2025-06-05 23:00:00,2025-06-05,23,3,6,0,0,487
2025-06-06 09:00:00,2025-06-06,9,4,6,0,0,1111
2025-06-06 10:00:00,2025-06-06,10,4,6,0,0,1632
2025-06-06 11:00:00,2025-06-06,11,4,6,0,0,2021
2025-06-06 12:00:00,2025-06-06,12,4,6,0,0,1514
2025-06-06 13:00:00,2025-06-06,13,4,6,0,0,2599
2025-06-06 14:00:00,2025-06-06,14,4,6,0,0,2460
2025-06-06 15:00:00,2025-06-06,15,4,6,0,0,3036
2025-06-06 16:00:00,2025-06-06,16,4,6,0,0,2705
2025-06-06 17:00:00,2025-06-06,17,4,6,0,0,2449
2025-06-06 18:00:00,2025-06-06,18,4,6,0,0,2138
2025-06-06 19:00:00,2025-06-06,19,4,6,0,0,1862
2025-06-06 20:00:00,2025-06-06,20,4,6,0,0,2252
2025-06-06 21:00:00,2025-06-06,21,4,6,0,0,2567
2025-06-06 22:00:00,2025-06-06,22,4,6,0,0,2267
2025-06-06 23:00:00,2025-06-06,23,4,6,0,0,471
2025-06-07 09:00:00,2025-06-07,9,5,6,1,0,1807
2025-06-07 10:00:00,2025-06-07,10,5,6,1,0,1264
2025-06-07 11:00:00,2025-06-07,11,5,6,1,0,2555
2025-06-07 12:00:00,2025-06-07,12,5,6,1,0,2782
2025-06-07 13:00:00,2025-06-07,13,5,6,1,0,3286
2025-06-07 14:00:00,2025-06-07,14,5,6,1,0,4572
2025-06-07 15:00:00,2025-06-07,15,5,6,1,0,2548
2025-06-07 16:00:00,2025-06-07,16,5,6,1,0,3846
2025-06-07 17:00:00,2025-06-07,17,5,6,1,0,3642
2025-06-07 18:00:00,2025-06-07,18,5,6,1,0,2655
2025-06-07 19:00:00,2025-06-07,19,5,6,1,0,2273
2025-06-07 20:00:00,2025-06-07,20,5,6,1,0,2748
2025-06-07 21:00:00,2025-06-07,21,5,6,1,0,2871
2025-06-07 22:00:00,2025-06-07,22,5,6,1,0,2114
2025-06-07 23:00:00,2025-06-07,23,5,6,1,0,813
2025-06-08 09:00:00,2025-06-08,9,6,6,1,0,1915
2025-06-08 10:00:00,2025-06-08,10,6,6,1,0,2059
2025-06-08 11:00:00,2025-06-08,11,6,6,1,0,2103
2025-06-08 12:00:00,2025-06-08,12,6,6,1,0,2785
2025-06-08 13:00:00,2025-06-08,13,6,6,1,0,3231
2025-06-08 14:00:00,2025-06-08,14,6,6,1,0,3236
2025-06-08 15:00:00,2025-06-08,15,6,6,1,0,4170
2025-06-08 16:00:00,2025-06-08,16,6,6,1,0,4045
2025-06-08 17:00:00,2025-06-08,17,6,6,1,0,2946
2025-06-08 18:00:00,2025-06-08,18,6,6,1,0,2296
2025-06-08 19:00:00,2025-06-08,19,6,6,1,0,2998
2025-06-08 20:00:00,2025-06-08,20,6,6,1,0,3946
2025-06-08 21:00:00,2025-06-08,21,6,6,1,0,4317
2025-06-08 22:00:00,2025-06-08,22,6,6,1,0,2005
2025-06-08 23:00:00,2025-06-08,23,6,6,1,0,1021
2025-06-09 09:00:00,2025-06-09,9,0,6,0,0,1090
2025-06-09 10:00:00,2025-06-09,10,0,6,0,0,1392
2025-06-09 11:00:00,2025-06-09,11,0,6,0,0,1950
2025-06-09 12:00:00,2025-06-09,12,0,6,0,0,2079
2025-06-09 13:00:00,2025-06-09,13,0,6,0,0,1858
2025-06-09 14:00:00,2025-06-09,14,0,6,0,0,2298
2025-06-09 15:00:00,2025-06-09,15,0,6,0,0,2719
2025-06-09 16:00:00,2025-06-09,16,0,6,0,0,3152
2025-06-09 17:00:00,2025-06-09,17,0,6,0,0,2516
2025-06-09 18:00:00,2025-06-09,18,0,6,0,0,2273
2025-06-09 19:00:00,2025-06-09,19,0,6,0,0,1983
2025-06-09 20:00:00,2025-06-09,20,0,6,0,0,1900
2025-06-09 21:00:00,2025-06-09,21,0,6,0,0,1907
2025-06-09 22:00:00,2025-06-09,22,0,6,0,0,2546
2025-06-09 23:00:00,2025-06-09,23,0,6,0,0,547
2025-06-10 09:00:00,2025-06-10,9,1,6,0,0,1161
2025-06-10 10:00:00,2025-06-10,10,1,6,0,0,1689
2025-06-10 11:00:00,2025-06-10,11,1,6,0,0,1125
2025-06-10 12:00:00,2025-06-10,12,1,6,0,0,1964
2025-06-10 13:00:00,2025-06-10,13,1,6,0,0,1945
2025-06-10 14:00:00,2025-06-10,14,1,6,0,0,2550
2025-06-10 15:00:00,2025-06-10,15,1,6,0,0,3247
2025-06-10 16:00:00,2025-06-10,16,1,6,0,0,2691
2025-06-10 17:00:00,2025-06-10,17,1,6,0,0,2126
2025-06-10 18:00:00,2025-06-10,18,1,6,0,0,2105
2025-06-10 19:00:00,2025-06-10,19,1,6,0,0,1541
2025-06-10 20:00:00,2025-06-10,20,1,6,0,0,2058
2025-06-10 21:00:00,2025-06-10,21,1,6,0,0,2491
2025-06-10 22:00:00,2025-06-10,22,1,6,0,0,2044
2025-06-10 23:00:00,2025-06-10,23,1,6,0,0,640
2025-06-11 09:00:00,2025-06-11,9,2,6,0,0,1128
2025-06-11 10:00:00,2025-06-11,10,2,6,0,0,1514
2025-06-11 11:00:00,2025-06-11,11,2,6,0,0,1269
2025-06-11 12:00:00,2025-06-11,12,2,6,0,0,2443
2025-06-11 13:00:00,2025-06-11,13,2,6,0,0,2771
2025-06-11 14:00:00,2025-06-11,14,2,6,0,0,2840
2025-06-11 15:00:00,2025-06-11,15,2,6,0,0,2989
2025-06-11 16:00:00,2025-06-11,16,2,6,0,0,2661
2025-06-11 17:00:00,2025-06-11,17,2,6,0,0,2698
2025-06-11 18:00:00,2025-06-11,18,2,6,0,0,2145
2025-06-11 19:00:00,2025-06-11,19,2,6,0,0,1877
2025-06-11 20:00:00,2025-06-11,20,2,6,0,0,2301
2025-06-11 21:00:00,2025-06-11,21,2,6,0,0,2249
2025-06-11 22:00:00,2025-06-11,22,2,6,0,0,2183
2025-06-11 23:00:00,2025-06-11,23,2,6,0,0,597
2025-06-12 09:00:00,2025-06-12,9,3,6,0,0,1317
2025-06-12 10:00:00,2025-06-12,10,3,6,0,0,1709
2025-06-12 11:00:00,2025-06-12,11,3,6,0,0,1593
2025-06-12 12:00:00,2025-06-12,12,3,6,0,0,2581
2025-06-12 13:00:00,2025-06-12,13,3,6,0,0,2436
2025-06-12 14:00:00,2025-06-12,14,3,6,0,0,2927
2025-06-12 15:00:00,2025-06-12,15,3,6,0,0,2495
2025-06-12 16:00:00,2025-06-12,16,3,6,0,0,2777
2025-06-12 17:00:00,2025-06-12,17,3,6,0,0,2628
2025-06-12 18:00:00,2025-06-12,18,3,6,0,0,1837
2025-06-12 19:00:00,2025-06-12,19,3,6,0,0,2013
2025-06-12 20:00:00,2025-06-12,20,3,6,0,0,2764
2025-06-12 21:00:00,2025-06-12,21,3,6,0,0,2330
2025-06-12 22:00:00,2025-06-12,22,3,6,0,0,2768
2025-06-12 23:00:00,2025-06-12,23,3,6,0,0,386
2025-06-13 09:00:00,2025-06-13,9,4,6,0,0,1254
2025-06-13 10:00:00,2025-06-13,10,4,6,0,0,1099
2025-06-13 11:00:00,2025-06-13,11,4,6,0,0,2421
2025-06-13 12:00:00,2025-06-13,12,4,6,0,0,2637
2025-06-13 13:00:00,2025-06-13,13,4,6,0,0,2447
2025-06-13 14:00:00,2025-06-13,14,4,6,0,0,2084
2025-06-13 15:00:00,2025-06-13,15,4,6,0,0,2896
2025-06-13 16:00:00,2025-06-13,16,4,6,0,0,2257
2025-06-13 17:00:00,2025-06-13,17,4,6,0,0,2668
2025-06-13 18:00:00,2025-06-13,18,4,6,0,0,2346
2025-06-13 19:00:00,2025-06-13,19,4,6,0,0,1664
2025-06-13 20:00:00,2025-06-13,20,4,6,0,0,2700
2025-06-13 21:00:00,2025-06-13,21,4,6,0,0,2610
2025-06-13 22:00:00,2025-06-13,22,4,6,0,0,2658
2025-06-13 23:00:00,2025-06-13,23,4,6,0,0,565
2025-06-14 09:00:00,2025-06-14,9,5,6,1,0,1275
2025-06-14 10:00:00,2025-06-14,10,5,6,1,0,2260
2025-06-14 11:00:00,2025-06-14,11,5,6,1,0,2451
2025-06-14 12:00:00,2025-06-14,12,5,6,1,0,2515
2025-06-14 13:00:00,2025-06-14,13,5,6,1,0,3975
2025-06-14 14:00:00,2025-06-14,14,5,6,1,0,4615
2025-06-14 15:00:00,2025-06-14,15,5,6,1,0,3761
2025-06-14 16:00:00,2025-06-14,16,5,6,1,0,4641
2025-06-14 17:00:00,2025-06-14,17,5,6,1,0,3457
2025-06-14 18:00:00,2025-06-14,18,5,6,1,0,2880
2025-06-14 19:00:00,2025-06-14,19,5,6,1,0,2342
2025-06-14 20:00:00,2025-06-14,20,5,6,1,0,3844
2025-06-14 21:00:00,2025-06-14,21,5,6,1,0,2912
2025-06-14 22:00:00,2025-06-14,22,5,6,1,0,3496
2025-06-14 23:00:00,2025-06-14,23,5,6,1,0,711
2025-06-15 09:00:00,2025-06-15,9,6,6,1,0,1016
2025-06-15 10:00:00,2025-06-15,10,6,6,1,0,2273
2025-06-15 11:00:00,2025-06-15,11,6,6,1,0,2418
2025-06-15 12:00:00,2025-06-15,12,6,6,1,0,2871
2025-06-15 13:00:00,2025-06-15,13,6,6,1,0,2719
2025-06-15 14:00:00,2025-06-15,14,6,6,1,0,4393
2025-06-15 15:00:00,2025-06-15,15,6,6,1,0,4072
2025-06-15 16:00:00,2025-06-15,16,6,6,1,0,3397
2025-06-15 17:00:00,2025-06-15,17,6,6,1,0,3210
2025-06-15 18:00:00,2025-06-15,18,6,6,1,0,3047
2025-06-15 19:00:00,2025-06-15,19,6,6,1,0,2631
2025-06-15 20:00:00,2025-06-15,20,6,6,1,0,2832
2025-06-15 21:00:00,2025-06-15,21,6,6,1,0,3491
2025-06-15 22:00:00,2025-06-15,22,6,6,1,0,2272
2025-06-15 23:00:00,2025-06-15,23,6,6,1,0,606
2025-06-16 09:00:00,2025-06-16,9,0,6,0,0,1011
2025-06-16 10:00:00,2025-06-16,10,0,6,0,0,1408
2025-06-16 11:00:00,2025-06-16,11,0,6,0,0,1860
2025-06-16 12:00:00,2025-06-16,12,0,6,0,0,2742
2025-06-16 13:00:00,2025-06-16,13,0,6,0,0,2605
2025-06-16 14:00:00,2025-06-16,14,0,6,0,0,2455
2025-06-16 15:00:00,2025-06-16,15,0,6,0,0,2874
2025-06-16 16:00:00,2025-06-16,16,0,6,0,0,2615
2025-06-16 17:00:00,2025-06-16,17,0,6,0,0,2632
2025-06-16 18:00:00,2025-06-16,18,0,6,0,0,2391
2025-06-16 19:00:00,2025-06-16,19,0,6,0,0,2149
2025-06-16 20:00:00,2025-06-16,20,0,6,0,0,1661
2025-06-16 21:00:00,2025-06-16,21,0,6,0,0,2848
2025-06-16 22:00:00,2025-06-16,22,0,6,0,0,2639
2025-06-16 23:00:00,2025-06-16,23,0,6,0,0,517
2025-06-17 09:00:00,2025-06-17,9,1,6,0,0,1440
2025-06-17 10:00:00,2025-06-17,10,1,6,0,0,1557
2025-06-17 11:00:00,2025-06-17,11,1,6,0,0,1688
2025-06-17 12:00:00,2025-06-17,12,1,6,0,0,2679
2025-06-17 13:00:00,2025-06-17,13,1,6,0,0,3165
2025-06-17 14:00:00,2025-06-17,14,1,6,0,0,2720
2025-06-17 15:00:00,2025-06-17,15,1,6,0,0,1841
2025-06-17 16:00:00,2025-06-17,16,1,6,0,0,2674
2025-06-17 17:00:00,2025-06-17,17,1,6,0,0,2750
2025-06-17 18:00:00,2025-06-17,18,1,6,0,0,2578
2025-06-17 19:00:00,2025-06-17,19,1,6,0,0,2005
2025-06-17 20:00:00,2025-06-17,20,1,6,0,0,2409
2025-06-17 21:00:00,2025-06-17,21,1,6,0,0,2807
2025-06-17 22:00:00,2025-06-17,22,1,6,0,0,2290
2025-06-17 23:00:00,2025-06-17,23,1,6,0,0,635
2025-06-18 09:00:00,2025-06-18,9,2,6,0,0,1099
2025-06-18 10:00:00,2025-06-18,10,2,6,0,0,1576
2025-06-18 11:00:00,2025-06-18,11,2,6,0,0,1851
2025-06-18 12:00:00,2025-06-18,12,2,6,0,0,2220
2025-06-18 13:00:00,2025-06-18,13,2,6,0,0,2418
2025-06-18 14:00:00,2025-06-18,14,2,6,0,0,3171
2025-06-18 15:00:00,2025-06-18,15,2,6,0,0,2553
2025-06-18 16:00:00,2025-06-18,16,2,6,0,0,2488
2025-06-18 17:00:00,2025-06-18,17,2,6,0,0,2224
2025-06-18 18:00:00,2025-06-18,18,2,6,0,0,2498
2025-06-18 19:00:00,2025-06-18,19,2,6,0,0,1339
2025-06-18 20:00:00,2025-06-18,20,2,6,0,0,2218
2025-06-18 21:00:00,2025-06-18,21,2,6,0,0,1862
2025-06-18 22:00:00,2025-06-18,22,2,6,0,0,2108
2025-06-18 23:00:00,2025-06-18,23,2,6,0,0,352
2025-06-19 09:00:00,2025-06-19,9,3,6,0,0,1119
2025-06-19 10:00:00,2025-06-19,10,3,6,0,0,1293
2025-06-19 11:00:00,2025-06-19,11,3,6,0,0,1890
2025-06-19 12:00:00,2025-06-19,12,3,6,0,0,1799
2025-06-19 13:00:00,2025-06-19,13,3,6,0,0,2558
2025-06-19 14:00:00,2025-06-19,14,3,6,0,0,1816
2025-06-19 15:00:00,2025-06-19,15,3,6,0,0,3304
2025-06-19 16:00:00,2025-06-19,16,3,6,0,0,3193
2025-06-19 17:00:00,2025-06-19,17,3,6,0,0,2772
2025-06-19 18:00:00,2025-06-19,18,3,6,0,0,2148
2025-06-19 19:00:00,2025-06-19,19,3,6,0,0,2324
2025-06-19 20:00:00,2025-06-19,20,3,6,0,0,1936
2025-06-19 21:00:00,2025-06-19,21,3,6,0,0,1979
2025-06-19 22:00:00,2025-06-19,22,3,6,0,0,2356
2025-06-19 23:00:00,2025-06-19,23,3,6,0,0,718
2025-06-20 09:00:00,2025-06-20,9,4,6,0,0,1110
2025-06-20 10:00:00,2025-06-20,10,4,6,0,0,1465
2025-06-20 11:00:00,2025-06-20,11,4,6,0,0,1552
2025-06-20 12:00:00,2025-06-20,12,4,6,0,0,2489
2025-06-20 13:00:00,2025-06-20,13,4,6,0,0,2823
2025-06-20 14:00:00,2025-06-20,14,4,6,0,0,2989
2025-06-20 15:00:00,2025-06-20,15,4,6,0,0,2588
2025-06-20 16:00:00,2025-06-20,16,4,6,0,0,2499
2025-06-20 17:00:00,2025-06-20,17,4,6,0,0,2140
2025-06-20 18:00:00,2025-06-20,18,4,6,0,0,2258
2025-06-20 19:00:00,2025-06-20,19,4,6,0,0,1633
2025-06-20 20:00:00,2025-06-20,20,4,6,0,0,2043
2025-06-20 21:00:00,2025-06-20,21,4,6,0,0,2258
2025-06-20 22:00:00,2025-06-20,22,4,6,0,0,2240
2025-06-20 23:00:00,2025-06-20,23,4,6,0,0,528
2025-06-21 09:00:00,2025-06-21,9,5,6,1,0,1622
2025-06-21 10:00:00,2025-06-21,10,5,6,1,0,2042
2025-06-21 11:00:00,2025-06-21,11,5,6,1,0,1712
2025-06-21 12:00:00,2025-06-21,12,5,6,1,0,3084
2025-06-21 13:00:00,2025-06-21,13,5,6,1,0,3013
2025-06-21 14:00:00,2025-06-21,14,5,6,1,0,3733
2025-06-21 15:00:00,2025-06-21,15,5,6,1,0,3848
2025-06-21 16:00:00,2025-06-21,16,5,6,1,0,3021
2025-06-21 17:00:00,2025-06-21,17,5,6,1,0,3828
2025-06-21 18:00:00,2025-06-21,18,5,6,1,0,2699
2025-06-21 19:00:00,2025-06-21,19,5,6,1,0,2561
2025-06-21 20:00:00,2025-06-21,20,5,6,1,0,3661
2025-06-21 21:00:00,2025-06-21,21,5,6,1,0,3569
2025-06-21 22:00:00,2025-06-21,22,5,6,1,0,3226
2025-06-21 23:00:00,2025-06-21,23,5,6,1,0,729
2025-06-22 09:00:00,2025-06-22,9,6,6,1,0,1711
2025-06-22 10:00:00,2025-06-22,10,6,6,1,0,2187
2025-06-22 11:00:00,2025-06-22,11,6,6,1,0,2345
2025-06-22 12:00:00,2025-06-22,12,6,6,1,0,2730
2025-06-22 13:00:00,2025-06-22,13,6,6,1,0,2569
2025-06-22 14:00:00,2025-06-22,14,6,6,1,0,3754
2025-06-22 15:00:00,2025-06-22,15,6,6,1,0,3742
2025-06-22 16:00:00,2025-06-22,16,6,6,1,0,4189
2025-06-22 17:00:00,2025-06-22,17,6,6,1,0,3567
2025-06-22 18:00:00,2025-06-22,18,6,6,1,0,3501
2025-06-22 19:00:00,2025-06-22,19,6,6,1,0,2321
2025-06-22 20:00:00,2025-06-22,20,6,6,1,0,3651
2025-06-22 21:00:00,2025-06-22,21,6,6,1,0,3009
2025-06-22 22:00:00,2025-06-22,22,6,6,1,0,3512
2025-06-22 23:00:00,2025-06-22,23,6,6,1,0,629
2025-06-23 09:00:00,2025-06-23,9,0,6,0,0,1170
2025-06-23 10:00:00,2025-06-23,10,0,6,0,0,1141
2025-06-23 11:00:00,2025-06-23,11,0,6,0,0,1816
2025-06-23 12:00:00,2025-06-23,12,0,6,0,0,2353
2025-06-23 13:00:00,2025-06-23,13,0,6,0,0,1662
2025-06-23 14:00:00,2025-06-23,14,0,6,0,0,2386
2025-06-23 15:00:00,2025-06-23,15,0,6,0,0,3084
2025-06-23 16:00:00,2025-06-23,16,0,6,0,0,2696
2025-06-23 17:00:00,2025-06-23,17,0,6,0,0,1669
2025-06-23 18:00:00,2025-06-23,18,0,6,0,0,2247
2025-06-23 19:00:00,2025-06-23,19,0,6,0,0,2470
2025-06-23 20:00:00,2025-06-23,20,0,6,0,0,2709
2025-06-23 21:00:00,2025-06-23,21,0,6,0,0,2712
2025-06-23 22:00:00,2025-06-23,22,0,6,0,0,2504
2025-06-23 23:00:00,2025-06-23,23,0,6,0,0,576
2025-06-24 09:00:00,2025-06-24,9,1,6,0,0,811
2025-06-24 10:00:00,2025-06-24,10,1,6,0,0,963
2025-06-24 11:00:00,2025-06-24,11,1,6,0,0,1768
2025-06-24 12:00:00,2025-06-24,12,1,6,0,0,1732
2025-06-24 13:00:00,2025-06-24,13,1,6,0,0,2181
2025-06-24 14:00:00,2025-06-24,14,1,6,0,0,2081
2025-06-24 15:00:00,2025-06-24,15,1,6,0,0,2787
2025-06-24 16:00:00,2025-06-24,16,1,6,0,0,2999
2025-06-24 17:00:00,2025-06-24,17,1,6,0,0,2009
2025-06-24 18:00:00,2025-06-24,18,1,6,0,0,2347
2025-06-24 19:00:00,2025-06-24,19,1,6,0,0,1161
2025-06-24 20:00:00,2025-06-24,20,1,6,0,0,1828
2025-06-24 21:00:00,2025-06-24,21,1,6,0,0,1314
2025-06-24 22:00:00,2025-06-24,22,1,6,0,0,2017
2025-06-24 23:00:00,2025-06-24,23,1,6,0,0,505
2025-06-25 09:00:00,2025-06-25,9,2,6,0,0,781
2025-06-25 10:00:00,2025-06-25,10,2,6,0,0,1316
2025-06-25 11:00:00,2025-06-25,11,2,6,0,0,1953
2025-06-25 12:00:00,2025-06-25,12,2,6,0,0,2173
2025-06-25 13:00:00,2025-06-25,13,2,6,0,0,2536
2025-06-25 14:00:00,2025-06-25,14,2,6,0,0,3104
2025-06-25 15:00:00,2025-06-25,15,2,6,0,0,2403
2025-06-25 16:00:00,2025-06-25,16,2,6,0,0,2868
2025-06-25 17:00:00,2025-06-25,17,2,6,0,0,2529
2025-06-25 18:00:00,2025-06-25,18,2,6,0,0,1502
2025-06-25 19:00:00,2025-06-25,19,2,6,0,0,2076
2025-06-25 20:00:00,2025-06-25,20,2,6,0,0,2631
2025-06-25 21:00:00,2025-06-25,21,2,6,0,0,2109
2025-06-25 22:00:00,2025-06-25,22,2,6,0,0,2327
2025-06-25 23:00:00,2025-06-25,23,2,6,0,0,584
2025-06-26 09:00:00,2025-06-26,9,3,6,0,0,1101
2025-06-26 10:00:00,2025-06-26,10,3,6,0,0,1603
2025-06-26 11:00:00,2025-06-26,11,3,6,0,0,1940
2025-06-26 12:00:00,2025-06-26,12,3,6,0,0,2727
2025-06-26 13:00:00,2025-06-26,13,3,6,0,0,2068
2025-06-26 14:00:00,2025-06-26,14,3,6,0,0,2690
2025-06-26 15:00:00,2025-06-26,15,3,6,0,0,1746
2025-06-26 16:00:00,2025-06-26,16,3,6,0,0,2928
2025-06-26 17:00:00,2025-06-26,17,3,6,0,0,2041
2025-06-26 18:00:00,2025-06-26,18,3,6,0,0,2328
2025-06-26 19:00:00,2025-06-26,19,3,6,0,0,1734
2025-06-26 20:00:00,2025-06-26,20,3,6,0,0,2170
2025-06-26 21:00:00,2025-06-26,21,3,6,0,0,1966
2025-06-26 22:00:00,2025-06-26,22,3,6,0,0,2247
2025-06-26 23:00:00,2025-06-26,23,3,6,0,0,638
2025-06-27 09:00:00,2025-06-27,9,4,6,0,0,1134
2025-06-27 10:00:00,2025-06-27,10,4,6,0,0,1611
2025-06-27 11:00:00,2025-06-27,11,4,6,0,0,2251
2025-06-27 12:00:00,2025-06-27,12,4,6,0,0,2306
2025-06-27 13:00:00,2025-06-27,13,4,6,0,0,2363
2025-06-27 14:00:00,2025-06-27,14,4,6,0,0,2883
2025-06-27 15:00:00,2025-06-27,15,4,6,0,0,2617
2025-06-27 16:00:00,2025-06-27,16,4,6,0,0,2565
2025-06-27 17:00:00,2025-06-27,17,4,6,0,0,2071
2025-06-27 18:00:00,2025-06-27,18,4,6,0,0,2484
2025-06-27 19:00:00,2025-06-27,19,4,6,0,0,1789
2025-06-27 20:00:00,2025-06-27,20,4,6,0,0,2432
2025-06-27 21:00:00,2025-06-27,21,4,6,0,0,1458
2025-06-27 22:00:00,2025-06-27,22,4,6,0,0,2504
2025-06-27 23:00:00,2025-06-27,23,4,6,0,0,513
2025-06-28 09:00:00,2025-06-28,9,5,6,1,0,1510
2025-06-28 10:00:00,2025-06-28,10,5,6,1,0,1565
2025-06-28 11:00:00,2025-06-28,11,5,6,1,0,2774
2025-06-28 12:00:00,2025-06-28,12,5,6,1,0,3010
2025-06-28 13:00:00,2025-06-28,13,5,6,1,0,2694
2025-06-28 14:00:00,2025-06-28,14,5,6,1,0,5010
2025-06-28 15:00:00,2025-06-28,15,5,6,1,0,3200
2025-06-28 16:00:00,2025-06-28,16,5,6,1,0,4006
2025-06-28 17:00:00,2025-06-28,17,5,6,1,0,2177
2025-06-28 18:00:00,2025-06-28,18,5,6,1,0,2084
2025-06-28 19:00:00,2025-06-28,19,5,6,1,0,2368
2025-06-28 20:00:00,2025-06-28,20,5,6,1,0,3700
2025-06-28 21:00:00,2025-06-28,21,5,6,1,0,3314
2025-06-28 22:00:00,2025-06-28,22,5,6,1,0,2910
2025-06-28 23:00:00,2025-06-28,23,5,6,1,0,720
2025-06-29 09:00:00,2025-06-29,9,6,6,1,0,1743
2025-06-29 10:00:00,2025-06-29,10,6,6,1,0,2411
2025-06-29 11:00:00,2025-06-29,11,6,6,1,0,2998
2025-06-29 12:00:00,2025-06-29,12,6,6,1,0,3292
2025-06-29 13:00:00,2025-06-29,13,6,6,1,0,3316
2025-06-29 14:00:00,2025-06-29,14,6,6,1,0,2252
2025-06-29 15:00:00,2025-06-29,15,6,6,1,0,3914
2025-06-29 16:00:00,2025-06-29,16,6,6,1,0,3685
2025-06-29 17:00:00,2025-06-29,17,6,6,1,0,3477
2025-06-29 18:00:00,2025-06-29,18,6,6,1,0,3037
2025-06-29 19:00:00,2025-06-29,19,6,6,1,0,2130
2025-06-29 20:00:00,2025-06-29,20,6,6,1,0,3427
2025-06-29 21:00:00,2025-06-29,21,6,6,1,0,3456
2025-06-29 22:00:00,2025-06-29,22,6,6,1,0,3476
2025-06-29 23:00:00,2025-06-29,23,6,6,1,0,849
2025-06-30 09:00:00,2025-06-30,9,0,6,0,0,1220
2025-06-30 10:00:00,2025-06-30,10,0,6,0,0,1424
2025-06-30 11:00:00,2025-06-30,11,0,6,0,0,1860
2025-06-30 12:00:00,2025-06-30,12,0,6,0,0,2260
2025-06-30 13:00:00,2025-06-30,13,0,6,0,0,2566
2025-06-30 14:00:00,2025-06-30,14,0,6,0,0,3057
2025-06-30 15:00:00,2025-06-30,15,0,6,0,0,3016
2025-06-30 16:00:00,2025-06-30,16,0,6,0,0,3411
2025-06-30 17:00:00,2025-06-30,17,0,6,0,0,3204
2025-06-30 18:00:00,2025-06-30,18,0,6,0,0,2257
2025-06-30 19:00:00,2025-06-30,19,0,6,0,0,1012
2025-06-30 20:00:00,2025-06-30,20,0,6,0,0,2733
2025-06-30 21:00:00,2025-06-30,21,0,6,0,0,2225
2025-06-30 22:00:00,2025-06-30,22,0,6,0,0,2151
2025-06-30 23:00:00,2025-06-30,23,0,6,0,0,538
2025-07-01 09:00:00,2025-07-01,9,1,7,0,1,1731
2025-07-01 10:00:00,2025-07-01,10,1,7,0,1,2585
2025-07-01 11:00:00,2025-07-01,11,1,7,0,1,1716
2025-07-01 12:00:00,2025-07-01,12,1,7,0,1,3128
2025-07-01 13:00:00,2025-07-01,13,1,7,0,1,4239
2025-07-01 14:00:00,2025-07-01,14,1,7,0,1,4716
2025-07-01 15:00:00,2025-07-01,15,1,7,0,1,4846
2025-07-01 16:00:00,2025-07-01,16,1,7,0,1,3974
2025-07-01 17:00:00,2025-07-01,17,1,7,0,1,3593
2025-07-01 18:00:00,2025-07-01,18,1,7,0,1,3374
2025-07-01 19:00:00,2025-07-01,19,1,7,0,1,3103
2025-07-01 20:00:00,2025-07-01,20,1,7,0,1,4506
2025-07-01 21:00:00,2025-07-01,21,1,7,0,1,2019
2025-07-01 22:00:00,2025-07-01,22,1,7,0,1,3723
2025-07-01 23:00:00,2025-07-01,23,1,7,0,1,763
2025-07-02 09:00:00,2025-07-02,9,2,7,0,1,1466
2025-07-02 10:00:00,2025-07-02,10,2,7,0,1,2688
2025-07-02 11:00:00,2025-07-02,11,2,7,0,1,2249
2025-07-02 12:00:00,2025-07-02,12,2,7,0,1,3787
2025-07-02 13:00:00,2025-07-02,13,2,7,0,1,4521
2025-07-02 14:00:00,2025-07-02,14,2,7,0,1,4136
2025-07-02 15:00:00,2025-07-02,15,2,7,0,1,4266
2025-07-02 16:00:00,2025-07-02,16,2,7,0,1,5540
2025-07-02 17:00:00,2025-07-02,17,2,7,0,1,3951
2025-07-02 18:00:00,2025-07-02,18,2,7,0,1,3910
2025-07-02 19:00:00,2025-07-02,19,2,7,0,1,3018
2025-07-02 20:00:00,2025-07-02,20,2,7,0,1,2976
2025-07-02 21:00:00,2025-07-02,21,2,7,0,1,2886
2025-07-02 22:00:00,2025-07-02,22,2,7,0,1,3559
2025-07-02 23:00:00,2025-07-02,23,2,7,0,1,1023
2025-07-03 09:00:00,2025-07-03,9,3,7,0,1,2002
2025-07-03 10:00:00,2025-07-03,10,3,7,0,1,2672
2025-07-03 11:00:00,2025-07-03,11,3,7,0,1,2659
2025-07-03 12:00:00,2025-07-03,12,3,7,0,1,4290
2025-07-03 13:00:00,2025-07-03,13,3,7,0,1,3600
2025-07-03 14:00:00,2025-07-03,14,3,7,0,1,4500
2025-07-03 15:00:00,2025-07-03,15,3,7,0,1,4494
2025-07-03 16:00:00,2025-07-03,16,3,7,0,1,4297
2025-07-03 17:00:00,2025-07-03,17,3,7,0,1,3308
2025-07-03 18:00:00,2025-07-03,18,3,7,0,1,3289
2025-07-03 19:00:00,2025-07-03,19,3,7,0,1,2527
2025-07-03 20:00:00,2025-07-03,20,3,7,0,1,3834
2025-07-03 21:00:00,2025-07-03,21,3,7,0,1,3641
2025-07-03 22:00:00,2025-07-03,22,3,7,0,1,5375
2025-07-03 23:00:00,2025-07-03,23,3,7,0,1,982
2025-07-04 09:00:00,2025-07-04,9,4,7,0,1,1739
2025-07-04 10:00:00,2025-07-04,10,4,7,0,1,2103
2025-07-04 11:00:00,2025-07-04,11,4,7,0,1,2335
2025-07-04 12:00:00,2025-07-04,12,4,7,0,1,3151
2025-07-04 13:00:00,2025-07-04,13,4,7,0,1,4127
2025-07-04 14:00:00,2025-07-04,14,4,7,0,1,5140
2025-07-04 15:00:00,2025-07-04,15,4,7,0,1,5105
2025-07-04 16:00:00,2025-07-04,16,4,7,0,1,4509
2025-07-04 17:00:00,2025-07-04,17,4,7,0,1,3913
2025-07-04 18:00:00,2025-07-04,18,4,7,0,1,3709
2025-07-04 19:00:00,2025-07-04,19,4,7,0,1,2828
2025-07-04 20:00:00,2025-07-04,20,4,7,0,1,4613
2025-07-04 21:00:00,2025-07-04,21,4,7,0,1,3738
2025-07-04 22:00:00,2025-07-04,22,4,7,0,1,3785
2025-07-04 23:00:00,2025-07-04,23,4,7,0,1,466
2025-07-05 09:00:00,2025-07-05,9,5,7,1,1,2411
2025-07-05 10:00:00,2025-07-05,10,5,7,1,1,3578
2025-07-05 11:00:00,2025-07-05,11,5,7,1,1,3550
2025-07-05 12:00:00,2025-07-05,12,5,7,1,1,4413
2025-07-05 13:00:00,2025-07-05,13,5,7,1,1,6019
2025-07-05 14:00:00,2025-07-05,14,5,7,1,1,4875
2025-07-05 15:00:00,2025-07-05,15,5,7,1,1,6846
2025-07-05 16:00:00,2025-07-05,16,5,7,1,1,3882
2025-07-05 17:00:00,2025-07-05,17,5,7,1,1,5240
2025-07-05 18:00:00,2025-07-05,18,5,7,1,1,4196
2025-07-05 19:00:00,2025-07-05,19,5,7,1,1,4256
2025-07-05 20:00:00,2025-07-05,20,5,7,1,1,6688
2025-07-05 21:00:00,2025-07-05,21,5,7,1,1,5648
2025-07-05 22:00:00,2025-07-05,22,5,7,1,1,4628
2025-07-05 23:00:00,2025-07-05,23,5,7,1,1,1393
2025-07-06 09:00:00,2025-07-06,9,6,7,1,1,2376
2025-07-06 10:00:00,2025-07-06,10,6,7,1,1,2651
2025-07-06 11:00:00,2025-07-06,11,6,7,1,1,4466
2025-07-06 12:00:00,2025-07-06,12,6,7,1,1,3137
2025-07-06 13:00:00,2025-07-06,13,6,7,1,1,4834
2025-07-06 14:00:00,2025-07-06,14,6,7,1,1,6596
2025-07-06 15:00:00,2025-07-06,15,6,7,1,1,4329
2025-07-06 16:00:00,2025-07-06,16,6,7,1,1,5197
2025-07-06 17:00:00,2025-07-06,17,6,7,1,1,5078
2025-07-06 18:00:00,2025-07-06,18,6,7,1,1,3741
2025-07-06 19:00:00,2025-07-06,19,6,7,1,1,4029
2025-07-06 20:00:00,2025-07-06,20,6,7,1,1,6533
2025-07-06 21:00:00,2025-07-06,21,6,7,1,1,5662
2025-07-06 22:00:00,2025-07-06,22,6,7,1,1,6521
2025-07-06 23:00:00,2025-07-06,23,6,7,1,1,1356
2025-07-07 09:00:00,2025-07-07,9,0,7,0,1,2055
2025-07-07 10:00:00,2025-07-07,10,0,7,0,1,2979
2025-07-07 11:00:00,2025-07-07,11,0,7,0,1,3152
2025-07-07 12:00:00,2025-07-07,12,0,7,0,1,3512
2025-07-07 13:00:00,2025-07-07,13,0,7,0,1,4576
2025-07-07 14:00:00,2025-07-07,14,0,7,0,1,5154
2025-07-07 15:00:00,2025-07-07,15,0,7,0,1,4240
2025-07-07 16:00:00,2025-07-07,16,0,7,0,1,4008
2025-07-07 17:00:00,2025-07-07,17,0,7,0,1,4139
2025-07-07 18:00:00,2025-07-07,18,0,7,0,1,2766
2025-07-07 19:00:00,2025-07-07,19,0,7,0,1,3305
2025-07-07 20:00:00,2025-07-07,20,0,7,0,1,3171
2025-07-07 21:00:00,2025-07-07,21,0,7,0,1,4702
2025-07-07 22:00:00,2025-07-07,22,0,7,0,1,2471
2025-07-07 23:00:00,2025-07-07,23,0,7,0,1,879
2025-07-08 09:00:00,2025-07-08,9,1,7,0,1,1631
2025-07-08 10:00:00,2025-07-08,10,1,7,0,1,3188
2025-07-08 11:00:00,2025-07-08,11,1,7,0,1,3104
2025-07-08 12:00:00,2025-07-08,12,1,7,0,1,3226
2025-07-08 13:00:00,2025-07-08,13,1,7,0,1,4493
2025-07-08 14:00:00,2025-07-08,14,1,7,0,1,4793
2025-07-08 15:00:00,2025-07-08,15,1,7,0,1,4398
2025-07-08 16:00:00,2025-07-08,16,1,7,0,1,4831
2025-07-08 17:00:00,2025-07-08,17,1,7,0,1,3668
2025-07-08 18:00:00,2025-07-08,18,1,7,0,1,3380
2025-07-08 19:00:00,2025-07-08,19,1,7,0,1,2288
2025-07-08 20:00:00,2025-07-08,20,1,7,0,1,3217
2025-07-08 21:00:00,2025-07-08,21,1,7,0,1,4654
2025-07-08 22:00:00,2025-07-08,22,1,7,0,1,4578
2025-07-08 23:00:00,2025-07-08,23,1,7,0,1,915
2025-07-09 09:00:00,2025-07-09,9,2,7,0,1,2194
2025-07-09 10:00:00,2025-07-09,10,2,7,0,1,2362
2025-07-09 11:00:00,2025-07-09,11,2,7,0,1,2928
2025-07-09 12:00:00,2025-07-09,12,2,7,0,1,3617
2025-07-09 13:00:00,2025-07-09,13,2,7,0,1,4010
2025-07-09 14:00:00,2025-07-09,14,2,7,0,1,4275
2025-07-09 15:00:00,2025-07-09,15,2,7,0,1,5117
2025-07-09 16:00:00,2025-07-09,16,2,7,0,1,4467
2025-07-09 17:00:00,2025-07-09,17,2,7,0,1,4419
2025-07-09 18:00:00,2025-07-09,18,2,7,0,1,4038
2025-07-09 19:00:00,2025-07-09,19,2,7,0,1,3156
2025-07-09 20:00:00,2025-07-09,20,2,7,0,1,3379
2025-07-09 21:00:00,2025-07-09,21,2,7,0,1,3204
2025-07-09 22:00:00,2025-07-09,22,2,7,0,1,3893
2025-07-09 23:00:00,2025-07-09,23,2,7,0,1,889
2025-07-10 09:00:00,2025-07-10,9,3,7,0,1,1848
2025-07-10 10:00:00,2025-07-10,10,3,7,0,1,2404
2025-07-10 11:00:00,2025-07-10,11,3,7,0,1,3951
2025-07-10 12:00:00,2025-07-10,12,3,7,0,1,3019
2025-07-10 13:00:00,2025-07-10,13,3,7,0,1,3099
2025-07-10 14:00:00,2025-07-10,14,3,7,0,1,3194
2025-07-10 15:00:00,2025-07-10,15,3,7,0,1,3007
2025-07-10 16:00:00,2025-07-10,16,3,7,0,1,4555
2025-07-10 17:00:00,2025-07-10,17,3,7,0,1,4357
2025-07-10 18:00:00,2025-07-10,18,3,7,0,1,2902
2025-07-10 19:00:00,2025-07-10,19,3,7,0,1,2470
2025-07-10 20:00:00,2025-07-10,20,3,7,0,1,3569
2025-07-10 21:00:00,2025-07-10,21,3,7,0,1,4021
2025-07-10 22:00:00,2025-07-10,22,3,7,0,1,4178
2025-07-10 23:00:00,2025-07-10,23,3,7,0,1,1147
2025-07-11 09:00:00,2025-07-11,9,4,7,0,1,2039
2025-07-11 10:00:00,2025-07-11,10,4,7,0,1,2392
2025-07-11 11:00:00,2025-07-11,11,4,7,0,1,2694
2025-07-11 12:00:00,2025-07-11,12,4,7,0,1,3350
2025-07-11 13:00:00,2025-07-11,13,4,7,0,1,3782
2025-07-11 14:00:00,2025-07-11,14,4,7,0,1,4733
2025-07-11 15:00:00,2025-07-11,15,4,7,0,1,4638
2025-07-11 16:00:00,2025-07-11,16,4,7,0,1,2584
2025-07-11 17:00:00,2025-07-11,17,4,7,0,1,3858
2025-07-11 18:00:00,2025-07-11,18,4,7,0,1,3971
2025-07-11 19:00:00,2025-07-11,19,4,7,0,1,2200
2025-07-11 20:00:00,2025-07-11,20,4,7,0,1,4086
2025-07-11 21:00:00,2025-07-11,21,4,7,0,1,2800
2025-07-11 22:00:00,2025-07-11,22,4,7,0,1,4571
2025-07-11 23:00:00,2025-07-11,23,4,7,0,1,934
2025-07-12 09:00:00,2025-07-12,9,5,7,1,1,2355
2025-07-12 10:00:00,2025-07-12,10,5,7,1,1,2894
2025-07-12 11:00:00,2025-07-12,11,5,7,1,1,4194
2025-07-12 12:00:00,2025-07-12,12,5,7,1,1,3430
2025-07-12 13:00:00,2025-07-12,13,5,7,1,1,5375
2025-07-12 14:00:00,2025-07-12,14,5,7,1,1,5778
2025-07-12 15:00:00,2025-07-12,15,5,7,1,1,5080
2025-07-12 16:00:00,2025-07-12,16,5,7,1,1,5265
2025-07-12 17:00:00,2025-07-12,17,5,7,1,1,6030
2025-07-12 18:00:00,2025-07-12,18,5,7,1,1,4985
2025-07-12 19:00:00,2025-07-12,19,5,7,1,1,4121
2025-07-12 20:00:00,2025-07-12,20,5,7,1,1,5353
2025-07-12 21:00:00,2025-07-12,21,5,7,1,1,5221
2025-07-12 22:00:00,2025-07-12,22,5,7,1,1,5933
2025-07-12 23:00:00,2025-07-12,23,5,7,1,1,1244
2025-07-13 09:00:00,2025-07-13,9,6,7,1,1,2037
2025-07-13 10:00:00,2025-07-13,10,6,7,1,1,3887
2025-07-13 11:00:00,2025-07-13,11,6,7,1,1,4253
2025-07-13 12:00:00,2025-07-13,12,6,7,1,1,4507
2025-07-13 13:00:00,2025-07-13,13,6,7,1,1,4670
2025-07-13 14:00:00,2025-07-13,14,6,7,1,1,6206
2025-07-13 15:00:00,2025-07-13,15,6,7,1,1,5989
2025-07-13 16:00:00,2025-07-13,16,6,7,1,1,7044
2025-07-13 17:00:00,2025-07-13,17,6,7,1,1,5268
2025-07-13 18:00:00,2025-07-13,18,6,7,1,1,4363
2025-07-13 19:00:00,2025-07-13,19,6,7,1,1,4509
2025-07-13 20:00:00,2025-07-13,20,6,7,1,1,5737
2025-07-13 21:00:00,2025-07-13,21,6,7,1,1,5268
2025-07-13 22:00:00,2025-07-13,22,6,7,1,1,5582
2025-07-13 23:00:00,2025-07-13,23,6,7,1,1,1220
2025-07-14 09:00:00,2025-07-14,9,0,7,0,1,1880
2025-07-14 10:00:00,2025-07-14,10,0,7,0,1,2745
2025-07-14 11:00:00,2025-07-14,11,0,7,0,1,3242
2025-07-14 12:00:00,2025-07-14,12,0,7,0,1,3520
2025-07-14 13:00:00,2025-07-14,13,0,7,0,1,4732
2025-07-14 14:00:00,2025-07-14,14,0,7,0,1,3143
2025-07-14 15:00:00,2025-07-14,15,0,7,0,1,5608
2025-07-14 16:00:00,2025-07-14,16,0,7,0,1,3490
2025-07-14 17:00:00,2025-07-14,17,0,7,0,1,3765
2025-07-14 18:00:00,2025-07-14,18,0,7,0,1,3575
2025-07-14 19:00:00,2025-07-14,19,0,7,0,1,2963
2025-07-14 20:00:00,2025-07-14,20,0,7,0,1,4286
2025-07-14 21:00:00,2025-07-14,21,0,7,0,1,3339
2025-07-14 22:00:00,2025-07-14,22,0,7,0,1,3944
2025-07-14 23:00:00,2025-07-14,23,0,7,0,1,845
2025-07-15 09:00:00,2025-07-15,9,1,7,0,1,1894
2025-07-15 10:00:00,2025-07-15,10,1,7,0,1,2389
2025-07-15 11:00:00,2025-07-15,11,1,7,0,1,3050
2025-07-15 12:00:00,2025-07-15,12,1,7,0,1,3356
2025-07-15 13:00:00,2025-07-15,13,1,7,0,1,3822
2025-07-15 14:00:00,2025-07-15,14,1,7,0,1,4540
2025-07-15 15:00:00,2025-07-15,15,1,7,0,1,5009
2025-07-15 16:00:00,2025-07-15,16,1,7,0,1,4073
2025-07-15 17:00:00,2025-07-15,17,1,7,0,1,3647
2025-07-15 18:00:00,2025-07-15,18,1,7,0,1,3857
2025-07-15 19:00:00,2025-07-15,19,1,7,0,1,3004
2025-07-15 20:00:00,2025-07-15,20,1,7,0,1,4206
2025-07-15 21:00:00,2025-07-15,21,1,7,0,1,3409
2025-07-15 22:00:00,2025-07-15,22,1,7,0,1,3008
2025-07-15 23:00:00,2025-07-15,23,1,7,0,1,850
2025-07-16 09:00:00,2025-07-16,9,2,7,0,1,1661
2025-07-16 10:00:00,2025-07-16,10,2,7,0,1,2385
2025-07-16 11:00:00,2025-07-16,11,2,7,0,1,1950
2025-07-16 12:00:00,2025-07-16,12,2,7,0,1,3912
2025-07-16 13:00:00,2025-07-16,13,2,7,0,1,2751
2025-07-16 14:00:00,2025-07-16,14,2,7,0,1,3127
2025-07-16 15:00:00,2025-07-16,15,2,7,0,1,3209
2025-07-16 16:00:00,2025-07-16,16,2,7,0,1,4491
2025-07-16 17:00:00,2025-07-16,17,2,7,0,1,4059
2025-07-16 18:00:00,2025-07-16,18,2,7,0,1,3813
2025-07-16 19:00:00,2025-07-16,19,2,7,0,1,2728
2025-07-16 20:00:00,2025-07-16,20,2,7,0,1,4467
2025-07-16 21:00:00,2025-07-16,21,2,7,0,1,3716
2025-07-16 22:00:00,2025-07-16,22,2,7,0,1,3222
2025-07-16 23:00:00,2025-07-16,23,2,7,0,1,929
2025-07-17 09:00:00,2025-07-17,9,3,7,0,1,1642
2025-07-17 10:00:00,2025-07-17,10,3,7,0,1,2600
2025-07-17 11:00:00,2025-07-17,11,3,7,0,1,3816
2025-07-17 12:00:00,2025-07-17,12,3,7,0,1,3254
2025-07-17 13:00:00,2025-07-17,13,3,7,0,1,4234
2025-07-17 14:00:00,2025-07-17,14,3,7,0,1,3464
2025-07-17 15:00:00,2025-07-17,15,3,7,0,1,4745
2025-07-17 16:00:00,2025-07-17,16,3,7,0,1,3922
2025-07-17 17:00:00,2025-07-17,17,3,7,0,1,2636
2025-07-17 18:00:00,2025-07-17,18,3,7,0,1,3118
2025-07-17 19:00:00,2025-07-17,19,3,7,0,1,3281
2025-07-17 20:00:00,2025-07-17,20,3,7,0,1,4287
2025-07-17 21:00:00,2025-07-17,21,3,7,0,1,3835
2025-07-17 22:00:00,2025-07-17,22,3,7,0,1,3428
2025-07-17 23:00:00,2025-07-17,23,3,7,0,1,1081
2025-07-18 09:00:00,2025-07-18,9,4,7,0,1,1664
2025-07-18 10:00:00,2025-07-18,10,4,7,0,1,1783
2025-07-18 11:00:00,2025-07-18,11,4,7,0,1,3182
2025-07-18 12:00:00,2025-07-18,12,4,7,0,1,3116
2025-07-18 13:00:00,2025-07-18,13,4,7,0,1,4554
2025-07-18 14:00:00,2025-07-18,14,4,7,0,1,4188
2025-07-18 15:00:00,2025-07-18,15,4,7,0,1,4826
2025-07-18 16:00:00,2025-07-18,16,4,7,0,1,5127
2025-07-18 17:00:00,2025-07-18,17,4,7,0,1,3481
2025-07-18 18:00:00,2025-07-18,18,4,7,0,1,3349
2025-07-18 19:00:00,2025-07-18,19,4,7,0,1,2989
2025-07-18 20:00:00,2025-07-18,20,4,7,0,1,4530
2025-07-18 21:00:00,2025-07-18,21,4,7,0,1,3522
2025-07-18 22:00:00,2025-07-18,22,4,7,0,1,3552
2025-07-18 23:00:00,2025-07-18,23,4,7,0,1,960
2025-07-19 09:00:00,2025-07-19,9,5,7,1,1,2298
2025-07-19 10:00:00,2025-07-19,10,5,7,1,1,3311
2025-07-19 11:00:00,2025-07-19,11,5,7,1,1,3314
2025-07-19 12:00:00,2025-07-19,12,5,7,1,1,6139
2025-07-19 13:00:00,2025-07-19,13,5,7,1,1,4607
2025-07-19 14:00:00,2025-07-19,14,5,7,1,1,5696
2025-07-19 15:00:00,2025-07-19,15,5,7,1,1,6051
2025-07-19 16:00:00,2025-07-19,16,5,7,1,1,7284
2025-07-19 17:00:00,2025-07-19,17,5,7,1,1,4622
2025-07-19 18:00:00,2025-07-19,18,5,7,1,1,6005
2025-07-19 19:00:00,2025-07-19,19,5,7,1,1,4442
2025-07-19 20:00:00,2025-07-19,20,5,7,1,1,5422
2025-07-19 21:00:00,2025-07-19,21,5,7,1,1,3187
2025-07-19 22:00:00,2025-07-19,22,5,7,1,1,5517
2025-07-19 23:00:00,2025-07-19,23,5,7,1,1,1120
2025-07-20 09:00:00,2025-07-20,9,6,7,1,1,2845
2025-07-20 10:00:00,2025-07-20,10,6,7,1,1,2872
2025-07-20 11:00:00,2025-07-20,11,6,7,1,1,4016
2025-07-20 12:00:00,2025-07-20,12,6,7,1,1,4527
2025-07-20 13:00:00,2025-07-20,13,6,7,1,1,4845
2025-07-20 14:00:00,2025-07-20,14,6,7,1,1,6452
2025-07-20 15:00:00,2025-07-20,15,6,7,1,1,6465
2025-07-20 16:00:00,2025-07-20,16,6,7,1,1,6784
2025-07-20 17:00:00,2025-07-20,17,6,7,1,1,4322
2025-07-20 18:00:00,2025-07-20,18,6,7,1,1,5470
2025-07-20 19:00:00,2025-07-20,19,6,7,1,1,5296
2025-07-20 20:00:00,2025-07-20,20,6,7,1,1,4883
2025-07-20 21:00:00,2025-07-20,21,6,7,1,1,6338
2025-07-20 22:00:00,2025-07-20,22,6,7,1,1,5000
2025-07-20 23:00:00,2025-07-20,23,6,7,1,1,1024
2025-07-21 09:00:00,2025-07-21,9,0,7,0,1,1762
2025-07-21 10:00:00,2025-07-21,10,0,7,0,1,2711
2025-07-21 11:00:00,2025-07-21,11,0,7,0,1,2713
2025-07-21 12:00:00,2025-07-21,12,0,7,0,1,3334
2025-07-21 13:00:00,2025-07-21,13,0,7,0,1,4361
2025-07-21 14:00:00,2025-07-21,14,0,7,0,1,4390
2025-07-21 15:00:00,2025-07-21,15,0,7,0,1,4815
2025-07-21 16:00:00,2025-07-21,16,0,7,0,1,4514
2025-07-21 17:00:00,2025-07-21,17,0,7,0,1,4306
2025-07-21 18:00:00,2025-07-21,18,0,7,0,1,3406
2025-07-21 19:00:00,2025-07-21,19,0,7,0,1,2170
2025-07-21 20:00:00,2025-07-21,20,0,7,0,1,3399
2025-07-21 21:00:00,2025-07-21,21,0,7,0,1,4416
2025-07-21 22:00:00,2025-07-21,22,0,7,0,1,3533
2025-07-21 23:00:00,2025-07-21,23,0,7,0,1,1031
2025-07-22 09:00:00,2025-07-22,9,1,7,0,1,1778
2025-07-22 10:00:00,2025-07-22,10,1,7,0,1,1726
2025-07-22 11:00:00,2025-07-22,11,1,7,0,1,2837
2025-07-22 12:00:00,2025-07-22,12,1,7,0,1,3155
2025-07-22 13:00:00,2025-07-22,13,1,7,0,1,3219
2025-07-22 14:00:00,2025-07-22,14,1,7,0,1,3833
2025-07-22 15:00:00,2025-07-22,15,1,7,0,1,4325
2025-07-22 16:00:00,2025-07-22,16,1,7,0,1,4500
2025-07-22 17:00:00,2025-07-22,17,1,7,0,1,4565
2025-07-22 18:00:00,2025-07-22,18,1,7,0,1,2380
2025-07-22 19:00:00,2025-07-22,19,1,7,0,1,2697
2025-07-22 20:00:00,2025-07-22,20,1,7,0,1,3162
2025-07-22 21:00:00,2025-07-22,21,1,7,0,1,4045
2025-07-22 22:00:00,2025-07-22,22,1,7,0,1,4459
2025-07-22 23:00:00,2025-07-22,23,1,7,0,1,732
2025-07-23 09:00:00,2025-07-23,9,2,7,0,1,1985
2025-07-23 10:00:00,2025-07-23,10,2,7,0,1,2593
2025-07-23 11:00:00,2025-07-23,11,2,7,0,1,3630
2025-07-23 12:00:00,2025-07-23,12,2,7,0,1,3736
2025-07-23 13:00:00,2025-07-23,13,2,7,0,1,4387
2025-07-23 14:00:00,2025-07-23,14,2,7,0,1,4219
2025-07-23 15:00:00,2025-07-23,15,2,7,0,1,2635
2025-07-23 16:00:00,2025-07-23,16,2,7,0,1,4028
2025-07-23 17:00:00,2025-07-23,17,2,7,0,1,4067
2025-07-23 18:00:00,2025-07-23,18,2,7,0,1,3619
2025-07-23 19:00:00,2025-07-23,19,2,7,0,1,3713
2025-07-23 20:00:00,2025-07-23,20,2,7,0,1,2703
2025-07-23 21:00:00,2025-07-23,21,2,7,0,1,4366
2025-07-23 22:00:00,2025-07-23,22,2,7,0,1,3625
2025-07-23 23:00:00,2025-07-23,23,2,7,0,1,874
2025-07-24 09:00:00,2025-07-24,9,3,7,0,1,1537
2025-07-24 10:00:00,2025-07-24,10,3,7,0,1,2194
2025-07-24 11:00:00,2025-07-24,11,3,7,0,1,3207
2025-07-24 12:00:00,2025-07-24,12,3,7,0,1,2517
2025-07-24 13:00:00,2025-07-24,13,3,7,0,1,4532
2025-07-24 14:00:00,2025-07-24,14,3,7,0,1,4484
2025-07-24 15:00:00,2025-07-24,15,3,7,0,1,4309
2025-07-24 16:00:00,2025-07-24,16,3,7,0,1,5520
2025-07-24 17:00:00,2025-07-24,17,3,7,0,1,4025
2025-07-24 18:00:00,2025-07-24,18,3,7,0,1,4094
2025-07-24 19:00:00,2025-07-24,19,3,7,0,1,2871
2025-07-24 20:00:00,2025-07-24,20,3,7,0,1,4150
2025-07-24 21:00:00,2025-07-24,21,3,7,0,1,4250
2025-07-24 22:00:00,2025-07-24,22,3,7,0,1,3920
2025-07-24 23:00:00,2025-07-24,23,3,7,0,1,651
2025-07-25 09:00:00,2025-07-25,9,4,7,0,1,1833
2025-07-25 10:00:00,2025-07-25,10,4,7,0,1,2764
2025-07-25 11:00:00,2025-07-25,11,4,7,0,1,3207
2025-07-25 12:00:00,2025-07-25,12,4,7,0,1,3785
2025-07-25 13:00:00,2025-07-25,13,4,7,0,1,3230
2025-07-25 14:00:00,2025-07-25,14,4,7,0,1,4009
2025-07-25 15:00:00,2025-07-25,15,4,7,0,1,3305
2025-07-25 16:00:00,2025-07-25,16,4,7,0,1,3223
2025-07-25 17:00:00,2025-07-25,17,4,7,0,1,4665
2025-07-25 18:00:00,2025-07-25,18,4,7,0,1,3530
2025-07-25 19:00:00,2025-07-25,19,4,7,0,1,3163
2025-07-25 20:00:00,2025-07-25,20,4,7,0,1,3832
2025-07-25 21:00:00,2025-07-25,21,4,7,0,1,3371
2025-07-25 22:00:00,2025-07-25,22,4,7,0,1,2789
2025-07-25 23:00:00,2025-07-25,23,4,7,0,1,955
2025-07-26 09:00:00,2025-07-26,9,5,7,1,1,2521
2025-07-26 10:00:00,2025-07-26,10,5,7,1,1,3010
2025-07-26 11:00:00,2025-07-26,11,5,7,1,1,3280
2025-07-26 12:00:00,2025-07-26,12,5,7,1,1,5217
2025-07-26 13:00:00,2025-07-26,13,5,7,1,1,5321
2025-07-26 14:00:00,2025-07-26,14,5,7,1,1,6320
2025-07-26 15:00:00,2025-07-26,15,5,7,1,1,5203
2025-07-26 16:00:00,2025-07-26,16,5,7,1,1,4402
2025-07-26 17:00:00,2025-07-26,17,5,7,1,1,5035
2025-07-26 18:00:00,2025-07-26,18,5,7,1,1,4729
2025-07-26 19:00:00,2025-07-26,19,5,7,1,1,4783
2025-07-26 20:00:00,2025-07-26,20,5,7,1,1,4149
2025-07-26 21:00:00,2025-07-26,21,5,7,1,1,6363
2025-07-26 22:00:00,2025-07-26,22,5,7,1,1,5247
2025-07-26 23:00:00,2025-07-26,23,5,7,1,1,1212
2025-07-27 09:00:00,2025-07-27,9,6,7,1,1,2411
2025-07-27 10:00:00,2025-07-27,10,6,7,1,1,3081
2025-07-27 11:00:00,2025-07-27,11,6,7,1,1,4584
2025-07-27 12:00:00,2025-07-27,12,6,7,1,1,4228
2025-07-27 13:00:00,2025-07-27,13,6,7,1,1,5724
2025-07-27 14:00:00,2025-07-27,14,6,7,1,1,5651
2025-07-27 15:00:00,2025-07-27,15,6,7,1,1,5519
2025-07-27 16:00:00,2025-07-27,16,6,7,1,1,7763
2025-07-27 17:00:00,2025-07-27,17,6,7,1,1,4041
2025-07-27 18:00:00,2025-07-27,18,6,7,1,1,5207
2025-07-27 19:00:00,2025-07-27,19,6,7,1,1,4628
2025-07-27 20:00:00,2025-07-27,20,6,7,1,1,4283
2025-07-27 21:00:00,2025-07-27,21,6,7,1,1,4374
2025-07-27 22:00:00,2025-07-27,22,6,7,1,1,3609
2025-07-27 23:00:00,2025-07-27,23,6,7,1,1,1113
2025-07-28 09:00:00,2025-07-28,9,0,7,0,1,1728
2025-07-28 10:00:00,2025-07-28,10,0,7,0,1,2576
2025-07-28 11:00:00,2025-07-28,11,0,7,0,1,3095
2025-07-28 12:00:00,2025-07-28,12,0,7,0,1,3521
2025-07-28 13:00:00,2025-07-28,13,0,7,0,1,2846
2025-07-28 14:00:00,2025-07-28,14,0,7,0,1,3873
2025-07-28 15:00:00,2025-07-28,15,0,7,0,1,3691
2025-07-28 16:00:00,2025-07-28,16,0,7,0,1,3340
2025-07-28 17:00:00,2025-07-28,17,0,7,0,1,4410
2025-07-28 18:00:00,2025-07-28,18,0,7,0,1,4276
2025-07-28 19:00:00,2025-07-28,19,0,7,0,1,1911
2025-07-28 20:00:00,2025-07-28,20,0,7,0,1,4143
2025-07-28 21:00:00,2025-07-28,21,0,7,0,1,3694
2025-07-28 22:00:00,2025-07-28,22,0,7,0,1,4371
2025-07-28 23:00:00,2025-07-28,23,0,7,0,1,1019
2025-07-29 09:00:00,2025-07-29,9,1,7,0,1,1875
2025-07-29 10:00:00,2025-07-29,10,1,7,0,1,2310
2025-07-29 11:00:00,2025-07-29,11,1,7,0,1,3364
2025-07-29 12:00:00,2025-07-29,12,1,7,0,1,3872
2025-07-29 13:00:00,2025-07-29,13,1,7,0,1,3737
2025-07-29 14:00:00,2025-07-29,14,1,7,0,1,3689
2025-07-29 15:00:00,2025-07-29,15,1,7,0,1,4344
2025-07-29 16:00:00,2025-07-29,16,1,7,0,1,5187
2025-07-29 17:00:00,2025-07-29,17,1,7,0,1,4631
2025-07-29 18:00:00,2025-07-29,18,1,7,0,1,3113
2025-07-29 19:00:00,2025-07-29,19,1,7,0,1,2593
2025-07-29 20:00:00,2025-07-29,20,1,7,0,1,4410
2025-07-29 21:00:00,2025-07-29,21,1,7,0,1,3303
2025-07-29 22:00:00,2025-07-29,22,1,7,0,1,4058
2025-07-29 23:00:00,2025-07-29,23,1,7,0,1,841
2025-07-30 09:00:00,2025-07-30,9,2,7,0,1,1529
2025-07-30 10:00:00,2025-07-30,10,2,7,0,1,2185
2025-07-30 11:00:00,2025-07-30,11,2,7,0,1,3430
2025-07-30 12:00:00,2025-07-30,12,2,7,0,1,3673
2025-07-30 13:00:00,2025-07-30,13,2,7,0,1,4194
2025-07-30 14:00:00,2025-07-30,14,2,7,0,1,3351
2025-07-30 15:00:00,2025-07-30,15,2,7,0,1,3310
2025-07-30 16:00:00,2025-07-30,16,2,7,0,1,4272
2025-07-30 17:00:00,2025-07-30,17,2,7,0,1,4192
2025-07-30 18:00:00,2025-07-30,18,2,7,0,1,3108
2025-07-30 19:00:00,2025-07-30,19,2,7,0,1,2622
2025-07-30 20:00:00,2025-07-30,20,2,7,0,1,4082
2025-07-30 21:00:00,2025-07-30,21,2,7,0,1,4083
2025-07-30 22:00:00,2025-07-30,22,2,7,0,1,3761
2025-07-30 23:00:00,2025-07-30,23,2,7,0,1,993
2025-07-31 09:00:00,2025-07-31,9,3,7,0,1,1571
2025-07-31 10:00:00,2025-07-31,10,3,7,0,1,2305
2025-07-31 11:00:00,2025-07-31,11,3,7,0,1,3612
2025-07-31 12:00:00,2025-07-31,12,3,7,0,1,3622
2025-07-31 13:00:00,2025-07-31,13,3,7,0,1,4133
2025-07-31 14:00:00,2025-07-31,14,3,7,0,1,5603
2025-07-31 15:00:00,2025-07-31,15,3,7,0,1,3744
2025-07-31 16:00:00,2025-07-31,16,3,7,0,1,4808
2025-07-31 17:00:00,2025-07-31,17,3,7,0,1,4884
2025-07-31 18:00:00,2025-07-31,18,3,7,0,1,3453
2025-07-31 19:00:00,2025-07-31,19,3,7,0,1,3327
2025-07-31 20:00:00,2025-07-31,20,3,7,0,1,2361
2025-07-31 21:00:00,2025-07-31,21,3,7,0,1,3509
2025-07-31 22:00:00,2025-07-31,22,3,7,0,1,2801
2025-07-31 23:00:00,2025-07-31,23,3,7,0,1,995
2025-08-01 09:00:00,2025-08-01,9,4,8,0,1,1452
2025-08-01 10:00:00,2025-08-01,10,4,8,0,1,2862
2025-08-01 11:00:00,2025-08-01,11,4,8,0,1,2992
2025-08-01 12:00:00,2025-08-01,12,4,8,0,1,4108
2025-08-01 13:00:00,2025-08-01,13,4,8,0,1,3904
2025-08-01 14:00:00,2025-08-01,14,4,8,0,1,3404
2025-08-01 15:00:00,2025-08-01,15,4,8,0,1,4612
2025-08-01 16:00:00,2025-08-01,16,4,8,0,1,4623
2025-08-01 17:00:00,2025-08-01,17,4,8,0,1,4278
2025-08-01 18:00:00,2025-08-01,18,4,8,0,1,2901
2025-08-01 19:00:00,2025-08-01,19,4,8,0,1,2609
2025-08-01 20:00:00,2025-08-01,20,4,8,0,1,3872
2025-08-01 21:00:00,2025-08-01,21,4,8,0,1,3050
2025-08-01 22:00:00,2025-08-01,22,4,8,0,1,4206
2025-08-01 23:00:00,2025-08-01,23,4,8,0,1,1003
2025-08-02 09:00:00,2025-08-02,9,5,8,1,1,2566
2025-08-02 10:00:00,2025-08-02,10,5,8,1,1,2814
2025-08-02 11:00:00,2025-08-02,11,5,8,1,1,4746
2025-08-02 12:00:00,2025-08-02,12,5,8,1,1,4225
2025-08-02 13:00:00,2025-08-02,13,5,8,1,1,3915
2025-08-02 14:00:00,2025-08-02,14,5,8,1,1,6287
2025-08-02 15:00:00,2025-08-02,15,5,8,1,1,6222
2025-08-02 16:00:00,2025-08-02,16,5,8,1,1,6302
2025-08-02 17:00:00,2025-08-02,17,5,8,1,1,5418
2025-08-02 18:00:00,2025-08-02,18,5,8,1,1,4830
2025-08-02 19:00:00,2025-08-02,19,5,8,1,1,4514
2025-08-02 20:00:00,2025-08-02,20,5,8,1,1,6617
2025-08-02 21:00:00,2025-08-02,21,5,8,1,1,4296
2025-08-02 22:00:00,2025-08-02,22,5,8,1,1,5099
2025-08-02 23:00:00,2025-08-02,23,5,8,1,1,1052
2025-08-03 09:00:00,2025-08-03,9,6,8,1,1,2941
2025-08-03 10:00:00,2025-08-03,10,6,8,1,1,2115
2025-08-03 11:00:00,2025-08-03,11,6,8,1,1,3366
2025-08-03 12:00:00,2025-08-03,12,6,8,1,1,3655
2025-08-03 13:00:00,2025-08-03,13,6,8,1,1,6647
2025-08-03 14:00:00,2025-08-03,14,6,8,1,1,6396
2025-08-03 15:00:00,2025-08-03,15,6,8,1,1,6224
2025-08-03 16:00:00,2025-08-03,16,6,8,1,1,6215
2025-08-03 17:00:00,2025-08-03,17,6,8,1,1,6430
2025-08-03 18:00:00,2025-08-03,18,6,8,1,1,4342
2025-08-03 19:00:00,2025-08-03,19,6,8,1,1,4017
2025-08-03 20:00:00,2025-08-03,20,6,8,1,1,4883
2025-08-03 21:00:00,2025-08-03,21,6,8,1,1,4440
2025-08-03 22:00:00,2025-08-03,22,6,8,1,1,4960
2025-08-03 23:00:00,2025-08-03,23,6,8,1,1,1389
2025-08-04 09:00:00,2025-08-04,9,0,8,0,1,1953
2025-08-04 10:00:00,2025-08-04,10,0,8,0,1,2594
2025-08-04 11:00:00,2025-08-04,11,0,8,0,1,3069
2025-08-04 12:00:00,2025-08-04,12,0,8,0,1,3818
2025-08-04 13:00:00,2025-08-04,13,0,8,0,1,3680
2025-08-04 14:00:00,2025-08-04,14,0,8,0,1,2958
2025-08-04 15:00:00,2025-08-04,15,0,8,0,1,4603
2025-08-04 16:00:00,2025-08-04,16,0,8,0,1,4535
2025-08-04 17:00:00,2025-08-04,17,0,8,0,1,4228
2025-08-04 18:00:00,2025-08-04,18,0,8,0,1,2473
2025-08-04 19:00:00,2025-08-04,19,0,8,0,1,2879
2025-08-04 20:00:00,2025-08-04,20,0,8,0,1,5274
2025-08-04 21:00:00,2025-08-04,21,0,8,0,1,4241
2025-08-04 22:00:00,2025-08-04,22,0,8,0,1,4014
2025-08-04 23:00:00,2025-08-04,23,0,8,0,1,883
2025-08-05 09:00:00,2025-08-05,9,1,8,0,1,1730
2025-08-05 10:00:00,2025-08-05,10,1,8,0,1,2370
2025-08-05 11:00:00,2025-08-05,11,1,8,0,1,3122
2025-08-05 12:00:00,2025-08-05,12,1,8,0,1,2782
2025-08-05 13:00:00,2025-08-05,13,1,8,0,1,3304
2025-08-05 14:00:00,2025-08-05,14,1,8,0,1,4053
2025-08-05 15:00:00,2025-08-05,15,1,8,0,1,4611
2025-08-05 16:00:00,2025-08-05,16,1,8,0,1,4262
2025-08-05 17:00:00,2025-08-05,17,1,8,0,1,4793
2025-08-05 18:00:00,2025-08-05,18,1,8,0,1,2954
2025-08-05 19:00:00,2025-08-05,19,1,8,0,1,2744
2025-08-05 20:00:00,2025-08-05,20,1,8,0,1,4522
2025-08-05 21:00:00,2025-08-05,21,1,8,0,1,3885
2025-08-05 22:00:00,2025-08-05,22,1,8,0,1,4231
2025-08-05 23:00:00,2025-08-05,23,1,8,0,1,1132
2025-08-06 09:00:00,2025-08-06,9,2,8,0,1,1677
2025-08-06 10:00:00,2025-08-06,10,2,8,0,1,2379
2025-08-06 11:00:00,2025-08-06,11,2,8,0,1,2917
2025-08-06 12:00:00,2025-08-06,12,2,8,0,1,2750
2025-08-06 13:00:00,2025-08-06,13,2,8,0,1,2744
2025-08-06 14:00:00,2025-08-06,14,2,8,0,1,4852
2025-08-06 15:00:00,2025-08-06,15,2,8,0,1,4791
2025-08-06 16:00:00,2025-08-06,16,2,8,0,1,4714
2025-08-06 17:00:00,2025-08-06,17,2,8,0,1,2721
2025-08-06 18:00:00,2025-08-06,18,2,8,0,1,3310
2025-08-06 19:00:00,2025-08-06,19,2,8,0,1,3475
2025-08-06 20:00:00,2025-08-06,20,2,8,0,1,2517
2025-08-06 21:00:00,2025-08-06,21,2,8,0,1,3959
2025-08-06 22:00:00,2025-08-06,22,2,8,0,1,3899
2025-08-06 23:00:00,2025-08-06,23,2,8,0,1,1067
2025-08-07 09:00:00,2025-08-07,9,3,8,0,1,2042
2025-08-07 10:00:00,2025-08-07,10,3,8,0,1,2034
2025-08-07 11:00:00,2025-08-07,11,3,8,0,1,2586
2025-08-07 12:00:00,2025-08-07,12,3,8,0,1,3842
2025-08-07 13:00:00,2025-08-07,13,3,8,0,1,4040
2025-08-07 14:00:00,2025-08-07,14,3,8,0,1,4149
2025-08-07 15:00:00,2025-08-07,15,3,8,0,1,5048
2025-08-07 16:00:00,2025-08-07,16,3,8,0,1,4487
2025-08-07 17:00:00,2025-08-07,17,3,8,0,1,4097
2025-08-07 18:00:00,2025-08-07,18,3,8,0,1,3929
2025-08-07 19:00:00,2025-08-07,19,3,8,0,1,2880
2025-08-07 20:00:00,2025-08-07,20,3,8,0,1,4544
2025-08-07 21:00:00,2025-08-07,21,3,8,0,1,2424
2025-08-07 22:00:00,2025-08-07,22,3,8,0,1,4126
2025-08-07 23:00:00,2025-08-07,23,3,8,0,1,1064
2025-08-08 09:00:00,2025-08-08,9,4,8,0,1,1527
2025-08-08 10:00:00,2025-08-08,10,4,8,0,1,2309
2025-08-08 11:00:00,2025-08-08,11,4,8,0,1,3429
2025-08-08 12:00:00,2025-08-08,12,4,8,0,1,4092
2025-08-08 13:00:00,2025-08-08,13,4,8,0,1,3987
2025-08-08 14:00:00,2025-08-08,14,4,8,0,1,4001
2025-08-08 15:00:00,2025-08-08,15,4,8,0,1,5016
2025-08-08 16:00:00,2025-08-08,16,4,8,0,1,5012
2025-08-08 17:00:00,2025-08-08,17,4,8,0,1,3502
2025-08-08 18:00:00,2025-08-08,18,4,8,0,1,3074
2025-08-08 19:00:00,2025-08-08,19,4,8,0,1,3097
2025-08-08 20:00:00,2025-08-08,20,4,8,0,1,4113
2025-08-08 21:00:00,2025-08-08,21,4,8,0,1,3687
2025-08-08 22:00:00,2025-08-08,22,4,8,0,1,2895
2025-08-08 23:00:00,2025-08-08,23,4,8,0,1,831
2025-08-09 09:00:00,2025-08-09,9,5,8,1,1,1843
2025-08-09 10:00:00,2025-08-09,10,5,8,1,1,3086
2025-08-09 11:00:00,2025-08-09,11,5,8,1,1,4103
2025-08-09 12:00:00,2025-08-09,12,5,8,1,1,4690
2025-08-09 13:00:00,2025-08-09,13,5,8,1,1,4732
2025-08-09 14:00:00,2025-08-09,14,5,8,1,1,4634
2025-08-09 15:00:00,2025-08-09,15,5,8,1,1,5700
2025-08-09 16:00:00,2025-08-09,16,5,8,1,1,6563
2025-08-09 17:00:00,2025-08-09,17,5,8,1,1,6325
2025-08-09 18:00:00,2025-08-09,18,5,8,1,1,5542
2025-08-09 19:00:00,2025-08-09,19,5,8,1,1,3673
2025-08-09 20:00:00,2025-08-09,20,5,8,1,1,4448
2025-08-09 21:00:00,2025-08-09,21,5,8,1,1,5471
2025-08-09 22:00:00,2025-08-09,22,5,8,1,1,5557
2025-08-09 23:00:00,2025-08-09,23,5,8,1,1,1285
2025-08-10 09:00:00,2025-08-10,9,6,8,1,1,1872
2025-08-10 10:00:00,2025-08-10,10,6,8,1,1,2913
2025-08-10 11:00:00,2025-08-10,11,6,8,1,1,4057
2025-08-10 12:00:00,2025-08-10,12,6,8,1,1,5134
2025-08-10 13:00:00,2025-08-10,13,6,8,1,1,6003
2025-08-10 14:00:00,2025-08-10,14,6,8,1,1,6027
2025-08-10 15:00:00,2025-08-10,15,6,8,1,1,6316
2025-08-10 16:00:00,2025-08-10,16,6,8,1,1,4189
2025-08-10 17:00:00,2025-08-10,17,6,8,1,1,5949
2025-08-10 18:00:00,2025-08-10,18,6,8,1,1,5033
2025-08-10 19:00:00,2025-08-10,19,6,8,1,1,4104
2025-08-10 20:00:00,2025-08-10,20,6,8,1,1,4997
2025-08-10 21:00:00,2025-08-10,21,6,8,1,1,5214
2025-08-10 22:00:00,2025-08-10,22,6,8,1,1,5464
2025-08-10 23:00:00,2025-08-10,23,6,8,1,1,1265
2025-08-11 09:00:00,2025-08-11,9,0,8,0,1,1913
2025-08-11 10:00:00,2025-08-11,10,0,8,0,1,2796
2025-08-11 11:00:00,2025-08-11,11,0,8,0,1,3112
2025-08-11 12:00:00,2025-08-11,12,0,8,0,1,3313
2025-08-11 13:00:00,2025-08-11,13,0,8,0,1,4503
2025-08-11 14:00:00,2025-08-11,14,0,8,0,1,3669
2025-08-11 15:00:00,2025-08-11,15,0,8,0,1,3916
2025-08-11 16:00:00,2025-08-11,16,0,8,0,1,4565
2025-08-11 17:00:00,2025-08-11,17,0,8,0,1,4324
2025-08-11 18:00:00,2025-08-11,18,0,8,0,1,3056
2025-08-11 19:00:00,2025-08-11,19,0,8,0,1,2877
2025-08-11 20:00:00,2025-08-11,20,0,8,0,1,3546
2025-08-11 21:00:00,2025-08-11,21,0,8,0,1,3601
2025-08-11 22:00:00,2025-08-11,22,0,8,0,1,4258
2025-08-11 23:00:00,2025-08-11,23,0,8,0,1,985
2025-08-12 09:00:00,2025-08-12,9,1,8,0,1,1825
2025-08-12 10:00:00,2025-08-12,10,1,8,0,1,2250
2025-08-12 11:00:00,2025-08-12,11,1,8,0,1,2527
2025-08-12 12:00:00,2025-08-12,12,1,8,0,1,4205
2025-08-12 13:00:00,2025-08-12,13,1,8,0,1,4361
2025-08-12 14:00:00,2025-08-12,14,1,8,0,1,4016
2025-08-12 15:00:00,2025-08-12,15,1,8,0,1,4888
2025-08-12 16:00:00,2025-08-12,16,1,8,0,1,4351
2025-08-12 17:00:00,2025-08-12,17,1,8,0,1,3931
2025-08-12 18:00:00,2025-08-12,18,1,8,0,1,3780
2025-08-12 19:00:00,2025-08-12,19,1,8,0,1,2748
2025-08-12 20:00:00,2025-08-12,20,1,8,0,1,3667
2025-08-12 21:00:00,2025-08-12,21,1,8,0,1,3880
2025-08-12 22:00:00,2025-08-12,22,1,8,0,1,3595
2025-08-12 23:00:00,2025-08-12,23,1,8,0,1,981
2025-08-13 09:00:00,2025-08-13,9,2,8,0,1,2239
2025-08-13 10:00:00,2025-08-13,10,2,8,0,1,2190
2025-08-13 11:00:00,2025-08-13,11,2,8,0,1,2413
2025-08-13 12:00:00,2025-08-13,12,2,8,0,1,2730
2025-08-13 13:00:00,2025-08-13,13,2,8,0,1,3998
2025-08-13 14:00:00,2025-08-13,14,2,8,0,1,4039
2025-08-13 15:00:00,2025-08-13,15,2,8,0,1,4612
2025-08-13 16:00:00,2025-08-13,16,2,8,0,1,4458
2025-08-13 17:00:00,2025-08-13,17,2,8,0,1,3288
2025-08-13 18:00:00,2025-08-13,18,2,8,0,1,2810
2025-08-13 19:00:00,2025-08-13,19,2,8,0,1,3123
2025-08-13 20:00:00,2025-08-13,20,2,8,0,1,3887
2025-08-13 21:00:00,2025-08-13,21,2,8,0,1,3629
2025-08-13 22:00:00,2025-08-13,22,2,8,0,1,3064
2025-08-13 23:00:00,2025-08-13,23,2,8,0,1,959
2025-08-14 09:00:00,2025-08-14,9,3,8,0,1,2108
2025-08-14 10:00:00,2025-08-14,10,3,8,0,1,2489
2025-08-14 11:00:00,2025-08-14,11,3,8,0,1,2709
2025-08-14 12:00:00,2025-08-14,12,3,8,0,1,3612
2025-08-14 13:00:00,2025-08-14,13,3,8,0,1,3404
2025-08-14 14:00:00,2025-08-14,14,3,8,0,1,4946
2025-08-14 15:00:00,2025-08-14,15,3,8,0,1,4544
2025-08-14 16:00:00,2025-08-14,16,3,8,0,1,3457
2025-08-14 17:00:00,2025-08-14,17,3,8,0,1,3924
2025-08-14 18:00:00,2025-08-14,18,3,8,0,1,3793
2025-08-14 19:00:00,2025-08-14,19,3,8,0,1,2895
2025-08-14 20:00:00,2025-08-14,20,3,8,0,1,3698
2025-08-14 21:00:00,2025-08-14,21,3,8,0,1,3262
2025-08-14 22:00:00,2025-08-14,22,3,8,0,1,4085
2025-08-14 23:00:00,2025-08-14,23,3,8,0,1,837
2025-08-15 09:00:00,2025-08-15,9,4,8,0,1,1356
2025-08-15 10:00:00,2025-08-15,10,4,8,0,1,2301
2025-08-15 11:00:00,2025-08-15,11,4,8,0,1,3371
2025-08-15 12:00:00,2025-08-15,12,4,8,0,1,2398
2025-08-15 13:00:00,2025-08-15,13,4,8,0,1,4920
2025-08-15 14:00:00,2025-08-15,14,4,8,0,1,4614
2025-08-15 15:00:00,2025-08-15,15,4,8,0,1,4682
2025-08-15 16:00:00,2025-08-15,16,4,8,0,1,4321
2025-08-15 17:00:00,2025-08-15,17,4,8,0,1,4038
2025-08-15 18:00:00,2025-08-15,18,4,8,0,1,3479
2025-08-15 19:00:00,2025-08-15,19,4,8,0,1,2907
2025-08-15 20:00:00,2025-08-15,20,4,8,0,1,4068
2025-08-15 21:00:00,2025-08-15,21,4,8,0,1,3395
2025-08-15 22:00:00,2025-08-15,22,4,8,0,1,3331
2025-08-15 23:00:00,2025-08-15,23,4,8,0,1,786
2025-08-16 09:00:00,2025-08-16,9,5,8,1,1,3076
2025-08-16 10:00:00,2025-08-16,10,5,8,1,1,3458
2025-08-16 11:00:00,2025-08-16,11,5,8,1,1,4220
2025-08-16 12:00:00,2025-08-16,12,5,8,1,1,4235
2025-08-16 13:00:00,2025-08-16,13,5,8,1,1,5908
2025-08-16 14:00:00,2025-08-16,14,5,8,1,1,5842
2025-08-16 15:00:00,2025-08-16,15,5,8,1,1,6231
2025-08-16 16:00:00,2025-08-16,16,5,8,1,1,5230
2025-08-16 17:00:00,2025-08-16,17,5,8,1,1,5602
2025-08-16 18:00:00,2025-08-16,18,5,8,1,1,4604
2025-08-16 19:00:00,2025-08-16,19,5,8,1,1,3698
2025-08-16 20:00:00,2025-08-16,20,5,8,1,1,5618
2025-08-16 21:00:00,2025-08-16,21,5,8,1,1,4210
2025-08-16 22:00:00,2025-08-16,22,5,8,1,1,5513
2025-08-16 23:00:00,2025-08-16,23,5,8,1,1,1327
2025-08-17 09:00:00,2025-08-17,9,6,8,1,1,2209
2025-08-17 10:00:00,2025-08-17,10,6,8,1,1,2931
2025-08-17 11:00:00,2025-08-17,11,6,8,1,1,3963
2025-08-17 12:00:00,2025-08-17,12,6,8,1,1,5015
2025-08-17 13:00:00,2025-08-17,13,6,8,1,1,5396
2025-08-17 14:00:00,2025-08-17,14,6,8,1,1,6233
2025-08-17 15:00:00,2025-08-17,15,6,8,1,1,7360
2025-08-17 16:00:00,2025-08-17,16,6,8,1,1,5564
2025-08-17 17:00:00,2025-08-17,17,6,8,1,1,4365
2025-08-17 18:00:00,2025-08-17,18,6,8,1,1,5331
2025-08-17 19:00:00,2025-08-17,19,6,8,1,1,4894
2025-08-17 20:00:00,2025-08-17,20,6,8,1,1,5407
2025-08-17 21:00:00,2025-08-17,21,6,8,1,1,4489
2025-08-17 22:00:00,2025-08-17,22,6,8,1,1,5086
2025-08-17 23:00:00,2025-08-17,23,6,8,1,1,1061
2025-08-18 09:00:00,2025-08-18,9,0,8,0,1,1379
2025-08-18 10:00:00,2025-08-18,10,0,8,0,1,2018
2025-08-18 11:00:00,2025-08-18,11,0,8,0,1,2907
2025-08-18 12:00:00,2025-08-18,12,0,8,0,1,3160
2025-08-18 13:00:00,2025-08-18,13,0,8,0,1,4133
2025-08-18 14:00:00,2025-08-18,14,0,8,0,1,2937
2025-08-18 15:00:00,2025-08-18,15,0,8,0,1,4595
2025-08-18 16:00:00,2025-08-18,16,0,8,0,1,4400
2025-08-18 17:00:00,2025-08-18,17,0,8,0,1,3589
2025-08-18 18:00:00,2025-08-18,18,0,8,0,1,3863
2025-08-18 19:00:00,2025-08-18,19,0,8,0,1,2998
2025-08-18 20:00:00,2025-08-18,20,0,8,0,1,3371
2025-08-18 21:00:00,2025-08-18,21,0,8,0,1,4853
2025-08-18 22:00:00,2025-08-18,22,0,8,0,1,4043
2025-08-18 23:00:00,2025-08-18,23,0,8,0,1,891
2025-08-19 09:00:00,2025-08-19,9,1,8,0,1,2140
2025-08-19 10:00:00,2025-08-19,10,1,8,0,1,2941
2025-08-19 11:00:00,2025-08-19,11,1,8,0,1,2963
2025-08-19 12:00:00,2025-08-19,12,1,8,0,1,3743
2025-08-19 13:00:00,2025-08-19,13,1,8,0,1,3589
2025-08-19 14:00:00,2025-08-19,14,1,8,0,1,4311
2025-08-19 15:00:00,2025-08-19,15,1,8,0,1,4392
2025-08-19 16:00:00,2025-08-19,16,1,8,0,1,4486
2025-08-19 17:00:00,2025-08-19,17,1,8,0,1,4234
2025-08-19 18:00:00,2025-08-19,18,1,8,0,1,3834
2025-08-19 19:00:00,2025-08-19,19,1,8,0,1,3102
2025-08-19 20:00:00,2025-08-19,20,1,8,0,1,3269
2025-08-19 21:00:00,2025-08-19,21,1,8,0,1,3394
2025-08-19 22:00:00,2025-08-19,22,1,8,0,1,3574
2025-08-19 23:00:00,2025-08-19,23,1,8,0,1,877
2025-08-20 09:00:00,2025-08-20,9,2,8,0,1,2060
2025-08-20 10:00:00,2025-08-20,10,2,8,0,1,2072
2025-08-20 11:00:00,2025-08-20,11,2,8,0,1,2887
2025-08-20 12:00:00,2025-08-20,12,2,8,0,1,4004
2025-08-20 13:00:00,2025-08-20,13,2,8,0,1,3925
2025-08-20 14:00:00,2025-08-20,14,2,8,0,1,4631
2025-08-20 15:00:00,2025-08-20,15,2,8,0,1,4424
2025-08-20 16:00:00,2025-08-20,16,2,8,0,1,4524
2025-08-20 17:00:00,2025-08-20,17,2,8,0,1,3960
2025-08-20 18:00:00,2025-08-20,18,2,8,0,1,3880
2025-08-20 19:00:00,2025-08-20,19,2,8,0,1,2457
2025-08-20 20:00:00,2025-08-20,20,2,8,0,1,3658
2025-08-20 21:00:00,2025-08-20,21,2,8,0,1,3961
2025-08-20 22:00:00,2025-08-20,22,2,8,0,1,4069
2025-08-20 23:00:00,2025-08-20,23,2,8,0,1,1071
2025-08-21 09:00:00,2025-08-21,9,3,8,0,1,1743
2025-08-21 10:00:00,2025-08-21,10,3,8,0,1,2836
2025-08-21 11:00:00,2025-08-21,11,3,8,0,1,2777
2025-08-21 12:00:00,2025-08-21,12,3,8,0,1,4166
2025-08-21 13:00:00,2025-08-21,13,3,8,0,1,4471
2025-08-21 14:00:00,2025-08-21,14,3,8,0,1,3907
2025-08-21 15:00:00,2025-08-21,15,3,8,0,1,4665
2025-08-21 16:00:00,2025-08-21,16,3,8,0,1,4361
2025-08-21 17:00:00,2025-08-21,17,3,8,0,1,4377
2025-08-21 18:00:00,2025-08-21,18,3,8,0,1,3497
2025-08-21 19:00:00,2025-08-21,19,3,8,0,1,2033
2025-08-21 20:00:00,2025-08-21,20,3,8,0,1,4453
2025-08-21 21:00:00,2025-08-21,21,3,8,0,1,3779
2025-08-21 22:00:00,2025-08-21,22,3,8,0,1,4204
2025-08-21 23:00:00,2025-08-21,23,3,8,0,1,883
2025-08-22 09:00:00,2025-08-22,9,4,8,0,1,2195
2025-08-22 10:00:00,2025-08-22,10,4,8,0,1,2212
2025-08-22 11:00:00,2025-08-22,11,4,8,0,1,2794
2025-08-22 12:00:00,2025-08-22,12,4,8,0,1,4250
2025-08-22 13:00:00,2025-08-22,13,4,8,0,1,3854
2025-08-22 14:00:00,2025-08-22,14,4,8,0,1,5232
2025-08-22 15:00:00,2025-08-22,15,4,8,0,1,4981
2025-08-22 16:00:00,2025-08-22,16,4,8,0,1,4307
2025-08-22 17:00:00,2025-08-22,17,4,8,0,1,3185
2025-08-22 18:00:00,2025-08-22,18,4,8,0,1,3584
2025-08-22 19:00:00,2025-08-22,19,4,8,0,1,3053
2025-08-22 20:00:00,2025-08-22,20,4,8,0,1,4360
2025-08-22 21:00:00,2025-08-22,21,4,8,0,1,4554
2025-08-22 22:00:00,2025-08-22,22,4,8,0,1,3510
2025-08-22 23:00:00,2025-08-22,23,4,8,0,1,995
2025-08-23 09:00:00,2025-08-23,9,5,8,1,1,2696
2025-08-23 10:00:00,2025-08-23,10,5,8,1,1,3670
2025-08-23 11:00:00,2025-08-23,11,5,8,1,1,4315
2025-08-23 12:00:00,2025-08-23,12,5,8,1,1,2604
2025-08-23 13:00:00,2025-08-23,13,5,8,1,1,5394
2025-08-23 14:00:00,2025-08-23,14,5,8,1,1,5103
2025-08-23 15:00:00,2025-08-23,15,5,8,1,1,5927
2025-08-23 16:00:00,2025-08-23,16,5,8,1,1,6621
2025-08-23 17:00:00,2025-08-23,17,5,8,1,1,5698
2025-08-23 18:00:00,2025-08-23,18,5,8,1,1,5519
2025-08-23 19:00:00,2025-08-23,19,5,8,1,1,4239
2025-08-23 20:00:00,2025-08-23,20,5,8,1,1,4359
2025-08-23 21:00:00,2025-08-23,21,5,8,1,1,3601
2025-08-23 22:00:00,2025-08-23,22,5,8,1,1,5255
2025-08-23 23:00:00,2025-08-23,23,5,8,1,1,836
2025-08-24 09:00:00,2025-08-24,9,6,8,1,1,2180
2025-08-24 10:00:00,2025-08-24,10,6,8,1,1,2588
2025-08-24 11:00:00,2025-08-24,11,6,8,1,1,3713
2025-08-24 12:00:00,2025-08-24,12,6,8,1,1,4737
2025-08-24 13:00:00,2025-08-24,13,6,8,1,1,5936
2025-08-24 14:00:00,2025-08-24,14,6,8,1,1,6059
2025-08-24 15:00:00,2025-08-24,15,6,8,1,1,7247
2025-08-24 16:00:00,2025-08-24,16,6,8,1,1,5188
2025-08-24 17:00:00,2025-08-24,17,6,8,1,1,6078
2025-08-24 18:00:00,2025-08-24,18,6,8,1,1,4878
2025-08-24 19:00:00,2025-08-24,19,6,8,1,1,4411
2025-08-24 20:00:00,2025-08-24,20,6,8,1,1,4893
2025-08-24 21:00:00,2025-08-24,21,6,8,1,1,5827
2025-08-24 22:00:00,2025-08-24,22,6,8,1,1,5346
2025-08-24 23:00:00,2025-08-24,23,6,8,1,1,1126
2025-08-25 09:00:00,2025-08-25,9,0,8,0,1,1826
2025-08-25 10:00:00,2025-08-25,10,0,8,0,1,2339
2025-08-25 11:00:00,2025-08-25,11,0,8,0,1,3193
2025-08-25 12:00:00,2025-08-25,12,0,8,0,1,3084
2025-08-25 13:00:00,2025-08-25,13,0,8,0,1,4057
2025-08-25 14:00:00,2025-08-25,14,0,8,0,1,4597
2025-08-25 15:00:00,2025-08-25,15,0,8,0,1,4517
2025-08-25 16:00:00,2025-08-25,16,0,8,0,1,5098
2025-08-25 17:00:00,2025-08-25,17,0,8,0,1,4449
2025-08-25 18:00:00,2025-08-25,18,0,8,0,1,3590
2025-08-25 19:00:00,2025-08-25,19,0,8,0,1,2166
2025-08-25 20:00:00,2025-08-25,20,0,8,0,1,3960
2025-08-25 21:00:00,2025-08-25,21,0,8,0,1,4010
2025-08-25 22:00:00,2025-08-25,22,0,8,0,1,2987
2025-08-25 23:00:00,2025-08-25,23,0,8,0,1,875
2025-08-26 09:00:00,2025-08-26,9,1,8,0,1,1503
2025-08-26 10:00:00,2025-08-26,10,1,8,0,1,2778
2025-08-26 11:00:00,2025-08-26,11,1,8,0,1,2994
2025-08-26 12:00:00,2025-08-26,12,1,8,0,1,3509
2025-08-26 13:00:00,2025-08-26,13,1,8,0,1,4509
2025-08-26 14:00:00,2025-08-26,14,1,8,0,1,4611
2025-08-26 15:00:00,2025-08-26,15,1,8,0,1,3890
2025-08-26 16:00:00,2025-08-26,16,1,8,0,1,4351
2025-08-26 17:00:00,2025-08-26,17,1,8,0,1,3908
2025-08-26 18:00:00,2025-08-26,18,1,8,0,1,2841
2025-08-26 19:00:00,2025-08-26,19,1,8,0,1,2766
2025-08-26 20:00:00,2025-08-26,20,1,8,0,1,3740
2025-08-26 21:00:00,2025-08-26,21,1,8,0,1,3772
2025-08-26 22:00:00,2025-08-26,22,1,8,0,1,3144
2025-08-26 23:00:00,2025-08-26,23,1,8,0,1,1034
2025-08-27 09:00:00,2025-08-27,9,2,8,0,1,1807
2025-08-27 10:00:00,2025-08-27,10,2,8,0,1,2419
2025-08-27 11:00:00,2025-08-27,11,2,8,0,1,3161
2025-08-27 12:00:00,2025-08-27,12,2,8,0,1,3253
2025-08-27 13:00:00,2025-08-27,13,2,8,0,1,4294
2025-08-27 14:00:00,2025-08-27,14,2,8,0,1,4195
2025-08-27 15:00:00,2025-08-27,15,2,8,0,1,4015
2025-08-27 16:00:00,2025-08-27,16,2,8,0,1,4690
2025-08-27 17:00:00,2025-08-27,17,2,8,0,1,4800
2025-08-27 18:00:00,2025-08-27,18,2,8,0,1,3905
2025-08-27 19:00:00,2025-08-27,19,2,8,0,1,3350
2025-08-27 20:00:00,2025-08-27,20,2,8,0,1,3586
2025-08-27 21:00:00,2025-08-27,21,2,8,0,1,3091
2025-08-27 22:00:00,2025-08-27,22,2,8,0,1,4508
2025-08-27 23:00:00,2025-08-27,23,2,8,0,1,1132
2025-08-28 09:00:00,2025-08-28,9,3,8,0,1,2168
2025-08-28 10:00:00,2025-08-28,10,3,8,0,1,2311
2025-08-28 11:00:00,2025-08-28,11,3,8,0,1,2598
2025-08-28 12:00:00,2025-08-28,12,3,8,0,1,3133
2025-08-28 13:00:00,2025-08-28,13,3,8,0,1,2274
2025-08-28 14:00:00,2025-08-28,14,3,8,0,1,4332
2025-08-28 15:00:00,2025-08-28,15,3,8,0,1,5367
2025-08-28 16:00:00,2025-08-28,16,3,8,0,1,4314
2025-08-28 17:00:00,2025-08-28,17,3,8,0,1,4219
2025-08-28 18:00:00,2025-08-28,18,3,8,0,1,4186
2025-08-28 19:00:00,2025-08-28,19,3,8,0,1,2870
2025-08-28 20:00:00,2025-08-28,20,3,8,0,1,4759
2025-08-28 21:00:00,2025-08-28,21,3,8,0,1,3317
2025-08-28 22:00:00,2025-08-28,22,3,8,0,1,3764
2025-08-28 23:00:00,2025-08-28,23,3,8,0,1,845
2025-08-29 09:00:00,2025-08-29,9,4,8,0,1,1982
2025-08-29 10:00:00,2025-08-29,10,4,8,0,1,2308
2025-08-29 11:00:00,2025-08-29,11,4,8,0,1,2597
2025-08-29 12:00:00,2025-08-29,12,4,8,0,1,4145
2025-08-29 13:00:00,2025-08-29,13,4,8,0,1,4666
2025-08-29 14:00:00,2025-08-29,14,4,8,0,1,4470
2025-08-29 15:00:00,2025-08-29,15,4,8,0,1,3818
2025-08-29 16:00:00,2025-08-29,16,4,8,0,1,3741
2025-08-29 17:00:00,2025-08-29,17,4,8,0,1,4124
2025-08-29 18:00:00,2025-08-29,18,4,8,0,1,2364
2025-08-29 19:00:00,2025-08-29,19,4,8,0,1,2892
2025-08-29 20:00:00,2025-08-29,20,4,8,0,1,4294
2025-08-29 21:00:00,2025-08-29,21,4,8,0,1,4161
2025-08-29 22:00:00,2025-08-29,22,4,8,0,1,4457
2025-08-29 23:00:00,2025-08-29,23,4,8,0,1,800
2025-08-30 09:00:00,2025-08-30,9,5,8,1,1,2368
2025-08-30 10:00:00,2025-08-30,10,5,8,1,1,3547
2025-08-30 11:00:00,2025-08-30,11,5,8,1,1,4291
2025-08-30 12:00:00,2025-08-30,12,5,8,1,1,5743
2025-08-30 13:00:00,2025-08-30,13,5,8,1,1,5774
2025-08-30 14:00:00,2025-08-30,14,5,8,1,1,7239
2025-08-30 15:00:00,2025-08-30,15,5,8,1,1,6468
2025-08-30 16:00:00,2025-08-30,16,5,8,1,1,6680
2025-08-30 17:00:00,2025-08-30,17,5,8,1,1,5283
2025-08-30 18:00:00,2025-08-30,18,5,8,1,1,4859
2025-08-30 19:00:00,2025-08-30,19,5,8,1,1,4517
2025-08-30 20:00:00,2025-08-30,20,5,8,1,1,6163
2025-08-30 21:00:00,2025-08-30,21,5,8,1,1,5615
2025-08-30 22:00:00,2025-08-30,22,5,8,1,1,5112
2025-08-30 23:00:00,2025-08-30,23,5,8,1,1,1429
2025-08-31 09:00:00,2025-08-31,9,6,8,1,1,1274
2025-08-31 10:00:00,2025-08-31,10,6,8,1,1,2696
2025-08-31 11:00:00,2025-08-31,11,6,8,1,1,4405
2025-08-31 12:00:00,2025-08-31,12,6,8,1,1,4859
2025-08-31 13:00:00,2025-08-31,13,6,8,1,1,5896
2025-08-31 14:00:00,2025-08-31,14,6,8,1,1,5970
2025-08-31 15:00:00,2025-08-31,15,6,8,1,1,6491
2025-08-31 16:00:00,2025-08-31,16,6,8,1,1,5345
2025-08-31 17:00:00,2025-08-31,17,6,8,1,1,5873
2025-08-31 18:00:00,2025-08-31,18,6,8,1,1,5429
2025-08-31 19:00:00,2025-08-31,19,6,8,1,1,4668
2025-08-31 20:00:00,2025-08-31,20,6,8,1,1,6411
2025-08-31 21:00:00,2025-08-31,21,6,8,1,1,3720
2025-08-31 22:00:00,2025-08-31,22,6,8,1,1,5333
2025-08-31 23:00:00,2025-08-31,23,6,8,1,1,1002
2025-09-01 09:00:00,2025-09-01,9,0,9,0,0,1065
2025-09-01 10:00:00,2025-09-01,10,0,9,0,0,1464
2025-09-01 11:00:00,2025-09-01,11,0,9,0,0,2113
2025-09-01 12:00:00,2025-09-01,12,0,9,0,0,2071
2025-09-01 13:00:00,2025-09-01,13,0,9,0,0,2775
2025-09-01 14:00:00,2025-09-01,14,0,9,0,0,2730
2025-09-01 15:00:00,2025-09-01,15,0,9,0,0,2740
2025-09-01 16:00:00,2025-09-01,16,0,9,0,0,2812
2025-09-01 17:00:00,2025-09-01,17,0,9,0,0,2414
2025-09-01 18:00:00,2025-09-01,18,0,9,0,0,1484
2025-09-01 19:00:00,2025-09-01,19,0,9,0,0,1492
2025-09-01 20:00:00,2025-09-01,20,0,9,0,0,1616
2025-09-01 21:00:00,2025-09-01,21,0,9,0,0,2242
2025-09-01 22:00:00,2025-09-01,22,0,9,0,0,2232
2025-09-01 23:00:00,2025-09-01,23,0,9,0,0,593
2025-09-02 09:00:00,2025-09-02,9,1,9,0,0,859
2025-09-02 10:00:00,2025-09-02,10,1,9,0,0,1540
2025-09-02 11:00:00,2025-09-02,11,1,9,0,0,2101
2025-09-02 12:00:00,2025-09-02,12,1,9,0,0,2390
2025-09-02 13:00:00,2025-09-02,13,1,9,0,0,2443
2025-09-02 14:00:00,2025-09-02,14,1,9,0,0,1805
2025-09-02 15:00:00,2025-09-02,15,1,9,0,0,2905
2025-09-02 16:00:00,2025-09-02,16,1,9,0,0,2918
2025-09-02 17:00:00,2025-09-02,17,1,9,0,0,2070
2025-09-02 18:00:00,2025-09-02,18,1,9,0,0,1788
2025-09-02 19:00:00,2025-09-02,19,1,9,0,0,1754
2025-09-02 20:00:00,2025-09-02,20,1,9,0,0,2350
2025-09-02 21:00:00,2025-09-02,21,1,9,0,0,2571
2025-09-02 22:00:00,2025-09-02,22,1,9,0,0,2685
2025-09-02 23:00:00,2025-09-02,23,1,9,0,0,629
2025-09-03 09:00:00,2025-09-03,9,2,9,0,0,790
2025-09-03 10:00:00,2025-09-03,10,2,9,0,0,1273
2025-09-03 11:00:00,2025-09-03,11,2,9,0,0,1651
2025-09-03 12:00:00,2025-09-03,12,2,9,0,0,2308
2025-09-03 13:00:00,2025-09-03,13,2,9,0,0,2637
2025-09-03 14:00:00,2025-09-03,14,2,9,0,0,2370
2025-09-03 15:00:00,2025-09-03,15,2,9,0,0,2814
2025-09-03 16:00:00,2025-09-03,16,2,9,0,0,2937
2025-09-03 17:00:00,2025-09-03,17,2,9,0,0,2183
2025-09-03 18:00:00,2025-09-03,18,2,9,0,0,2532
2025-09-03 19:00:00,2025-09-03,19,2,9,0,0,1791
2025-09-03 20:00:00,2025-09-03,20,2,9,0,0,2739
2025-09-03 21:00:00,2025-09-03,21,2,9,0,0,2227
2025-09-03 22:00:00,2025-09-03,22,2,9,0,0,2086
2025-09-03 23:00:00,2025-09-03,23,2,9,0,0,373
2025-09-04 09:00:00,2025-09-04,9,3,9,0,0,1125
2025-09-04 10:00:00,2025-09-04,10,3,9,0,0,1428
2025-09-04 11:00:00,2025-09-04,11,3,9,0,0,1279
2025-09-04 12:00:00,2025-09-04,12,3,9,0,0,2325
2025-09-04 13:00:00,2025-09-04,13,3,9,0,0,2481
2025-09-04 14:00:00,2025-09-04,14,3,9,0,0,2709
2025-09-04 15:00:00,2025-09-04,15,3,9,0,0,2225
2025-09-04 16:00:00,2025-09-04,16,3,9,0,0,2859
2025-09-04 17:00:00,2025-09-04,17,3,9,0,0,2506
2025-09-04 18:00:00,2025-09-04,18,3,9,0,0,2667
2025-09-04 19:00:00,2025-09-04,19,3,9,0,0,1165
2025-09-04 20:00:00,2025-09-04,20,3,9,0,0,1863
2025-09-04 21:00:00,2025-09-04,21,3,9,0,0,2556
2025-09-04 22:00:00,2025-09-04,22,3,9,0,0,2478
2025-09-04 23:00:00,2025-09-04,23,3,9,0,0,496
2025-09-05 09:00:00,2025-09-05,9,4,9,0,0,650
2025-09-05 10:00:00,2025-09-05,10,4,9,0,0,1775
2025-09-05 11:00:00,2025-09-05,11,4,9,0,0,2195
2025-09-05 12:00:00,2025-09-05,12,4,9,0,0,1568
2025-09-05 13:00:00,2025-09-05,13,4,9,0,0,2394
2025-09-05 14:00:00,2025-09-05,14,4,9,0,0,3276
2025-09-05 15:00:00,2025-09-05,15,4,9,0,0,1848
2025-09-05 16:00:00,2025-09-05,16,4,9,0,0,2570
2025-09-05 17:00:00,2025-09-05,17,4,9,0,0,2447
2025-09-05 18:00:00,2025-09-05,18,4,9,0,0,1935
2025-09-05 19:00:00,2025-09-05,19,4,9,0,0,1492
2025-09-05 20:00:00,2025-09-05,20,4,9,0,0,2680
2025-09-05 21:00:00,2025-09-05,21,4,9,0,0,1853
2025-09-05 22:00:00,2025-09-05,22,4,9,0,0,2450
2025-09-05 23:00:00,2025-09-05,23,4,9,0,0,625
2025-09-06 09:00:00,2025-09-06,9,5,9,1,0,1269
2025-09-06 10:00:00,2025-09-06,10,5,9,1,0,1259
2025-09-06 11:00:00,2025-09-06,11,5,9,1,0,2902
2025-09-06 12:00:00,2025-09-06,12,5,9,1,0,3211
2025-09-06 13:00:00,2025-09-06,13,5,9,1,0,3166
2025-09-06 14:00:00,2025-09-06,14,5,9,1,0,4218
2025-09-06 15:00:00,2025-09-06,15,5,9,1,0,4327
2025-09-06 16:00:00,2025-09-06,16,5,9,1,0,2663
2025-09-06 17:00:00,2025-09-06,17,5,9,1,0,3050
2025-09-06 18:00:00,2025-09-06,18,5,9,1,0,2868
2025-09-06 19:00:00,2025-09-06,19,5,9,1,0,2620
2025-09-06 20:00:00,2025-09-06,20,5,9,1,0,3140
2025-09-06 21:00:00,2025-09-06,21,5,9,1,0,3575
2025-09-06 22:00:00,2025-09-06,22,5,9,1,0,2623
2025-09-06 23:00:00,2025-09-06,23,5,9,1,0,626
2025-09-07 09:00:00,2025-09-07,9,6,9,1,0,1570
2025-09-07 10:00:00,2025-09-07,10,6,9,1,0,1903
2025-09-07 11:00:00,2025-09-07,11,6,9,1,0,2343
2025-09-07 12:00:00,2025-09-07,12,6,9,1,0,2377
2025-09-07 13:00:00,2025-09-07,13,6,9,1,0,3428
2025-09-07 14:00:00,2025-09-07,14,6,9,1,0,3663
2025-09-07 15:00:00,2025-09-07,15,6,9,1,0,4076
2025-09-07 16:00:00,2025-09-07,16,6,9,1,0,3717
2025-09-07 17:00:00,2025-09-07,17,6,9,1,0,3365
2025-09-07 18:00:00,2025-09-07,18,6,9,1,0,3444
2025-09-07 19:00:00,2025-09-07,19,6,9,1,0,2134
2025-09-07 20:00:00,2025-09-07,20,6,9,1,0,2393
2025-09-07 21:00:00,2025-09-07,21,6,9,1,0,1798
2025-09-07 22:00:00,2025-09-07,22,6,9,1,0,2889
2025-09-07 23:00:00,2025-09-07,23,6,9,1,0,652
2025-09-08 09:00:00,2025-09-08,9,0,9,0,0,1245
2025-09-08 10:00:00,2025-09-08,10,0,9,0,0,1486
2025-09-08 11:00:00,2025-09-08,11,0,9,0,0,1873
2025-09-08 12:00:00,2025-09-08,12,0,9,0,0,1357
2025-09-08 13:00:00,2025-09-08,13,0,9,0,0,2442
2025-09-08 14:00:00,2025-09-08,14,0,9,0,0,2480
2025-09-08 15:00:00,2025-09-08,15,0,9,0,0,2928
2025-09-08 16:00:00,2025-09-08,16,0,9,0,0,2406
2025-09-08 17:00:00,2025-09-08,17,0,9,0,0,2937
2025-09-08 18:00:00,2025-09-08,18,0,9,0,0,1250
2025-09-08 19:00:00,2025-09-08,19,0,9,0,0,1695
2025-09-08 20:00:00,2025-09-08,20,0,9,0,0,2001
2025-09-08 21:00:00,2025-09-08,21,0,9,0,0,2255
2025-09-08 22:00:00,2025-09-08,22,0,9,0,0,2004
2025-09-08 23:00:00,2025-09-08,23,0,9,0,0,580
2025-09-09 09:00:00,2025-09-09,9,1,9,0,0,1073
2025-09-09 10:00:00,2025-09-09,10,1,9,0,0,1348
2025-09-09 11:00:00,2025-09-09,11,1,9,0,0,1630
2025-09-09 12:00:00,2025-09-09,12,1,9,0,0,2978
2025-09-09 13:00:00,2025-09-09,13,1,9,0,0,2457
2025-09-09 14:00:00,2025-09-09,14,1,9,0,0,2099
2025-09-09 15:00:00,2025-09-09,15,1,9,0,0,3301
2025-09-09 16:00:00,2025-09-09,16,1,9,0,0,2931
2025-09-09 17:00:00,2025-09-09,17,1,9,0,0,2300
2025-09-09 18:00:00,2025-09-09,18,1,9,0,0,1985
2025-09-09 19:00:00,2025-09-09,19,1,9,0,0,2028
2025-09-09 20:00:00,2025-09-09,20,1,9,0,0,2309
2025-09-09 21:00:00,2025-09-09,21,1,9,0,0,1829
2025-09-09 22:00:00,2025-09-09,22,1,9,0,0,2890
2025-09-09 23:00:00,2025-09-09,23,1,9,0,0,535
2025-09-10 09:00:00,2025-09-10,9,2,9,0,0,1342
2025-09-10 10:00:00,2025-09-10,10,2,9,0,0,1728
2025-09-10 11:00:00,2025-09-10,11,2,9,0,0,1651
2025-09-10 12:00:00,2025-09-10,12,2,9,0,0,2513
2025-09-10 13:00:00,2025-09-10,13,2,9,0,0,2335
2025-09-10 14:00:00,2025-09-10,14,2,9,0,0,1483
2025-09-10 15:00:00,2025-09-10,15,2,9,0,0,2657
2025-09-10 16:00:00,2025-09-10,16,2,9,0,0,2861
2025-09-10 17:00:00,2025-09-10,17,2,9,0,0,2392
2025-09-10 18:00:00,2025-09-10,18,2,9,0,0,2153
2025-09-10 19:00:00,2025-09-10,19,2,9,0,0,2134
2025-09-10 20:00:00,2025-09-10,20,2,9,0,0,2410
2025-09-10 21:00:00,2025-09-10,21,2,9,0,0,2139
2025-09-10 22:00:00,2025-09-10,22,2,9,0,0,2580
2025-09-10 23:00:00,2025-09-10,23,2,9,0,0,578
2025-09-11 09:00:00,2025-09-11,9,3,9,0,0,793
2025-09-11 10:00:00,2025-09-11,10,3,9,0,0,1575
2025-09-11 11:00:00,2025-09-11,11,3,9,0,0,1965
2025-09-11 12:00:00,2025-09-11,12,3,9,0,0,2241
2025-09-11 13:00:00,2025-09-11,13,3,9,0,0,2804
2025-09-11 14:00:00,2025-09-11,14,3,9,0,0,1757
2025-09-11 15:00:00,2025-09-11,15,3,9,0,0,2913
2025-09-11 16:00:00,2025-09-11,16,3,9,0,0,2217
2025-09-11 17:00:00,2025-09-11,17,3,9,0,0,2657
2025-09-11 18:00:00,2025-09-11,18,3,9,0,0,2759
2025-09-11 19:00:00,2025-09-11,19,3,9,0,0,1652
2025-09-11 20:00:00,2025-09-11,20,3,9,0,0,2163
2025-09-11 21:00:00,2025-09-11,21,3,9,0,0,2177
2025-09-11 22:00:00,2025-09-11,22,3,9,0,0,2417
2025-09-11 23:00:00,2025-09-11,23,3,9,0,0,493
2025-09-12 09:00:00,2025-09-12,9,4,9,0,0,1195
2025-09-12 10:00:00,2025-09-12,10,4,9,0,0,1651
2025-09-12 11:00:00,2025-09-12,11,4,9,0,0,1997
2025-09-12 12:00:00,2025-09-12,12,4,9,0,0,1761
2025-09-12 13:00:00,2025-09-12,13,4,9,0,0,2836
2025-09-12 14:00:00,2025-09-12,14,4,9,0,0,3038
2025-09-12 15:00:00,2025-09-12,15,4,9,0,0,3078
2025-09-12 16:00:00,2025-09-12,16,4,9,0,0,2853
2025-09-12 17:00:00,2025-09-12,17,4,9,0,0,2600
2025-09-12 18:00:00,2025-09-12,18,4,9,0,0,1758
2025-09-12 19:00:00,2025-09-12,19,4,9,0,0,2310
2025-09-12 20:00:00,2025-09-12,20,4,9,0,0,2107
2025-09-12 21:00:00,2025-09-12,21,4,9,0,0,2687
2025-09-12 22:00:00,2025-09-12,22,4,9,0,0,2355
2025-09-12 23:00:00,2025-09-12,23,4,9,0,0,556
2025-09-13 09:00:00,2025-09-13,9,5,9,1,0,1253
2025-09-13 10:00:00,2025-09-13,10,5,9,1,0,1954
2025-09-13 11:00:00,2025-09-13,11,5,9,1,0,2230
2025-09-13 12:00:00,2025-09-13,12,5,9,1,0,2850
2025-09-13 13:00:00,2025-09-13,13,5,9,1,0,2969
2025-09-13 14:00:00,2025-09-13,14,5,9,1,0,3488
2025-09-13 15:00:00,2025-09-13,15,5,9,1,0,3595
2025-09-13 16:00:00,2025-09-13,16,5,9,1,0,3729
2025-09-13 17:00:00,2025-09-13,17,5,9,1,0,2757
2025-09-13 18:00:00,2025-09-13,18,5,9,1,0,2494
2025-09-13 19:00:00,2025-09-13,19,5,9,1,0,2643
2025-09-13 20:00:00,2025-09-13,20,5,9,1,0,2905
2025-09-13 21:00:00,2025-09-13,21,5,9,1,0,3627
2025-09-13 22:00:00,2025-09-13,22,5,9,1,0,3299
2025-09-13 23:00:00,2025-09-13,23,5,9,1,0,818
2025-09-14 09:00:00,2025-09-14,9,6,9,1,0,1796
2025-09-14 10:00:00,2025-09-14,10,6,9,1,0,1948
2025-09-14 11:00:00,2025-09-14,11,6,9,1,0,2359
2025-09-14 12:00:00,2025-09-14,12,6,9,1,0,3334
2025-09-14 13:00:00,2025-09-14,13,6,9,1,0,3629
2025-09-14 14:00:00,2025-09-14,14,6,9,1,0,3603
2025-09-14 15:00:00,2025-09-14,15,6,9,1,0,3087
2025-09-14 16:00:00,2025-09-14,16,6,9,1,0,3592
2025-09-14 17:00:00,2025-09-14,17,6,9,1,0,2403
2025-09-14 18:00:00,2025-09-14,18,6,9,1,0,3026
2025-09-14 19:00:00,2025-09-14,19,6,9,1,0,2249
2025-09-14 20:00:00,2025-09-14,20,6,9,1,0,2270
2025-09-14 21:00:00,2025-09-14,21,6,9,1,0,3751
2025-09-14 22:00:00,2025-09-14,22,6,9,1,0,3384
2025-09-14 23:00:00,2025-09-14,23,6,9,1,0,766
2025-09-15 09:00:00,2025-09-15,9,0,9,0,0,1116
2025-09-15 10:00:00,2025-09-15,10,0,9,0,0,1558
2025-09-15 11:00:00,2025-09-15,11,0,9,0,0,2045
2025-09-15 12:00:00,2025-09-15,12,0,9,0,0,2399
2025-09-15 13:00:00,2025-09-15,13,0,9,0,0,2432
2025-09-15 14:00:00,2025-09-15,14,0,9,0,0,2837
2025-09-15 15:00:00,2025-09-15,15,0,9,0,0,2961
2025-09-15 16:00:00,2025-09-15,16,0,9,0,0,2400
2025-09-15 17:00:00,2025-09-15,17,0,9,0,0,2584
2025-09-15 18:00:00,2025-09-15,18,0,9,0,0,1159
2025-09-15 19:00:00,2025-09-15,19,0,9,0,0,1985
2025-09-15 20:00:00,2025-09-15,20,0,9,0,0,1798
2025-09-15 21:00:00,2025-09-15,21,0,9,0,0,2593
2025-09-15 22:00:00,2025-09-15,22,0,9,0,0,2267
2025-09-15 23:00:00,2025-09-15,23,0,9,0,0,586
2025-09-16 09:00:00,2025-09-16,9,1,9,0,0,1332
2025-09-16 10:00:00,2025-09-16,10,1,9,0,0,1752
2025-09-16 11:00:00,2025-09-16,11,1,9,0,0,1870
2025-09-16 12:00:00,2025-09-16,12,1,9,0,0,2273
2025-09-16 13:00:00,2025-09-16,13,1,9,0,0,2871
2025-09-16 14:00:00,2025-09-16,14,1,9,0,0,2239
2025-09-16 15:00:00,2025-09-16,15,1,9,0,0,2691
2025-09-16 16:00:00,2025-09-16,16,1,9,0,0,2217
2025-09-16 17:00:00,2025-09-16,17,1,9,0,0,2830
2025-09-16 18:00:00,2025-09-16,18,1,9,0,0,2334
2025-09-16 19:00:00,2025-09-16,19,1,9,0,0,1537
2025-09-16 20:00:00,2025-09-16,20,1,9,0,0,1656
2025-09-16 21:00:00,2025-09-16,21,1,9,0,0,2211
2025-09-16 22:00:00,2025-09-16,22,1,9,0,0,2474
2025-09-16 23:00:00,2025-09-16,23,1,9,0,0,510
2025-09-17 09:00:00,2025-09-17,9,2,9,0,0,998
2025-09-17 10:00:00,2025-09-17,10,2,9,0,0,1127
2025-09-17 11:00:00,2025-09-17,11,2,9,0,0,2152
2025-09-17 12:00:00,2025-09-17,12,2,9,0,0,2128
2025-09-17 13:00:00,2025-09-17,13,2,9,0,0,2581
2025-09-17 14:00:00,2025-09-17,14,2,9,0,0,2730
2025-09-17 15:00:00,2025-09-17,15,2,9,0,0,2441
2025-09-17 16:00:00,2025-09-17,16,2,9,0,0,2318
2025-09-17 17:00:00,2025-09-17,17,2,9,0,0,2227
2025-09-17 18:00:00,2025-09-17,18,2,9,0,0,2041
2025-09-17 19:00:00,2025-09-17,19,2,9,0,0,1959
2025-09-17 20:00:00,2025-09-17,20,2,9,0,0,2152
2025-09-17 21:00:00,2025-09-17,21,2,9,0,0,2878
2025-09-17 22:00:00,2025-09-17,22,2,9,0,0,1871
2025-09-17 23:00:00,2025-09-17,23,2,9,0,0,620
2025-09-18 09:00:00,2025-09-18,9,3,9,0,0,1122
2025-09-18 10:00:00,2025-09-18,10,3,9,0,0,1771
2025-09-18 11:00:00,2025-09-18,11,3,9,0,0,1279
2025-09-18 12:00:00,2025-09-18,12,3,9,0,0,2227
2025-09-18 13:00:00,2025-09-18,13,3,9,0,0,2585
2025-09-18 14:00:00,2025-09-18,14,3,9,0,0,2960
2025-09-18 15:00:00,2025-09-18,15,3,9,0,0,3014
2025-09-18 16:00:00,2025-09-18,16,3,9,0,0,2575
2025-09-18 17:00:00,2025-09-18,17,3,9,0,0,2371
2025-09-18 18:00:00,2025-09-18,18,3,9,0,0,2407
2025-09-18 19:00:00,2025-09-18,19,3,9,0,0,2037
2025-09-18 20:00:00,2025-09-18,20,3,9,0,0,2267
2025-09-18 21:00:00,2025-09-18,21,3,9,0,0,1926
2025-09-18 22:00:00,2025-09-18,22,3,9,0,0,2320
2025-09-18 23:00:00,2025-09-18,23,3,9,0,0,607
2025-09-19 09:00:00,2025-09-19,9,4,9,0,0,1385
2025-09-19 10:00:00,2025-09-19,10,4,9,0,0,1283
2025-09-19 11:00:00,2025-09-19,11,4,9,0,0,1780
2025-09-19 12:00:00,2025-09-19,12,4,9,0,0,2131
2025-09-19 13:00:00,2025-09-19,13,4,9,0,0,2945
2025-09-19 14:00:00,2025-09-19,14,4,9,0,0,2719
2025-09-19 15:00:00,2025-09-19,15,4,9,0,0,2495
2025-09-19 16:00:00,2025-09-19,16,4,9,0,0,2913
2025-09-19 17:00:00,2025-09-19,17,4,9,0,0,2410
2025-09-19 18:00:00,2025-09-19,18,4,9,0,0,1335
2025-09-19 19:00:00,2025-09-19,19,4,9,0,0,1675
2025-09-19 20:00:00,2025-09-19,20,4,9,0,0,2875
2025-09-19 21:00:00,2025-09-19,21,4,9,0,0,2489
2025-09-19 22:00:00,2025-09-19,22,4,9,0,0,2410
2025-09-19 23:00:00,2025-09-19,23,4,9,0,0,548
2025-09-20 09:00:00,2025-09-20,9,5,9,1,0,1590
2025-09-20 10:00:00,2025-09-20,10,5,9,1,0,2091
2025-09-20 11:00:00,2025-09-20,11,5,9,1,0,2622
2025-09-20 12:00:00,2025-09-20,12,5,9,1,0,3059
2025-09-20 13:00:00,2025-09-20,13,5,9,1,0,3776
2025-09-20 14:00:00,2025-09-20,14,5,9,1,0,3696
2025-09-20 15:00:00,2025-09-20,15,5,9,1,0,2335
2025-09-20 16:00:00,2025-09-20,16,5,9,1,0,3415
2025-09-20 17:00:00,2025-09-20,17,5,9,1,0,2608
2025-09-20 18:00:00,2025-09-20,18,5,9,1,0,3752
2025-09-20 19:00:00,2025-09-20,19,5,9,1,0,1957
2025-09-20 20:00:00,2025-09-20,20,5,9,1,0,2892
2025-09-20 21:00:00,2025-09-20,21,5,9,1,0,3104
2025-09-20 22:00:00,2025-09-20,22,5,9,1,0,2967
2025-09-20 23:00:00,2025-09-20,23,5,9,1,0,904
2025-09-21 09:00:00,2025-09-21,9,6,9,1,0,1274
2025-09-21 10:00:00,2025-09-21,10,6,9,1,0,2051
2025-09-21 11:00:00,2025-09-21,11,6,9,1,0,2500
2025-09-21 12:00:00,2025-09-21,12,6,9,1,0,3317
2025-09-21 13:00:00,2025-09-21,13,6,9,1,0,3377
2025-09-21 14:00:00,2025-09-21,14,6,9,1,0,2908
2025-09-21 15:00:00,2025-09-21,15,6,9,1,0,3666
2025-09-21 16:00:00,2025-09-21,16,6,9,1,0,3256
2025-09-21 17:00:00,2025-09-21,17,6,9,1,0,3452
2025-09-21 18:00:00,2025-09-21,18,6,9,1,0,2476
2025-09-21 19:00:00,2025-09-21,19,6,9,1,0,2004
2025-09-21 20:00:00,2025-09-21,20,6,9,1,0,2904
2025-09-21 21:00:00,2025-09-21,21,6,9,1,0,2999
2025-09-21 22:00:00,2025-09-21,22,6,9,1,0,3065
2025-09-21 23:00:00,2025-09-21,23,6,9,1,0,830
2025-09-22 09:00:00,2025-09-22,9,0,9,0,0,1114
2025-09-22 10:00:00,2025-09-22,10,0,9,0,0,1573
2025-09-22 11:00:00,2025-09-22,11,0,9,0,0,1735
2025-09-22 12:00:00,2025-09-22,12,0,9,0,0,2297
2025-09-22 13:00:00,2025-09-22,13,0,9,0,0,2770
2025-09-22 14:00:00,2025-09-22,14,0,9,0,0,2490
2025-09-22 15:00:00,2025-09-22,15,0,9,0,0,3062
2025-09-22 16:00:00,2025-09-22,16,0,9,0,0,2748
2025-09-22 17:00:00,2025-09-22,17,0,9,0,0,2851
2025-09-22 18:00:00,2025-09-22,18,0,9,0,0,2181
2025-09-22 19:00:00,2025-09-22,19,0,9,0,0,1962
2025-09-22 20:00:00,2025-09-22,20,0,9,0,0,2368
2025-09-22 21:00:00,2025-09-22,21,0,9,0,0,2352
2025-09-22 22:00:00,2025-09-22,22,0,9,0,0,2453
2025-09-22 23:00:00,2025-09-22,23,0,9,0,0,601
2025-09-23 09:00:00,2025-09-23,9,1,9,0,0,967
2025-09-23 10:00:00,2025-09-23,10,1,9,0,0,1229
2025-09-23 11:00:00,2025-09-23,11,1,9,0,0,1458
2025-09-23 12:00:00,2025-09-23,12,1,9,0,0,2052
2025-09-23 13:00:00,2025-09-23,13,1,9,0,0,2504
2025-09-23 14:00:00,2025-09-23,14,1,9,0,0,2865
2025-09-23 15:00:00,2025-09-23,15,1,9,0,0,3329
2025-09-23 16:00:00,2025-09-23,16,1,9,0,0,1485
2025-09-23 17:00:00,2025-09-23,17,1,9,0,0,2379
2025-09-23 18:00:00,2025-09-23,18,1,9,0,0,1665
2025-09-23 19:00:00,2025-09-23,19,1,9,0,0,1884
2025-09-23 20:00:00,2025-09-23,20,1,9,0,0,2457
2025-09-23 21:00:00,2025-09-23,21,1,9,0,0,2834
2025-09-23 22:00:00,2025-09-23,22,1,9,0,0,2414
2025-09-23 23:00:00,2025-09-23,23,1,9,0,0,636
2025-09-24 09:00:00,2025-09-24,9,2,9,0,0,1218
2025-09-24 10:00:00,2025-09-24,10,2,9,0,0,1420
2025-09-24 11:00:00,2025-09-24,11,2,9,0,0,1559
2025-09-24 12:00:00,2025-09-24,12,2,9,0,0,2309
2025-09-24 13:00:00,2025-09-24,13,2,9,0,0,2079
2025-09-24 14:00:00,2025-09-24,14,2,9,0,0,3155
2025-09-24 15:00:00,2025-09-24,15,2,9,0,0,2745
2025-09-24 16:00:00,2025-09-24,16,2,9,0,0,3122
2025-09-24 17:00:00,2025-09-24,17,2,9,0,0,2387
2025-09-24 18:00:00,2025-09-24,18,2,9,0,0,2307
2025-09-24 19:00:00,2025-09-24,19,2,9,0,0,1924
2025-09-24 20:00:00,2025-09-24,20,2,9,0,0,2367
2025-09-24 21:00:00,2025-09-24,21,2,9,0,0,2256
2025-09-24 22:00:00,2025-09-24,22,2,9,0,0,2492
2025-09-24 23:00:00,2025-09-24,23,2,9,0,0,502
2025-09-25 09:00:00,2025-09-25,9,3,9,0,0,973
2025-09-25 10:00:00,2025-09-25,10,3,9,0,0,1722
2025-09-25 11:00:00,2025-09-25,11,3,9,0,0,2040
2025-09-25 12:00:00,2025-09-25,12,3,9,0,0,1577
2025-09-25 13:00:00,2025-09-25,13,3,9,0,0,3039
2025-09-25 14:00:00,2025-09-25,14,3,9,0,0,2643
2025-09-25 15:00:00,2025-09-25,15,3,9,0,0,3244
2025-09-25 16:00:00,2025-09-25,16,3,9,0,0,2788
2025-09-25 17:00:00,2025-09-25,17,3,9,0,0,2221
2025-09-25 18:00:00,2025-09-25,18,3,9,0,0,2731
2025-09-25 19:00:00,2025-09-25,19,3,9,0,0,1470
2025-09-25 20:00:00,2025-09-25,20,3,9,0,0,2345
2025-09-25 21:00:00,2025-09-25,21,3,9,0,0,2587
2025-09-25 22:00:00,2025-09-25,22,3,9,0,0,2264
2025-09-25 23:00:00,2025-09-25,23,3,9,0,0,621
2025-09-26 09:00:00,2025-09-26,9,4,9,0,0,811
2025-09-26 10:00:00,2025-09-26,10,4,9,0,0,1315
2025-09-26 11:00:00,2025-09-26,11,4,9,0,0,2097
2025-09-26 12:00:00,2025-09-26,12,4,9,0,0,2168
2025-09-26 13:00:00,2025-09-26,13,4,9,0,0,2596
2025-09-26 14:00:00,2025-09-26,14,4,9,0,0,2289
2025-09-26 15:00:00,2025-09-26,15,4,9,0,0,3420
2025-09-26 16:00:00,2025-09-26,16,4,9,0,0,3121
2025-09-26 17:00:00,2025-09-26,17,4,9,0,0,2472
2025-09-26 18:00:00,2025-09-26,18,4,9,0,0,2127
2025-09-26 19:00:00,2025-09-26,19,4,9,0,0,2108
2025-09-26 20:00:00,2025-09-26,20,4,9,0,0,2946
2025-09-26 21:00:00,2025-09-26,21,4,9,0,0,2652
2025-09-26 22:00:00,2025-09-26,22,4,9,0,0,3000
2025-09-26 23:00:00,2025-09-26,23,4,9,0,0,502
2025-09-27 09:00:00,2025-09-27,9,5,9,1,0,1385
2025-09-27 10:00:00,2025-09-27,10,5,9,1,0,1734
2025-09-27 11:00:00,2025-09-27,11,5,9,1,0,2668
2025-09-27 12:00:00,2025-09-27,12,5,9,1,0,3081
2025-09-27 13:00:00,2025-09-27,13,5,9,1,0,3357
2025-09-27 14:00:00,2025-09-27,14,5,9,1,0,4044
2025-09-27 15:00:00,2025-09-27,15,5,9,1,0,4338
2025-09-27 16:00:00,2025-09-27,16,5,9,1,0,3011
2025-09-27 17:00:00,2025-09-27,17,5,9,1,0,3175
2025-09-27 18:00:00,2025-09-27,18,5,9,1,0,3315
2025-09-27 19:00:00,2025-09-27,19,5,9,1,0,2391
2025-09-27 20:00:00,2025-09-27,20,5,9,1,0,2905
2025-09-27 21:00:00,2025-09-27,21,5,9,1,0,3605
2025-09-27 22:00:00,2025-09-27,22,5,9,1,0,2715
2025-09-27 23:00:00,2025-09-27,23,5,9,1,0,735
2025-09-28 09:00:00,2025-09-28,9,6,9,1,0,1597
2025-09-28 10:00:00,2025-09-28,10,6,9,1,0,1883
2025-09-28 11:00:00,2025-09-28,11,6,9,1,0,2771
2025-09-28 12:00:00,2025-09-28,12,6,9,1,0,2812
2025-09-28 13:00:00,2025-09-28,13,6,9,1,0,3998
2025-09-28 14:00:00,2025-09-28,14,6,9,1,0,2541
2025-09-28 15:00:00,2025-09-28,15,6,9,1,0,4084
2025-09-28 16:00:00,2025-09-28,16,6,9,1,0,4016
2025-09-28 17:00:00,2025-09-28,17,6,9,1,0,3162
2025-09-28 18:00:00,2025-09-28,18,6,9,1,0,2274
2025-09-28 19:00:00,2025-09-28,19,6,9,1,0,2643
2025-09-28 20:00:00,2025-09-28,20,6,9,1,0,3240
2025-09-28 21:00:00,2025-09-28,21,6,9,1,0,3427
2025-09-28 22:00:00,2025-09-28,22,6,9,1,0,3125
2025-09-28 23:00:00,2025-09-28,23,6,9,1,0,723
2025-09-29 09:00:00,2025-09-29,9,0,9,0,0,1412
2025-09-29 10:00:00,2025-09-29,10,0,9,0,0,1233
2025-09-29 11:00:00,2025-09-29,11,0,9,0,0,2042
2025-09-29 12:00:00,2025-09-29,12,0,9,0,0,2081
2025-09-29 13:00:00,2025-09-29,13,0,9,0,0,1702
2025-09-29 14:00:00,2025-09-29,14,0,9,0,0,2626
2025-09-29 15:00:00,2025-09-29,15,0,9,0,0,2530
2025-09-29 16:00:00,2025-09-29,16,0,9,0,0,2918
2025-09-29 17:00:00,2025-09-29,17,0,9,0,0,2956
2025-09-29 18:00:00,2025-09-29,18,0,9,0,0,2361
2025-09-29 19:00:00,2025-09-29,19,0,9,0,0,1900
2025-09-29 20:00:00,2025-09-29,20,0,9,0,0,2098
2025-09-29 21:00:00,2025-09-29,21,0,9,0,0,2527
2025-09-29 22:00:00,2025-09-29,22,0,9,0,0,2995
2025-09-29 23:00:00,2025-09-29,23,0,9,0,0,539
2025-09-30 09:00:00,2025-09-30,9,1,9,0,0,1087
2025-09-30 10:00:00,2025-09-30,10,1,9,0,0,1397
2025-09-30 11:00:00,2025-09-30,11,1,9,0,0,1766
2025-09-30 12:00:00,2025-09-30,12,1,9,0,0,1499
2025-09-30 13:00:00,2025-09-30,13,1,9,0,0,1859
2025-09-30 14:00:00,2025-09-30,14,1,9,0,0,2453
2025-09-30 15:00:00,2025-09-30,15,1,9,0,0,2258
2025-09-30 16:00:00,2025-09-30,16,1,9,0,0,2977
2025-09-30 17:00:00,2025-09-30,17,1,9,0,0,2204
2025-09-30 18:00:00,2025-09-30,18,1,9,0,0,2144
2025-09-30 19:00:00,2025-09-30,19,1,9,0,0,2207
2025-09-30 20:00:00,2025-09-30,20,1,9,0,0,1977
2025-09-30 21:00:00,2025-09-30,21,1,9,0,0,1942
2025-09-30 22:00:00,2025-09-30,22,1,9,0,0,2456
2025-09-30 23:00:00,2025-09-30,23,1,9,0,0,643
2025-10-01 09:00:00,2025-10-01,9,2,10,0,0,923
2025-10-01 10:00:00,2025-10-01,10,2,10,0,0,1100
2025-10-01 11:00:00,2025-10-01,11,2,10,0,0,2007
2025-10-01 12:00:00,2025-10-01,12,2,10,0,0,1683
2025-10-01 13:00:00,2025-10-01,13,2,10,0,0,2776
2025-10-01 14:00:00,2025-10-01,14,2,10,0,0,3018
2025-10-01 15:00:00,2025-10-01,15,2,10,0,0,1886
2025-10-01 16:00:00,2025-10-01,16,2,10,0,0,3141
2025-10-01 17:00:00,2025-10-01,17,2,10,0,0,2879
2025-10-01 18:00:00,2025-10-01,18,2,10,0,0,2263
2025-10-01 19:00:00,2025-10-01,19,2,10,0,0,1775
2025-10-01 20:00:00,2025-10-01,20,2,10,0,0,2102
2025-10-01 21:00:00,2025-10-01,21,2,10,0,0,2369
2025-10-01 22:00:00,2025-10-01,22,2,10,0,0,2542
2025-10-01 23:00:00,2025-10-01,23,2,10,0,0,543
2025-10-02 09:00:00,2025-10-02,9,3,10,0,0,838
2025-10-02 10:00:00,2025-10-02,10,3,10,0,0,1726
2025-10-02 11:00:00,2025-10-02,11,3,10,0,0,1919
2025-10-02 12:00:00,2025-10-02,12,3,10,0,0,2133
2025-10-02 13:00:00,2025-10-02,13,3,10,0,0,2794
2025-10-02 14:00:00,2025-10-02,14,3,10,0,0,3230
2025-10-02 15:00:00,2025-10-02,15,3,10,0,0,1858
2025-10-02 16:00:00,2025-10-02,16,3,10,0,0,2873
2025-10-02 17:00:00,2025-10-02,17,3,10,0,0,2099
2025-10-02 18:00:00,2025-10-02,18,3,10,0,0,2369
2025-10-02 19:00:00,2025-10-02,19,3,10,0,0,1905
2025-10-02 20:00:00,2025-10-02,20,3,10,0,0,2561
2025-10-02 21:00:00,2025-10-02,21,3,10,0,0,2237
2025-10-02 22:00:00,2025-10-02,22,3,10,0,0,1845
2025-10-02 23:00:00,2025-10-02,23,3,10,0,0,534
2025-10-03 09:00:00,2025-10-03,9,4,10,0,0,835
2025-10-03 10:00:00,2025-10-03,10,4,10,0,0,1681
2025-10-03 11:00:00,2025-10-03,11,4,10,0,0,1612
2025-10-03 12:00:00,2025-10-03,12,4,10,0,0,2511
2025-10-03 13:00:00,2025-10-03,13,4,10,0,0,2336
2025-10-03 14:00:00,2025-10-03,14,4,10,0,0,2849
2025-10-03 15:00:00,2025-10-03,15,4,10,0,0,2628
2025-10-03 16:00:00,2025-10-03,16,4,10,0,0,2790
2025-10-03 17:00:00,2025-10-03,17,4,10,0,0,2804
2025-10-03 18:00:00,2025-10-03,18,4,10,0,0,1906
2025-10-03 19:00:00,2025-10-03,19,4,10,0,0,1723
2025-10-03 20:00:00,2025-10-03,20,4,10,0,0,2432
2025-10-03 21:00:00,2025-10-03,21,4,10,0,0,3065
2025-10-03 22:00:00,2025-10-03,22,4,10,0,0,2133
2025-10-03 23:00:00,2025-10-03,23,4,10,0,0,703
2025-10-04 09:00:00,2025-10-04,9,5,10,1,0,1906
2025-10-04 10:00:00,2025-10-04,10,5,10,1,0,1999
2025-10-04 11:00:00,2025-10-04,11,5,10,1,0,2443
2025-10-04 12:00:00,2025-10-04,12,5,10,1,0,2767
2025-10-04 13:00:00,2025-10-04,13,5,10,1,0,2374
2025-10-04 14:00:00,2025-10-04,14,5,10,1,0,3064
2025-10-04 15:00:00,2025-10-04,15,5,10,1,0,2621
2025-10-04 16:00:00,2025-10-04,16,5,10,1,0,4348
2025-10-04 17:00:00,2025-10-04,17,5,10,1,0,3169
2025-10-04 18:00:00,2025-10-04,18,5,10,1,0,2931
2025-10-04 19:00:00,2025-10-04,19,5,10,1,0,2016
2025-10-04 20:00:00,2025-10-04,20,5,10,1,0,3357
2025-10-04 21:00:00,2025-10-04,21,5,10,1,0,3314
2025-10-04 22:00:00,2025-10-04,22,5,10,1,0,3237
2025-10-04 23:00:00,2025-10-04,23,5,10,1,0,743
2025-10-05 09:00:00,2025-10-05,9,6,10,1,0,1482
2025-10-05 10:00:00,2025-10-05,10,6,10,1,0,2145
2025-10-05 11:00:00,2025-10-05,11,6,10,1,0,2525
2025-10-05 12:00:00,2025-10-05,12,6,10,1,0,3132
2025-10-05 13:00:00,2025-10-05,13,6,10,1,0,3508
2025-10-05 14:00:00,2025-10-05,14,6,10,1,0,4183
2025-10-05 15:00:00,2025-10-05,15,6,10,1,0,4087
2025-10-05 16:00:00,2025-10-05,16,6,10,1,0,3771
2025-10-05 17:00:00,2025-10-05,17,6,10,1,0,4043
2025-10-05 18:00:00,2025-10-05,18,6,10,1,0,3170
2025-10-05 19:00:00,2025-10-05,19,6,10,1,0,2930
2025-10-05 20:00:00,2025-10-05,20,6,10,1,0,3447
2025-10-05 21:00:00,2025-10-05,21,6,10,1,0,2502
2025-10-05 22:00:00,2025-10-05,22,6,10,1,0,3716
2025-10-05 23:00:00,2025-10-05,23,6,10,1,0,775
2025-10-06 09:00:00,2025-10-06,9,0,10,0,0,1131
2025-10-06 10:00:00,2025-10-06,10,0,10,0,0,1549
2025-10-06 11:00:00,2025-10-06,11,0,10,0,0,1799
2025-10-06 12:00:00,2025-10-06,12,0,10,0,0,2296
2025-10-06 13:00:00,2025-10-06,13,0,10,0,0,2353
2025-10-06 14:00:00,2025-10-06,14,0,10,0,0,2203
2025-10-06 15:00:00,2025-10-06,15,0,10,0,0,2761
2025-10-06 16:00:00,2025-10-06,16,0,10,0,0,2605
2025-10-06 17:00:00,2025-10-06,17,0,10,0,0,2252
2025-10-06 18:00:00,2025-10-06,18,0,10,0,0,2307
2025-10-06 19:00:00,2025-10-06,19,0,10,0,0,1919
2025-10-06 20:00:00,2025-10-06,20,0,10,0,0,2490
2025-10-06 21:00:00,2025-10-06,21,0,10,0,0,2086
2025-10-06 22:00:00,2025-10-06,22,0,10,0,0,1922
2025-10-06 23:00:00,2025-10-06,23,0,10,0,0,607
2025-10-07 09:00:00,2025-10-07,9,1,10,0,0,1341
2025-10-07 10:00:00,2025-10-07,10,1,10,0,0,1314
2025-10-07 11:00:00,2025-10-07,11,1,10,0,0,2234
2025-10-07 12:00:00,2025-10-07,12,1,10,0,0,2312
2025-10-07 13:00:00,2025-10-07,13,1,10,0,0,2531
2025-10-07 14:00:00,2025-10-07,14,1,10,0,0,2600
2025-10-07 15:00:00,2025-10-07,15,1,10,0,0,2334
2025-10-07 16:00:00,2025-10-07,16,1,10,0,0,3054
2025-10-07 17:00:00,2025-10-07,17,1,10,0,0,2297
2025-10-07 18:00:00,2025-10-07,18,1,10,0,0,2026
2025-10-07 19:00:00,2025-10-07,19,1,10,0,0,2100
2025-10-07 20:00:00,2025-10-07,20,1,10,0,0,1842
2025-10-07 21:00:00,2025-10-07,21,1,10,0,0,1944
2025-10-07 22:00:00,2025-10-07,22,1,10,0,0,2374
2025-10-07 23:00:00,2025-10-07,23,1,10,0,0,585
2025-10-08 09:00:00,2025-10-08,9,2,10,0,0,1204
2025-10-08 10:00:00,2025-10-08,10,2,10,0,0,1011
2025-10-08 11:00:00,2025-10-08,11,2,10,0,0,2446
2025-10-08 12:00:00,2025-10-08,12,2,10,0,0,2174
2025-10-08 13:00:00,2025-10-08,13,2,10,0,0,2463
2025-10-08 14:00:00,2025-10-08,14,2,10,0,0,2469
2025-10-08 15:00:00,2025-10-08,15,2,10,0,0,2841
2025-10-08 16:00:00,2025-10-08,16,2,10,0,0,2932
2025-10-08 17:00:00,2025-10-08,17,2,10,0,0,2899
2025-10-08 18:00:00,2025-10-08,18,2,10,0,0,1836
2025-10-08 19:00:00,2025-10-08,19,2,10,0,0,1821
2025-10-08 20:00:00,2025-10-08,20,2,10,0,0,1755
2025-10-08 21:00:00,2025-10-08,21,2,10,0,0,1783
2025-10-08 22:00:00,2025-10-08,22,2,10,0,0,2381
2025-10-08 23:00:00,2025-10-08,23,2,10,0,0,602
2025-10-09 09:00:00,2025-10-09,9,3,10,0,0,719
2025-10-09 10:00:00,2025-10-09,10,3,10,0,0,1778
2025-10-09 11:00:00,2025-10-09,11,3,10,0,0,2100
2025-10-09 12:00:00,2025-10-09,12,3,10,0,0,1874
2025-10-09 13:00:00,2025-10-09,13,3,10,0,0,1544
2025-10-09 14:00:00,2025-10-09,14,3,10,0,0,2387
2025-10-09 15:00:00,2025-10-09,15,3,10,0,0,3027
2025-10-09 16:00:00,2025-10-09,16,3,10,0,0,2309
2025-10-09 17:00:00,2025-10-09,17,3,10,0,0,2432
2025-10-09 18:00:00,2025-10-09,18,3,10,0,0,2357
2025-10-09 19:00:00,2025-10-09,19,3,10,0,0,1861
2025-10-09 20:00:00,2025-10-09,20,3,10,0,0,2453
2025-10-09 21:00:00,2025-10-09,21,3,10,0,0,2075
2025-10-09 22:00:00,2025-10-09,22,3,10,0,0,1784
2025-10-09 23:00:00,2025-10-09,23,3,10,0,0,523
2025-10-10 09:00:00,2025-10-10,9,4,10,0,0,1094
2025-10-10 10:00:00,2025-10-10,10,4,10,0,0,1541
2025-10-10 11:00:00,2025-10-10,11,4,10,0,0,1900
2025-10-10 12:00:00,2025-10-10,12,4,10,0,0,1569
2025-10-10 13:00:00,2025-10-10,13,4,10,0,0,2305
2025-10-10 14:00:00,2025-10-10,14,4,10,0,0,2632
2025-10-10 15:00:00,2025-10-10,15,4,10,0,0,2800
2025-10-10 16:00:00,2025-10-10,16,4,10,0,0,2280
2025-10-10 17:00:00,2025-10-10,17,4,10,0,0,2392
2025-10-10 18:00:00,2025-10-10,18,4,10,0,0,2339
2025-10-10 19:00:00,2025-10-10,19,4,10,0,0,1589
2025-10-10 20:00:00,2025-10-10,20,4,10,0,0,2710
2025-10-10 21:00:00,2025-10-10,21,4,10,0,0,2742
2025-10-10 22:00:00,2025-10-10,22,4,10,0,0,2024
2025-10-10 23:00:00,2025-10-10,23,4,10,0,0,657
2025-10-11 09:00:00,2025-10-11,9,5,10,1,0,1510
2025-10-11 10:00:00,2025-10-11,10,5,10,1,0,2124
2025-10-11 11:00:00,2025-10-11,11,5,10,1,0,2382
2025-10-11 12:00:00,2025-10-11,12,5,10,1,0,3352
2025-10-11 13:00:00,2025-10-11,13,5,10,1,0,3586
2025-10-11 14:00:00,2025-10-11,14,5,10,1,0,3326
2025-10-11 15:00:00,2025-10-11,15,5,10,1,0,3251
2025-10-11 16:00:00,2025-10-11,16,5,10,1,0,3040
2025-10-11 17:00:00,2025-10-11,17,5,10,1,0,3497
2025-10-11 18:00:00,2025-10-11,18,5,10,1,0,3225
2025-10-11 19:00:00,2025-10-11,19,5,10,1,0,2731
2025-10-11 20:00:00,2025-10-11,20,5,10,1,0,3167
2025-10-11 21:00:00,2025-10-11,21,5,10,1,0,2766
2025-10-11 22:00:00,2025-10-11,22,5,10,1,0,2950
2025-10-11 23:00:00,2025-10-11,23,5,10,1,0,868
2025-10-12 09:00:00,2025-10-12,9,6,10,1,0,1447
2025-10-12 10:00:00,2025-10-12,10,6,10,1,0,1440
2025-10-12 11:00:00,2025-10-12,11,6,10,1,0,2206
2025-10-12 12:00:00,2025-10-12,12,6,10,1,0,3140
2025-10-12 13:00:00,2025-10-12,13,6,10,1,0,3232
2025-10-12 14:00:00,2025-10-12,14,6,10,1,0,4149
2025-10-12 15:00:00,2025-10-12,15,6,10,1,0,4130
2025-10-12 16:00:00,2025-10-12,16,6,10,1,0,3467
2025-10-12 17:00:00,2025-10-12,17,6,10,1,0,3368
2025-10-12 18:00:00,2025-10-12,18,6,10,1,0,2818
2025-10-12 19:00:00,2025-10-12,19,6,10,1,0,2102
2025-10-12 20:00:00,2025-10-12,20,6,10,1,0,2882
2025-10-12 21:00:00,2025-10-12,21,6,10,1,0,3289
2025-10-12 22:00:00,2025-10-12,22,6,10,1,0,2336
2025-10-12 23:00:00,2025-10-12,23,6,10,1,0,776
2025-10-13 09:00:00,2025-10-13,9,0,10,0,0,1097
2025-10-13 10:00:00,2025-10-13,10,0,10,0,0,1166
2025-10-13 11:00:00,2025-10-13,11,0,10,0,0,1891
2025-10-13 12:00:00,2025-10-13,12,0,10,0,0,2424
2025-10-13 13:00:00,2025-10-13,13,0,10,0,0,1994
2025-10-13 14:00:00,2025-10-13,14,0,10,0,0,1445
2025-10-13 15:00:00,2025-10-13,15,0,10,0,0,2895
2025-10-13 16:00:00,2025-10-13,16,0,10,0,0,2263
2025-10-13 17:00:00,2025-10-13,17,0,10,0,0,2468
2025-10-13 18:00:00,2025-10-13,18,0,10,0,0,2154
2025-10-13 19:00:00,2025-10-13,19,0,10,0,0,2234
2025-10-13 20:00:00,2025-10-13,20,0,10,0,0,2494
2025-10-13 21:00:00,2025-10-13,21,0,10,0,0,2427
2025-10-13 22:00:00,2025-10-13,22,0,10,0,0,2619
2025-10-13 23:00:00,2025-10-13,23,0,10,0,0,590
2025-10-14 09:00:00,2025-10-14,9,1,10,0,0,1075
2025-10-14 10:00:00,2025-10-14,10,1,10,0,0,1691
2025-10-14 11:00:00,2025-10-14,11,1,10,0,0,1626
2025-10-14 12:00:00,2025-10-14,12,1,10,0,0,2322
2025-10-14 13:00:00,2025-10-14,13,1,10,0,0,2063
2025-10-14 14:00:00,2025-10-14,14,1,10,0,0,2797
2025-10-14 15:00:00,2025-10-14,15,1,10,0,0,2864
2025-10-14 16:00:00,2025-10-14,16,1,10,0,0,3280
2025-10-14 17:00:00,2025-10-14,17,1,10,0,0,2057
2025-10-14 18:00:00,2025-10-14,18,1,10,0,0,2074
2025-10-14 19:00:00,2025-10-14,19,1,10,0,0,2062
2025-10-14 20:00:00,2025-10-14,20,1,10,0,0,2475
2025-10-14 21:00:00,2025-10-14,21,1,10,0,0,2431
2025-10-14 22:00:00,2025-10-14,22,1,10,0,0,2106
2025-10-14 23:00:00,2025-10-14,23,1,10,0,0,525
2025-10-15 09:00:00,2025-10-15,9,2,10,0,0,1308
2025-10-15 10:00:00,2025-10-15,10,2,10,0,0,1489
2025-10-15 11:00:00,2025-10-15,11,2,10,0,0,1961
2025-10-15 12:00:00,2025-10-15,12,2,10,0,0,2204
2025-10-15 13:00:00,2025-10-15,13,2,10,0,0,2173
2025-10-15 14:00:00,2025-10-15,14,2,10,0,0,3036
2025-10-15 15:00:00,2025-10-15,15,2,10,0,0,2969
2025-10-15 16:00:00,2025-10-15,16,2,10,0,0,3486
2025-10-15 17:00:00,2025-10-15,17,2,10,0,0,2224
2025-10-15 18:00:00,2025-10-15,18,2,10,0,0,2456
2025-10-15 19:00:00,2025-10-15,19,2,10,0,0,1581
2025-10-15 20:00:00,2025-10-15,20,2,10,0,0,2424
2025-10-15 21:00:00,2025-10-15,21,2,10,0,0,2658
2025-10-15 22:00:00,2025-10-15,22,2,10,0,0,1788
2025-10-15 23:00:00,2025-10-15,23,2,10,0,0,551
2025-10-16 09:00:00,2025-10-16,9,3,10,0,0,1061
2025-10-16 10:00:00,2025-10-16,10,3,10,0,0,1372
2025-10-16 11:00:00,2025-10-16,11,3,10,0,0,1963
2025-10-16 12:00:00,2025-10-16,12,3,10,0,0,2536
2025-10-16 13:00:00,2025-10-16,13,3,10,0,0,2493
2025-10-16 14:00:00,2025-10-16,14,3,10,0,0,2798
2025-10-16 15:00:00,2025-10-16,15,3,10,0,0,2838
2025-10-16 16:00:00,2025-10-16,16,3,10,0,0,2731
2025-10-16 17:00:00,2025-10-16,17,3,10,0,0,2202
2025-10-16 18:00:00,2025-10-16,18,3,10,0,0,2533
2025-10-16 19:00:00,2025-10-16,19,3,10,0,0,1943
2025-10-16 20:00:00,2025-10-16,20,3,10,0,0,2492
2025-10-16 21:00:00,2025-10-16,21,3,10,0,0,2149
2025-10-16 22:00:00,2025-10-16,22,3,10,0,0,2248
2025-10-16 23:00:00,2025-10-16,23,3,10,0,0,553
2025-10-17 09:00:00,2025-10-17,9,4,10,0,0,928
2025-10-17 10:00:00,2025-10-17,10,4,10,0,0,1195
2025-10-17 11:00:00,2025-10-17,11,4,10,0,0,1741
2025-10-17 12:00:00,2025-10-17,12,4,10,0,0,2376
2025-10-17 13:00:00,2025-10-17,13,4,10,0,0,2334
2025-10-17 14:00:00,2025-10-17,14,4,10,0,0,2397
2025-10-17 15:00:00,2025-10-17,15,4,10,0,0,2526
2025-10-17 16:00:00,2025-10-17,16,4,10,0,0,2581
2025-10-17 17:00:00,2025-10-17,17,4,10,0,0,2425
2025-10-17 18:00:00,2025-10-17,18,4,10,0,0,2816
2025-10-17 19:00:00,2025-10-17,19,4,10,0,0,2114
2025-10-17 20:00:00,2025-10-17,20,4,10,0,0,2672
2025-10-17 21:00:00,2025-10-17,21,4,10,0,0,2713
2025-10-17 22:00:00,2025-10-17,22,4,10,0,0,2094
2025-10-17 23:00:00,2025-10-17,23,4,10,0,0,482
2025-10-18 09:00:00,2025-10-18,9,5,10,1,0,1332
2025-10-18 10:00:00,2025-10-18,10,5,10,1,0,2347
2025-10-18 11:00:00,2025-10-18,11,5,10,1,0,2367
2025-10-18 12:00:00,2025-10-18,12,5,10,1,0,2565
2025-10-18 13:00:00,2025-10-18,13,5,10,1,0,3243
2025-10-18 14:00:00,2025-10-18,14,5,10,1,0,3581
2025-10-18 15:00:00,2025-10-18,15,5,10,1,0,3901
2025-10-18 16:00:00,2025-10-18,16,5,10,1,0,3797
2025-10-18 17:00:00,2025-10-18,17,5,10,1,0,3080
2025-10-18 18:00:00,2025-10-18,18,5,10,1,0,3266
2025-10-18 19:00:00,2025-10-18,19,5,10,1,0,2339
2025-10-18 20:00:00,2025-10-18,20,5,10,1,0,3152
2025-10-18 21:00:00,2025-10-18,21,5,10,1,0,3477
2025-10-18 22:00:00,2025-10-18,22,5,10,1,0,2965
2025-10-18 23:00:00,2025-10-18,23,5,10,1,0,711
2025-10-19 09:00:00,2025-10-19,9,6,10,1,0,1645
2025-10-19 10:00:00,2025-10-19,10,6,10,1,0,1815
2025-10-19 11:00:00,2025-10-19,11,6,10,1,0,2416
2025-10-19 12:00:00,2025-10-19,12,6,10,1,0,3219
2025-10-19 13:00:00,2025-10-19,13,6,10,1,0,4263
2025-10-19 14:00:00,2025-10-19,14,6,10,1,0,3954
2025-10-19 15:00:00,2025-10-19,15,6,10,1,0,3994
2025-10-19 16:00:00,2025-10-19,16,6,10,1,0,3921
2025-10-19 17:00:00,2025-10-19,17,6,10,1,0,2979
2025-10-19 18:00:00,2025-10-19,18,6,10,1,0,3060
2025-10-19 19:00:00,2025-10-19,19,6,10,1,0,2524
2025-10-19 20:00:00,2025-10-19,20,6,10,1,0,3336
2025-10-19 21:00:00,2025-10-19,21,6,10,1,0,3257
2025-10-19 22:00:00,2025-10-19,22,6,10,1,0,3359
2025-10-19 23:00:00,2025-10-19,23,6,10,1,0,734
2025-10-20 09:00:00,2025-10-20,9,0,10,0,0,1146
2025-10-20 10:00:00,2025-10-20,10,0,10,0,0,1277
2025-10-20 11:00:00,2025-10-20,11,0,10,0,0,1263
2025-10-20 12:00:00,2025-10-20,12,0,10,0,0,2609
2025-10-20 13:00:00,2025-10-20,13,0,10,0,0,2630
2025-10-20 14:00:00,2025-10-20,14,0,10,0,0,2724
2025-10-20 15:00:00,2025-10-20,15,0,10,0,0,3437
2025-10-20 16:00:00,2025-10-20,16,0,10,0,0,2284
2025-10-20 17:00:00,2025-10-20,17,0,10,0,0,2196
2025-10-20 18:00:00,2025-10-20,18,0,10,0,0,2695
2025-10-20 19:00:00,2025-10-20,19,0,10,0,0,1887
2025-10-20 20:00:00,2025-10-20,20,0,10,0,0,2310
2025-10-20 21:00:00,2025-10-20,21,0,10,0,0,2037
2025-10-20 22:00:00,2025-10-20,22,0,10,0,0,2507
2025-10-20 23:00:00,2025-10-20,23,0,10,0,0,602
2025-10-21 09:00:00,2025-10-21,9,1,10,0,0,988
2025-10-21 10:00:00,2025-10-21,10,1,10,0,0,1473
2025-10-21 11:00:00,2025-10-21,11,1,10,0,0,1801
2025-10-21 12:00:00,2025-10-21,12,1,10,0,0,2304
2025-10-21 13:00:00,2025-10-21,13,1,10,0,0,2193
2025-10-21 14:00:00,2025-10-21,14,1,10,0,0,3141
2025-10-21 15:00:00,2025-10-21,15,1,10,0,0,3107
2025-10-21 16:00:00,2025-10-21,16,1,10,0,0,2611
2025-10-21 17:00:00,2025-10-21,17,1,10,0,0,2467
2025-10-21 18:00:00,2025-10-21,18,1,10,0,0,2199
2025-10-21 19:00:00,2025-10-21,19,1,10,0,0,1701
2025-10-21 20:00:00,2025-10-21,20,1,10,0,0,2253
2025-10-21 21:00:00,2025-10-21,21,1,10,0,0,2302
2025-10-21 22:00:00,2025-10-21,22,1,10,0,0,2840
2025-10-21 23:00:00,2025-10-21,23,1,10,0,0,629
2025-10-22 09:00:00,2025-10-22,9,2,10,0,0,1266
2025-10-22 10:00:00,2025-10-22,10,2,10,0,0,1565
2025-10-22 11:00:00,2025-10-22,11,2,10,0,0,1137
2025-10-22 12:00:00,2025-10-22,12,2,10,0,0,2224
2025-10-22 13:00:00,2025-10-22,13,2,10,0,0,2828
2025-10-22 14:00:00,2025-10-22,14,2,10,0,0,2318
2025-10-22 15:00:00,2025-10-22,15,2,10,0,0,3013
2025-10-22 16:00:00,2025-10-22,16,2,10,0,0,3491
2025-10-22 17:00:00,2025-10-22,17,2,10,0,0,1999
2025-10-22 18:00:00,2025-10-22,18,2,10,0,0,2615
2025-10-22 19:00:00,2025-10-22,19,2,10,0,0,1926
2025-10-22 20:00:00,2025-10-22,20,2,10,0,0,2656
2025-10-22 21:00:00,2025-10-22,21,2,10,0,0,2174
2025-10-22 22:00:00,2025-10-22,22,2,10,0,0,2607
2025-10-22 23:00:00,2025-10-22,23,2,10,0,0,609
2025-10-23 09:00:00,2025-10-23,9,3,10,0,0,1177
2025-10-23 10:00:00,2025-10-23,10,3,10,0,0,1735
2025-10-23 11:00:00,2025-10-23,11,3,10,0,0,1755
2025-10-23 12:00:00,2025-10-23,12,3,10,0,0,2185
2025-10-23 13:00:00,2025-10-23,13,3,10,0,0,2562
2025-10-23 14:00:00,2025-10-23,14,3,10,0,0,2393
2025-10-23 15:00:00,2025-10-23,15,3,10,0,0,2876
2025-10-23 16:00:00,2025-10-23,16,3,10,0,0,2167
2025-10-23 17:00:00,2025-10-23,17,3,10,0,0,2851
2025-10-23 18:00:00,2025-10-23,18,3,10,0,0,2248
2025-10-23 19:00:00,2025-10-23,19,3,10,0,0,1759
2025-10-23 20:00:00,2025-10-23,20,3,10,0,0,2141
2025-10-23 21:00:00,2025-10-23,21,3,10,0,0,2313
2025-10-23 22:00:00,2025-10-23,22,3,10,0,0,2576
2025-10-23 23:00:00,2025-10-23,23,3,10,0,0,602
2025-10-24 09:00:00,2025-10-24,9,4,10,0,0,1042
2025-10-24 10:00:00,2025-10-24,10,4,10,0,0,1346
2025-10-24 11:00:00,2025-10-24,11,4,10,0,0,2024
2025-10-24 12:00:00,2025-10-24,12,4,10,0,0,1429
2025-10-24 13:00:00,2025-10-24,13,4,10,0,0,1786
2025-10-24 14:00:00,2025-10-24,14,4,10,0,0,2771
2025-10-24 15:00:00,2025-10-24,15,4,10,0,0,2904
2025-10-24 16:00:00,2025-10-24,16,4,10,0,0,3012
2025-10-24 17:00:00,2025-10-24,17,4,10,0,0,2149
2025-10-24 18:00:00,2025-10-24,18,4,10,0,0,1723
2025-10-24 19:00:00,2025-10-24,19,4,10,0,0,1749
2025-10-24 20:00:00,2025-10-24,20,4,10,0,0,2894
2025-10-24 21:00:00,2025-10-24,21,4,10,0,0,2957
2025-10-24 22:00:00,2025-10-24,22,4,10,0,0,2032
2025-10-24 23:00:00,2025-10-24,23,4,10,0,0,552
2025-10-25 09:00:00,2025-10-25,9,5,10,1,0,845
2025-10-25 10:00:00,2025-10-25,10,5,10,1,0,1454
2025-10-25 11:00:00,2025-10-25,11,5,10,1,0,2347
2025-10-25 12:00:00,2025-10-25,12,5,10,1,0,2946
2025-10-25 13:00:00,2025-10-25,13,5,10,1,0,3954
2025-10-25 14:00:00,2025-10-25,14,5,10,1,0,4070
2025-10-25 15:00:00,2025-10-25,15,5,10,1,0,3883
2025-10-25 16:00:00,2025-10-25,16,5,10,1,0,3293
2025-10-25 17:00:00,2025-10-25,17,5,10,1,0,3025
2025-10-25 18:00:00,2025-10-25,18,5,10,1,0,3110
2025-10-25 19:00:00,2025-10-25,19,5,10,1,0,2745
2025-10-25 20:00:00,2025-10-25,20,5,10,1,0,3364
2025-10-25 21:00:00,2025-10-25,21,5,10,1,0,2814
2025-10-25 22:00:00,2025-10-25,22,5,10,1,0,3463
2025-10-25 23:00:00,2025-10-25,23,5,10,1,0,802
2025-10-26 09:00:00,2025-10-26,9,6,10,1,0,1339
2025-10-26 10:00:00,2025-10-26,10,6,10,1,0,1832
2025-10-26 11:00:00,2025-10-26,11,6,10,1,0,2743
2025-10-26 12:00:00,2025-10-26,12,6,10,1,0,2933
2025-10-26 13:00:00,2025-10-26,13,6,10,1,0,2850
2025-10-26 14:00:00,2025-10-26,14,6,10,1,0,3908
2025-10-26 15:00:00,2025-10-26,15,6,10,1,0,3559
2025-10-26 16:00:00,2025-10-26,16,6,10,1,0,3682
2025-10-26 17:00:00,2025-10-26,17,6,10,1,0,3446
2025-10-26 18:00:00,2025-10-26,18,6,10,1,0,2754
2025-10-26 19:00:00,2025-10-26,19,6,10,1,0,2256
2025-10-26 20:00:00,2025-10-26,20,6,10,1,0,3483
2025-10-26 21:00:00,2025-10-26,21,6,10,1,0,3538
2025-10-26 22:00:00,2025-10-26,22,6,10,1,0,3445
2025-10-26 23:00:00,2025-10-26,23,6,10,1,0,901
2025-10-27 09:00:00,2025-10-27,9,0,10,0,0,1064
2025-10-27 10:00:00,2025-10-27,10,0,10,0,0,1799
2025-10-27 11:00:00,2025-10-27,11,0,10,0,0,1673
2025-10-27 12:00:00,2025-10-27,12,0,10,0,0,1964
2025-10-27 13:00:00,2025-10-27,13,0,10,0,0,1998
2025-10-27 14:00:00,2025-10-27,14,0,10,0,0,2584
2025-10-27 15:00:00,2025-10-27,15,0,10,0,0,2630
2025-10-27 16:00:00,2025-10-27,16,0,10,0,0,2903
2025-10-27 17:00:00,2025-10-27,17,0,10,0,0,2607
2025-10-27 18:00:00,2025-10-27,18,0,10,0,0,1915
2025-10-27 19:00:00,2025-10-27,19,0,10,0,0,1788
2025-10-27 20:00:00,2025-10-27,20,0,10,0,0,2273
2025-10-27 21:00:00,2025-10-27,21,0,10,0,0,1872
2025-10-27 22:00:00,2025-10-27,22,0,10,0,0,2099
2025-10-27 23:00:00,2025-10-27,23,0,10,0,0,359
2025-10-28 09:00:00,2025-10-28,9,1,10,0,0,1334
2025-10-28 10:00:00,2025-10-28,10,1,10,0,0,1533
2025-10-28 11:00:00,2025-10-28,11,1,10,0,0,2026
2025-10-28 12:00:00,2025-10-28,12,1,10,0,0,1833
2025-10-28 13:00:00,2025-10-28,13,1,10,0,0,2896
2025-10-28 14:00:00,2025-10-28,14,1,10,0,0,3157
2025-10-28 15:00:00,2025-10-28,15,1,10,0,0,2128
2025-10-28 16:00:00,2025-10-28,16,1,10,0,0,2499
2025-10-28 17:00:00,2025-10-28,17,1,10,0,0,2684
2025-10-28 18:00:00,2025-10-28,18,1,10,0,0,2408
2025-10-28 19:00:00,2025-10-28,19,1,10,0,0,1724
2025-10-28 20:00:00,2025-10-28,20,1,10,0,0,1604
2025-10-28 21:00:00,2025-10-28,21,1,10,0,0,2209
2025-10-28 22:00:00,2025-10-28,22,1,10,0,0,2411
2025-10-28 23:00:00,2025-10-28,23,1,10,0,0,646
2025-10-29 09:00:00,2025-10-29,9,2,10,0,0,1033
2025-10-29 10:00:00,2025-10-29,10,2,10,0,0,1175
2025-10-29 11:00:00,2025-10-29,11,2,10,0,0,1700
2025-10-29 12:00:00,2025-10-29,12,2,10,0,0,2008
2025-10-29 13:00:00,2025-10-29,13,2,10,0,0,2782
2025-10-29 14:00:00,2025-10-29,14,2,10,0,0,3032
2025-10-29 15:00:00,2025-10-29,15,2,10,0,0,3086
2025-10-29 16:00:00,2025-10-29,16,2,10,0,0,2299
2025-10-29 17:00:00,2025-10-29,17,2,10,0,0,2391
2025-10-29 18:00:00,2025-10-29,18,2,10,0,0,2456
2025-10-29 19:00:00,2025-10-29,19,2,10,0,0,1886
2025-10-29 20:00:00,2025-10-29,20,2,10,0,0,2073
2025-10-29 21:00:00,2025-10-29,21,2,10,0,0,2510
2025-10-29 22:00:00,2025-10-29,22,2,10,0,0,2175
2025-10-29 23:00:00,2025-10-29,23,2,10,0,0,480
2025-10-30 09:00:00,2025-10-30,9,3,10,0,0,944
2025-10-30 10:00:00,2025-10-30,10,3,10,0,0,1607
2025-10-30 11:00:00,2025-10-30,11,3,10,0,0,2183
2025-10-30 12:00:00,2025-10-30,12,3,10,0,0,2253
2025-10-30 13:00:00,2025-10-30,13,3,10,0,0,2766
2025-10-30 14:00:00,2025-10-30,14,3,10,0,0,3215
2025-10-30 15:00:00,2025-10-30,15,3,10,0,0,2882
2025-10-30 16:00:00,2025-10-30,16,3,10,0,0,2647
2025-10-30 17:00:00,2025-10-30,17,3,10,0,0,2015
2025-10-30 18:00:00,2025-10-30,18,3,10,0,0,2213
2025-10-30 19:00:00,2025-10-30,19,3,10,0,0,2062
2025-10-30 20:00:00,2025-10-30,20,3,10,0,0,2650
2025-10-30 21:00:00,2025-10-30,21,3,10,0,0,2524
2025-10-30 22:00:00,2025-10-30,22,3,10,0,0,2225
2025-10-30 23:00:00,2025-10-30,23,3,10,0,0,431
2025-10-31 09:00:00,2025-10-31,9,4,10,0,0,1070
2025-10-31 10:00:00,2025-10-31,10,4,10,0,0,1443
2025-10-31 11:00:00,2025-10-31,11,4,10,0,0,1806
2025-10-31 12:00:00,2025-10-31,12,4,10,0,0,1681
2025-10-31 13:00:00,2025-10-31,13,4,10,0,0,3137
2025-10-31 14:00:00,2025-10-31,14,4,10,0,0,2771
2025-10-31 15:00:00,2025-10-31,15,4,10,0,0,2727
2025-10-31 16:00:00,2025-10-31,16,4,10,0,0,2645
2025-10-31 17:00:00,2025-10-31,17,4,10,0,0,2571
2025-10-31 18:00:00,2025-10-31,18,4,10,0,0,2013
2025-10-31 19:00:00,2025-10-31,19,4,10,0,0,1903
2025-10-31 20:00:00,2025-10-31,20,4,10,0,0,2508
2025-10-31 21:00:00,2025-10-31,21,4,10,0,0,2439
2025-10-31 22:00:00,2025-10-31,22,4,10,0,0,2510
2025-10-31 23:00:00,2025-10-31,23,4,10,0,0,594
2025-11-01 09:00:00,2025-11-01,9,5,11,1,0,648
2025-11-01 10:00:00,2025-11-01,10,5,11,1,0,1166
2025-11-01 11:00:00,2025-11-01,11,5,11,1,0,1248
2025-11-01 12:00:00,2025-11-01,12,5,11,1,0,1404
2025-11-01 13:00:00,2025-11-01,13,5,11,1,0,1112
2025-11-01 14:00:00,2025-11-01,14,5,11,1,0,2077
2025-11-01 15:00:00,2025-11-01,15,5,11,1,0,1970
2025-11-01 16:00:00,2025-11-01,16,5,11,1,0,1576
2025-11-01 17:00:00,2025-11-01,17,5,11,1,0,1937
2025-11-01 18:00:00,2025-11-01,18,5,11,1,0,1337
2025-11-01 19:00:00,2025-11-01,19,5,11,1,0,1380
2025-11-01 20:00:00,2025-11-01,20,5,11,1,0,1770
2025-11-01 21:00:00,2025-11-01,21,5,11,1,0,1904
2025-11-01 22:00:00,2025-11-01,22,5,11,1,0,2089
2025-11-01 23:00:00,2025-11-01,23,5,11,1,0,239
2025-11-02 09:00:00,2025-11-02,9,6,11,1,0,818
2025-11-02 10:00:00,2025-11-02,10,6,11,1,0,1047
2025-11-02 11:00:00,2025-11-02,11,6,11,1,0,1428
2025-11-02 12:00:00,2025-11-02,12,6,11,1,0,1658
2025-11-02 13:00:00,2025-11-02,13,6,11,1,0,1754
2025-11-02 14:00:00,2025-11-02,14,6,11,1,0,1870
2025-11-02 15:00:00,2025-11-02,15,6,11,1,0,1753
2025-11-02 16:00:00,2025-11-02,16,6,11,1,0,2209
2025-11-02 17:00:00,2025-11-02,17,6,11,1,0,1933
2025-11-02 18:00:00,2025-11-02,18,6,11,1,0,1795
2025-11-02 19:00:00,2025-11-02,19,6,11,1,0,1306
2025-11-02 20:00:00,2025-11-02,20,6,11,1,0,1585
2025-11-02 21:00:00,2025-11-02,21,6,11,1,0,1498
2025-11-02 22:00:00,2025-11-02,22,6,11,1,0,1795
2025-11-02 23:00:00,2025-11-02,23,6,11,1,0,357
2025-11-03 09:00:00,2025-11-03,9,0,11,0,0,745
2025-11-03 10:00:00,2025-11-03,10,0,11,0,0,676
2025-11-03 11:00:00,2025-11-03,11,0,11,0,0,1038
2025-11-03 12:00:00,2025-11-03,12,0,11,0,0,1422
2025-11-03 13:00:00,2025-11-03,13,0,11,0,0,1454
2025-11-03 14:00:00,2025-11-03,14,0,11,0,0,1493
2025-11-03 15:00:00,2025-11-03,15,0,11,0,0,927
2025-11-03 16:00:00,2025-11-03,16,0,11,0,0,1220
2025-11-03 17:00:00,2025-11-03,17,0,11,0,0,1482
2025-11-03 18:00:00,2025-11-03,18,0,11,0,0,1414
2025-11-03 19:00:00,2025-11-03,19,0,11,0,0,952
2025-11-03 20:00:00,2025-11-03,20,0,11,0,0,1100
2025-11-03 21:00:00,2025-11-03,21,0,11,0,0,898
2025-11-03 22:00:00,2025-11-03,22,0,11,0,0,1124
2025-11-03 23:00:00,2025-11-03,23,0,11,0,0,298
2025-11-04 09:00:00,2025-11-04,9,1,11,0,0,726
2025-11-04 10:00:00,2025-11-04,10,1,11,0,0,867
2025-11-04 11:00:00,2025-11-04,11,1,11,0,0,1042
2025-11-04 12:00:00,2025-11-04,12,1,11,0,0,1140
2025-11-04 13:00:00,2025-11-04,13,1,11,0,0,883
2025-11-04 14:00:00,2025-11-04,14,1,11,0,0,1709
2025-11-04 15:00:00,2025-11-04,15,1,11,0,0,1536
2025-11-04 16:00:00,2025-11-04,16,1,11,0,0,1093
2025-11-04 17:00:00,2025-11-04,17,1,11,0,0,1247
2025-11-04 18:00:00,2025-11-04,18,1,11,0,0,752
2025-11-04 19:00:00,2025-11-04,19,1,11,0,0,939
2025-11-04 20:00:00,2025-11-04,20,1,11,0,0,1361
2025-11-04 21:00:00,2025-11-04,21,1,11,0,0,1258
2025-11-04 22:00:00,2025-11-04,22,1,11,0,0,1263
2025-11-04 23:00:00,2025-11-04,23,1,11,0,0,350
2025-11-05 09:00:00,2025-11-05,9,2,11,0,0,391
2025-11-05 10:00:00,2025-11-05,10,2,11,0,0,982
2025-11-05 11:00:00,2025-11-05,11,2,11,0,0,924
2025-11-05 12:00:00,2025-11-05,12,2,11,0,0,1210
2025-11-05 13:00:00,2025-11-05,13,2,11,0,0,1311
2025-11-05 14:00:00,2025-11-05,14,2,11,0,0,1484
2025-11-05 15:00:00,2025-11-05,15,2,11,0,0,1580
2025-11-05 16:00:00,2025-11-05,16,2,11,0,0,1539
2025-11-05 17:00:00,2025-11-05,17,2,11,0,0,1234
2025-11-05 18:00:00,2025-11-05,18,2,11,0,0,1036
2025-11-05 19:00:00,2025-11-05,19,2,11,0,0,1307
2025-11-05 20:00:00,2025-11-05,20,2,11,0,0,1200
2025-11-05 21:00:00,2025-11-05,21,2,11,0,0,1381
2025-11-05 22:00:00,2025-11-05,22,2,11,0,0,1029
2025-11-05 23:00:00,2025-11-05,23,2,11,0,0,292
2025-11-06 09:00:00,2025-11-06,9,3,11,0,0,600
2025-11-06 10:00:00,2025-11-06,10,3,11,0,0,848
2025-11-06 11:00:00,2025-11-06,11,3,11,0,0,676
2025-11-06 12:00:00,2025-11-06,12,3,11,0,0,855
2025-11-06 13:00:00,2025-11-06,13,3,11,0,0,1169
2025-11-06 14:00:00,2025-11-06,14,3,11,0,0,1519
2025-11-06 15:00:00,2025-11-06,15,3,11,0,0,1313
2025-11-06 16:00:00,2025-11-06,16,3,11,0,0,1312
2025-11-06 17:00:00,2025-11-06,17,3,11,0,0,1312
2025-11-06 18:00:00,2025-11-06,18,3,11,0,0,732
2025-11-06 19:00:00,2025-11-06,19,3,11,0,0,948
2025-11-06 20:00:00,2025-11-06,20,3,11,0,0,1092
2025-11-06 21:00:00,2025-11-06,21,3,11,0,0,994
2025-11-06 22:00:00,2025-11-06,22,3,11,0,0,1430
2025-11-06 23:00:00,2025-11-06,23,3,11,0,0,255
2025-11-07 09:00:00,2025-11-07,9,4,11,0,0,596
2025-11-07 10:00:00,2025-11-07,10,4,11,0,0,612
2025-11-07 11:00:00,2025-11-07,11,4,11,0,0,931
2025-11-07 12:00:00,2025-11-07,12,4,11,0,0,1079
2025-11-07 13:00:00,2025-11-07,13,4,11,0,0,1394
2025-11-07 14:00:00,2025-11-07,14,4,11,0,0,1659
2025-11-07 15:00:00,2025-11-07,15,4,11,0,0,1289
2025-11-07 16:00:00,2025-11-07,16,4,11,0,0,1436
2025-11-07 17:00:00,2025-11-07,17,4,11,0,0,1075
2025-11-07 18:00:00,2025-11-07,18,4,11,0,0,1141
2025-11-07 19:00:00,2025-11-07,19,4,11,0,0,1009
2025-11-07 20:00:00,2025-11-07,20,4,11,0,0,1144
2025-11-07 21:00:00,2025-11-07,21,4,11,0,0,1205
2025-11-07 22:00:00,2025-11-07,22,4,11,0,0,1059
2025-11-07 23:00:00,2025-11-07,23,4,11,0,0,305
2025-11-08 09:00:00,2025-11-08,9,5,11,1,0,927
2025-11-08 10:00:00,2025-11-08,10,5,11,1,0,941
2025-11-08 11:00:00,2025-11-08,11,5,11,1,0,1255
2025-11-08 12:00:00,2025-11-08,12,5,11,1,0,1714
2025-11-08 13:00:00,2025-11-08,13,5,11,1,0,2098
2025-11-08 14:00:00,2025-11-08,14,5,11,1,0,1621
2025-11-08 15:00:00,2025-11-08,15,5,11,1,0,1983
2025-11-08 16:00:00,2025-11-08,16,5,11,1,0,2042
2025-11-08 17:00:00,2025-11-08,17,5,11,1,0,1809
2025-11-08 18:00:00,2025-11-08,18,5,11,1,0,1136
2025-11-08 19:00:00,2025-11-08,19,5,11,1,0,1439
2025-11-08 20:00:00,2025-11-08,20,5,11,1,0,2035
2025-11-08 21:00:00,2025-11-08,21,5,11,1,0,1745
2025-11-08 22:00:00,2025-11-08,22,5,11,1,0,1055
2025-11-08 23:00:00,2025-11-08,23,5,11,1,0,383
2025-11-09 09:00:00,2025-11-09,9,6,11,1,0,998
2025-11-09 10:00:00,2025-11-09,10,6,11,1,0,1202
2025-11-09 11:00:00,2025-11-09,11,6,11,1,0,1461
2025-11-09 12:00:00,2025-11-09,12,6,11,1,0,1686
2025-11-09 13:00:00,2025-11-09,13,6,11,1,0,1686
2025-11-09 14:00:00,2025-11-09,14,6,11,1,0,1349
2025-11-09 15:00:00,2025-11-09,15,6,11,1,0,2006
2025-11-09 16:00:00,2025-11-09,16,6,11,1,0,2105
2025-11-09 17:00:00,2025-11-09,17,6,11,1,0,2164
2025-11-09 18:00:00,2025-11-09,18,6,11,1,0,1833
2025-11-09 19:00:00,2025-11-09,19,6,11,1,0,1126
2025-11-09 20:00:00,2025-11-09,20,6,11,1,0,1767
2025-11-09 21:00:00,2025-11-09,21,6,11,1,0,1873
2025-11-09 22:00:00,2025-11-09,22,6,11,1,0,1849
2025-11-09 23:00:00,2025-11-09,23,6,11,1,0,377
2025-11-10 09:00:00,2025-11-10,9,0,11,0,0,823
2025-11-10 10:00:00,2025-11-10,10,0,11,0,0,679
2025-11-10 11:00:00,2025-11-10,11,0,11,0,0,874
2025-11-10 12:00:00,2025-11-10,12,0,11,0,0,1231
2025-11-10 13:00:00,2025-11-10,13,0,11,0,0,1702
2025-11-10 14:00:00,2025-11-10,14,0,11,0,0,1316
2025-11-10 15:00:00,2025-11-10,15,0,11,0,0,1452
2025-11-10 16:00:00,2025-11-10,16,0,11,0,0,1652
2025-11-10 17:00:00,2025-11-10,17,0,11,0,0,1354
2025-11-10 18:00:00,2025-11-10,18,0,11,0,0,1149
2025-11-10 19:00:00,2025-11-10,19,0,11,0,0,1073
2025-11-10 20:00:00,2025-11-10,20,0,11,0,0,1316
2025-11-10 21:00:00,2025-11-10,21,0,11,0,0,1432
2025-11-10 22:00:00,2025-11-10,22,0,11,0,0,1472
2025-11-10 23:00:00,2025-11-10,23,0,11,0,0,314
2025-11-11 09:00:00,2025-11-11,9,1,11,0,0,631
2025-11-11 10:00:00,2025-11-11,10,1,11,0,0,576
2025-11-11 11:00:00,2025-11-11,11,1,11,0,0,1064
2025-11-11 12:00:00,2025-11-11,12,1,11,0,0,843
2025-11-11 13:00:00,2025-11-11,13,1,11,0,0,950
2025-11-11 14:00:00,2025-11-11,14,1,11,0,0,1673
2025-11-11 15:00:00,2025-11-11,15,1,11,0,0,1772
2025-11-11 16:00:00,2025-11-11,16,1,11,0,0,1198
2025-11-11 17:00:00,2025-11-11,17,1,11,0,0,1358
2025-11-11 18:00:00,2025-11-11,18,1,11,0,0,1098
2025-11-11 19:00:00,2025-11-11,19,1,11,0,0,967
2025-11-11 20:00:00,2025-11-11,20,1,11,0,0,1336
2025-11-11 21:00:00,2025-11-11,21,1,11,0,0,1377
2025-11-11 22:00:00,2025-11-11,22,1,11,0,0,1257
2025-11-11 23:00:00,2025-11-11,23,1,11,0,0,233
2025-11-12 09:00:00,2025-11-12,9,2,11,0,0,539
2025-11-12 10:00:00,2025-11-12,10,2,11,0,0,889
2025-11-12 11:00:00,2025-11-12,11,2,11,0,0,674
2025-11-12 12:00:00,2025-11-12,12,2,11,0,0,1368
2025-11-12 13:00:00,2025-11-12,13,2,11,0,0,1442
2025-11-12 14:00:00,2025-11-12,14,2,11,0,0,1694
2025-11-12 15:00:00,2025-11-12,15,2,11,0,0,1464
2025-11-12 16:00:00,2025-11-12,16,2,11,0,0,1101
2025-11-12 17:00:00,2025-11-12,17,2,11,0,0,999
2025-11-12 18:00:00,2025-11-12,18,2,11,0,0,966
2025-11-12 19:00:00,2025-11-12,19,2,11,0,0,1117
2025-11-12 20:00:00,2025-11-12,20,2,11,0,0,1173
2025-11-12 21:00:00,2025-11-12,21,2,11,0,0,1288
2025-11-12 22:00:00,2025-11-12,22,2,11,0,0,1193
2025-11-12 23:00:00,2025-11-12,23,2,11,0,0,273
2025-11-13 09:00:00,2025-11-13,9,3,11,0,0,679
2025-11-13 10:00:00,2025-11-13,10,3,11,0,0,687
2025-11-13 11:00:00,2025-11-13,11,3,11,0,0,897
2025-11-13 12:00:00,2025-11-13,12,3,11,0,0,1039
2025-11-13 13:00:00,2025-11-13,13,3,11,0,0,1114
2025-11-13 14:00:00,2025-11-13,14,3,11,0,0,1488
2025-11-13 15:00:00,2025-11-13,15,3,11,0,0,1709
2025-11-13 16:00:00,2025-11-13,16,3,11,0,0,1430
2025-11-13 17:00:00,2025-11-13,17,3,11,0,0,1112
2025-11-13 18:00:00,2025-11-13,18,3,11,0,0,1318
2025-11-13 19:00:00,2025-11-13,19,3,11,0,0,1208
2025-11-13 20:00:00,2025-11-13,20,3,11,0,0,1176
2025-11-13 21:00:00,2025-11-13,21,3,11,0,0,1201
2025-11-13 22:00:00,2025-11-13,22,3,11,0,0,1353
2025-11-13 23:00:00,2025-11-13,23,3,11,0,0,361
2025-11-14 09:00:00,2025-11-14,9,4,11,0,0,571
2025-11-14 10:00:00,2025-11-14,10,4,11,0,0,674
2025-11-14 11:00:00,2025-11-14,11,4,11,0,0,1081
2025-11-14 12:00:00,2025-11-14,12,4,11,0,0,1312
2025-11-14 13:00:00,2025-11-14,13,4,11,0,0,1358
2025-11-14 14:00:00,2025-11-14,14,4,11,0,0,1364
2025-11-14 15:00:00,2025-11-14,15,4,11,0,0,1678
2025-11-14 16:00:00,2025-11-14,16,4,11,0,0,1555
2025-11-14 17:00:00,2025-11-14,17,4,11,0,0,1232
2025-11-14 18:00:00,2025-11-14,18,4,11,0,0,1204
2025-11-14 19:00:00,2025-11-14,19,4,11,0,0,842
2025-11-14 20:00:00,2025-11-14,20,4,11,0,0,965
2025-11-14 21:00:00,2025-11-14,21,4,11,0,0,1234
2025-11-14 22:00:00,2025-11-14,22,4,11,0,0,1208
2025-11-14 23:00:00,2025-11-14,23,4,11,0,0,301
2025-11-15 09:00:00,2025-11-15,9,5,11,1,0,827
2025-11-15 10:00:00,2025-11-15,10,5,11,1,0,1200
2025-11-15 11:00:00,2025-11-15,11,5,11,1,0,1453
2025-11-15 12:00:00,2025-11-15,12,5,11,1,0,1586
2025-11-15 13:00:00,2025-11-15,13,5,11,1,0,2000
2025-11-15 14:00:00,2025-11-15,14,5,11,1,0,2069
2025-11-15 15:00:00,2025-11-15,15,5,11,1,0,1921
2025-11-15 16:00:00,2025-11-15,16,5,11,1,0,1945
2025-11-15 17:00:00,2025-11-15,17,5,11,1,0,1799
2025-11-15 18:00:00,2025-11-15,18,5,11,1,0,1715
2025-11-15 19:00:00,2025-11-15,19,5,11,1,0,1297
2025-11-15 20:00:00,2025-11-15,20,5,11,1,0,1640
2025-11-15 21:00:00,2025-11-15,21,5,11,1,0,1489
2025-11-15 22:00:00,2025-11-15,22,5,11,1,0,1340
2025-11-15 23:00:00,2025-11-15,23,5,11,1,0,371
2025-11-16 09:00:00,2025-11-16,9,6,11,1,0,879
2025-11-16 10:00:00,2025-11-16,10,6,11,1,0,1099
2025-11-16 11:00:00,2025-11-16,11,6,11,1,0,1421
2025-11-16 12:00:00,2025-11-16,12,6,11,1,0,1643
2025-11-16 13:00:00,2025-11-16,13,6,11,1,0,2093
2025-11-16 14:00:00,2025-11-16,14,6,11,1,0,2056
2025-11-16 15:00:00,2025-11-16,15,6,11,1,0,2009
2025-11-16 16:00:00,2025-11-16,16,6,11,1,0,2222
2025-11-16 17:00:00,2025-11-16,17,6,11,1,0,1883
2025-11-16 18:00:00,2025-11-16,18,6,11,1,0,1640
2025-11-16 19:00:00,2025-11-16,19,6,11,1,0,1408
2025-11-16 20:00:00,2025-11-16,20,6,11,1,0,1701
2025-11-16 21:00:00,2025-11-16,21,6,11,1,0,1723
2025-11-16 22:00:00,2025-11-16,22,6,11,1,0,1600
2025-11-16 23:00:00,2025-11-16,23,6,11,1,0,260
2025-11-17 09:00:00,2025-11-17,9,0,11,0,0,536
2025-11-17 10:00:00,2025-11-17,10,0,11,0,0,668
2025-11-17 11:00:00,2025-11-17,11,0,11,0,0,899
2025-11-17 12:00:00,2025-11-17,12,0,11,0,0,1172
2025-11-17 13:00:00,2025-11-17,13,0,11,0,0,1374
2025-11-17 14:00:00,2025-11-17,14,0,11,0,0,1415
2025-11-17 15:00:00,2025-11-17,15,0,11,0,0,1075
2025-11-17 16:00:00,2025-11-17,16,0,11,0,0,1739
2025-11-17 17:00:00,2025-11-17,17,0,11,0,0,1534
2025-11-17 18:00:00,2025-11-17,18,0,11,0,0,1261
2025-11-17 19:00:00,2025-11-17,19,0,11,0,0,864
2025-11-17 20:00:00,2025-11-17,20,0,11,0,0,1125
2025-11-17 21:00:00,2025-11-17,21,0,11,0,0,1563
2025-11-17 22:00:00,2025-11-17,22,0,11,0,0,1127
2025-11-17 23:00:00,2025-11-17,23,0,11,0,0,311
2025-11-18 09:00:00,2025-11-18,9,1,11,0,0,516
2025-11-18 10:00:00,2025-11-18,10,1,11,0,0,804
2025-11-18 11:00:00,2025-11-18,11,1,11,0,0,1052
2025-11-18 12:00:00,2025-11-18,12,1,11,0,0,1175
2025-11-18 13:00:00,2025-11-18,13,1,11,0,0,1473
2025-11-18 14:00:00,2025-11-18,14,1,11,0,0,1480
2025-11-18 15:00:00,2025-11-18,15,1,11,0,0,1405
2025-11-18 16:00:00,2025-11-18,16,1,11,0,0,1363
2025-11-18 17:00:00,2025-11-18,17,1,11,0,0,1489
2025-11-18 18:00:00,2025-11-18,18,1,11,0,0,1103
2025-11-18 19:00:00,2025-11-18,19,1,11,0,0,1115
2025-11-18 20:00:00,2025-11-18,20,1,11,0,0,1462
2025-11-18 21:00:00,2025-11-18,21,1,11,0,0,1019
2025-11-18 22:00:00,2025-11-18,22,1,11,0,0,1448
2025-11-18 23:00:00,2025-11-18,23,1,11,0,0,377
2025-11-19 09:00:00,2025-11-19,9,2,11,0,0,628
2025-11-19 10:00:00,2025-11-19,10,2,11,0,0,860
2025-11-19 11:00:00,2025-11-19,11,2,11,0,0,1130
2025-11-19 12:00:00,2025-11-19,12,2,11,0,0,810
2025-11-19 13:00:00,2025-11-19,13,2,11,0,0,1386
2025-11-19 14:00:00,2025-11-19,14,2,11,0,0,1232
2025-11-19 15:00:00,2025-11-19,15,2,11,0,0,1524
2025-11-19 16:00:00,2025-11-19,16,2,11,0,0,1550
2025-11-19 17:00:00,2025-11-19,17,2,11,0,0,1441
2025-11-19 18:00:00,2025-11-19,18,2,11,0,0,1350
2025-11-19 19:00:00,2025-11-19,19,2,11,0,0,911
2025-11-19 20:00:00,2025-11-19,20,2,11,0,0,1193
2025-11-19 21:00:00,2025-11-19,21,2,11,0,0,1565
2025-11-19 22:00:00,2025-11-19,22,2,11,0,0,876
2025-11-19 23:00:00,2025-11-19,23,2,11,0,0,310
2025-11-20 09:00:00,2025-11-20,9,3,11,0,0,604
2025-11-20 10:00:00,2025-11-20,10,3,11,0,0,506
2025-11-20 11:00:00,2025-11-20,11,3,11,0,0,1201
2025-11-20 12:00:00,2025-11-20,12,3,11,0,0,1121
2025-11-20 13:00:00,2025-11-20,13,3,11,0,0,1173
2025-11-20 14:00:00,2025-11-20,14,3,11,0,0,1383
2025-11-20 15:00:00,2025-11-20,15,3,11,0,0,797
2025-11-20 16:00:00,2025-11-20,16,3,11,0,0,1348
2025-11-20 17:00:00,2025-11-20,17,3,11,0,0,1199
2025-11-20 18:00:00,2025-11-20,18,3,11,0,0,1286
2025-11-20 19:00:00,2025-11-20,19,3,11,0,0,924
2025-11-20 20:00:00,2025-11-20,20,3,11,0,0,987
2025-11-20 21:00:00,2025-11-20,21,3,11,0,0,1488
2025-11-20 22:00:00,2025-11-20,22,3,11,0,0,1394
2025-11-20 23:00:00,2025-11-20,23,3,11,0,0,295
2025-11-21 09:00:00,2025-11-21,9,4,11,0,0,620
2025-11-21 10:00:00,2025-11-21,10,4,11,0,0,655
2025-11-21 11:00:00,2025-11-21,11,4,11,0,0,989
2025-11-21 12:00:00,2025-11-21,12,4,11,0,0,1074
2025-11-21 13:00:00,2025-11-21,13,4,11,0,0,1029
2025-11-21 14:00:00,2025-11-21,14,4,11,0,0,1914
2025-11-21 15:00:00,2025-11-21,15,4,11,0,0,1589
2025-11-21 16:00:00,2025-11-21,16,4,11,0,0,1113
2025-11-21 17:00:00,2025-11-21,17,4,11,0,0,1298
2025-11-21 18:00:00,2025-11-21,18,4,11,0,0,1215
2025-11-21 19:00:00,2025-11-21,19,4,11,0,0,1016
2025-11-21 20:00:00,2025-11-21,20,4,11,0,0,1163
2025-11-21 21:00:00,2025-11-21,21,4,11,0,0,1312
2025-11-21 22:00:00,2025-11-21,22,4,11,0,0,1084
2025-11-21 23:00:00,2025-11-21,23,4,11,0,0,268
2025-11-22 09:00:00,2025-11-22,9,5,11,1,0,620
2025-11-22 10:00:00,2025-11-22,10,5,11,1,0,951
2025-11-22 11:00:00,2025-11-22,11,5,11,1,0,1445
2025-11-22 12:00:00,2025-11-22,12,5,11,1,0,1351
2025-11-22 13:00:00,2025-11-22,13,5,11,1,0,2220
2025-11-22 14:00:00,2025-11-22,14,5,11,1,0,1791
2025-11-22 15:00:00,2025-11-22,15,5,11,1,0,1970
2025-11-22 16:00:00,2025-11-22,16,5,11,1,0,2053
2025-11-22 17:00:00,2025-11-22,17,5,11,1,0,1707
2025-11-22 18:00:00,2025-11-22,18,5,11,1,0,1644
2025-11-22 19:00:00,2025-11-22,19,5,11,1,0,1015
2025-11-22 20:00:00,2025-11-22,20,5,11,1,0,1919
2025-11-22 21:00:00,2025-11-22,21,5,11,1,0,1884
2025-11-22 22:00:00,2025-11-22,22,5,11,1,0,1180
2025-11-22 23:00:00,2025-11-22,23,5,11,1,0,401
2025-11-23 09:00:00,2025-11-23,9,6,11,1,0,1055
2025-11-23 10:00:00,2025-11-23,10,6,11,1,0,1207
2025-11-23 11:00:00,2025-11-23,11,6,11,1,0,1207
2025-11-23 12:00:00,2025-11-23,12,6,11,1,0,1636
2025-11-23 13:00:00,2025-11-23,13,6,11,1,0,1758
2025-11-23 14:00:00,2025-11-23,14,6,11,1,0,1360
2025-11-23 15:00:00,2025-11-23,15,6,11,1,0,1726
2025-11-23 16:00:00,2025-11-23,16,6,11,1,0,1877
2025-11-23 17:00:00,2025-11-23,17,6,11,1,0,1561
2025-11-23 18:00:00,2025-11-23,18,6,11,1,0,1729
2025-11-23 19:00:00,2025-11-23,19,6,11,1,0,951
2025-11-23 20:00:00,2025-11-23,20,6,11,1,0,1972
2025-11-23 21:00:00,2025-11-23,21,6,11,1,0,1946
2025-11-23 22:00:00,2025-11-23,22,6,11,1,0,1647
2025-11-23 23:00:00,2025-11-23,23,6,11,1,0,444
2025-11-24 09:00:00,2025-11-24,9,0,11,0,0,546
2025-11-24 10:00:00,2025-11-24,10,0,11,0,0,757
2025-11-24 11:00:00,2025-11-24,11,0,11,0,0,1186
2025-11-24 12:00:00,2025-11-24,12,0,11,0,0,1158
2025-11-24 13:00:00,2025-11-24,13,0,11,0,0,1052
2025-11-24 14:00:00,2025-11-24,14,0,11,0,0,1451
2025-11-24 15:00:00,2025-11-24,15,0,11,0,0,1040
2025-11-24 16:00:00,2025-11-24,16,0,11,0,0,1673
2025-11-24 17:00:00,2025-11-24,17,0,11,0,0,1359
2025-11-24 18:00:00,2025-11-24,18,0,11,0,0,1137
2025-11-24 19:00:00,2025-11-24,19,0,11,0,0,1131
2025-11-24 20:00:00,2025-11-24,20,0,11,0,0,1293
2025-11-24 21:00:00,2025-11-24,21,0,11,0,0,1160
2025-11-24 22:00:00,2025-11-24,22,0,11,0,0,1451
2025-11-24 23:00:00,2025-11-24,23,0,11,0,0,309
2025-11-25 09:00:00,2025-11-25,9,1,11,0,0,610
2025-11-25 10:00:00,2025-11-25,10,1,11,0,0,820
2025-11-25 11:00:00,2025-11-25,11,1,11,0,0,876
2025-11-25 12:00:00,2025-11-25,12,1,11,0,0,1121
2025-11-25 13:00:00,2025-11-25,13,1,11,0,0,1357
2025-11-25 14:00:00,2025-11-25,14,1,11,0,0,1428
2025-11-25 15:00:00,2025-11-25,15,1,11,0,0,1729
2025-11-25 16:00:00,2025-11-25,16,1,11,0,0,1501
2025-11-25 17:00:00,2025-11-25,17,1,11,0,0,1496
2025-11-25 18:00:00,2025-11-25,18,1,11,0,0,1199
2025-11-25 19:00:00,2025-11-25,19,1,11,0,0,1132
2025-11-25 20:00:00,2025-11-25,20,1,11,0,0,1335
2025-11-25 21:00:00,2025-11-25,21,1,11,0,0,1277
2025-11-25 22:00:00,2025-11-25,22,1,11,0,0,891
2025-11-25 23:00:00,2025-11-25,23,1,11,0,0,268
2025-11-26 09:00:00,2025-11-26,9,2,11,0,0,452
2025-11-26 10:00:00,2025-11-26,10,2,11,0,0,799
2025-11-26 11:00:00,2025-11-26,11,2,11,0,0,944
2025-11-26 12:00:00,2025-11-26,12,2,11,0,0,1356
2025-11-26 13:00:00,2025-11-26,13,2,11,0,0,1153
2025-11-26 14:00:00,2025-11-26,14,2,11,0,0,1388
2025-11-26 15:00:00,2025-11-26,15,2,11,0,0,1684
2025-11-26 16:00:00,2025-11-26,16,2,11,0,0,1518
2025-11-26 17:00:00,2025-11-26,17,2,11,0,0,1349
2025-11-26 18:00:00,2025-11-26,18,2,11,0,0,863
2025-11-26 19:00:00,2025-11-26,19,2,11,0,0,1027
2025-11-26 20:00:00,2025-11-26,20,2,11,0,0,1042
2025-11-26 21:00:00,2025-11-26,21,2,11,0,0,1221
2025-11-26 22:00:00,2025-11-26,22,2,11,0,0,1522
2025-11-26 23:00:00,2025-11-26,23,2,11,0,0,278
2025-11-27 09:00:00,2025-11-27,9,3,11,0,0,586
2025-11-27 10:00:00,2025-11-27,10,3,11,0,0,750
2025-11-27 11:00:00,2025-11-27,11,3,11,0,0,696
2025-11-27 12:00:00,2025-11-27,12,3,11,0,0,1113
2025-11-27 13:00:00,2025-11-27,13,3,11,0,0,1436
2025-11-27 14:00:00,2025-11-27,14,3,11,0,0,1497
2025-11-27 15:00:00,2025-11-27,15,3,11,0,0,1639
2025-11-27 16:00:00,2025-11-27,16,3,11,0,0,1278
2025-11-27 17:00:00,2025-11-27,17,3,11,0,0,1301
2025-11-27 18:00:00,2025-11-27,18,3,11,0,0,1165
2025-11-27 19:00:00,2025-11-27,19,3,11,0,0,1060
2025-11-27 20:00:00,2025-11-27,20,3,11,0,0,1153
2025-11-27 21:00:00,2025-11-27,21,3,11,0,0,1415
2025-11-27 22:00:00,2025-11-27,22,3,11,0,0,1456
2025-11-27 23:00:00,2025-11-27,23,3,11,0,0,186
2025-11-28 09:00:00,2025-11-28,9,4,11,0,0,573
2025-11-28 10:00:00,2025-11-28,10,4,11,0,0,751
2025-11-28 11:00:00,2025-11-28,11,4,11,0,0,1323
2025-11-28 12:00:00,2025-11-28,12,4,11,0,0,1135
2025-11-28 13:00:00,2025-11-28,13,4,11,0,0,1630
2025-11-28 14:00:00,2025-11-28,14,4,11,0,0,1240
2025-11-28 15:00:00,2025-11-28,15,4,11,0,0,1321
2025-11-28 16:00:00,2025-11-28,16,4,11,0,0,939
2025-11-28 17:00:00,2025-11-28,17,4,11,0,0,1219
2025-11-28 18:00:00,2025-11-28,18,4,11,0,0,1159
2025-11-28 19:00:00,2025-11-28,19,4,11,0,0,919
2025-11-28 20:00:00,2025-11-28,20,4,11,0,0,1149
2025-11-28 21:00:00,2025-11-28,21,4,11,0,0,1452
2025-11-28 22:00:00,2025-11-28,22,4,11,0,0,1462
2025-11-28 23:00:00,2025-11-28,23,4,11,0,0,337
2025-11-29 09:00:00,2025-11-29,9,5,11,1,0,875
2025-11-29 10:00:00,2025-11-29,10,5,11,1,0,767
2025-11-29 11:00:00,2025-11-29,11,5,11,1,0,1276
2025-11-29 12:00:00,2025-11-29,12,5,11,1,0,1432
2025-11-29 13:00:00,2025-11-29,13,5,11,1,0,1912
2025-11-29 14:00:00,2025-11-29,14,5,11,1,0,1187
2025-11-29 15:00:00,2025-11-29,15,5,11,1,0,1783
2025-11-29 16:00:00,2025-11-29,16,5,11,1,0,2248
2025-11-29 17:00:00,2025-11-29,17,5,11,1,0,2250
2025-11-29 18:00:00,2025-11-29,18,5,11,1,0,1185
2025-11-29 19:00:00,2025-11-29,19,5,11,1,0,1537
2025-11-29 20:00:00,2025-11-29,20,5,11,1,0,1670
2025-11-29 21:00:00,2025-11-29,21,5,11,1,0,1444
2025-11-29 22:00:00,2025-11-29,22,5,11,1,0,1847
2025-11-29 23:00:00,2025-11-29,23,5,11,1,0,436
2025-11-30 09:00:00,2025-11-30,9,6,11,1,0,830
2025-11-30 10:00:00,2025-11-30,10,6,11,1,0,736
2025-11-30 11:00:00,2025-11-30,11,6,11,1,0,1514
2025-11-30 12:00:00,2025-11-30,12,6,11,1,0,1425
2025-11-30 13:00:00,2025-11-30,13,6,11,1,0,1662
2025-11-30 14:00:00,2025-11-30,14,6,11,1,0,1736
2025-11-30 15:00:00,2025-11-30,15,6,11,1,0,2045
2025-11-30 16:00:00,2025-11-30,16,6,11,1,0,1717
2025-11-30 17:00:00,2025-11-30,17,6,11,1,0,1177
2025-11-30 18:00:00,2025-11-30,18,6,11,1,0,1480
2025-11-30 19:00:00,2025-11-30,19,6,11,1,0,1314
2025-11-30 20:00:00,2025-11-30,20,6,11,1,0,1414
2025-11-30 21:00:00,2025-11-30,21,6,11,1,0,1739
2025-11-30 22:00:00,2025-11-30,22,6,11,1,0,1385
2025-11-30 23:00:00,2025-11-30,23,6,11,1,0,415
2025-12-01 09:00:00,2025-12-01,9,0,12,0,1,1059
2025-12-01 10:00:00,2025-12-01,10,0,12,0,1,1366
2025-12-01 11:00:00,2025-12-01,11,0,12,0,1,1612
2025-12-01 12:00:00,2025-12-01,12,0,12,0,1,1772
2025-12-01 13:00:00,2025-12-01,13,0,12,0,1,1996
2025-12-01 14:00:00,2025-12-01,14,0,12,0,1,2342
2025-12-01 15:00:00,2025-12-01,15,0,12,0,1,2096
2025-12-01 16:00:00,2025-12-01,16,0,12,0,1,1660
2025-12-01 17:00:00,2025-12-01,17,0,12,0,1,2108
2025-12-01 18:00:00,2025-12-01,18,0,12,0,1,1518
2025-12-01 19:00:00,2025-12-01,19,0,12,0,1,1304
2025-12-01 20:00:00,2025-12-01,20,0,12,0,1,1870
2025-12-01 21:00:00,2025-12-01,21,0,12,0,1,1848
2025-12-01 22:00:00,2025-12-01,22,0,12,0,1,1553
2025-12-01 23:00:00,2025-12-01,23,0,12,0,1,452
2025-12-02 09:00:00,2025-12-02,9,1,12,0,1,998
2025-12-02 10:00:00,2025-12-02,10,1,12,0,1,1018
2025-12-02 11:00:00,2025-12-02,11,1,12,0,1,1699
2025-12-02 12:00:00,2025-12-02,12,1,12,0,1,1427
2025-12-02 13:00:00,2025-12-02,13,1,12,0,1,2496
2025-12-02 14:00:00,2025-12-02,14,1,12,0,1,2039
2025-12-02 15:00:00,2025-12-02,15,1,12,0,1,2238
2025-12-02 16:00:00,2025-12-02,16,1,12,0,1,1658
2025-12-02 17:00:00,2025-12-02,17,1,12,0,1,1975
2025-12-02 18:00:00,2025-12-02,18,1,12,0,1,1804
2025-12-02 19:00:00,2025-12-02,19,1,12,0,1,1459
2025-12-02 20:00:00,2025-12-02,20,1,12,0,1,1743
2025-12-02 21:00:00,2025-12-02,21,1,12,0,1,1657
2025-12-02 22:00:00,2025-12-02,22,1,12,0,1,2123
2025-12-02 23:00:00,2025-12-02,23,1,12,0,1,445
2025-12-03 09:00:00,2025-12-03,9,2,12,0,1,1059
2025-12-03 10:00:00,2025-12-03,10,2,12,0,1,1103
2025-12-03 11:00:00,2025-12-03,11,2,12,0,1,1397
2025-12-03 12:00:00,2025-12-03,12,2,12,0,1,1350
2025-12-03 13:00:00,2025-12-03,13,2,12,0,1,1602
2025-12-03 14:00:00,2025-12-03,14,2,12,0,1,1833
2025-12-03 15:00:00,2025-12-03,15,2,12,0,1,2489
2025-12-03 16:00:00,2025-12-03,16,2,12,0,1,1843
2025-12-03 17:00:00,2025-12-03,17,2,12,0,1,1556
2025-12-03 18:00:00,2025-12-03,18,2,12,0,1,2150
2025-12-03 19:00:00,2025-12-03,19,2,12,0,1,859
2025-12-03 20:00:00,2025-12-03,20,2,12,0,1,1911
2025-12-03 21:00:00,2025-12-03,21,2,12,0,1,1885
2025-12-03 22:00:00,2025-12-03,22,2,12,0,1,1239
2025-12-03 23:00:00,2025-12-03,23,2,12,0,1,429
2025-12-04 09:00:00,2025-12-04,9,3,12,0,1,942
2025-12-04 10:00:00,2025-12-04,10,3,12,0,1,1227
2025-12-04 11:00:00,2025-12-04,11,3,12,0,1,1634
2025-12-04 12:00:00,2025-12-04,12,3,12,0,1,1172
2025-12-04 13:00:00,2025-12-04,13,3,12,0,1,2160
2025-12-04 14:00:00,2025-12-04,14,3,12,0,1,1968
2025-12-04 15:00:00,2025-12-04,15,3,12,0,1,1827
2025-12-04 16:00:00,2025-12-04,16,3,12,0,1,1811
2025-12-04 17:00:00,2025-12-04,17,3,12,0,1,1641
2025-12-04 18:00:00,2025-12-04,18,3,12,0,1,1969
2025-12-04 19:00:00,2025-12-04,19,3,12,0,1,1206
2025-12-04 20:00:00,2025-12-04,20,3,12,0,1,1352
2025-12-04 21:00:00,2025-12-04,21,3,12,0,1,1810
2025-12-04 22:00:00,2025-12-04,22,3,12,0,1,1846
2025-12-04 23:00:00,2025-12-04,23,3,12,0,1,516
2025-12-05 09:00:00,2025-12-05,9,4,12,0,1,847
2025-12-05 10:00:00,2025-12-05,10,4,12,0,1,1263
2025-12-05 11:00:00,2025-12-05,11,4,12,0,1,1481
2025-12-05 12:00:00,2025-12-05,12,4,12,0,1,1724
2025-12-05 13:00:00,2025-12-05,13,4,12,0,1,2540
2025-12-05 14:00:00,2025-12-05,14,4,12,0,1,1774
2025-12-05 15:00:00,2025-12-05,15,4,12,0,1,2540
2025-12-05 16:00:00,2025-12-05,16,4,12,0,1,2314
2025-12-05 17:00:00,2025-12-05,17,4,12,0,1,1876
2025-12-05 18:00:00,2025-12-05,18,4,12,0,1,2100
2025-12-05 19:00:00,2025-12-05,19,4,12,0,1,803
2025-12-05 20:00:00,2025-12-05,20,4,12,0,1,1227
2025-12-05 21:00:00,2025-12-05,21,4,12,0,1,1598
2025-12-05 22:00:00,2025-12-05,22,4,12,0,1,1962
2025-12-05 23:00:00,2025-12-05,23,4,12,0,1,384
2025-12-06 09:00:00,2025-12-06,9,5,12,1,1,1270
2025-12-06 10:00:00,2025-12-06,10,5,12,1,1,1554
2025-12-06 11:00:00,2025-12-06,11,5,12,1,1,1876
2025-12-06 12:00:00,2025-12-06,12,5,12,1,1,2482
2025-12-06 13:00:00,2025-12-06,13,5,12,1,1,2600
2025-12-06 14:00:00,2025-12-06,14,5,12,1,1,2518
2025-12-06 15:00:00,2025-12-06,15,5,12,1,1,3968
2025-12-06 16:00:00,2025-12-06,16,5,12,1,1,1909
2025-12-06 17:00:00,2025-12-06,17,5,12,1,1,1972
2025-12-06 18:00:00,2025-12-06,18,5,12,1,1,2131
2025-12-06 19:00:00,2025-12-06,19,5,12,1,1,1181
2025-12-06 20:00:00,2025-12-06,20,5,12,1,1,2774
2025-12-06 21:00:00,2025-12-06,21,5,12,1,1,2621
2025-12-06 22:00:00,2025-12-06,22,5,12,1,1,2645
2025-12-06 23:00:00,2025-12-06,23,5,12,1,1,573
2025-12-07 09:00:00,2025-12-07,9,6,12,1,1,1167
2025-12-07 10:00:00,2025-12-07,10,6,12,1,1,1518
2025-12-07 11:00:00,2025-12-07,11,6,12,1,1,1971
2025-12-07 12:00:00,2025-12-07,12,6,12,1,1,2609
2025-12-07 13:00:00,2025-12-07,13,6,12,1,1,2795
2025-12-07 14:00:00,2025-12-07,14,6,12,1,1,3070
2025-12-07 15:00:00,2025-12-07,15,6,12,1,1,3148
2025-12-07 16:00:00,2025-12-07,16,6,12,1,1,3204
2025-12-07 17:00:00,2025-12-07,17,6,12,1,1,2780
2025-12-07 18:00:00,2025-12-07,18,6,12,1,1,2473
2025-12-07 19:00:00,2025-12-07,19,6,12,1,1,2274
2025-12-07 20:00:00,2025-12-07,20,6,12,1,1,2323
2025-12-07 21:00:00,2025-12-07,21,6,12,1,1,2265
2025-12-07 22:00:00,2025-12-07,22,6,12,1,1,2165
2025-12-07 23:00:00,2025-12-07,23,6,12,1,1,428
2025-12-08 09:00:00,2025-12-08,9,0,12,0,1,695
2025-12-08 10:00:00,2025-12-08,10,0,12,0,1,1242
2025-12-08 11:00:00,2025-12-08,11,0,12,0,1,1455
2025-12-08 12:00:00,2025-12-08,12,0,12,0,1,1995
2025-12-08 13:00:00,2025-12-08,13,0,12,0,1,1830
2025-12-08 14:00:00,2025-12-08,14,0,12,0,1,2093
2025-12-08 15:00:00,2025-12-08,15,0,12,0,1,2496
2025-12-08 16:00:00,2025-12-08,16,0,12,0,1,2501
2025-12-08 17:00:00,2025-12-08,17,0,12,0,1,1828
2025-12-08 18:00:00,2025-12-08,18,0,12,0,1,1795
2025-12-08 19:00:00,2025-12-08,19,0,12,0,1,1526
2025-12-08 20:00:00,2025-12-08,20,0,12,0,1,1953
2025-12-08 21:00:00,2025-12-08,21,0,12,0,1,1267
2025-12-08 22:00:00,2025-12-08,22,0,12,0,1,2157
2025-12-08 23:00:00,2025-12-08,23,0,12,0,1,343
2025-12-09 09:00:00,2025-12-09,9,1,12,0,1,849
2025-12-09 10:00:00,2025-12-09,10,1,12,0,1,1240
2025-12-09 11:00:00,2025-12-09,11,1,12,0,1,1555
2025-12-09 12:00:00,2025-12-09,12,1,12,0,1,2041
2025-12-09 13:00:00,2025-12-09,13,1,12,0,1,2276
2025-12-09 14:00:00,2025-12-09,14,1,12,0,1,2072
2025-12-09 15:00:00,2025-12-09,15,1,12,0,1,2543
2025-12-09 16:00:00,2025-12-09,16,1,12,0,1,1961
2025-12-09 17:00:00,2025-12-09,17,1,12,0,1,2213
2025-12-09 18:00:00,2025-12-09,18,1,12,0,1,2138
2025-12-09 19:00:00,2025-12-09,19,1,12,0,1,1689
2025-12-09 20:00:00,2025-12-09,20,1,12,0,1,1893
2025-12-09 21:00:00,2025-12-09,21,1,12,0,1,1795
2025-12-09 22:00:00,2025-12-09,22,1,12,0,1,1526
2025-12-09 23:00:00,2025-12-09,23,1,12,0,1,460
2025-12-10 09:00:00,2025-12-10,9,2,12,0,1,542
2025-12-10 10:00:00,2025-12-10,10,2,12,0,1,1065
2025-12-10 11:00:00,2025-12-10,11,2,12,0,1,1263
2025-12-10 12:00:00,2025-12-10,12,2,12,0,1,1161
2025-12-10 13:00:00,2025-12-10,13,2,12,0,1,1983
2025-12-10 14:00:00,2025-12-10,14,2,12,0,1,1551
2025-12-10 15:00:00,2025-12-10,15,2,12,0,1,1429
2025-12-10 16:00:00,2025-12-10,16,2,12,0,1,2421
2025-12-10 17:00:00,2025-12-10,17,2,12,0,1,1940
2025-12-10 18:00:00,2025-12-10,18,2,12,0,1,1590
2025-12-10 19:00:00,2025-12-10,19,2,12,0,1,1514
2025-12-10 20:00:00,2025-12-10,20,2,12,0,1,2310
2025-12-10 21:00:00,2025-12-10,21,2,12,0,1,1945
2025-12-10 22:00:00,2025-12-10,22,2,12,0,1,1788
2025-12-10 23:00:00,2025-12-10,23,2,12,0,1,362
2025-12-11 09:00:00,2025-12-11,9,3,12,0,1,870
2025-12-11 10:00:00,2025-12-11,10,3,12,0,1,1210
2025-12-11 11:00:00,2025-12-11,11,3,12,0,1,1406
2025-12-11 12:00:00,2025-12-11,12,3,12,0,1,1405
2025-12-11 13:00:00,2025-12-11,13,3,12,0,1,1787
2025-12-11 14:00:00,2025-12-11,14,3,12,0,1,2520
2025-12-11 15:00:00,2025-12-11,15,3,12,0,1,2578
2025-12-11 16:00:00,2025-12-11,16,3,12,0,1,1917
2025-12-11 17:00:00,2025-12-11,17,3,12,0,1,2151
2025-12-11 18:00:00,2025-12-11,18,3,12,0,1,1508
2025-12-11 19:00:00,2025-12-11,19,3,12,0,1,1206
2025-12-11 20:00:00,2025-12-11,20,3,12,0,1,1925
2025-12-11 21:00:00,2025-12-11,21,3,12,0,1,2083
2025-12-11 22:00:00,2025-12-11,22,3,12,0,1,1485
2025-12-11 23:00:00,2025-12-11,23,3,12,0,1,480
2025-12-12 09:00:00,2025-12-12,9,4,12,0,1,893
2025-12-12 10:00:00,2025-12-12,10,4,12,0,1,1297
2025-12-12 11:00:00,2025-12-12,11,4,12,0,1,1636
2025-12-12 12:00:00,2025-12-12,12,4,12,0,1,1770
2025-12-12 13:00:00,2025-12-12,13,4,12,0,1,1847
2025-12-12 14:00:00,2025-12-12,14,4,12,0,1,2346
2025-12-12 15:00:00,2025-12-12,15,4,12,0,1,2184
2025-12-12 16:00:00,2025-12-12,16,4,12,0,1,1920
2025-12-12 17:00:00,2025-12-12,17,4,12,0,1,1770
2025-12-12 18:00:00,2025-12-12,18,4,12,0,1,1445
2025-12-12 19:00:00,2025-12-12,19,4,12,0,1,1384
2025-12-12 20:00:00,2025-12-12,20,4,12,0,1,2117
2025-12-12 21:00:00,2025-12-12,21,4,12,0,1,1909
2025-12-12 22:00:00,2025-12-12,22,4,12,0,1,1751
2025-12-12 23:00:00,2025-12-12,23,4,12,0,1,487
2025-12-13 09:00:00,2025-12-13,9,5,12,1,1,1086
2025-12-13 10:00:00,2025-12-13,10,5,12,1,1,1607
2025-12-13 11:00:00,2025-12-13,11,5,12,1,1,1947
2025-12-13 12:00:00,2025-12-13,12,5,12,1,1,1815
2025-12-13 13:00:00,2025-12-13,13,5,12,1,1,2178
2025-12-13 14:00:00,2025-12-13,14,5,12,1,1,2601
2025-12-13 15:00:00,2025-12-13,15,5,12,1,1,1670
2025-12-13 16:00:00,2025-12-13,16,5,12,1,1,2806
2025-12-13 17:00:00,2025-12-13,17,5,12,1,1,3078
2025-12-13 18:00:00,2025-12-13,18,5,12,1,1,1559
2025-12-13 19:00:00,2025-12-13,19,5,12,1,1,1868
2025-12-13 20:00:00,2025-12-13,20,5,12,1,1,2788
2025-12-13 21:00:00,2025-12-13,21,5,12,1,1,2848
2025-12-13 22:00:00,2025-12-13,22,5,12,1,1,2497
2025-12-13 23:00:00,2025-12-13,23,5,12,1,1,648
2025-12-14 09:00:00,2025-12-14,9,6,12,1,1,1051
2025-12-14 10:00:00,2025-12-14,10,6,12,1,1,1852
2025-12-14 11:00:00,2025-12-14,11,6,12,1,1,2504
2025-12-14 12:00:00,2025-12-14,12,6,12,1,1,2519
2025-12-14 13:00:00,2025-12-14,13,6,12,1,1,1410
2025-12-14 14:00:00,2025-12-14,14,6,12,1,1,2702
2025-12-14 15:00:00,2025-12-14,15,6,12,1,1,3188
2025-12-14 16:00:00,2025-12-14,16,6,12,1,1,2750
2025-12-14 17:00:00,2025-12-14,17,6,12,1,1,3097
2025-12-14 18:00:00,2025-12-14,18,6,12,1,1,2538
2025-12-14 19:00:00,2025-12-14,19,6,12,1,1,1822
2025-12-14 20:00:00,2025-12-14,20,6,12,1,1,2534
2025-12-14 21:00:00,2025-12-14,21,6,12,1,1,2253
2025-12-14 22:00:00,2025-12-14,22,6,12,1,1,2469
2025-12-14 23:00:00,2025-12-14,23,6,12,1,1,559
2025-12-15 09:00:00,2025-12-15,9,0,12,0,1,1020
2025-12-15 10:00:00,2025-12-15,10,0,12,0,1,1476
2025-12-15 11:00:00,2025-12-15,11,0,12,0,1,1221
2025-12-15 12:00:00,2025-12-15,12,0,12,0,1,1351
2025-12-15 13:00:00,2025-12-15,13,0,12,0,1,1932
2025-12-15 14:00:00,2025-12-15,14,0,12,0,1,1228
2025-12-15 15:00:00,2025-12-15,15,0,12,0,1,2212
2025-12-15 16:00:00,2025-12-15,16,0,12,0,1,2338
2025-12-15 17:00:00,2025-12-15,17,0,12,0,1,2347
2025-12-15 18:00:00,2025-12-15,18,0,12,0,1,1799
2025-12-15 19:00:00,2025-12-15,19,0,12,0,1,1440
2025-12-15 20:00:00,2025-12-15,20,0,12,0,1,1426
2025-12-15 21:00:00,2025-12-15,21,0,12,0,1,1875
2025-12-15 22:00:00,2025-12-15,22,0,12,0,1,1885
2025-12-15 23:00:00,2025-12-15,23,0,12,0,1,478
2025-12-16 09:00:00,2025-12-16,9,1,12,0,1,818
2025-12-16 10:00:00,2025-12-16,10,1,12,0,1,1116
2025-12-16 11:00:00,2025-12-16,11,1,12,0,1,1213
2025-12-16 12:00:00,2025-12-16,12,1,12,0,1,1273
2025-12-16 13:00:00,2025-12-16,13,1,12,0,1,1725
2025-12-16 14:00:00,2025-12-16,14,1,12,0,1,1741
2025-12-16 15:00:00,2025-12-16,15,1,12,0,1,2288
2025-12-16 16:00:00,2025-12-16,16,1,12,0,1,2012
2025-12-16 17:00:00,2025-12-16,17,1,12,0,1,1862
2025-12-16 18:00:00,2025-12-16,18,1,12,0,1,1549
2025-12-16 19:00:00,2025-12-16,19,1,12,0,1,902
2025-12-16 20:00:00,2025-12-16,20,1,12,0,1,2208
2025-12-16 21:00:00,2025-12-16,21,1,12,0,1,1645
2025-12-16 22:00:00,2025-12-16,22,1,12,0,1,1777
2025-12-16 23:00:00,2025-12-16,23,1,12,0,1,366
2025-12-17 09:00:00,2025-12-17,9,2,12,0,1,998
2025-12-17 10:00:00,2025-12-17,10,2,12,0,1,1197
2025-12-17 11:00:00,2025-12-17,11,2,12,0,1,1328
2025-12-17 12:00:00,2025-12-17,12,2,12,0,1,1674
2025-12-17 13:00:00,2025-12-17,13,2,12,0,1,2391
2025-12-17 14:00:00,2025-12-17,14,2,12,0,1,2126
2025-12-17 15:00:00,2025-12-17,15,2,12,0,1,2152
2025-12-17 16:00:00,2025-12-17,16,2,12,0,1,1903
2025-12-17 17:00:00,2025-12-17,17,2,12,0,1,1538
2025-12-17 18:00:00,2025-12-17,18,2,12,0,1,1722
2025-12-17 19:00:00,2025-12-17,19,2,12,0,1,1532
2025-12-17 20:00:00,2025-12-17,20,2,12,0,1,2116
2025-12-17 21:00:00,2025-12-17,21,2,12,0,1,1365
2025-12-17 22:00:00,2025-12-17,22,2,12,0,1,1617
2025-12-17 23:00:00,2025-12-17,23,2,12,0,1,413
2025-12-18 09:00:00,2025-12-18,9,3,12,0,1,894
2025-12-18 10:00:00,2025-12-18,10,3,12,0,1,809
2025-12-18 11:00:00,2025-12-18,11,3,12,0,1,1453
2025-12-18 12:00:00,2025-12-18,12,3,12,0,1,1842
2025-12-18 13:00:00,2025-12-18,13,3,12,0,1,1774
2025-12-18 14:00:00,2025-12-18,14,3,12,0,1,2386
2025-12-18 15:00:00,2025-12-18,15,3,12,0,1,2314
2025-12-18 16:00:00,2025-12-18,16,3,12,0,1,2063
2025-12-18 17:00:00,2025-12-18,17,3,12,0,1,2373
2025-12-18 18:00:00,2025-12-18,18,3,12,0,1,2084
2025-12-18 19:00:00,2025-12-18,19,3,12,0,1,1639
2025-12-18 20:00:00,2025-12-18,20,3,12,0,1,1192
2025-12-18 21:00:00,2025-12-18,21,3,12,0,1,2224
2025-12-18 22:00:00,2025-12-18,22,3,12,0,1,2048
2025-12-18 23:00:00,2025-12-18,23,3,12,0,1,551
2025-12-19 09:00:00,2025-12-19,9,4,12,0,1,1027
2025-12-19 10:00:00,2025-12-19,10,4,12,0,1,980
2025-12-19 11:00:00,2025-12-19,11,4,12,0,1,1630
2025-12-19 12:00:00,2025-12-19,12,4,12,0,1,2041
2025-12-19 13:00:00,2025-12-19,13,4,12,0,1,2466
2025-12-19 14:00:00,2025-12-19,14,4,12,0,1,2201
2025-12-19 15:00:00,2025-12-19,15,4,12,0,1,1784
2025-12-19 16:00:00,2025-12-19,16,4,12,0,1,2066
2025-12-19 17:00:00,2025-12-19,17,4,12,0,1,2083
2025-12-19 18:00:00,2025-12-19,18,4,12,0,1,1772
2025-12-19 19:00:00,2025-12-19,19,4,12,0,1,1254
2025-12-19 20:00:00,2025-12-19,20,4,12,0,1,1503
2025-12-19 21:00:00,2025-12-19,21,4,12,0,1,1703
2025-12-19 22:00:00,2025-12-19,22,4,12,0,1,2051
2025-12-19 23:00:00,2025-12-19,23,4,12,0,1,528
2025-12-20 09:00:00,2025-12-20,9,5,12,1,1,1340
2025-12-20 10:00:00,2025-12-20,10,5,12,1,1,1791
2025-12-20 11:00:00,2025-12-20,11,5,12,1,1,1971
2025-12-20 12:00:00,2025-12-20,12,5,12,1,1,1875
2025-12-20 13:00:00,2025-12-20,13,5,12,1,1,2540
2025-12-20 14:00:00,2025-12-20,14,5,12,1,1,2806
2025-12-20 15:00:00,2025-12-20,15,5,12,1,1,2792
2025-12-20 16:00:00,2025-12-20,16,5,12,1,1,2915
2025-12-20 17:00:00,2025-12-20,17,5,12,1,1,2829
2025-12-20 18:00:00,2025-12-20,18,5,12,1,1,2614
2025-12-20 19:00:00,2025-12-20,19,5,12,1,1,1924
2025-12-20 20:00:00,2025-12-20,20,5,12,1,1,1947
2025-12-20 21:00:00,2025-12-20,21,5,12,1,1,2378
2025-12-20 22:00:00,2025-12-20,22,5,12,1,1,2537
2025-12-20 23:00:00,2025-12-20,23,5,12,1,1,687
2025-12-21 09:00:00,2025-12-21,9,6,12,1,1,1125
2025-12-21 10:00:00,2025-12-21,10,6,12,1,1,1687
2025-12-21 11:00:00,2025-12-21,11,6,12,1,1,2060
2025-12-21 12:00:00,2025-12-21,12,6,12,1,1,2384
2025-12-21 13:00:00,2025-12-21,13,6,12,1,1,2987
2025-12-21 14:00:00,2025-12-21,14,6,12,1,1,2666
2025-12-21 15:00:00,2025-12-21,15,6,12,1,1,2765
2025-12-21 16:00:00,2025-12-21,16,6,12,1,1,2024
2025-12-21 17:00:00,2025-12-21,17,6,12,1,1,2480
2025-12-21 18:00:00,2025-12-21,18,6,12,1,1,2516
2025-12-21 19:00:00,2025-12-21,19,6,12,1,1,1820
2025-12-21 20:00:00,2025-12-21,20,6,12,1,1,2593
2025-12-21 21:00:00,2025-12-21,21,6,12,1,1,2494
2025-12-21 22:00:00,2025-12-21,22,6,12,1,1,2589
2025-12-21 23:00:00,2025-12-21,23,6,12,1,1,566
2025-12-22 09:00:00,2025-12-22,9,0,12,0,1,858
2025-12-22 10:00:00,2025-12-22,10,0,12,0,1,1191
2025-12-22 11:00:00,2025-12-22,11,0,12,0,1,1510
2025-12-22 12:00:00,2025-12-22,12,0,12,0,1,1755
2025-12-22 13:00:00,2025-12-22,13,0,12,0,1,2398
2025-12-22 14:00:00,2025-12-22,14,0,12,0,1,1890
2025-12-22 15:00:00,2025-12-22,15,0,12,0,1,2183
2025-12-22 16:00:00,2025-12-22,16,0,12,0,1,1740
2025-12-22 17:00:00,2025-12-22,17,0,12,0,1,2079
2025-12-22 18:00:00,2025-12-22,18,0,12,0,1,1521
2025-12-22 19:00:00,2025-12-22,19,0,12,0,1,1425
2025-12-22 20:00:00,2025-12-22,20,0,12,0,1,1786
2025-12-22 21:00:00,2025-12-22,21,0,12,0,1,1933
2025-12-22 22:00:00,2025-12-22,22,0,12,0,1,1745
2025-12-22 23:00:00,2025-12-22,23,0,12,0,1,412
2025-12-23 09:00:00,2025-12-23,9,1,12,0,1,1048
2025-12-23 10:00:00,2025-12-23,10,1,12,0,1,1217
2025-12-23 11:00:00,2025-12-23,11,1,12,0,1,1375
2025-12-23 12:00:00,2025-12-23,12,1,12,0,1,1703
2025-12-23 13:00:00,2025-12-23,13,1,12,0,1,2383
2025-12-23 14:00:00,2025-12-23,14,1,12,0,1,2085
2025-12-23 15:00:00,2025-12-23,15,1,12,0,1,2018
2025-12-23 16:00:00,2025-12-23,16,1,12,0,1,1969
2025-12-23 17:00:00,2025-12-23,17,1,12,0,1,1859
2025-12-23 18:00:00,2025-12-23,18,1,12,0,1,1631
2025-12-23 19:00:00,2025-12-23,19,1,12,0,1,1248
2025-12-23 20:00:00,2025-12-23,20,1,12,0,1,1617
2025-12-23 21:00:00,2025-12-23,21,1,12,0,1,1683
2025-12-23 22:00:00,2025-12-23,22,1,12,0,1,2002
2025-12-23 23:00:00,2025-12-23,23,1,12,0,1,423
2025-12-24 09:00:00,2025-12-24,9,2,12,0,1,872
2025-12-24 10:00:00,2025-12-24,10,2,12,0,1,1357
2025-12-24 11:00:00,2025-12-24,11,2,12,0,1,1703
2025-12-24 12:00:00,2025-12-24,12,2,12,0,1,1697
2025-12-24 13:00:00,2025-12-24,13,2,12,0,1,1839
2025-12-24 14:00:00,2025-12-24,14,2,12,0,1,1923
2025-12-24 15:00:00,2025-12-24,15,2,12,0,1,2382
2025-12-24 16:00:00,2025-12-24,16,2,12,0,1,2092
2025-12-24 17:00:00,2025-12-24,17,2,12,0,1,1898
2025-12-24 18:00:00,2025-12-24,18,2,12,0,1,1585
2025-12-24 19:00:00,2025-12-24,19,2,12,0,1,1338
2025-12-24 20:00:00,2025-12-24,20,2,12,0,1,1941
2025-12-24 21:00:00,2025-12-24,21,2,12,0,1,1574
2025-12-24 22:00:00,2025-12-24,22,2,12,0,1,2093
2025-12-24 23:00:00,2025-12-24,23,2,12,0,1,415
2025-12-25 09:00:00,2025-12-25,9,3,12,0,1,878
2025-12-25 10:00:00,2025-12-25,10,3,12,0,1,988
2025-12-25 11:00:00,2025-12-25,11,3,12,0,1,1472
2025-12-25 12:00:00,2025-12-25,12,3,12,0,1,1687
2025-12-25 13:00:00,2025-12-25,13,3,12,0,1,1978
2025-12-25 14:00:00,2025-12-25,14,3,12,0,1,2524
2025-12-25 15:00:00,2025-12-25,15,3,12,0,1,2246
2025-12-25 16:00:00,2025-12-25,16,3,12,0,1,1941
2025-12-25 17:00:00,2025-12-25,17,3,12,0,1,1274
2025-12-25 18:00:00,2025-12-25,18,3,12,0,1,1882
2025-12-25 19:00:00,2025-12-25,19,3,12,0,1,1704
2025-12-25 20:00:00,2025-12-25,20,3,12,0,1,1933
2025-12-25 21:00:00,2025-12-25,21,3,12,0,1,2024
2025-12-25 22:00:00,2025-12-25,22,3,12,0,1,2006
2025-12-25 23:00:00,2025-12-25,23,3,12,0,1,519
2025-12-26 09:00:00,2025-12-26,9,4,12,0,1,685
2025-12-26 10:00:00,2025-12-26,10,4,12,0,1,1271
2025-12-26 11:00:00,2025-12-26,11,4,12,0,1,1648
2025-12-26 12:00:00,2025-12-26,12,4,12,0,1,1474
2025-12-26 13:00:00,2025-12-26,13,4,12,0,1,1779
2025-12-26 14:00:00,2025-12-26,14,4,12,0,1,1926
2025-12-26 15:00:00,2025-12-26,15,4,12,0,1,2007
2025-12-26 16:00:00,2025-12-26,16,4,12,0,1,2021
2025-12-26 17:00:00,2025-12-26,17,4,12,0,1,2048
2025-12-26 18:00:00,2025-12-26,18,4,12,0,1,1939
2025-12-26 19:00:00,2025-12-26,19,4,12,0,1,1666
2025-12-26 20:00:00,2025-12-26,20,4,12,0,1,1681
2025-12-26 21:00:00,2025-12-26,21,4,12,0,1,1176
2025-12-26 22:00:00,2025-12-26,22,4,12,0,1,2165
2025-12-26 23:00:00,2025-12-26,23,4,12,0,1,478
2025-12-27 09:00:00,2025-12-27,9,5,12,1,1,1219
2025-12-27 10:00:00,2025-12-27,10,5,12,1,1,1680
2025-12-27 11:00:00,2025-12-27,11,5,12,1,1,1983
2025-12-27 12:00:00,2025-12-27,12,5,12,1,1,2520
2025-12-27 13:00:00,2025-12-27,13,5,12,1,1,2578
2025-12-27 14:00:00,2025-12-27,14,5,12,1,1,2990
2025-12-27 15:00:00,2025-12-27,15,5,12,1,1,2431
2025-12-27 16:00:00,2025-12-27,16,5,12,1,1,1860
2025-12-27 17:00:00,2025-12-27,17,5,12,1,1,1728
2025-12-27 18:00:00,2025-12-27,18,5,12,1,1,2265
2025-12-27 19:00:00,2025-12-27,19,5,12,1,1,1769
2025-12-27 20:00:00,2025-12-27,20,5,12,1,1,2362
2025-12-27 21:00:00,2025-12-27,21,5,12,1,1,2065
2025-12-27 22:00:00,2025-12-27,22,5,12,1,1,2690
2025-12-27 23:00:00,2025-12-27,23,5,12,1,1,593
2025-12-28 09:00:00,2025-12-28,9,6,12,1,1,960
2025-12-28 10:00:00,2025-12-28,10,6,12,1,1,1430
2025-12-28 11:00:00,2025-12-28,11,6,12,1,1,2071
2025-12-28 12:00:00,2025-12-28,12,6,12,1,1,2217
2025-12-28 13:00:00,2025-12-28,13,6,12,1,1,2462
2025-12-28 14:00:00,2025-12-28,14,6,12,1,1,2870
2025-12-28 15:00:00,2025-12-28,15,6,12,1,1,3092
2025-12-28 16:00:00,2025-12-28,16,6,12,1,1,2397
2025-12-28 17:00:00,2025-12-28,17,6,12,1,1,2864
2025-12-28 18:00:00,2025-12-28,18,6,12,1,1,2143
2025-12-28 19:00:00,2025-12-28,19,6,12,1,1,1986
2025-12-28 20:00:00,2025-12-28,20,6,12,1,1,2513
2025-12-28 21:00:00,2025-12-28,21,6,12,1,1,2364
2025-12-28 22:00:00,2025-12-28,22,6,12,1,1,2214
2025-12-28 23:00:00,2025-12-28,23,6,12,1,1,579
2025-12-29 09:00:00,2025-12-29,9,0,12,0,1,1068
2025-12-29 10:00:00,2025-12-29,10,0,12,0,1,985
2025-12-29 11:00:00,2025-12-29,11,0,12,0,1,1774
2025-12-29 12:00:00,2025-12-29,12,0,12,0,1,1701
2025-12-29 13:00:00,2025-12-29,13,0,12,0,1,1999
2025-12-29 14:00:00,2025-12-29,14,0,12,0,1,1865
2025-12-29 15:00:00,2025-12-29,15,0,12,0,1,1996
2025-12-29 16:00:00,2025-12-29,16,0,12,0,1,2016
2025-12-29 17:00:00,2025-12-29,17,0,12,0,1,1740
2025-12-29 18:00:00,2025-12-29,18,0,12,0,1,1712
2025-12-29 19:00:00,2025-12-29,19,0,12,0,1,1402
2025-12-29 20:00:00,2025-12-29,20,0,12,0,1,2285
2025-12-29 21:00:00,2025-12-29,21,0,12,0,1,1608
2025-12-29 22:00:00,2025-12-29,22,0,12,0,1,1893
2025-12-29 23:00:00,2025-12-29,23,0,12,0,1,457
2025-12-30 09:00:00,2025-12-30,9,1,12,0,1,779
2025-12-30 10:00:00,2025-12-30,10,1,12,0,1,1274
2025-12-30 11:00:00,2025-12-30,11,1,12,0,1,1404
2025-12-30 12:00:00,2025-12-30,12,1,12,0,1,1231
2025-12-30 13:00:00,2025-12-30,13,1,12,0,1,2148
2025-12-30 14:00:00,2025-12-30,14,1,12,0,1,1858
2025-12-30 15:00:00,2025-12-30,15,1,12,0,1,1923
2025-12-30 16:00:00,2025-12-30,16,1,12,0,1,2322
2025-12-30 17:00:00,2025-12-30,17,1,12,0,1,1907
2025-12-30 18:00:00,2025-12-30,18,1,12,0,1,1950
2025-12-30 19:00:00,2025-12-30,19,1,12,0,1,1688
2025-12-30 20:00:00,2025-12-30,20,1,12,0,1,1725
2025-12-30 21:00:00,2025-12-30,21,1,12,0,1,2048
2025-12-30 22:00:00,2025-12-30,22,1,12,0,1,1700
2025-12-30 23:00:00,2025-12-30,23,1,12,0,1,563
2025-12-31 09:00:00,2025-12-31,9,2,12,0,1,820
2025-12-31 10:00:00,2025-12-31,10,2,12,0,1,1322
2025-12-31 11:00:00,2025-12-31,11,2,12,0,1,1624
2025-12-31 12:00:00,2025-12-31,12,2,12,0,1,1823
2025-12-31 13:00:00,2025-12-31,13,2,12,0,1,1830
2025-12-31 14:00:00,2025-12-31,14,2,12,0,1,2106
2025-12-31 15:00:00,2025-12-31,15,2,12,0,1,1631
2025-12-31 16:00:00,2025-12-31,16,2,12,0,1,1542
2025-12-31 17:00:00,2025-12-31,17,2,12,0,1,2074
2025-12-31 18:00:00,2025-12-31,18,2,12,0,1,1784
2025-12-31 19:00:00,2025-12-31,19,2,12,0,1,663
2025-12-31 20:00:00,2025-12-31,20,2,12,0,1,1585
2025-12-31 21:00:00,2025-12-31,21,2,12,0,1,1702
2025-12-31 22:00:00,2025-12-31,22,2,12,0,1,1935
2025-12-31 23:00:00,2025-12-31,23,2,12,0,1,459
2026-01-01 09:00:00,2026-01-01,9,3,1,0,0,876
2026-01-01 10:00:00,2026-01-01,10,3,1,0,0,1267
2026-01-01 11:00:00,2026-01-01,11,3,1,0,0,1293
2026-01-01 12:00:00,2026-01-01,12,3,1,0,0,1885
2026-01-01 13:00:00,2026-01-01,13,3,1,0,0,2104
2026-01-01 14:00:00,2026-01-01,14,3,1,0,0,2242
2026-01-01 15:00:00,2026-01-01,15,3,1,0,0,2151
2026-01-01 16:00:00,2026-01-01,16,3,1,0,0,2617
2026-01-01 17:00:00,2026-01-01,17,3,1,0,0,2108
2026-01-01 18:00:00,2026-01-01,18,3,1,0,0,1552
2026-01-01 19:00:00,2026-01-01,19,3,1,0,0,1518
2026-01-01 20:00:00,2026-01-01,20,3,1,0,0,1427
2026-01-01 21:00:00,2026-01-01,21,3,1,0,0,1738
2026-01-01 22:00:00,2026-01-01,22,3,1,0,0,2114
2026-01-01 23:00:00,2026-01-01,23,3,1,0,0,325
2026-01-02 09:00:00,2026-01-02,9,4,1,0,0,643
2026-01-02 10:00:00,2026-01-02,10,4,1,0,0,1219
2026-01-02 11:00:00,2026-01-02,11,4,1,0,0,1402
2026-01-02 12:00:00,2026-01-02,12,4,1,0,0,1869
2026-01-02 13:00:00,2026-01-02,13,4,1,0,0,2216
2026-01-02 14:00:00,2026-01-02,14,4,1,0,0,2195
2026-01-02 15:00:00,2026-01-02,15,4,1,0,0,2639
2026-01-02 16:00:00,2026-01-02,16,4,1,0,0,2099
2026-01-02 17:00:00,2026-01-02,17,4,1,0,0,2139
2026-01-02 18:00:00,2026-01-02,18,4,1,0,0,1926
2026-01-02 19:00:00,2026-01-02,19,4,1,0,0,1457
2026-01-02 20:00:00,2026-01-02,20,4,1,0,0,2044
2026-01-02 21:00:00,2026-01-02,21,4,1,0,0,1736
2026-01-02 22:00:00,2026-01-02,22,4,1,0,0,1775
2026-01-02 23:00:00,2026-01-02,23,4,1,0,0,374
2026-01-03 09:00:00,2026-01-03,9,5,1,1,0,1242
2026-01-03 10:00:00,2026-01-03,10,5,1,1,0,1651
2026-01-03 11:00:00,2026-01-03,11,5,1,1,0,2272
2026-01-03 12:00:00,2026-01-03,12,5,1,1,0,2596
2026-01-03 13:00:00,2026-01-03,13,5,1,1,0,2595
2026-01-03 14:00:00,2026-01-03,14,5,1,1,0,2487
2026-01-03 15:00:00,2026-01-03,15,5,1,1,0,3124
2026-01-03 16:00:00,2026-01-03,16,5,1,1,0,2297
2026-01-03 17:00:00,2026-01-03,17,5,1,1,0,2930
2026-01-03 18:00:00,2026-01-03,18,5,1,1,0,2680
2026-01-03 19:00:00,2026-01-03,19,5,1,1,0,1940
2026-01-03 20:00:00,2026-01-03,20,5,1,1,0,2383
2026-01-03 21:00:00,2026-01-03,21,5,1,1,0,2301
2026-01-03 22:00:00,2026-01-03,22,5,1,1,0,1755
2026-01-03 23:00:00,2026-01-03,23,5,1,1,0,415
2026-01-04 09:00:00,2026-01-04,9,6,1,1,0,866
2026-01-04 10:00:00,2026-01-04,10,6,1,1,0,1565
2026-01-04 11:00:00,2026-01-04,11,6,1,1,0,1371
2026-01-04 12:00:00,2026-01-04,12,6,1,1,0,2150
2026-01-04 13:00:00,2026-01-04,13,6,1,1,0,2991
2026-01-04 14:00:00,2026-01-04,14,6,1,1,0,2923
2026-01-04 15:00:00,2026-01-04,15,6,1,1,0,2907
2026-01-04 16:00:00,2026-01-04,16,6,1,1,0,1845
2026-01-04 17:00:00,2026-01-04,17,6,1,1,0,2257
2026-01-04 18:00:00,2026-01-04,18,6,1,1,0,1920
2026-01-04 19:00:00,2026-01-04,19,6,1,1,0,2123
2026-01-04 20:00:00,2026-01-04,20,6,1,1,0,2032
2026-01-04 21:00:00,2026-01-04,21,6,1,1,0,2755
2026-01-04 22:00:00,2026-01-04,22,6,1,1,0,2803
2026-01-04 23:00:00,2026-01-04,23,6,1,1,0,608
2026-01-05 09:00:00,2026-01-05,9,0,1,0,0,1065
2026-01-05 10:00:00,2026-01-05,10,0,1,0,0,1208
2026-01-05 11:00:00,2026-01-05,11,0,1,0,0,1223
2026-01-05 12:00:00,2026-01-05,12,0,1,0,0,1833
2026-01-05 13:00:00,2026-01-05,13,0,1,0,0,2049
2026-01-05 14:00:00,2026-01-05,14,0,1,0,0,1393
2026-01-05 15:00:00,2026-01-05,15,0,1,0,0,2351
2026-01-05 16:00:00,2026-01-05,16,0,1,0,0,1716
2026-01-05 17:00:00,2026-01-05,17,0,1,0,0,2227
2026-01-05 18:00:00,2026-01-05,18,0,1,0,0,1100
2026-01-05 19:00:00,2026-01-05,19,0,1,0,0,1300
2026-01-05 20:00:00,2026-01-05,20,0,1,0,0,1291
2026-01-05 21:00:00,2026-01-05,21,0,1,0,0,1967
2026-01-05 22:00:00,2026-01-05,22,0,1,0,0,1906
2026-01-05 23:00:00,2026-01-05,23,0,1,0,0,404
2026-01-06 09:00:00,2026-01-06,9,1,1,0,0,840
2026-01-06 10:00:00,2026-01-06,10,1,1,0,0,1017
2026-01-06 11:00:00,2026-01-06,11,1,1,0,0,1434
2026-01-06 12:00:00,2026-01-06,12,1,1,0,0,1983
2026-01-06 13:00:00,2026-01-06,13,1,1,0,0,1989
2026-01-06 14:00:00,2026-01-06,14,1,1,0,0,2366
2026-01-06 15:00:00,2026-01-06,15,1,1,0,0,2584
2026-01-06 16:00:00,2026-01-06,16,1,1,0,0,1395
2026-01-06 17:00:00,2026-01-06,17,1,1,0,0,1946
2026-01-06 18:00:00,2026-01-06,18,1,1,0,0,2214
2026-01-06 19:00:00,2026-01-06,19,1,1,0,0,1730
2026-01-06 20:00:00,2026-01-06,20,1,1,0,0,1494
2026-01-06 21:00:00,2026-01-06,21,1,1,0,0,1369
2026-01-06 22:00:00,2026-01-06,22,1,1,0,0,1309
2026-01-06 23:00:00,2026-01-06,23,1,1,0,0,488
2026-01-07 09:00:00,2026-01-07,9,2,1,0,0,814
2026-01-07 10:00:00,2026-01-07,10,2,1,0,0,1058
2026-01-07 11:00:00,2026-01-07,11,2,1,0,0,1355
2026-01-07 12:00:00,2026-01-07,12,2,1,0,0,1636
2026-01-07 13:00:00,2026-01-07,13,2,1,0,0,2185
2026-01-07 14:00:00,2026-01-07,14,2,1,0,0,1841
2026-01-07 15:00:00,2026-01-07,15,2,1,0,0,2035
2026-01-07 16:00:00,2026-01-07,16,2,1,0,0,1685
2026-01-07 17:00:00,2026-01-07,17,2,1,0,0,2231
2026-01-07 18:00:00,2026-01-07,18,2,1,0,0,2024
2026-01-07 19:00:00,2026-01-07,19,2,1,0,0,1416
2026-01-07 20:00:00,2026-01-07,20,2,1,0,0,1803
2026-01-07 21:00:00,2026-01-07,21,2,1,0,0,1971
2026-01-07 22:00:00,2026-01-07,22,2,1,0,0,2200
2026-01-07 23:00:00,2026-01-07,23,2,1,0,0,465
2026-01-08 09:00:00,2026-01-08,9,3,1,0,0,819
2026-01-08 10:00:00,2026-01-08,10,3,1,0,0,948
2026-01-08 11:00:00,2026-01-08,11,3,1,0,0,1277
2026-01-08 12:00:00,2026-01-08,12,3,1,0,0,1772
2026-01-08 13:00:00,2026-01-08,13,3,1,0,0,1834
2026-01-08 14:00:00,2026-01-08,14,3,1,0,0,2195
2026-01-08 15:00:00,2026-01-08,15,3,1,0,0,2054
2026-01-08 16:00:00,2026-01-08,16,3,1,0,0,1873
2026-01-08 17:00:00,2026-01-08,17,3,1,0,0,1709
2026-01-08 18:00:00,2026-01-08,18,3,1,0,0,2086
2026-01-08 19:00:00,2026-01-08,19,3,1,0,0,1632
2026-01-08 20:00:00,2026-01-08,20,3,1,0,0,2258
2026-01-08 21:00:00,2026-01-08,21,3,1,0,0,1991
2026-01-08 22:00:00,2026-01-08,22,3,1,0,0,1773
2026-01-08 23:00:00,2026-01-08,23,3,1,0,0,514
2026-01-09 09:00:00,2026-01-09,9,4,1,0,0,890
2026-01-09 10:00:00,2026-01-09,10,4,1,0,0,1208
2026-01-09 11:00:00,2026-01-09,11,4,1,0,0,1467
2026-01-09 12:00:00,2026-01-09,12,4,1,0,0,1135
2026-01-09 13:00:00,2026-01-09,13,4,1,0,0,2373
2026-01-09 14:00:00,2026-01-09,14,4,1,0,0,2272
2026-01-09 15:00:00,2026-01-09,15,4,1,0,0,2287
2026-01-09 16:00:00,2026-01-09,16,4,1,0,0,2129
2026-01-09 17:00:00,2026-01-09,17,4,1,0,0,2029
2026-01-09 18:00:00,2026-01-09,18,4,1,0,0,1630
2026-01-09 19:00:00,2026-01-09,19,4,1,0,0,1583
2026-01-09 20:00:00,2026-01-09,20,4,1,0,0,1576
2026-01-09 21:00:00,2026-01-09,21,4,1,0,0,1911
2026-01-09 22:00:00,2026-01-09,22,4,1,0,0,1397
2026-01-09 23:00:00,2026-01-09,23,4,1,0,0,433
2026-01-10 09:00:00,2026-01-10,9,5,1,1,0,1261
2026-01-10 10:00:00,2026-01-10,10,5,1,1,0,1400
2026-01-10 11:00:00,2026-01-10,11,5,1,1,0,1760
2026-01-10 12:00:00,2026-01-10,12,5,1,1,0,2438
2026-01-10 13:00:00,2026-01-10,13,5,1,1,0,2906
2026-01-10 14:00:00,2026-01-10,14,5,1,1,0,2244
2026-01-10 15:00:00,2026-01-10,15,5,1,1,0,3156
2026-01-10 16:00:00,2026-01-10,16,5,1,1,0,2707
2026-01-10 17:00:00,2026-01-10,17,5,1,1,0,2625
2026-01-10 18:00:00,2026-01-10,18,5,1,1,0,1393
2026-01-10 19:00:00,2026-01-10,19,5,1,1,0,1787
2026-01-10 20:00:00,2026-01-10,20,5,1,1,0,2817
2026-01-10 21:00:00,2026-01-10,21,5,1,1,0,2534
2026-01-10 22:00:00,2026-01-10,22,5,1,1,0,2408
2026-01-10 23:00:00,2026-01-10,23,5,1,1,0,413
2026-01-11 09:00:00,2026-01-11,9,6,1,1,0,1278
2026-01-11 10:00:00,2026-01-11,10,6,1,1,0,1673
2026-01-11 11:00:00,2026-01-11,11,6,1,1,0,1972
2026-01-11 12:00:00,2026-01-11,12,6,1,1,0,2682
2026-01-11 13:00:00,2026-01-11,13,6,1,1,0,3000
2026-01-11 14:00:00,2026-01-11,14,6,1,1,0,3040
2026-01-11 15:00:00,2026-01-11,15,6,1,1,0,2989
2026-01-11 16:00:00,2026-01-11,16,6,1,1,0,3125
2026-01-11 17:00:00,2026-01-11,17,6,1,1,0,2788
2026-01-11 18:00:00,2026-01-11,18,6,1,1,0,2673
2026-01-11 19:00:00,2026-01-11,19,6,1,1,0,2205
2026-01-11 20:00:00,2026-01-11,20,6,1,1,0,2216
2026-01-11 21:00:00,2026-01-11,21,6,1,1,0,2195
2026-01-11 22:00:00,2026-01-11,22,6,1,1,0,2312
2026-01-11 23:00:00,2026-01-11,23,6,1,1,0,669
2026-01-12 09:00:00,2026-01-12,9,0,1,0,0,725
2026-01-12 10:00:00,2026-01-12,10,0,1,0,0,1233
2026-01-12 11:00:00,2026-01-12,11,0,1,0,0,1538
2026-01-12 12:00:00,2026-01-12,12,0,1,0,0,2001
2026-01-12 13:00:00,2026-01-12,13,0,1,0,0,2033
2026-01-12 14:00:00,2026-01-12,14,0,1,0,0,1799
2026-01-12 15:00:00,2026-01-12,15,0,1,0,0,1946
2026-01-12 16:00:00,2026-01-12,16,0,1,0,0,1841
2026-01-12 17:00:00,2026-01-12,17,0,1,0,0,1862
2026-01-12 18:00:00,2026-01-12,18,0,1,0,0,1202
2026-01-12 19:00:00,2026-01-12,19,0,1,0,0,887
2026-01-12 20:00:00,2026-01-12,20,0,1,0,0,2200
2026-01-12 21:00:00,2026-01-12,21,0,1,0,0,1572
2026-01-12 22:00:00,2026-01-12,22,0,1,0,0,2172
2026-01-12 23:00:00,2026-01-12,23,0,1,0,0,507
2026-01-13 09:00:00,2026-01-13,9,1,1,0,0,990
2026-01-13 10:00:00,2026-01-13,10,1,1,0,0,1079
2026-01-13 11:00:00,2026-01-13,11,1,1,0,0,1535
2026-01-13 12:00:00,2026-01-13,12,1,1,0,0,1041
2026-01-13 13:00:00,2026-01-13,13,1,1,0,0,2208
2026-01-13 14:00:00,2026-01-13,14,1,1,0,0,2126
2026-01-13 15:00:00,2026-01-13,15,1,1,0,0,2091
2026-01-13 16:00:00,2026-01-13,16,1,1,0,0,1830
2026-01-13 17:00:00,2026-01-13,17,1,1,0,0,1398
2026-01-13 18:00:00,2026-01-13,18,1,1,0,0,1537
2026-01-13 19:00:00,2026-01-13,19,1,1,0,0,1671
2026-01-13 20:00:00,2026-01-13,20,1,1,0,0,1779
2026-01-13 21:00:00,2026-01-13,21,1,1,0,0,1832
2026-01-13 22:00:00,2026-01-13,22,1,1,0,0,2017
2026-01-13 23:00:00,2026-01-13,23,1,1,0,0,540
2026-01-14 09:00:00,2026-01-14,9,2,1,0,0,1036
2026-01-14 10:00:00,2026-01-14,10,2,1,0,0,1040
2026-01-14 11:00:00,2026-01-14,11,2,1,0,0,1130
2026-01-14 12:00:00,2026-01-14,12,2,1,0,0,2254
2026-01-14 13:00:00,2026-01-14,13,2,1,0,0,2532
2026-01-14 14:00:00,2026-01-14,14,2,1,0,0,2194
2026-01-14 15:00:00,2026-01-14,15,2,1,0,0,1864
2026-01-14 16:00:00,2026-01-14,16,2,1,0,0,2393
2026-01-14 17:00:00,2026-01-14,17,2,1,0,0,1964
2026-01-14 18:00:00,2026-01-14,18,2,1,0,0,1732
2026-01-14 19:00:00,2026-01-14,19,2,1,0,0,1632
2026-01-14 20:00:00,2026-01-14,20,2,1,0,0,1945
2026-01-14 21:00:00,2026-01-14,21,2,1,0,0,1603
2026-01-14 22:00:00,2026-01-14,22,2,1,0,0,1797
2026-01-14 23:00:00,2026-01-14,23,2,1,0,0,479
2026-01-15 09:00:00,2026-01-15,9,3,1,0,0,949
2026-01-15 10:00:00,2026-01-15,10,3,1,0,0,1214
2026-01-15 11:00:00,2026-01-15,11,3,1,0,0,1639
2026-01-15 12:00:00,2026-01-15,12,3,1,0,0,1176
2026-01-15 13:00:00,2026-01-15,13,3,1,0,0,2033
2026-01-15 14:00:00,2026-01-15,14,3,1,0,0,1276
2026-01-15 15:00:00,2026-01-15,15,3,1,0,0,2081
2026-01-15 16:00:00,2026-01-15,16,3,1,0,0,2342
2026-01-15 17:00:00,2026-01-15,17,3,1,0,0,1897
2026-01-15 18:00:00,2026-01-15,18,3,1,0,0,1658
2026-01-15 19:00:00,2026-01-15,19,3,1,0,0,1290
2026-01-15 20:00:00,2026-01-15,20,3,1,0,0,2095
2026-01-15 21:00:00,2026-01-15,21,3,1,0,0,1993
2026-01-15 22:00:00,2026-01-15,22,3,1,0,0,2055
2026-01-15 23:00:00,2026-01-15,23,3,1,0,0,352
2026-01-16 09:00:00,2026-01-16,9,4,1,0,0,877
2026-01-16 10:00:00,2026-01-16,10,4,1,0,0,796
2026-01-16 11:00:00,2026-01-16,11,4,1,0,0,1425
2026-01-16 12:00:00,2026-01-16,12,4,1,0,0,1626
2026-01-16 13:00:00,2026-01-16,13,4,1,0,0,1907
2026-01-16 14:00:00,2026-01-16,14,4,1,0,0,2364
2026-01-16 15:00:00,2026-01-16,15,4,1,0,0,1695
2026-01-16 16:00:00,2026-01-16,16,4,1,0,0,2603
2026-01-16 17:00:00,2026-01-16,17,4,1,0,0,2106
2026-01-16 18:00:00,2026-01-16,18,4,1,0,0,1747
2026-01-16 19:00:00,2026-01-16,19,4,1,0,0,1635
2026-01-16 20:00:00,2026-01-16,20,4,1,0,0,1544
2026-01-16 21:00:00,2026-01-16,21,4,1,0,0,1720
2026-01-16 22:00:00,2026-01-16,22,4,1,0,0,1842
2026-01-16 23:00:00,2026-01-16,23,4,1,0,0,516
2026-01-17 09:00:00,2026-01-17,9,5,1,1,0,1200
2026-01-17 10:00:00,2026-01-17,10,5,1,1,0,1675
2026-01-17 11:00:00,2026-01-17,11,5,1,1,0,1849
2026-01-17 12:00:00,2026-01-17,12,5,1,1,0,2510
2026-01-17 13:00:00,2026-01-17,13,5,1,1,0,3228
2026-01-17 14:00:00,2026-01-17,14,5,1,1,0,3242
2026-01-17 15:00:00,2026-01-17,15,5,1,1,0,2940
2026-01-17 16:00:00,2026-01-17,16,5,1,1,0,3131
2026-01-17 17:00:00,2026-01-17,17,5,1,1,0,2011
2026-01-17 18:00:00,2026-01-17,18,5,1,1,0,2515
2026-01-17 19:00:00,2026-01-17,19,5,1,1,0,2256
2026-01-17 20:00:00,2026-01-17,20,5,1,1,0,2859
2026-01-17 21:00:00,2026-01-17,21,5,1,1,0,2485
2026-01-17 22:00:00,2026-01-17,22,5,1,1,0,2718
2026-01-17 23:00:00,2026-01-17,23,5,1,1,0,572
2026-01-18 09:00:00,2026-01-18,9,6,1,1,0,1073
2026-01-18 10:00:00,2026-01-18,10,6,1,1,0,1538
2026-01-18 11:00:00,2026-01-18,11,6,1,1,0,1380
2026-01-18 12:00:00,2026-01-18,12,6,1,1,0,1898
2026-01-18 13:00:00,2026-01-18,13,6,1,1,0,2964
2026-01-18 14:00:00,2026-01-18,14,6,1,1,0,1934
2026-01-18 15:00:00,2026-01-18,15,6,1,1,0,3937
2026-01-18 16:00:00,2026-01-18,16,6,1,1,0,3418
2026-01-18 17:00:00,2026-01-18,17,6,1,1,0,2603
2026-01-18 18:00:00,2026-01-18,18,6,1,1,0,2374
2026-01-18 19:00:00,2026-01-18,19,6,1,1,0,1444
2026-01-18 20:00:00,2026-01-18,20,6,1,1,0,2346
2026-01-18 21:00:00,2026-01-18,21,6,1,1,0,2582
2026-01-18 22:00:00,2026-01-18,22,6,1,1,0,1736
2026-01-18 23:00:00,2026-01-18,23,6,1,1,0,592
2026-01-19 09:00:00,2026-01-19,9,0,1,0,0,913
2026-01-19 10:00:00,2026-01-19,10,0,1,0,0,991
2026-01-19 11:00:00,2026-01-19,11,0,1,0,0,1481
2026-01-19 12:00:00,2026-01-19,12,0,1,0,0,1791
2026-01-19 13:00:00,2026-01-19,13,0,1,0,0,2021
2026-01-19 14:00:00,2026-01-19,14,0,1,0,0,2090
2026-01-19 15:00:00,2026-01-19,15,0,1,0,0,2500
2026-01-19 16:00:00,2026-01-19,16,0,1,0,0,2054
2026-01-19 17:00:00,2026-01-19,17,0,1,0,0,2044
2026-01-19 18:00:00,2026-01-19,18,0,1,0,0,2030
2026-01-19 19:00:00,2026-01-19,19,0,1,0,0,1460
2026-01-19 20:00:00,2026-01-19,20,0,1,0,0,1918
2026-01-19 21:00:00,2026-01-19,21,0,1,0,0,1848
2026-01-19 22:00:00,2026-01-19,22,0,1,0,0,2147
2026-01-19 23:00:00,2026-01-19,23,0,1,0,0,430
2026-01-20 09:00:00,2026-01-20,9,1,1,0,0,1032
2026-01-20 10:00:00,2026-01-20,10,1,1,0,0,1162
2026-01-20 11:00:00,2026-01-20,11,1,1,0,0,1322
2026-01-20 12:00:00,2026-01-20,12,1,1,0,0,1899
2026-01-20 13:00:00,2026-01-20,13,1,1,0,0,1917
2026-01-20 14:00:00,2026-01-20,14,1,1,0,0,2305
2026-01-20 15:00:00,2026-01-20,15,1,1,0,0,1479
2026-01-20 16:00:00,2026-01-20,16,1,1,0,0,2147
2026-01-20 17:00:00,2026-01-20,17,1,1,0,0,1880
2026-01-20 18:00:00,2026-01-20,18,1,1,0,0,1532
2026-01-20 19:00:00,2026-01-20,19,1,1,0,0,1376
2026-01-20 20:00:00,2026-01-20,20,1,1,0,0,1741
2026-01-20 21:00:00,2026-01-20,21,1,1,0,0,1859
2026-01-20 22:00:00,2026-01-20,22,1,1,0,0,1563
2026-01-20 23:00:00,2026-01-20,23,1,1,0,0,461
2026-01-21 09:00:00,2026-01-21,9,2,1,0,0,1041
2026-01-21 10:00:00,2026-01-21,10,2,1,0,0,1217
2026-01-21 11:00:00,2026-01-21,11,2,1,0,0,1617
2026-01-21 12:00:00,2026-01-21,12,2,1,0,0,1987
2026-01-21 13:00:00,2026-01-21,13,2,1,0,0,1600
2026-01-21 14:00:00,2026-01-21,14,2,1,0,0,2627
2026-01-21 15:00:00,2026-01-21,15,2,1,0,0,2068
2026-01-21 16:00:00,2026-01-21,16,2,1,0,0,1960
2026-01-21 17:00:00,2026-01-21,17,2,1,0,0,2177
2026-01-21 18:00:00,2026-01-21,18,2,1,0,0,1906
2026-01-21 19:00:00,2026-01-21,19,2,1,0,0,1611
2026-01-21 20:00:00,2026-01-21,20,2,1,0,0,2293
2026-01-21 21:00:00,2026-01-21,21,2,1,0,0,1872
2026-01-21 22:00:00,2026-01-21,22,2,1,0,0,1965
2026-01-21 23:00:00,2026-01-21,23,2,1,0,0,391
2026-01-22 09:00:00,2026-01-22,9,3,1,0,0,1123
2026-01-22 10:00:00,2026-01-22,10,3,1,0,0,1130
2026-01-22 11:00:00,2026-01-22,11,3,1,0,0,1420
2026-01-22 12:00:00,2026-01-22,12,3,1,0,0,1178
2026-01-22 13:00:00,2026-01-22,13,3,1,0,0,1836
2026-01-22 14:00:00,2026-01-22,14,3,1,0,0,1957
2026-01-22 15:00:00,2026-01-22,15,3,1,0,0,2061
2026-01-22 16:00:00,2026-01-22,16,3,1,0,0,1255
2026-01-22 17:00:00,2026-01-22,17,3,1,0,0,1803
2026-01-22 18:00:00,2026-01-22,18,3,1,0,0,2167
2026-01-22 19:00:00,2026-01-22,19,3,1,0,0,1604
2026-01-22 20:00:00,2026-01-22,20,3,1,0,0,2077
2026-01-22 21:00:00,2026-01-22,21,3,1,0,0,2134
2026-01-22 22:00:00,2026-01-22,22,3,1,0,0,2281
2026-01-22 23:00:00,2026-01-22,23,3,1,0,0,349
2026-01-23 09:00:00,2026-01-23,9,4,1,0,0,762
2026-01-23 10:00:00,2026-01-23,10,4,1,0,0,1064
2026-01-23 11:00:00,2026-01-23,11,4,1,0,0,1391
2026-01-23 12:00:00,2026-01-23,12,4,1,0,0,1693
2026-01-23 13:00:00,2026-01-23,13,4,1,0,0,1883
2026-01-23 14:00:00,2026-01-23,14,4,1,0,0,2202
2026-01-23 15:00:00,2026-01-23,15,4,1,0,0,2209
2026-01-23 16:00:00,2026-01-23,16,4,1,0,0,1959
2026-01-23 17:00:00,2026-01-23,17,4,1,0,0,1470
2026-01-23 18:00:00,2026-01-23,18,4,1,0,0,1547
2026-01-23 19:00:00,2026-01-23,19,4,1,0,0,1377
2026-01-23 20:00:00,2026-01-23,20,4,1,0,0,1814
2026-01-23 21:00:00,2026-01-23,21,4,1,0,0,1616
2026-01-23 22:00:00,2026-01-23,22,4,1,0,0,1759
2026-01-23 23:00:00,2026-01-23,23,4,1,0,0,383
2026-01-24 09:00:00,2026-01-24,9,5,1,1,0,1189
2026-01-24 10:00:00,2026-01-24,10,5,1,1,0,1385
2026-01-24 11:00:00,2026-01-24,11,5,1,1,0,1788
2026-01-24 12:00:00,2026-01-24,12,5,1,1,0,1999
2026-01-24 13:00:00,2026-01-24,13,5,1,1,0,2637
2026-01-24 14:00:00,2026-01-24,14,5,1,1,0,2595
2026-01-24 15:00:00,2026-01-24,15,5,1,1,0,3293
2026-01-24 16:00:00,2026-01-24,16,5,1,1,0,3037
2026-01-24 17:00:00,2026-01-24,17,5,1,1,0,2664
2026-01-24 18:00:00,2026-01-24,18,5,1,1,0,1501
2026-01-24 19:00:00,2026-01-24,19,5,1,1,0,2081
2026-01-24 20:00:00,2026-01-24,20,5,1,1,0,2733
2026-01-24 21:00:00,2026-01-24,21,5,1,1,0,2567
2026-01-24 22:00:00,2026-01-24,22,5,1,1,0,3010
2026-01-24 23:00:00,2026-01-24,23,5,1,1,0,632
2026-01-25 09:00:00,2026-01-25,9,6,1,1,0,1339
2026-01-25 10:00:00,2026-01-25,10,6,1,1,0,1615
2026-01-25 11:00:00,2026-01-25,11,6,1,1,0,2152
2026-01-25 12:00:00,2026-01-25,12,6,1,1,0,2144
2026-01-25 13:00:00,2026-01-25,13,6,1,1,0,2539
2026-01-25 14:00:00,2026-01-25,14,6,1,1,0,3018
2026-01-25 15:00:00,2026-01-25,15,6,1,1,0,3091
2026-01-25 16:00:00,2026-01-25,16,6,1,1,0,3073
2026-01-25 17:00:00,2026-01-25,17,6,1,1,0,3042
2026-01-25 18:00:00,2026-01-25,18,6,1,1,0,1966
2026-01-25 19:00:00,2026-01-25,19,6,1,1,0,1758
2026-01-25 20:00:00,2026-01-25,20,6,1,1,0,2594
2026-01-25 21:00:00,2026-01-25,21,6,1,1,0,2305
2026-01-25 22:00:00,2026-01-25,22,6,1,1,0,3547
2026-01-25 23:00:00,2026-01-25,23,6,1,1,0,636
2026-01-26 09:00:00,2026-01-26,9,0,1,0,0,886
2026-01-26 10:00:00,2026-01-26,10,0,1,0,0,1104
2026-01-26 11:00:00,2026-01-26,11,0,1,0,0,1389
2026-01-26 12:00:00,2026-01-26,12,0,1,0,0,1763
2026-01-26 13:00:00,2026-01-26,13,0,1,0,0,2017
2026-01-26 14:00:00,2026-01-26,14,0,1,0,0,2028
2026-01-26 15:00:00,2026-01-26,15,0,1,0,0,2127
2026-01-26 16:00:00,2026-01-26,16,0,1,0,0,2491
2026-01-26 17:00:00,2026-01-26,17,0,1,0,0,2321
2026-01-26 18:00:00,2026-01-26,18,0,1,0,0,1809
2026-01-26 19:00:00,2026-01-26,19,0,1,0,0,1237
2026-01-26 20:00:00,2026-01-26,20,0,1,0,0,1990
2026-01-26 21:00:00,2026-01-26,21,0,1,0,0,2218
2026-01-26 22:00:00,2026-01-26,22,0,1,0,0,2177
2026-01-26 23:00:00,2026-01-26,23,0,1,0,0,483
2026-01-27 09:00:00,2026-01-27,9,1,1,0,0,1047
2026-01-27 10:00:00,2026-01-27,10,1,1,0,0,1185
2026-01-27 11:00:00,2026-01-27,11,1,1,0,0,1585
2026-01-27 12:00:00,2026-01-27,12,1,1,0,0,1613
2026-01-27 13:00:00,2026-01-27,13,1,1,0,0,2060
2026-01-27 14:00:00,2026-01-27,14,1,1,0,0,2488
2026-01-27 15:00:00,2026-01-27,15,1,1,0,0,2044
2026-01-27 16:00:00,2026-01-27,16,1,1,0,0,1923
2026-01-27 17:00:00,2026-01-27,17,1,1,0,0,2013
2026-01-27 18:00:00,2026-01-27,18,1,1,0,0,1708
2026-01-27 19:00:00,2026-01-27,19,1,1,0,0,1589
2026-01-27 20:00:00,2026-01-27,20,1,1,0,0,1768
2026-01-27 21:00:00,2026-01-27,21,1,1,0,0,1578
2026-01-27 22:00:00,2026-01-27,22,1,1,0,0,1580
2026-01-27 23:00:00,2026-01-27,23,1,1,0,0,510
2026-01-28 09:00:00,2026-01-28,9,2,1,0,0,812
2026-01-28 10:00:00,2026-01-28,10,2,1,0,0,646
2026-01-28 11:00:00,2026-01-28,11,2,1,0,0,1516
2026-01-28 12:00:00,2026-01-28,12,2,1,0,0,1192
2026-01-28 13:00:00,2026-01-28,13,2,1,0,0,1725
2026-01-28 14:00:00,2026-01-28,14,2,1,0,0,1712
2026-01-28 15:00:00,2026-01-28,15,2,1,0,0,2197
2026-01-28 16:00:00,2026-01-28,16,2,1,0,0,2396
2026-01-28 17:00:00,2026-01-28,17,2,1,0,0,2130
2026-01-28 18:00:00,2026-01-28,18,2,1,0,0,1768
2026-01-28 19:00:00,2026-01-28,19,2,1,0,0,1559
2026-01-28 20:00:00,2026-01-28,20,2,1,0,0,1863
2026-01-28 21:00:00,2026-01-28,21,2,1,0,0,1549
2026-01-28 22:00:00,2026-01-28,22,2,1,0,0,1551
2026-01-28 23:00:00,2026-01-28,23,2,1,0,0,433
2026-01-29 09:00:00,2026-01-29,9,3,1,0,0,877
2026-01-29 10:00:00,2026-01-29,10,3,1,0,0,1297
2026-01-29 11:00:00,2026-01-29,11,3,1,0,0,1608
2026-01-29 12:00:00,2026-01-29,12,3,1,0,0,1884
2026-01-29 13:00:00,2026-01-29,13,3,1,0,0,1923
2026-01-29 14:00:00,2026-01-29,14,3,1,0,0,1790
2026-01-29 15:00:00,2026-01-29,15,3,1,0,0,2308
2026-01-29 16:00:00,2026-01-29,16,3,1,0,0,2280
2026-01-29 17:00:00,2026-01-29,17,3,1,0,0,994
2026-01-29 18:00:00,2026-01-29,18,3,1,0,0,1580
2026-01-29 19:00:00,2026-01-29,19,3,1,0,0,1352
2026-01-29 20:00:00,2026-01-29,20,3,1,0,0,1896
2026-01-29 21:00:00,2026-01-29,21,3,1,0,0,1689
2026-01-29 22:00:00,2026-01-29,22,3,1,0,0,1861
2026-01-29 23:00:00,2026-01-29,23,3,1,0,0,432
2026-01-30 09:00:00,2026-01-30,9,4,1,0,0,877
2026-01-30 10:00:00,2026-01-30,10,4,1,0,0,1076
2026-01-30 11:00:00,2026-01-30,11,4,1,0,0,1361
2026-01-30 12:00:00,2026-01-30,12,4,1,0,0,1529
2026-01-30 13:00:00,2026-01-30,13,4,1,0,0,2081
2026-01-30 14:00:00,2026-01-30,14,4,1,0,0,2292
2026-01-30 15:00:00,2026-01-30,15,4,1,0,0,1996
2026-01-30 16:00:00,2026-01-30,16,4,1,0,0,2537
2026-01-30 17:00:00,2026-01-30,17,4,1,0,0,1915
2026-01-30 18:00:00,2026-01-30,18,4,1,0,0,2079
2026-01-30 19:00:00,2026-01-30,19,4,1,0,0,1361
2026-01-30 20:00:00,2026-01-30,20,4,1,0,0,1415
2026-01-30 21:00:00,2026-01-30,21,4,1,0,0,1960
2026-01-30 22:00:00,2026-01-30,22,4,1,0,0,1925
2026-01-30 23:00:00,2026-01-30,23,4,1,0,0,446
2026-01-31 09:00:00,2026-01-31,9,5,1,1,0,780
2026-01-31 10:00:00,2026-01-31,10,5,1,1,0,1583
2026-01-31 11:00:00,2026-01-31,11,5,1,1,0,1868
2026-01-31 12:00:00,2026-01-31,12,5,1,1,0,2285
2026-01-31 13:00:00,2026-01-31,13,5,1,1,0,2958
2026-01-31 14:00:00,2026-01-31,14,5,1,1,0,2960
2026-01-31 15:00:00,2026-01-31,15,5,1,1,0,3187
2026-01-31 16:00:00,2026-01-31,16,5,1,1,0,2816
2026-01-31 17:00:00,2026-01-31,17,5,1,1,0,2577
2026-01-31 18:00:00,2026-01-31,18,5,1,1,0,2043
2026-01-31 19:00:00,2026-01-31,19,5,1,1,0,1902
2026-01-31 20:00:00,2026-01-31,20,5,1,1,0,1518
2026-01-31 21:00:00,2026-01-31,21,5,1,1,0,2345
2026-01-31 22:00:00,2026-01-31,22,5,1,1,0,2499
2026-01-31 23:00:00,2026-01-31,23,5,1,1,0,640
2026-02-01 09:00:00,2026-02-01,9,6,2,1,0,796
2026-02-01 10:00:00,2026-02-01,10,6,2,1,0,1129
2026-02-01 11:00:00,2026-02-01,11,6,2,1,0,1002
2026-02-01 12:00:00,2026-02-01,12,6,2,1,0,1124
2026-02-01 13:00:00,2026-02-01,13,6,2,1,0,1463
2026-02-01 14:00:00,2026-02-01,14,6,2,1,0,1182
2026-02-01 15:00:00,2026-02-01,15,6,2,1,0,1979
2026-02-01 16:00:00,2026-02-01,16,6,2,1,0,1594
2026-02-01 17:00:00,2026-02-01,17,6,2,1,0,1913
2026-02-01 18:00:00,2026-02-01,18,6,2,1,0,1620
2026-02-01 19:00:00,2026-02-01,19,6,2,1,0,1354
2026-02-01 20:00:00,2026-02-01,20,6,2,1,0,1573
2026-02-01 21:00:00,2026-02-01,21,6,2,1,0,1608
2026-02-01 22:00:00,2026-02-01,22,6,2,1,0,1809
2026-02-01 23:00:00,2026-02-01,23,6,2,1,0,340
2026-02-02 09:00:00,2026-02-02,9,0,2,0,0,653
2026-02-02 10:00:00,2026-02-02,10,0,2,0,0,765
2026-02-02 11:00:00,2026-02-02,11,0,2,0,0,1105
2026-02-02 12:00:00,2026-02-02,12,0,2,0,0,1335
2026-02-02 13:00:00,2026-02-02,13,0,2,0,0,1084
2026-02-02 14:00:00,2026-02-02,14,0,2,0,0,1360
2026-02-02 15:00:00,2026-02-02,15,0,2,0,0,1346
2026-02-02 16:00:00,2026-02-02,16,0,2,0,0,1144
2026-02-02 17:00:00,2026-02-02,17,0,2,0,0,1189
2026-02-02 18:00:00,2026-02-02,18,0,2,0,0,1548
2026-02-02 19:00:00,2026-02-02,19,0,2,0,0,1079
2026-02-02 20:00:00,2026-02-02,20,0,2,0,0,1568
2026-02-02 21:00:00,2026-02-02,21,0,2,0,0,1401
2026-02-02 22:00:00,2026-02-02,22,0,2,0,0,813
2026-02-02 23:00:00,2026-02-02,23,0,2,0,0,288
2026-02-03 09:00:00,2026-02-03,9,1,2,0,0,652
2026-02-03 10:00:00,2026-02-03,10,1,2,0,0,845
2026-02-03 11:00:00,2026-02-03,11,1,2,0,0,935
2026-02-03 12:00:00,2026-02-03,12,1,2,0,0,980
2026-02-03 13:00:00,2026-02-03,13,1,2,0,0,1892
2026-02-03 14:00:00,2026-02-03,14,1,2,0,0,1438
2026-02-03 15:00:00,2026-02-03,15,1,2,0,0,1441
2026-02-03 16:00:00,2026-02-03,16,1,2,0,0,1482
2026-02-03 17:00:00,2026-02-03,17,1,2,0,0,1317
2026-02-03 18:00:00,2026-02-03,18,1,2,0,0,1215
2026-02-03 19:00:00,2026-02-03,19,1,2,0,0,1160
2026-02-03 20:00:00,2026-02-03,20,1,2,0,0,1255
2026-02-03 21:00:00,2026-02-03,21,1,2,0,0,1097
2026-02-03 22:00:00,2026-02-03,22,1,2,0,0,1250
2026-02-03 23:00:00,2026-02-03,23,1,2,0,0,285
2026-02-04 09:00:00,2026-02-04,9,2,2,0,0,714
2026-02-04 10:00:00,2026-02-04,10,2,2,0,0,915
2026-02-04 11:00:00,2026-02-04,11,2,2,0,0,1018
2026-02-04 12:00:00,2026-02-04,12,2,2,0,0,1013
2026-02-04 13:00:00,2026-02-04,13,2,2,0,0,810
2026-02-04 14:00:00,2026-02-04,14,2,2,0,0,1465
2026-02-04 15:00:00,2026-02-04,15,2,2,0,0,1560
2026-02-04 16:00:00,2026-02-04,16,2,2,0,0,1397
2026-02-04 17:00:00,2026-02-04,17,2,2,0,0,1279
2026-02-04 18:00:00,2026-02-04,18,2,2,0,0,1112
2026-02-04 19:00:00,2026-02-04,19,2,2,0,0,1002
2026-02-04 20:00:00,2026-02-04,20,2,2,0,0,910
2026-02-04 21:00:00,2026-02-04,21,2,2,0,0,1106
2026-02-04 22:00:00,2026-02-04,22,2,2,0,0,1179
2026-02-04 23:00:00,2026-02-04,23,2,2,0,0,346
2026-02-05 09:00:00,2026-02-05,9,3,2,0,0,550
2026-02-05 10:00:00,2026-02-05,10,3,2,0,0,820
2026-02-05 11:00:00,2026-02-05,11,3,2,0,0,1032
2026-02-05 12:00:00,2026-02-05,12,3,2,0,0,969
2026-02-05 13:00:00,2026-02-05,13,3,2,0,0,1562
2026-02-05 14:00:00,2026-02-05,14,3,2,0,0,1017
2026-02-05 15:00:00,2026-02-05,15,3,2,0,0,1414
2026-02-05 16:00:00,2026-02-05,16,3,2,0,0,1346
2026-02-05 17:00:00,2026-02-05,17,3,2,0,0,922
2026-02-05 18:00:00,2026-02-05,18,3,2,0,0,1135
2026-02-05 19:00:00,2026-02-05,19,3,2,0,0,1072
2026-02-05 20:00:00,2026-02-05,20,3,2,0,0,1339
2026-02-05 21:00:00,2026-02-05,21,3,2,0,0,1365
2026-02-05 22:00:00,2026-02-05,22,3,2,0,0,1467
2026-02-05 23:00:00,2026-02-05,23,3,2,0,0,370
2026-02-06 09:00:00,2026-02-06,9,4,2,0,0,618
2026-02-06 10:00:00,2026-02-06,10,4,2,0,0,636
2026-02-06 11:00:00,2026-02-06,11,4,2,0,0,963
2026-02-06 12:00:00,2026-02-06,12,4,2,0,0,1368
2026-02-06 13:00:00,2026-02-06,13,4,2,0,0,1530
2026-02-06 14:00:00,2026-02-06,14,4,2,0,0,1639
2026-02-06 15:00:00,2026-02-06,15,4,2,0,0,1516
2026-02-06 16:00:00,2026-02-06,16,4,2,0,0,1345
2026-02-06 17:00:00,2026-02-06,17,4,2,0,0,1130
2026-02-06 18:00:00,2026-02-06,18,4,2,0,0,1192
2026-02-06 19:00:00,2026-02-06,19,4,2,0,0,1190
2026-02-06 20:00:00,2026-02-06,20,4,2,0,0,1227
2026-02-06 21:00:00,2026-02-06,21,4,2,0,0,1395
2026-02-06 22:00:00,2026-02-06,22,4,2,0,0,1404
2026-02-06 23:00:00,2026-02-06,23,4,2,0,0,292
2026-02-07 09:00:00,2026-02-07,9,5,2,1,0,953
2026-02-07 10:00:00,2026-02-07,10,5,2,1,0,705
2026-02-07 11:00:00,2026-02-07,11,5,2,1,0,1158
2026-02-07 12:00:00,2026-02-07,12,5,2,1,0,1439
2026-02-07 13:00:00,2026-02-07,13,5,2,1,0,1652
2026-02-07 14:00:00,2026-02-07,14,5,2,1,0,2054
2026-02-07 15:00:00,2026-02-07,15,5,2,1,0,2095
2026-02-07 16:00:00,2026-02-07,16,5,2,1,0,2068
2026-02-07 17:00:00,2026-02-07,17,5,2,1,0,1374
2026-02-07 18:00:00,2026-02-07,18,5,2,1,0,1432
2026-02-07 19:00:00,2026-02-07,19,5,2,1,0,1158
2026-02-07 20:00:00,2026-02-07,20,5,2,1,0,1803
2026-02-07 21:00:00,2026-02-07,21,5,2,1,0,1591
2026-02-07 22:00:00,2026-02-07,22,5,2,1,0,1396
2026-02-07 23:00:00,2026-02-07,23,5,2,1,0,456
2026-02-08 09:00:00,2026-02-08,9,6,2,1,0,961
2026-02-08 10:00:00,2026-02-08,10,6,2,1,0,1286
2026-02-08 11:00:00,2026-02-08,11,6,2,1,0,1387
2026-02-08 12:00:00,2026-02-08,12,6,2,1,0,1738
2026-02-08 13:00:00,2026-02-08,13,6,2,1,0,2133
2026-02-08 14:00:00,2026-02-08,14,6,2,1,0,1822
2026-02-08 15:00:00,2026-02-08,15,6,2,1,0,2294
2026-02-08 16:00:00,2026-02-08,16,6,2,1,0,2040
2026-02-08 17:00:00,2026-02-08,17,6,2,1,0,2033
2026-02-08 18:00:00,2026-02-08,18,6,2,1,0,1653
2026-02-08 19:00:00,2026-02-08,19,6,2,1,0,1568
2026-02-08 20:00:00,2026-02-08,20,6,2,1,0,1237
2026-02-08 21:00:00,2026-02-08,21,6,2,1,0,1414
2026-02-08 22:00:00,2026-02-08,22,6,2,1,0,2021
2026-02-08 23:00:00,2026-02-08,23,6,2,1,0,362
2026-02-09 09:00:00,2026-02-09,9,0,2,0,0,701
2026-02-09 10:00:00,2026-02-09,10,0,2,0,0,794
2026-02-09 11:00:00,2026-02-09,11,0,2,0,0,1147
2026-02-09 12:00:00,2026-02-09,12,0,2,0,0,1360
2026-02-09 13:00:00,2026-02-09,13,0,2,0,0,1427
2026-02-09 14:00:00,2026-02-09,14,0,2,0,0,1552
2026-02-09 15:00:00,2026-02-09,15,0,2,0,0,1576
2026-02-09 16:00:00,2026-02-09,16,0,2,0,0,1109
2026-02-09 17:00:00,2026-02-09,17,0,2,0,0,1376
2026-02-09 18:00:00,2026-02-09,18,0,2,0,0,1037
2026-02-09 19:00:00,2026-02-09,19,0,2,0,0,1026
2026-02-09 20:00:00,2026-02-09,20,0,2,0,0,1100
2026-02-09 21:00:00,2026-02-09,21,0,2,0,0,1093
2026-02-09 22:00:00,2026-02-09,22,0,2,0,0,1520
2026-02-09 23:00:00,2026-02-09,23,0,2,0,0,341
2026-02-10 09:00:00,2026-02-10,9,1,2,0,0,609
2026-02-10 10:00:00,2026-02-10,10,1,2,0,0,820
2026-02-10 11:00:00,2026-02-10,11,1,2,0,0,682
2026-02-10 12:00:00,2026-02-10,12,1,2,0,0,1279
2026-02-10 13:00:00,2026-02-10,13,1,2,0,0,873
2026-02-10 14:00:00,2026-02-10,14,1,2,0,0,1637
2026-02-10 15:00:00,2026-02-10,15,1,2,0,0,1018
2026-02-10 16:00:00,2026-02-10,16,1,2,0,0,1389
2026-02-10 17:00:00,2026-02-10,17,1,2,0,0,952
2026-02-10 18:00:00,2026-02-10,18,1,2,0,0,1112
2026-02-10 19:00:00,2026-02-10,19,1,2,0,0,1045
2026-02-10 20:00:00,2026-02-10,20,1,2,0,0,1192
2026-02-10 21:00:00,2026-02-10,21,1,2,0,0,1346
2026-02-10 22:00:00,2026-02-10,22,1,2,0,0,1461
2026-02-10 23:00:00,2026-02-10,23,1,2,0,0,276
2026-02-11 09:00:00,2026-02-11,9,2,2,0,0,600
2026-02-11 10:00:00,2026-02-11,10,2,2,0,0,847
2026-02-11 11:00:00,2026-02-11,11,2,2,0,0,952
2026-02-11 12:00:00,2026-02-11,12,2,2,0,0,1264
2026-02-11 13:00:00,2026-02-11,13,2,2,0,0,1447
2026-02-11 14:00:00,2026-02-11,14,2,2,0,0,1653
2026-02-11 15:00:00,2026-02-11,15,2,2,0,0,1390
2026-02-11 16:00:00,2026-02-11,16,2,2,0,0,1297
2026-02-11 17:00:00,2026-02-11,17,2,2,0,0,1307
2026-02-11 18:00:00,2026-02-11,18,2,2,0,0,1058
2026-02-11 19:00:00,2026-02-11,19,2,2,0,0,1073
2026-02-11 20:00:00,2026-02-11,20,2,2,0,0,1097
2026-02-11 21:00:00,2026-02-11,21,2,2,0,0,1631
2026-02-11 22:00:00,2026-02-11,22,2,2,0,0,1473
2026-02-11 23:00:00,2026-02-11,23,2,2,0,0,303
2026-02-12 09:00:00,2026-02-12,9,3,2,0,0,673
2026-02-12 10:00:00,2026-02-12,10,3,2,0,0,645
2026-02-12 11:00:00,2026-02-12,11,3,2,0,0,1309
2026-02-12 12:00:00,2026-02-12,12,3,2,0,0,779
2026-02-12 13:00:00,2026-02-12,13,3,2,0,0,1337
2026-02-12 14:00:00,2026-02-12,14,3,2,0,0,1137
2026-02-12 15:00:00,2026-02-12,15,3,2,0,0,1587
2026-02-12 16:00:00,2026-02-12,16,3,2,0,0,1268
2026-02-12 17:00:00,2026-02-12,17,3,2,0,0,1373
2026-02-12 18:00:00,2026-02-12,18,3,2,0,0,1119
2026-02-12 19:00:00,2026-02-12,19,3,2,0,0,875
2026-02-12 20:00:00,2026-02-12,20,3,2,0,0,1151
2026-02-12 21:00:00,2026-02-12,21,3,2,0,0,916
2026-02-12 22:00:00,2026-02-12,22,3,2,0,0,1078
2026-02-12 23:00:00,2026-02-12,23,3,2,0,0,275
2026-02-13 09:00:00,2026-02-13,9,4,2,0,0,658
2026-02-13 10:00:00,2026-02-13,10,4,2,0,0,737
2026-02-13 11:00:00,2026-02-13,11,4,2,0,0,1063
2026-02-13 12:00:00,2026-02-13,12,4,2,0,0,1065
2026-02-13 13:00:00,2026-02-13,13,4,2,0,0,1297
2026-02-13 14:00:00,2026-02-13,14,4,2,0,0,1468
2026-02-13 15:00:00,2026-02-13,15,4,2,0,0,1437
2026-02-13 16:00:00,2026-02-13,16,4,2,0,0,1621
2026-02-13 17:00:00,2026-02-13,17,4,2,0,0,1392
2026-02-13 18:00:00,2026-02-13,18,4,2,0,0,1328
2026-02-13 19:00:00,2026-02-13,19,4,2,0,0,677
2026-02-13 20:00:00,2026-02-13,20,4,2,0,0,1477
2026-02-13 21:00:00,2026-02-13,21,4,2,0,0,1249
2026-02-13 22:00:00,2026-02-13,22,4,2,0,0,1126
2026-02-13 23:00:00,2026-02-13,23,4,2,0,0,381
2026-02-14 09:00:00,2026-02-14,9,5,2,1,0,643
2026-02-14 10:00:00,2026-02-14,10,5,2,1,0,987
2026-02-14 11:00:00,2026-02-14,11,5,2,1,0,1255
2026-02-14 12:00:00,2026-02-14,12,5,2,1,0,2103
2026-02-14 13:00:00,2026-02-14,13,5,2,1,0,2229
2026-02-14 14:00:00,2026-02-14,14,5,2,1,0,2329
2026-02-14 15:00:00,2026-02-14,15,5,2,1,0,1944
2026-02-14 16:00:00,2026-02-14,16,5,2,1,0,2550
2026-02-14 17:00:00,2026-02-14,17,5,2,1,0,1913
2026-02-14 18:00:00,2026-02-14,18,5,2,1,0,1806
2026-02-14 19:00:00,2026-02-14,19,5,2,1,0,1386
2026-02-14 20:00:00,2026-02-14,20,5,2,1,0,1711
2026-02-14 21:00:00,2026-02-14,21,5,2,1,0,1669
2026-02-14 22:00:00,2026-02-14,22,5,2,1,0,1677
2026-02-14 23:00:00,2026-02-14,23,5,2,1,0,307
2026-02-15 09:00:00,2026-02-15,9,6,2,1,0,859
2026-02-15 10:00:00,2026-02-15,10,6,2,1,0,1079
2026-02-15 11:00:00,2026-02-15,11,6,2,1,0,1603
2026-02-15 12:00:00,2026-02-15,12,6,2,1,0,1041
2026-02-15 13:00:00,2026-02-15,13,6,2,1,0,1944
2026-02-15 14:00:00,2026-02-15,14,6,2,1,0,2145
2026-02-15 15:00:00,2026-02-15,15,6,2,1,0,2303
2026-02-15 16:00:00,2026-02-15,16,6,2,1,0,1959
2026-02-15 17:00:00,2026-02-15,17,6,2,1,0,1878
2026-02-15 18:00:00,2026-02-15,18,6,2,1,0,1265
2026-02-15 19:00:00,2026-02-15,19,6,2,1,0,1600
2026-02-15 20:00:00,2026-02-15,20,6,2,1,0,1659
2026-02-15 21:00:00,2026-02-15,21,6,2,1,0,1243
2026-02-15 22:00:00,2026-02-15,22,6,2,1,0,1447
2026-02-15 23:00:00,2026-02-15,23,6,2,1,0,304
2026-02-16 09:00:00,2026-02-16,9,0,2,0,0,559
2026-02-16 10:00:00,2026-02-16,10,0,2,0,0,944
2026-02-16 11:00:00,2026-02-16,11,0,2,0,0,1137
2026-02-16 12:00:00,2026-02-16,12,0,2,0,0,1272
2026-02-16 13:00:00,2026-02-16,13,0,2,0,0,1284
2026-02-16 14:00:00,2026-02-16,14,0,2,0,0,1308
2026-02-16 15:00:00,2026-02-16,15,0,2,0,0,1393
2026-02-16 16:00:00,2026-02-16,16,0,2,0,0,1734
2026-02-16 17:00:00,2026-02-16,17,0,2,0,0,1254
2026-02-16 18:00:00,2026-02-16,18,0,2,0,0,1212
2026-02-16 19:00:00,2026-02-16,19,0,2,0,0,914
2026-02-16 20:00:00,2026-02-16,20,0,2,0,0,1403
2026-02-16 21:00:00,2026-02-16,21,0,2,0,0,1192
2026-02-16 22:00:00,2026-02-16,22,0,2,0,0,1260
2026-02-16 23:00:00,2026-02-16,23,0,2,0,0,241
2026-02-17 09:00:00,2026-02-17,9,1,2,0,0,491
2026-02-17 10:00:00,2026-02-17,10,1,2,0,0,803
2026-02-17 11:00:00,2026-02-17,11,1,2,0,0,845
2026-02-17 12:00:00,2026-02-17,12,1,2,0,0,1500
2026-02-17 13:00:00,2026-02-17,13,1,2,0,0,1021
2026-02-17 14:00:00,2026-02-17,14,1,2,0,0,1322
2026-02-17 15:00:00,2026-02-17,15,1,2,0,0,1503
2026-02-17 16:00:00,2026-02-17,16,1,2,0,0,1398
2026-02-17 17:00:00,2026-02-17,17,1,2,0,0,1177
2026-02-17 18:00:00,2026-02-17,18,1,2,0,0,1060
2026-02-17 19:00:00,2026-02-17,19,1,2,0,0,885
2026-02-17 20:00:00,2026-02-17,20,1,2,0,0,1231
2026-02-17 21:00:00,2026-02-17,21,1,2,0,0,1573
2026-02-17 22:00:00,2026-02-17,22,1,2,0,0,1286
2026-02-17 23:00:00,2026-02-17,23,1,2,0,0,345
2026-02-18 09:00:00,2026-02-18,9,2,2,0,0,646
2026-02-18 10:00:00,2026-02-18,10,2,2,0,0,910
2026-02-18 11:00:00,2026-02-18,11,2,2,0,0,667
2026-02-18 12:00:00,2026-02-18,12,2,2,0,0,1154
2026-02-18 13:00:00,2026-02-18,13,2,2,0,0,1570
2026-02-18 14:00:00,2026-02-18,14,2,2,0,0,1362
2026-02-18 15:00:00,2026-02-18,15,2,2,0,0,1817
2026-02-18 16:00:00,2026-02-18,16,2,2,0,0,1723
2026-02-18 17:00:00,2026-02-18,17,2,2,0,0,1280
2026-02-18 18:00:00,2026-02-18,18,2,2,0,0,1125
2026-02-18 19:00:00,2026-02-18,19,2,2,0,0,883
2026-02-18 20:00:00,2026-02-18,20,2,2,0,0,1178
2026-02-18 21:00:00,2026-02-18,21,2,2,0,0,760
2026-02-18 22:00:00,2026-02-18,22,2,2,0,0,1340
2026-02-18 23:00:00,2026-02-18,23,2,2,0,0,249
2026-02-19 09:00:00,2026-02-19,9,3,2,0,0,654
2026-02-19 10:00:00,2026-02-19,10,3,2,0,0,863
2026-02-19 11:00:00,2026-02-19,11,3,2,0,0,805
2026-02-19 12:00:00,2026-02-19,12,3,2,0,0,1420
2026-02-19 13:00:00,2026-02-19,13,3,2,0,0,1440
2026-02-19 14:00:00,2026-02-19,14,3,2,0,0,1594
2026-02-19 15:00:00,2026-02-19,15,3,2,0,0,1363
2026-02-19 16:00:00,2026-02-19,16,3,2,0,0,1572
2026-02-19 17:00:00,2026-02-19,17,3,2,0,0,1540
2026-02-19 18:00:00,2026-02-19,18,3,2,0,0,1183
2026-02-19 19:00:00,2026-02-19,19,3,2,0,0,1247
2026-02-19 20:00:00,2026-02-19,20,3,2,0,0,1281
2026-02-19 21:00:00,2026-02-19,21,3,2,0,0,1449
2026-02-19 22:00:00,2026-02-19,22,3,2,0,0,1319
2026-02-19 23:00:00,2026-02-19,23,3,2,0,0,324
2026-02-20 09:00:00,2026-02-20,9,4,2,0,0,487
2026-02-20 10:00:00,2026-02-20,10,4,2,0,0,838
2026-02-20 11:00:00,2026-02-20,11,4,2,0,0,916
2026-02-20 12:00:00,2026-02-20,12,4,2,0,0,1076
2026-02-20 13:00:00,2026-02-20,13,4,2,0,0,1641
2026-02-20 14:00:00,2026-02-20,14,4,2,0,0,1425
2026-02-20 15:00:00,2026-02-20,15,4,2,0,0,1319
2026-02-20 16:00:00,2026-02-20,16,4,2,0,0,1399
2026-02-20 17:00:00,2026-02-20,17,4,2,0,0,1145
2026-02-20 18:00:00,2026-02-20,18,4,2,0,0,982
2026-02-20 19:00:00,2026-02-20,19,4,2,0,0,921
2026-02-20 20:00:00,2026-02-20,20,4,2,0,0,1355
2026-02-20 21:00:00,2026-02-20,21,4,2,0,0,1482
2026-02-20 22:00:00,2026-02-20,22,4,2,0,0,1198
2026-02-20 23:00:00,2026-02-20,23,4,2,0,0,322
2026-02-21 09:00:00,2026-02-21,9,5,2,1,0,721
2026-02-21 10:00:00,2026-02-21,10,5,2,1,0,1402
2026-02-21 11:00:00,2026-02-21,11,5,2,1,0,1509
2026-02-21 12:00:00,2026-02-21,12,5,2,1,0,1579
2026-02-21 13:00:00,2026-02-21,13,5,2,1,0,1662
2026-02-21 14:00:00,2026-02-21,14,5,2,1,0,1947
2026-02-21 15:00:00,2026-02-21,15,5,2,1,0,1942
2026-02-21 16:00:00,2026-02-21,16,5,2,1,0,2437
2026-02-21 17:00:00,2026-02-21,17,5,2,1,0,1562
2026-02-21 18:00:00,2026-02-21,18,5,2,1,0,1643
2026-02-21 19:00:00,2026-02-21,19,5,2,1,0,1354
2026-02-21 20:00:00,2026-02-21,20,5,2,1,0,1696
2026-02-21 21:00:00,2026-02-21,21,5,2,1,0,1698
2026-02-21 22:00:00,2026-02-21,22,5,2,1,0,1697
2026-02-21 23:00:00,2026-02-21,23,5,2,1,0,316
2026-02-22 09:00:00,2026-02-22,9,6,2,1,0,883
2026-02-22 10:00:00,2026-02-22,10,6,2,1,0,1138
2026-02-22 11:00:00,2026-02-22,11,6,2,1,0,604
2026-02-22 12:00:00,2026-02-22,12,6,2,1,0,1675
2026-02-22 13:00:00,2026-02-22,13,6,2,1,0,1027
2026-02-22 14:00:00,2026-02-22,14,6,2,1,0,2128
2026-02-22 15:00:00,2026-02-22,15,6,2,1,0,2383
2026-02-22 16:00:00,2026-02-22,16,6,2,1,0,1755
2026-02-22 17:00:00,2026-02-22,17,6,2,1,0,1774
2026-02-22 18:00:00,2026-02-22,18,6,2,1,0,1500
2026-02-22 19:00:00,2026-02-22,19,6,2,1,0,1558
2026-02-22 20:00:00,2026-02-22,20,6,2,1,0,1740
2026-02-22 21:00:00,2026-02-22,21,6,2,1,0,2078
2026-02-22 22:00:00,2026-02-22,22,6,2,1,0,1806
2026-02-22 23:00:00,2026-02-22,23,6,2,1,0,420
2026-02-23 09:00:00,2026-02-23,9,0,2,0,0,614
2026-02-23 10:00:00,2026-02-23,10,0,2,0,0,881
2026-02-23 11:00:00,2026-02-23,11,0,2,0,0,795
2026-02-23 12:00:00,2026-02-23,12,0,2,0,0,847
2026-02-23 13:00:00,2026-02-23,13,0,2,0,0,942
2026-02-23 14:00:00,2026-02-23,14,0,2,0,0,1590
2026-02-23 15:00:00,2026-02-23,15,0,2,0,0,1466
2026-02-23 16:00:00,2026-02-23,16,0,2,0,0,1280
2026-02-23 17:00:00,2026-02-23,17,0,2,0,0,1358
2026-02-23 18:00:00,2026-02-23,18,0,2,0,0,1042
2026-02-23 19:00:00,2026-02-23,19,0,2,0,0,773
2026-02-23 20:00:00,2026-02-23,20,0,2,0,0,1386
2026-02-23 21:00:00,2026-02-23,21,0,2,0,0,1363
2026-02-23 22:00:00,2026-02-23,22,0,2,0,0,1346
2026-02-23 23:00:00,2026-02-23,23,0,2,0,0,350
2026-02-24 09:00:00,2026-02-24,9,1,2,0,0,561
2026-02-24 10:00:00,2026-02-24,10,1,2,0,0,665
2026-02-24 11:00:00,2026-02-24,11,1,2,0,0,997
2026-02-24 12:00:00,2026-02-24,12,1,2,0,0,1147
2026-02-24 13:00:00,2026-02-24,13,1,2,0,0,1220
2026-02-24 14:00:00,2026-02-24,14,1,2,0,0,1448
2026-02-24 15:00:00,2026-02-24,15,1,2,0,0,1389
2026-02-24 16:00:00,2026-02-24,16,1,2,0,0,1140
2026-02-24 17:00:00,2026-02-24,17,1,2,0,0,1285
2026-02-24 18:00:00,2026-02-24,18,1,2,0,0,1034
2026-02-24 19:00:00,2026-02-24,19,1,2,0,0,1033
2026-02-24 20:00:00,2026-02-24,20,1,2,0,0,1174
2026-02-24 21:00:00,2026-02-24,21,1,2,0,0,1445
2026-02-24 22:00:00,2026-02-24,22,1,2,0,0,1520
2026-02-24 23:00:00,2026-02-24,23,1,2,0,0,327
2026-02-25 09:00:00,2026-02-25,9,2,2,0,0,496
2026-02-25 10:00:00,2026-02-25,10,2,2,0,0,947
2026-02-25 11:00:00,2026-02-25,11,2,2,0,0,1195
2026-02-25 12:00:00,2026-02-25,12,2,2,0,0,1200
2026-02-25 13:00:00,2026-02-25,13,2,2,0,0,1572
2026-02-25 14:00:00,2026-02-25,14,2,2,0,0,1366
2026-02-25 15:00:00,2026-02-25,15,2,2,0,0,1164
2026-02-25 16:00:00,2026-02-25,16,2,2,0,0,1329
2026-02-25 17:00:00,2026-02-25,17,2,2,0,0,1638
2026-02-25 18:00:00,2026-02-25,18,2,2,0,0,983
2026-02-25 19:00:00,2026-02-25,19,2,2,0,0,1005
2026-02-25 20:00:00,2026-02-25,20,2,2,0,0,1280
2026-02-25 21:00:00,2026-02-25,21,2,2,0,0,1196
2026-02-25 22:00:00,2026-02-25,22,2,2,0,0,1207
2026-02-25 23:00:00,2026-02-25,23,2,2,0,0,305
2026-02-26 09:00:00,2026-02-26,9,3,2,0,0,568
2026-02-26 10:00:00,2026-02-26,10,3,2,0,0,665
2026-02-26 11:00:00,2026-02-26,11,3,2,0,0,1031
2026-02-26 12:00:00,2026-02-26,12,3,2,0,0,1352
2026-02-26 13:00:00,2026-02-26,13,3,2,0,0,1498
2026-02-26 14:00:00,2026-02-26,14,3,2,0,0,1320
2026-02-26 15:00:00,2026-02-26,15,3,2,0,0,1274
2026-02-26 16:00:00,2026-02-26,16,3,2,0,0,1413
2026-02-26 17:00:00,2026-02-26,17,3,2,0,0,1612
2026-02-26 18:00:00,2026-02-26,18,3,2,0,0,1290
2026-02-26 19:00:00,2026-02-26,19,3,2,0,0,1090
2026-02-26 20:00:00,2026-02-26,20,3,2,0,0,1411
2026-02-26 21:00:00,2026-02-26,21,3,2,0,0,1339
2026-02-26 22:00:00,2026-02-26,22,3,2,0,0,1293
2026-02-26 23:00:00,2026-02-26,23,3,2,0,0,326
2026-02-27 09:00:00,2026-02-27,9,4,2,0,0,398
2026-02-27 10:00:00,2026-02-27,10,4,2,0,0,666
2026-02-27 11:00:00,2026-02-27,11,4,2,0,0,1092
2026-02-27 12:00:00,2026-02-27,12,4,2,0,0,1375
2026-02-27 13:00:00,2026-02-27,13,4,2,0,0,1175
2026-02-27 14:00:00,2026-02-27,14,4,2,0,0,1607
2026-02-27 15:00:00,2026-02-27,15,4,2,0,0,1802
2026-02-27 16:00:00,2026-02-27,16,4,2,0,0,1462
2026-02-27 17:00:00,2026-02-27,17,4,2,0,0,1224
2026-02-27 18:00:00,2026-02-27,18,4,2,0,0,1215
2026-02-27 19:00:00,2026-02-27,19,4,2,0,0,939
2026-02-27 20:00:00,2026-02-27,20,4,2,0,0,1180
2026-02-27 21:00:00,2026-02-27,21,4,2,0,0,1341
2026-02-27 22:00:00,2026-02-27,22,4,2,0,0,1029
2026-02-27 23:00:00,2026-02-27,23,4,2,0,0,250
2026-02-28 09:00:00,2026-02-28,9,5,2,1,0,825
2026-02-28 10:00:00,2026-02-28,10,5,2,1,0,1081
2026-02-28 11:00:00,2026-02-28,11,5,2,1,0,1413
2026-02-28 12:00:00,2026-02-28,12,5,2,1,0,1980
2026-02-28 13:00:00,2026-02-28,13,5,2,1,0,1855
2026-02-28 14:00:00,2026-02-28,14,5,2,1,0,2116
2026-02-28 15:00:00,2026-02-28,15,5,2,1,0,1787
2026-02-28 16:00:00,2026-02-28,16,5,2,1,0,2157
2026-02-28 17:00:00,2026-02-28,17,5,2,1,0,1201
2026-02-28 18:00:00,2026-02-28,18,5,2,1,0,1630
2026-02-28 19:00:00,2026-02-28,19,5,2,1,0,1339
2026-02-28 20:00:00,2026-02-28,20,5,2,1,0,1934
2026-02-28 21:00:00,2026-02-28,21,5,2,1,0,1450
2026-02-28 22:00:00,2026-02-28,22,5,2,1,0,874
2026-02-28 23:00:00,2026-02-28,23,5,2,1,0,278
2026-03-01 09:00:00,2026-03-01,9,6,3,1,0,869
2026-03-01 10:00:00,2026-03-01,10,6,3,1,0,1103
2026-03-01 11:00:00,2026-03-01,11,6,3,1,0,1558
2026-03-01 12:00:00,2026-03-01,12,6,3,1,0,1701
2026-03-01 13:00:00,2026-03-01,13,6,3,1,0,1195
2026-03-01 14:00:00,2026-03-01,14,6,3,1,0,1423
2026-03-01 15:00:00,2026-03-01,15,6,3,1,0,1967
2026-03-01 16:00:00,2026-03-01,16,6,3,1,0,2218
2026-03-01 17:00:00,2026-03-01,17,6,3,1,0,1746
2026-03-01 18:00:00,2026-03-01,18,6,3,1,0,1135
2026-03-01 19:00:00,2026-03-01,19,6,3,1,0,1426
2026-03-01 20:00:00,2026-03-01,20,6,3,1,0,1511
2026-03-01 21:00:00,2026-03-01,21,6,3,1,0,1849
2026-03-01 22:00:00,2026-03-01,22,6,3,1,0,2059
2026-03-01 23:00:00,2026-03-01,23,6,3,1,0,400
2026-03-02 09:00:00,2026-03-02,9,0,3,0,0,527
2026-03-02 10:00:00,2026-03-02,10,0,3,0,0,796
2026-03-02 11:00:00,2026-03-02,11,0,3,0,0,737
2026-03-02 12:00:00,2026-03-02,12,0,3,0,0,1246
2026-03-02 13:00:00,2026-03-02,13,0,3,0,0,1430
2026-03-02 14:00:00,2026-03-02,14,0,3,0,0,1757
2026-03-02 15:00:00,2026-03-02,15,0,3,0,0,1465
2026-03-02 16:00:00,2026-03-02,16,0,3,0,0,1534
2026-03-02 17:00:00,2026-03-02,17,0,3,0,0,1216
2026-03-02 18:00:00,2026-03-02,18,0,3,0,0,1146
2026-03-02 19:00:00,2026-03-02,19,0,3,0,0,821
2026-03-02 20:00:00,2026-03-02,20,0,3,0,0,1245
2026-03-02 21:00:00,2026-03-02,21,0,3,0,0,1228
2026-03-02 22:00:00,2026-03-02,22,0,3,0,0,1320
2026-03-02 23:00:00,2026-03-02,23,0,3,0,0,196
2026-03-03 09:00:00,2026-03-03,9,1,3,0,0,615
2026-03-03 10:00:00,2026-03-03,10,1,3,0,0,770
2026-03-03 11:00:00,2026-03-03,11,1,3,0,0,965
2026-03-03 12:00:00,2026-03-03,12,1,3,0,0,1209
2026-03-03 13:00:00,2026-03-03,13,1,3,0,0,1363
2026-03-03 14:00:00,2026-03-03,14,1,3,0,0,1596
2026-03-03 15:00:00,2026-03-03,15,1,3,0,0,1478
2026-03-03 16:00:00,2026-03-03,16,1,3,0,0,1401
2026-03-03 17:00:00,2026-03-03,17,1,3,0,0,1327
2026-03-03 18:00:00,2026-03-03,18,1,3,0,0,1095
2026-03-03 19:00:00,2026-03-03,19,1,3,0,0,962
2026-03-03 20:00:00,2026-03-03,20,1,3,0,0,1585
2026-03-03 21:00:00,2026-03-03,21,1,3,0,0,1135
2026-03-03 22:00:00,2026-03-03,22,1,3,0,0,1232
2026-03-03 23:00:00,2026-03-03,23,1,3,0,0,288
2026-03-04 09:00:00,2026-03-04,9,2,3,0,0,591
2026-03-04 10:00:00,2026-03-04,10,2,3,0,0,770
2026-03-04 11:00:00,2026-03-04,11,2,3,0,0,727
2026-03-04 12:00:00,2026-03-04,12,2,3,0,0,951
2026-03-04 13:00:00,2026-03-04,13,2,3,0,0,1526
2026-03-04 14:00:00,2026-03-04,14,2,3,0,0,1574
2026-03-04 15:00:00,2026-03-04,15,2,3,0,0,1276
2026-03-04 16:00:00,2026-03-04,16,2,3,0,0,1064
2026-03-04 17:00:00,2026-03-04,17,2,3,0,0,838
2026-03-04 18:00:00,2026-03-04,18,2,3,0,0,1162
2026-03-04 19:00:00,2026-03-04,19,2,3,0,0,1316
2026-03-04 20:00:00,2026-03-04,20,2,3,0,0,950
2026-03-04 21:00:00,2026-03-04,21,2,3,0,0,998
2026-03-04 22:00:00,2026-03-04,22,2,3,0,0,1169
2026-03-04 23:00:00,2026-03-04,23,2,3,0,0,300
2026-03-05 09:00:00,2026-03-05,9,3,3,0,0,628
2026-03-05 10:00:00,2026-03-05,10,3,3,0,0,676
2026-03-05 11:00:00,2026-03-05,11,3,3,0,0,989
2026-03-05 12:00:00,2026-03-05,12,3,3,0,0,766
2026-03-05 13:00:00,2026-03-05,13,3,3,0,0,1177
2026-03-05 14:00:00,2026-03-05,14,3,3,0,0,1508
2026-03-05 15:00:00,2026-03-05,15,3,3,0,0,1639
2026-03-05 16:00:00,2026-03-05,16,3,3,0,0,1610
2026-03-05 17:00:00,2026-03-05,17,3,3,0,0,1015
2026-03-05 18:00:00,2026-03-05,18,3,3,0,0,1126
2026-03-05 19:00:00,2026-03-05,19,3,3,0,0,1091
2026-03-05 20:00:00,2026-03-05,20,3,3,0,0,1322
2026-03-05 21:00:00,2026-03-05,21,3,3,0,0,1295
2026-03-05 22:00:00,2026-03-05,22,3,3,0,0,826
2026-03-05 23:00:00,2026-03-05,23,3,3,0,0,284
2026-03-06 09:00:00,2026-03-06,9,4,3,0,0,615
2026-03-06 10:00:00,2026-03-06,10,4,3,0,0,726
2026-03-06 11:00:00,2026-03-06,11,4,3,0,0,1041
2026-03-06 12:00:00,2026-03-06,12,4,3,0,0,1109
2026-03-06 13:00:00,2026-03-06,13,4,3,0,0,1221
2026-03-06 14:00:00,2026-03-06,14,4,3,0,0,1376
2026-03-06 15:00:00,2026-03-06,15,4,3,0,0,1324
2026-03-06 16:00:00,2026-03-06,16,4,3,0,0,1392
2026-03-06 17:00:00,2026-03-06,17,4,3,0,0,1504
2026-03-06 18:00:00,2026-03-06,18,4,3,0,0,1143
2026-03-06 19:00:00,2026-03-06,19,4,3,0,0,1036
2026-03-06 20:00:00,2026-03-06,20,4,3,0,0,1396
2026-03-06 21:00:00,2026-03-06,21,4,3,0,0,1187
2026-03-06 22:00:00,2026-03-06,22,4,3,0,0,1176
2026-03-06 23:00:00,2026-03-06,23,4,3,0,0,363
2026-03-07 09:00:00,2026-03-07,9,5,3,1,0,920
2026-03-07 10:00:00,2026-03-07,10,5,3,1,0,1186
2026-03-07 11:00:00,2026-03-07,11,5,3,1,0,1039
2026-03-07 12:00:00,2026-03-07,12,5,3,1,0,1706
2026-03-07 13:00:00,2026-03-07,13,5,3,1,0,2275
2026-03-07 14:00:00,2026-03-07,14,5,3,1,0,1985
2026-03-07 15:00:00,2026-03-07,15,5,3,1,0,2165
2026-03-07 16:00:00,2026-03-07,16,5,3,1,0,1141
2026-03-07 17:00:00,2026-03-07,17,5,3,1,0,1650
2026-03-07 18:00:00,2026-03-07,18,5,3,1,0,1383
2026-03-07 19:00:00,2026-03-07,19,5,3,1,0,1564
2026-03-07 20:00:00,2026-03-07,20,5,3,1,0,1194
2026-03-07 21:00:00,2026-03-07,21,5,3,1,0,1638
2026-03-07 22:00:00,2026-03-07,22,5,3,1,0,1102
2026-03-07 23:00:00,2026-03-07,23,5,3,1,0,368
2026-03-08 09:00:00,2026-03-08,9,6,3,1,0,774
2026-03-08 10:00:00,2026-03-08,10,6,3,1,0,1264
2026-03-08 11:00:00,2026-03-08,11,6,3,1,0,1422
2026-03-08 12:00:00,2026-03-08,12,6,3,1,0,1455
2026-03-08 13:00:00,2026-03-08,13,6,3,1,0,2066
2026-03-08 14:00:00,2026-03-08,14,6,3,1,0,1979
2026-03-08 15:00:00,2026-03-08,15,6,3,1,0,2034
2026-03-08 16:00:00,2026-03-08,16,6,3,1,0,1689
2026-03-08 17:00:00,2026-03-08,17,6,3,1,0,1614
2026-03-08 18:00:00,2026-03-08,18,6,3,1,0,1456
2026-03-08 19:00:00,2026-03-08,19,6,3,1,0,1364
2026-03-08 20:00:00,2026-03-08,20,6,3,1,0,1737
2026-03-08 21:00:00,2026-03-08,21,6,3,1,0,2040
2026-03-08 22:00:00,2026-03-08,22,6,3,1,0,1800
2026-03-08 23:00:00,2026-03-08,23,6,3,1,0,276
2026-03-09 09:00:00,2026-03-09,9,0,3,0,0,629
2026-03-09 10:00:00,2026-03-09,10,0,3,0,0,663
2026-03-09 11:00:00,2026-03-09,11,0,3,0,0,888
2026-03-09 12:00:00,2026-03-09,12,0,3,0,0,1081
2026-03-09 13:00:00,2026-03-09,13,0,3,0,0,1249
2026-03-09 14:00:00,2026-03-09,14,0,3,0,0,855
2026-03-09 15:00:00,2026-03-09,15,0,3,0,0,1536
2026-03-09 16:00:00,2026-03-09,16,0,3,0,0,1215
2026-03-09 17:00:00,2026-03-09,17,0,3,0,0,1415
2026-03-09 18:00:00,2026-03-09,18,0,3,0,0,1063
2026-03-09 19:00:00,2026-03-09,19,0,3,0,0,845
2026-03-09 20:00:00,2026-03-09,20,0,3,0,0,1231
2026-03-09 21:00:00,2026-03-09,21,0,3,0,0,888
2026-03-09 22:00:00,2026-03-09,22,0,3,0,0,1228
2026-03-09 23:00:00,2026-03-09,23,0,3,0,0,326
2026-03-10 09:00:00,2026-03-10,9,1,3,0,0,662
2026-03-10 10:00:00,2026-03-10,10,1,3,0,0,810
2026-03-10 11:00:00,2026-03-10,11,1,3,0,0,1112
2026-03-10 12:00:00,2026-03-10,12,1,3,0,0,1563
2026-03-10 13:00:00,2026-03-10,13,1,3,0,0,1636
2026-03-10 14:00:00,2026-03-10,14,1,3,0,0,1371
2026-03-10 15:00:00,2026-03-10,15,1,3,0,0,1238
2026-03-10 16:00:00,2026-03-10,16,1,3,0,0,1391
2026-03-10 17:00:00,2026-03-10,17,1,3,0,0,1203
2026-03-10 18:00:00,2026-03-10,18,1,3,0,0,1262
2026-03-10 19:00:00,2026-03-10,19,1,3,0,0,862
2026-03-10 20:00:00,2026-03-10,20,1,3,0,0,1263
2026-03-10 21:00:00,2026-03-10,21,1,3,0,0,1403
2026-03-10 22:00:00,2026-03-10,22,1,3,0,0,1259
2026-03-10 23:00:00,2026-03-10,23,1,3,0,0,187
2026-03-11 09:00:00,2026-03-11,9,2,3,0,0,695
2026-03-11 10:00:00,2026-03-11,10,2,3,0,0,621
2026-03-11 11:00:00,2026-03-11,11,2,3,0,0,965
2026-03-11 12:00:00,2026-03-11,12,2,3,0,0,1191
2026-03-11 13:00:00,2026-03-11,13,2,3,0,0,951
2026-03-11 14:00:00,2026-03-11,14,2,3,0,0,1494
2026-03-11 15:00:00,2026-03-11,15,2,3,0,0,1609
2026-03-11 16:00:00,2026-03-11,16,2,3,0,0,1456
2026-03-11 17:00:00,2026-03-11,17,2,3,0,0,1297
2026-03-11 18:00:00,2026-03-11,18,2,3,0,0,1139
2026-03-11 19:00:00,2026-03-11,19,2,3,0,0,652
2026-03-11 20:00:00,2026-03-11,20,2,3,0,0,1395
2026-03-11 21:00:00,2026-03-11,21,2,3,0,0,1176
2026-03-11 22:00:00,2026-03-11,22,2,3,0,0,1404
2026-03-11 23:00:00,2026-03-11,23,2,3,0,0,303
2026-03-12 09:00:00,2026-03-12,9,3,3,0,0,571
2026-03-12 10:00:00,2026-03-12,10,3,3,0,0,862
2026-03-12 11:00:00,2026-03-12,11,3,3,0,0,917
2026-03-12 12:00:00,2026-03-12,12,3,3,0,0,1289
2026-03-12 13:00:00,2026-03-12,13,3,3,0,0,1391
2026-03-12 14:00:00,2026-03-12,14,3,3,0,0,1358
2026-03-12 15:00:00,2026-03-12,15,3,3,0,0,1595
2026-03-12 16:00:00,2026-03-12,16,3,3,0,0,1558
2026-03-12 17:00:00,2026-03-12,17,3,3,0,0,1545
2026-03-12 18:00:00,2026-03-12,18,3,3,0,0,1336
2026-03-12 19:00:00,2026-03-12,19,3,3,0,0,1064
2026-03-12 20:00:00,2026-03-12,20,3,3,0,0,1102
2026-03-12 21:00:00,2026-03-12,21,3,3,0,0,1154
2026-03-12 22:00:00,2026-03-12,22,3,3,0,0,1060
2026-03-12 23:00:00,2026-03-12,23,3,3,0,0,337
2026-03-13 09:00:00,2026-03-13,9,4,3,0,0,641
2026-03-13 10:00:00,2026-03-13,10,4,3,0,0,689
2026-03-13 11:00:00,2026-03-13,11,4,3,0,0,990
2026-03-13 12:00:00,2026-03-13,12,4,3,0,0,1186
2026-03-13 13:00:00,2026-03-13,13,4,3,0,0,1569
2026-03-13 14:00:00,2026-03-13,14,4,3,0,0,1337
2026-03-13 15:00:00,2026-03-13,15,4,3,0,0,1016
2026-03-13 16:00:00,2026-03-13,16,4,3,0,0,1052
2026-03-13 17:00:00,2026-03-13,17,4,3,0,0,1639
2026-03-13 18:00:00,2026-03-13,18,4,3,0,0,1043
2026-03-13 19:00:00,2026-03-13,19,4,3,0,0,1044
2026-03-13 20:00:00,2026-03-13,20,4,3,0,0,1259
2026-03-13 21:00:00,2026-03-13,21,4,3,0,0,1260
2026-03-13 22:00:00,2026-03-13,22,4,3,0,0,1398
2026-03-13 23:00:00,2026-03-13,23,4,3,0,0,363
2026-03-14 09:00:00,2026-03-14,9,5,3,1,0,848
2026-03-14 10:00:00,2026-03-14,10,5,3,1,0,1169
2026-03-14 11:00:00,2026-03-14,11,5,3,1,0,987
2026-03-14 12:00:00,2026-03-14,12,5,3,1,0,1814
2026-03-14 13:00:00,2026-03-14,13,5,3,1,0,1730
2026-03-14 14:00:00,2026-03-14,14,5,3,1,0,2229
2026-03-14 15:00:00,2026-03-14,15,5,3,1,0,2294
2026-03-14 16:00:00,2026-03-14,16,5,3,1,0,2231
2026-03-14 17:00:00,2026-03-14,17,5,3,1,0,1687
2026-03-14 18:00:00,2026-03-14,18,5,3,1,0,1584
2026-03-14 19:00:00,2026-03-14,19,5,3,1,0,1396
2026-03-14 20:00:00,2026-03-14,20,5,3,1,0,1438
2026-03-14 21:00:00,2026-03-14,21,5,3,1,0,1435
2026-03-14 22:00:00,2026-03-14,22,5,3,1,0,1718
2026-03-14 23:00:00,2026-03-14,23,5,3,1,0,422
2026-03-15 09:00:00,2026-03-15,9,6,3,1,0,766
2026-03-15 10:00:00,2026-03-15,10,6,3,1,0,911
2026-03-15 11:00:00,2026-03-15,11,6,3,1,0,1259
2026-03-15 12:00:00,2026-03-15,12,6,3,1,0,1659
2026-03-15 13:00:00,2026-03-15,13,6,3,1,0,1386
2026-03-15 14:00:00,2026-03-15,14,6,3,1,0,2013
2026-03-15 15:00:00,2026-03-15,15,6,3,1,0,2109
2026-03-15 16:00:00,2026-03-15,16,6,3,1,0,1895
2026-03-15 17:00:00,2026-03-15,17,6,3,1,0,1941
2026-03-15 18:00:00,2026-03-15,18,6,3,1,0,1333
2026-03-15 19:00:00,2026-03-15,19,6,3,1,0,1472
2026-03-15 20:00:00,2026-03-15,20,6,3,1,0,1888
2026-03-15 21:00:00,2026-03-15,21,6,3,1,0,1781
2026-03-15 22:00:00,2026-03-15,22,6,3,1,0,1410
2026-03-15 23:00:00,2026-03-15,23,6,3,1,0,357
2026-03-16 09:00:00,2026-03-16,9,0,3,0,0,643
2026-03-16 10:00:00,2026-03-16,10,0,3,0,0,801
2026-03-16 11:00:00,2026-03-16,11,0,3,0,0,1058
2026-03-16 12:00:00,2026-03-16,12,0,3,0,0,1438
2026-03-16 13:00:00,2026-03-16,13,0,3,0,0,1475
2026-03-16 14:00:00,2026-03-16,14,0,3,0,0,1178
2026-03-16 15:00:00,2026-03-16,15,0,3,0,0,1517
2026-03-16 16:00:00,2026-03-16,16,0,3,0,0,1321
2026-03-16 17:00:00,2026-03-16,17,0,3,0,0,1347
2026-03-16 18:00:00,2026-03-16,18,0,3,0,0,1082
2026-03-16 19:00:00,2026-03-16,19,0,3,0,0,1193
2026-03-16 20:00:00,2026-03-16,20,0,3,0,0,1395
2026-03-16 21:00:00,2026-03-16,21,0,3,0,0,948
2026-03-16 22:00:00,2026-03-16,22,0,3,0,0,1464
2026-03-16 23:00:00,2026-03-16,23,0,3,0,0,229
2026-03-17 09:00:00,2026-03-17,9,1,3,0,0,652
2026-03-17 10:00:00,2026-03-17,10,1,3,0,0,676
2026-03-17 11:00:00,2026-03-17,11,1,3,0,0,1004
2026-03-17 12:00:00,2026-03-17,12,1,3,0,0,1152
2026-03-17 13:00:00,2026-03-17,13,1,3,0,0,1465
2026-03-17 14:00:00,2026-03-17,14,1,3,0,0,1503
2026-03-17 15:00:00,2026-03-17,15,1,3,0,0,1742
2026-03-17 16:00:00,2026-03-17,16,1,3,0,0,950
2026-03-17 17:00:00,2026-03-17,17,1,3,0,0,1472
2026-03-17 18:00:00,2026-03-17,18,1,3,0,0,1221
2026-03-17 19:00:00,2026-03-17,19,1,3,0,0,808
2026-03-17 20:00:00,2026-03-17,20,1,3,0,0,1134
2026-03-17 21:00:00,2026-03-17,21,1,3,0,0,1252
2026-03-17 22:00:00,2026-03-17,22,1,3,0,0,1445
2026-03-17 23:00:00,2026-03-17,23,1,3,0,0,319
2026-03-18 09:00:00,2026-03-18,9,2,3,0,0,367
2026-03-18 10:00:00,2026-03-18,10,2,3,0,0,789
2026-03-18 11:00:00,2026-03-18,11,2,3,0,0,1248
2026-03-18 12:00:00,2026-03-18,12,2,3,0,0,1213
2026-03-18 13:00:00,2026-03-18,13,2,3,0,0,1303
2026-03-18 14:00:00,2026-03-18,14,2,3,0,0,1549
2026-03-18 15:00:00,2026-03-18,15,2,3,0,0,1637
2026-03-18 16:00:00,2026-03-18,16,2,3,0,0,1382
2026-03-18 17:00:00,2026-03-18,17,2,3,0,0,1439
2026-03-18 18:00:00,2026-03-18,18,2,3,0,0,1150
2026-03-18 19:00:00,2026-03-18,19,2,3,0,0,1092
2026-03-18 20:00:00,2026-03-18,20,2,3,0,0,1300
2026-03-18 21:00:00,2026-03-18,21,2,3,0,0,1348
2026-03-18 22:00:00,2026-03-18,22,2,3,0,0,1158
2026-03-18 23:00:00,2026-03-18,23,2,3,0,0,272
2026-03-19 09:00:00,2026-03-19,9,3,3,0,0,679
2026-03-19 10:00:00,2026-03-19,10,3,3,0,0,795
2026-03-19 11:00:00,2026-03-19,11,3,3,0,0,1039
2026-03-19 12:00:00,2026-03-19,12,3,3,0,0,1153
2026-03-19 13:00:00,2026-03-19,13,3,3,0,0,1052
2026-03-19 14:00:00,2026-03-19,14,3,3,0,0,1356
2026-03-19 15:00:00,2026-03-19,15,3,3,0,0,1475
2026-03-19 16:00:00,2026-03-19,16,3,3,0,0,1600
2026-03-19 17:00:00,2026-03-19,17,3,3,0,0,1548
2026-03-19 18:00:00,2026-03-19,18,3,3,0,0,1122
2026-03-19 19:00:00,2026-03-19,19,3,3,0,0,1241
2026-03-19 20:00:00,2026-03-19,20,3,3,0,0,926
2026-03-19 21:00:00,2026-03-19,21,3,3,0,0,1115
2026-03-19 22:00:00,2026-03-19,22,3,3,0,0,1331
2026-03-19 23:00:00,2026-03-19,23,3,3,0,0,288
2026-03-20 09:00:00,2026-03-20,9,4,3,0,0,641
2026-03-20 10:00:00,2026-03-20,10,4,3,0,0,798
2026-03-20 11:00:00,2026-03-20,11,4,3,0,0,710
2026-03-20 12:00:00,2026-03-20,12,4,3,0,0,1066
2026-03-20 13:00:00,2026-03-20,13,4,3,0,0,1518
2026-03-20 14:00:00,2026-03-20,14,4,3,0,0,1260
2026-03-20 15:00:00,2026-03-20,15,4,3,0,0,1300
2026-03-20 16:00:00,2026-03-20,16,4,3,0,0,1527
2026-03-20 17:00:00,2026-03-20,17,4,3,0,0,1618
2026-03-20 18:00:00,2026-03-20,18,4,3,0,0,1147
2026-03-20 19:00:00,2026-03-20,19,4,3,0,0,763
2026-03-20 20:00:00,2026-03-20,20,4,3,0,0,1439
2026-03-20 21:00:00,2026-03-20,21,4,3,0,0,1399
2026-03-20 22:00:00,2026-03-20,22,4,3,0,0,1227
2026-03-20 23:00:00,2026-03-20,23,4,3,0,0,263
2026-03-21 09:00:00,2026-03-21,9,5,3,1,0,605
2026-03-21 10:00:00,2026-03-21,10,5,3,1,0,734
2026-03-21 11:00:00,2026-03-21,11,5,3,1,0,1549
2026-03-21 12:00:00,2026-03-21,12,5,3,1,0,1398
2026-03-21 13:00:00,2026-03-21,13,5,3,1,0,1390
2026-03-21 14:00:00,2026-03-21,14,5,3,1,0,1749
2026-03-21 15:00:00,2026-03-21,15,5,3,1,0,2050
2026-03-21 16:00:00,2026-03-21,16,5,3,1,0,1499
2026-03-21 17:00:00,2026-03-21,17,5,3,1,0,1181
2026-03-21 18:00:00,2026-03-21,18,5,3,1,0,1155
2026-03-21 19:00:00,2026-03-21,19,5,3,1,0,1289
2026-03-21 20:00:00,2026-03-21,20,5,3,1,0,1866
2026-03-21 21:00:00,2026-03-21,21,5,3,1,0,1769
2026-03-21 22:00:00,2026-03-21,22,5,3,1,0,1732
2026-03-21 23:00:00,2026-03-21,23,5,3,1,0,339
2026-03-22 09:00:00,2026-03-22,9,6,3,1,0,888
2026-03-22 10:00:00,2026-03-22,10,6,3,1,0,994
2026-03-22 11:00:00,2026-03-22,11,6,3,1,0,1343
2026-03-22 12:00:00,2026-03-22,12,6,3,1,0,1602
2026-03-22 13:00:00,2026-03-22,13,6,3,1,0,1849
2026-03-22 14:00:00,2026-03-22,14,6,3,1,0,2573
2026-03-22 15:00:00,2026-03-22,15,6,3,1,0,2115
2026-03-22 16:00:00,2026-03-22,16,6,3,1,0,1492
2026-03-22 17:00:00,2026-03-22,17,6,3,1,0,1712
2026-03-22 18:00:00,2026-03-22,18,6,3,1,0,1242
2026-03-22 19:00:00,2026-03-22,19,6,3,1,0,1303
2026-03-22 20:00:00,2026-03-22,20,6,3,1,0,1310
2026-03-22 21:00:00,2026-03-22,21,6,3,1,0,1541
2026-03-22 22:00:00,2026-03-22,22,6,3,1,0,1407
2026-03-22 23:00:00,2026-03-22,23,6,3,1,0,427
2026-03-23 09:00:00,2026-03-23,9,0,3,0,0,609
2026-03-23 10:00:00,2026-03-23,10,0,3,0,0,832
2026-03-23 11:00:00,2026-03-23,11,0,3,0,0,992
2026-03-23 12:00:00,2026-03-23,12,0,3,0,0,997
2026-03-23 13:00:00,2026-03-23,13,0,3,0,0,1440
2026-03-23 14:00:00,2026-03-23,14,0,3,0,0,1800
2026-03-23 15:00:00,2026-03-23,15,0,3,0,0,1573
2026-03-23 16:00:00,2026-03-23,16,0,3,0,0,1388
2026-03-23 17:00:00,2026-03-23,17,0,3,0,0,1124
2026-03-23 18:00:00,2026-03-23,18,0,3,0,0,1067
2026-03-23 19:00:00,2026-03-23,19,0,3,0,0,1060
2026-03-23 20:00:00,2026-03-23,20,0,3,0,0,1439
2026-03-23 21:00:00,2026-03-23,21,0,3,0,0,1314
2026-03-23 22:00:00,2026-03-23,22,0,3,0,0,1397
2026-03-23 23:00:00,2026-03-23,23,0,3,0,0,328
2026-03-24 09:00:00,2026-03-24,9,1,3,0,0,646
2026-03-24 10:00:00,2026-03-24,10,1,3,0,0,739
2026-03-24 11:00:00,2026-03-24,11,1,3,0,0,1026
2026-03-24 12:00:00,2026-03-24,12,1,3,0,0,1075
2026-03-24 13:00:00,2026-03-24,13,1,3,0,0,1360
2026-03-24 14:00:00,2026-03-24,14,1,3,0,0,1521
2026-03-24 15:00:00,2026-03-24,15,1,3,0,0,1802
2026-03-24 16:00:00,2026-03-24,16,1,3,0,0,863
2026-03-24 17:00:00,2026-03-24,17,1,3,0,0,1435
2026-03-24 18:00:00,2026-03-24,18,1,3,0,0,1410
2026-03-24 19:00:00,2026-03-24,19,1,3,0,0,1097
2026-03-24 20:00:00,2026-03-24,20,1,3,0,0,1402
2026-03-24 21:00:00,2026-03-24,21,1,3,0,0,1364
2026-03-24 22:00:00,2026-03-24,22,1,3,0,0,1031
2026-03-24 23:00:00,2026-03-24,23,1,3,0,0,263
2026-03-25 09:00:00,2026-03-25,9,2,3,0,0,508
2026-03-25 10:00:00,2026-03-25,10,2,3,0,0,802
2026-03-25 11:00:00,2026-03-25,11,2,3,0,0,744
2026-03-25 12:00:00,2026-03-25,12,2,3,0,0,1374
2026-03-25 13:00:00,2026-03-25,13,2,3,0,0,1556
2026-03-25 14:00:00,2026-03-25,14,2,3,0,0,1386
2026-03-25 15:00:00,2026-03-25,15,2,3,0,0,1433
2026-03-25 16:00:00,2026-03-25,16,2,3,0,0,1450
2026-03-25 17:00:00,2026-03-25,17,2,3,0,0,1365
2026-03-25 18:00:00,2026-03-25,18,2,3,0,0,1216
2026-03-25 19:00:00,2026-03-25,19,2,3,0,0,1072
2026-03-25 20:00:00,2026-03-25,20,2,3,0,0,1248
2026-03-25 21:00:00,2026-03-25,21,2,3,0,0,1419
2026-03-25 22:00:00,2026-03-25,22,2,3,0,0,1343
2026-03-25 23:00:00,2026-03-25,23,2,3,0,0,280
2026-03-26 09:00:00,2026-03-26,9,3,3,0,0,707
2026-03-26 10:00:00,2026-03-26,10,3,3,0,0,672
2026-03-26 11:00:00,2026-03-26,11,3,3,0,0,994
2026-03-26 12:00:00,2026-03-26,12,3,3,0,0,1336
2026-03-26 13:00:00,2026-03-26,13,3,3,0,0,1239
2026-03-26 14:00:00,2026-03-26,14,3,3,0,0,1062
2026-03-26 15:00:00,2026-03-26,15,3,3,0,0,1597
2026-03-26 16:00:00,2026-03-26,16,3,3,0,0,918
2026-03-26 17:00:00,2026-03-26,17,3,3,0,0,1345
2026-03-26 18:00:00,2026-03-26,18,3,3,0,0,1175
2026-03-26 19:00:00,2026-03-26,19,3,3,0,0,657
2026-03-26 20:00:00,2026-03-26,20,3,3,0,0,1139
2026-03-26 21:00:00,2026-03-26,21,3,3,0,0,1158
2026-03-26 22:00:00,2026-03-26,22,3,3,0,0,1428
2026-03-26 23:00:00,2026-03-26,23,3,3,0,0,201
2026-03-27 09:00:00,2026-03-27,9,4,3,0,0,530
2026-03-27 10:00:00,2026-03-27,10,4,3,0,0,812
2026-03-27 11:00:00,2026-03-27,11,4,3,0,0,1083
2026-03-27 12:00:00,2026-03-27,12,4,3,0,0,1330
2026-03-27 13:00:00,2026-03-27,13,4,3,0,0,1611
2026-03-27 14:00:00,2026-03-27,14,4,3,0,0,1980
2026-03-27 15:00:00,2026-03-27,15,4,3,0,0,1545
2026-03-27 16:00:00,2026-03-27,16,4,3,0,0,1346
2026-03-27 17:00:00,2026-03-27,17,4,3,0,0,1431
2026-03-27 18:00:00,2026-03-27,18,4,3,0,0,1159
2026-03-27 19:00:00,2026-03-27,19,4,3,0,0,1117
2026-03-27 20:00:00,2026-03-27,20,4,3,0,0,1076
2026-03-27 21:00:00,2026-03-27,21,4,3,0,0,1637
2026-03-27 22:00:00,2026-03-27,22,4,3,0,0,1405
2026-03-27 23:00:00,2026-03-27,23,4,3,0,0,241
2026-03-28 09:00:00,2026-03-28,9,5,3,1,0,527
2026-03-28 10:00:00,2026-03-28,10,5,3,1,0,1190
2026-03-28 11:00:00,2026-03-28,11,5,3,1,0,1549
2026-03-28 12:00:00,2026-03-28,12,5,3,1,0,1370
2026-03-28 13:00:00,2026-03-28,13,5,3,1,0,1989
2026-03-28 14:00:00,2026-03-28,14,5,3,1,0,1513
2026-03-28 15:00:00,2026-03-28,15,5,3,1,0,2003
2026-03-28 16:00:00,2026-03-28,16,5,3,1,0,2238
2026-03-28 17:00:00,2026-03-28,17,5,3,1,0,1711
2026-03-28 18:00:00,2026-03-28,18,5,3,1,0,1324
2026-03-28 19:00:00,2026-03-28,19,5,3,1,0,1381
2026-03-28 20:00:00,2026-03-28,20,5,3,1,0,1117
2026-03-28 21:00:00,2026-03-28,21,5,3,1,0,1851
2026-03-28 22:00:00,2026-03-28,22,5,3,1,0,1538
2026-03-28 23:00:00,2026-03-28,23,5,3,1,0,370
2026-03-29 09:00:00,2026-03-29,9,6,3,1,0,623
2026-03-29 10:00:00,2026-03-29,10,6,3,1,0,1106
2026-03-29 11:00:00,2026-03-29,11,6,3,1,0,1331
2026-03-29 12:00:00,2026-03-29,12,6,3,1,0,1386
2026-03-29 13:00:00,2026-03-29,13,6,3,1,0,1874
2026-03-29 14:00:00,2026-03-29,14,6,3,1,0,2218
2026-03-29 15:00:00,2026-03-29,15,6,3,1,0,1972
2026-03-29 16:00:00,2026-03-29,16,6,3,1,0,2038
2026-03-29 17:00:00,2026-03-29,17,6,3,1,0,1892
2026-03-29 18:00:00,2026-03-29,18,6,3,1,0,1383
2026-03-29 19:00:00,2026-03-29,19,6,3,1,0,1692
2026-03-29 20:00:00,2026-03-29,20,6,3,1,0,1623
2026-03-29 21:00:00,2026-03-29,21,6,3,1,0,1856
2026-03-29 22:00:00,2026-03-29,22,6,3,1,0,1880
2026-03-29 23:00:00,2026-03-29,23,6,3,1,0,401
2026-03-30 09:00:00,2026-03-30,9,0,3,0,0,654
2026-03-30 10:00:00,2026-03-30,10,0,3,0,0,826
2026-03-30 11:00:00,2026-03-30,11,0,3,0,0,834
2026-03-30 12:00:00,2026-03-30,12,0,3,0,0,1150
2026-03-30 13:00:00,2026-03-30,13,0,3,0,0,1257
2026-03-30 14:00:00,2026-03-30,14,0,3,0,0,1381
2026-03-30 15:00:00,2026-03-30,15,0,3,0,0,1265
2026-03-30 16:00:00,2026-03-30,16,0,3,0,0,1660
2026-03-30 17:00:00,2026-03-30,17,0,3,0,0,1618
2026-03-30 18:00:00,2026-03-30,18,0,3,0,0,1338
2026-03-30 19:00:00,2026-03-30,19,0,3,0,0,1158
2026-03-30 20:00:00,2026-03-30,20,0,3,0,0,1222
2026-03-30 21:00:00,2026-03-30,21,0,3,0,0,1177
2026-03-30 22:00:00,2026-03-30,22,0,3,0,0,1155
2026-03-30 23:00:00,2026-03-30,23,0,3,0,0,326
2026-03-31 09:00:00,2026-03-31,9,1,3,0,0,626
2026-03-31 10:00:00,2026-03-31,10,1,3,0,0,795
2026-03-31 11:00:00,2026-03-31,11,1,3,0,0,1161
2026-03-31 12:00:00,2026-03-31,12,1,3,0,0,1255
2026-03-31 13:00:00,2026-03-31,13,1,3,0,0,1220
2026-03-31 14:00:00,2026-03-31,14,1,3,0,0,1343
2026-03-31 15:00:00,2026-03-31,15,1,3,0,0,1622
2026-03-31 16:00:00,2026-03-31,16,1,3,0,0,1645
2026-03-31 17:00:00,2026-03-31,17,1,3,0,0,1447
2026-03-31 18:00:00,2026-03-31,18,1,3,0,0,1470
2026-03-31 19:00:00,2026-03-31,19,1,3,0,0,1202
2026-03-31 20:00:00,2026-03-31,20,1,3,0,0,1342
2026-03-31 21:00:00,2026-03-31,21,1,3,0,0,1146
2026-03-31 22:00:00,2026-03-31,22,1,3,0,0,1074
2026-03-31 23:00:00,2026-03-31,23,1,3,0,0,288
2026-04-01 09:00:00,2026-04-01,9,2,4,0,0,1241
2026-04-01 10:00:00,2026-04-01,10,2,4,0,0,1827
2026-04-01 11:00:00,2026-04-01,11,2,4,0,0,1970
2026-04-01 12:00:00,2026-04-01,12,2,4,0,0,2549
2026-04-01 13:00:00,2026-04-01,13,2,4,0,0,1721
2026-04-01 14:00:00,2026-04-01,14,2,4,0,0,2934
2026-04-01 15:00:00,2026-04-01,15,2,4,0,0,2153
2026-04-01 16:00:00,2026-04-01,16,2,4,0,0,2082
2026-04-01 17:00:00,2026-04-01,17,2,4,0,0,2407
2026-04-01 18:00:00,2026-04-01,18,2,4,0,0,2490
2026-04-01 19:00:00,2026-04-01,19,2,4,0,0,1938
2026-04-01 20:00:00,2026-04-01,20,2,4,0,0,2038
2026-04-01 21:00:00,2026-04-01,21,2,4,0,0,1685
2026-04-01 22:00:00,2026-04-01,22,2,4,0,0,2275
2026-04-01 23:00:00,2026-04-01,23,2,4,0,0,560
2026-04-02 09:00:00,2026-04-02,9,3,4,0,0,1017
2026-04-02 10:00:00,2026-04-02,10,3,4,0,0,1524
2026-04-02 11:00:00,2026-04-02,11,3,4,0,0,1990
2026-04-02 12:00:00,2026-04-02,12,3,4,0,0,1691
2026-04-02 13:00:00,2026-04-02,13,3,4,0,0,1817
2026-04-02 14:00:00,2026-04-02,14,3,4,0,0,2300
2026-04-02 15:00:00,2026-04-02,15,3,4,0,0,2697
2026-04-02 16:00:00,2026-04-02,16,3,4,0,0,2918
2026-04-02 17:00:00,2026-04-02,17,3,4,0,0,2682
2026-04-02 18:00:00,2026-04-02,18,3,4,0,0,2362
2026-04-02 19:00:00,2026-04-02,19,3,4,0,0,1790
2026-04-02 20:00:00,2026-04-02,20,3,4,0,0,2286
2026-04-02 21:00:00,2026-04-02,21,3,4,0,0,2171
2026-04-02 22:00:00,2026-04-02,22,3,4,0,0,2599
2026-04-02 23:00:00,2026-04-02,23,3,4,0,0,502
2026-04-03 09:00:00,2026-04-03,9,4,4,0,0,1254
2026-04-03 10:00:00,2026-04-03,10,4,4,0,0,1536
2026-04-03 11:00:00,2026-04-03,11,4,4,0,0,1866
2026-04-03 12:00:00,2026-04-03,12,4,4,0,0,2059
2026-04-03 13:00:00,2026-04-03,13,4,4,0,0,2121
2026-04-03 14:00:00,2026-04-03,14,4,4,0,0,2518
2026-04-03 15:00:00,2026-04-03,15,4,4,0,0,1882
2026-04-03 16:00:00,2026-04-03,16,4,4,0,0,1954
2026-04-03 17:00:00,2026-04-03,17,4,4,0,0,2473
2026-04-03 18:00:00,2026-04-03,18,4,4,0,0,1738
2026-04-03 19:00:00,2026-04-03,19,4,4,0,0,1403
2026-04-03 20:00:00,2026-04-03,20,4,4,0,0,2238
2026-04-03 21:00:00,2026-04-03,21,4,4,0,0,2393
2026-04-03 22:00:00,2026-04-03,22,4,4,0,0,2221
2026-04-03 23:00:00,2026-04-03,23,4,4,0,0,575
2026-04-04 09:00:00,2026-04-04,9,5,4,1,0,1820
2026-04-04 10:00:00,2026-04-04,10,5,4,1,0,2258
2026-04-04 11:00:00,2026-04-04,11,5,4,1,0,2692
2026-04-04 12:00:00,2026-04-04,12,5,4,1,0,2839
2026-04-04 13:00:00,2026-04-04,13,5,4,1,0,3728
2026-04-04 14:00:00,2026-04-04,14,5,4,1,0,2940
2026-04-04 15:00:00,2026-04-04,15,5,4,1,0,3665
2026-04-04 16:00:00,2026-04-04,16,5,4,1,0,3944
2026-04-04 17:00:00,2026-04-04,17,5,4,1,0,3724
2026-04-04 18:00:00,2026-04-04,18,5,4,1,0,3261
2026-04-04 19:00:00,2026-04-04,19,5,4,1,0,2623
2026-04-04 20:00:00,2026-04-04,20,5,4,1,0,3137
2026-04-04 21:00:00,2026-04-04,21,5,4,1,0,2394
2026-04-04 22:00:00,2026-04-04,22,5,4,1,0,2845
2026-04-04 23:00:00,2026-04-04,23,5,4,1,0,685
2026-04-05 09:00:00,2026-04-05,9,6,4,1,0,1548
2026-04-05 10:00:00,2026-04-05,10,6,4,1,0,1445
2026-04-05 11:00:00,2026-04-05,11,6,4,1,0,1978
2026-04-05 12:00:00,2026-04-05,12,6,4,1,0,3183
2026-04-05 13:00:00,2026-04-05,13,6,4,1,0,3737
2026-04-05 14:00:00,2026-04-05,14,6,4,1,0,3652
2026-04-05 15:00:00,2026-04-05,15,6,4,1,0,4857
2026-04-05 16:00:00,2026-04-05,16,6,4,1,0,3384
2026-04-05 17:00:00,2026-04-05,17,6,4,1,0,3272
2026-04-05 18:00:00,2026-04-05,18,6,4,1,0,2875
2026-04-05 19:00:00,2026-04-05,19,6,4,1,0,2510
2026-04-05 20:00:00,2026-04-05,20,6,4,1,0,3086
2026-04-05 21:00:00,2026-04-05,21,6,4,1,0,2670
2026-04-05 22:00:00,2026-04-05,22,6,4,1,0,3002
2026-04-05 23:00:00,2026-04-05,23,6,4,1,0,754
2026-04-06 09:00:00,2026-04-06,9,0,4,0,0,1306
2026-04-06 10:00:00,2026-04-06,10,0,4,0,0,1894
2026-04-06 11:00:00,2026-04-06,11,0,4,0,0,2177
2026-04-06 12:00:00,2026-04-06,12,0,4,0,0,2027
2026-04-06 13:00:00,2026-04-06,13,0,4,0,0,2322
2026-04-06 14:00:00,2026-04-06,14,0,4,0,0,2678
2026-04-06 15:00:00,2026-04-06,15,0,4,0,0,3399
2026-04-06 16:00:00,2026-04-06,16,0,4,0,0,2676
2026-04-06 17:00:00,2026-04-06,17,0,4,0,0,2129
2026-04-06 18:00:00,2026-04-06,18,0,4,0,0,2101
2026-04-06 19:00:00,2026-04-06,19,0,4,0,0,2047
2026-04-06 20:00:00,2026-04-06,20,0,4,0,0,2577
2026-04-06 21:00:00,2026-04-06,21,0,4,0,0,1625
2026-04-06 22:00:00,2026-04-06,22,0,4,0,0,1802
2026-04-06 23:00:00,2026-04-06,23,0,4,0,0,411
2026-04-07 09:00:00,2026-04-07,9,1,4,0,0,1152
2026-04-07 10:00:00,2026-04-07,10,1,4,0,0,1653
2026-04-07 11:00:00,2026-04-07,11,1,4,0,0,1182
2026-04-07 12:00:00,2026-04-07,12,1,4,0,0,2011
2026-04-07 13:00:00,2026-04-07,13,1,4,0,0,1966
2026-04-07 14:00:00,2026-04-07,14,1,4,0,0,3251
2026-04-07 15:00:00,2026-04-07,15,1,4,0,0,2558
2026-04-07 16:00:00,2026-04-07,16,1,4,0,0,1966
2026-04-07 17:00:00,2026-04-07,17,1,4,0,0,2717
2026-04-07 18:00:00,2026-04-07,18,1,4,0,0,2641
2026-04-07 19:00:00,2026-04-07,19,1,4,0,0,1842
2026-04-07 20:00:00,2026-04-07,20,1,4,0,0,2225
2026-04-07 21:00:00,2026-04-07,21,1,4,0,0,2429
2026-04-07 22:00:00,2026-04-07,22,1,4,0,0,2746
2026-04-07 23:00:00,2026-04-07,23,1,4,0,0,553
2026-04-08 09:00:00,2026-04-08,9,2,4,0,0,1007
2026-04-08 10:00:00,2026-04-08,10,2,4,0,0,855
2026-04-08 11:00:00,2026-04-08,11,2,4,0,0,1601
2026-04-08 12:00:00,2026-04-08,12,2,4,0,0,2467
2026-04-08 13:00:00,2026-04-08,13,2,4,0,0,2436
2026-04-08 14:00:00,2026-04-08,14,2,4,0,0,2531
2026-04-08 15:00:00,2026-04-08,15,2,4,0,0,2559
2026-04-08 16:00:00,2026-04-08,16,2,4,0,0,2758
2026-04-08 17:00:00,2026-04-08,17,2,4,0,0,2460
2026-04-08 18:00:00,2026-04-08,18,2,4,0,0,2162
2026-04-08 19:00:00,2026-04-08,19,2,4,0,0,2180
2026-04-08 20:00:00,2026-04-08,20,2,4,0,0,2819
2026-04-08 21:00:00,2026-04-08,21,2,4,0,0,1920
2026-04-08 22:00:00,2026-04-08,22,2,4,0,0,2473
2026-04-08 23:00:00,2026-04-08,23,2,4,0,0,512
2026-04-09 09:00:00,2026-04-09,9,3,4,0,0,1104
2026-04-09 10:00:00,2026-04-09,10,3,4,0,0,1554
2026-04-09 11:00:00,2026-04-09,11,3,4,0,0,1280
2026-04-09 12:00:00,2026-04-09,12,3,4,0,0,2297
2026-04-09 13:00:00,2026-04-09,13,3,4,0,0,2738
2026-04-09 14:00:00,2026-04-09,14,3,4,0,0,2827
2026-04-09 15:00:00,2026-04-09,15,3,4,0,0,2582
2026-04-09 16:00:00,2026-04-09,16,3,4,0,0,2524
2026-04-09 17:00:00,2026-04-09,17,3,4,0,0,2095
2026-04-09 18:00:00,2026-04-09,18,3,4,0,0,2006
2026-04-09 19:00:00,2026-04-09,19,3,4,0,0,1623
2026-04-09 20:00:00,2026-04-09,20,3,4,0,0,2153
2026-04-09 21:00:00,2026-04-09,21,3,4,0,0,1427
2026-04-09 22:00:00,2026-04-09,22,3,4,0,0,2471
2026-04-09 23:00:00,2026-04-09,23,3,4,0,0,557
2026-04-10 09:00:00,2026-04-10,9,4,4,0,0,1111
2026-04-10 10:00:00,2026-04-10,10,4,4,0,0,1752
2026-04-10 11:00:00,2026-04-10,11,4,4,0,0,1400
2026-04-10 12:00:00,2026-04-10,12,4,4,0,0,2093
2026-04-10 13:00:00,2026-04-10,13,4,4,0,0,2404
2026-04-10 14:00:00,2026-04-10,14,4,4,0,0,2566
2026-04-10 15:00:00,2026-04-10,15,4,4,0,0,3093
2026-04-10 16:00:00,2026-04-10,16,4,4,0,0,2629
2026-04-10 17:00:00,2026-04-10,17,4,4,0,0,1988
2026-04-10 18:00:00,2026-04-10,18,4,4,0,0,2222
2026-04-10 19:00:00,2026-04-10,19,4,4,0,0,1530
2026-04-10 20:00:00,2026-04-10,20,4,4,0,0,3003
2026-04-10 21:00:00,2026-04-10,21,4,4,0,0,2104
2026-04-10 22:00:00,2026-04-10,22,4,4,0,0,2333
2026-04-10 23:00:00,2026-04-10,23,4,4,0,0,582
2026-04-11 09:00:00,2026-04-11,9,5,4,1,0,1483
2026-04-11 10:00:00,2026-04-11,10,5,4,1,0,1952
2026-04-11 11:00:00,2026-04-11,11,5,4,1,0,2662
2026-04-11 12:00:00,2026-04-11,12,5,4,1,0,3571
2026-04-11 13:00:00,2026-04-11,13,5,4,1,0,3735
2026-04-11 14:00:00,2026-04-11,14,5,4,1,0,4340
2026-04-11 15:00:00,2026-04-11,15,5,4,1,0,3305
2026-04-11 16:00:00,2026-04-11,16,5,4,1,0,3827
2026-04-11 17:00:00,2026-04-11,17,5,4,1,0,3484
2026-04-11 18:00:00,2026-04-11,18,5,4,1,0,3145
2026-04-11 19:00:00,2026-04-11,19,5,4,1,0,2952
2026-04-11 20:00:00,2026-04-11,20,5,4,1,0,3127
2026-04-11 21:00:00,2026-04-11,21,5,4,1,0,2139
2026-04-11 22:00:00,2026-04-11,22,5,4,1,0,3418
2026-04-11 23:00:00,2026-04-11,23,5,4,1,0,600
2026-04-12 09:00:00,2026-04-12,9,6,4,1,0,1493
2026-04-12 10:00:00,2026-04-12,10,6,4,1,0,1990
2026-04-12 11:00:00,2026-04-12,11,6,4,1,0,2253
2026-04-12 12:00:00,2026-04-12,12,6,4,1,0,3401
2026-04-12 13:00:00,2026-04-12,13,6,4,1,0,2984
2026-04-12 14:00:00,2026-04-12,14,6,4,1,0,3626
2026-04-12 15:00:00,2026-04-12,15,6,4,1,0,3912
2026-04-12 16:00:00,2026-04-12,16,6,4,1,0,4285
2026-04-12 17:00:00,2026-04-12,17,6,4,1,0,3415
2026-04-12 18:00:00,2026-04-12,18,6,4,1,0,3357
2026-04-12 19:00:00,2026-04-12,19,6,4,1,0,2746
2026-04-12 20:00:00,2026-04-12,20,6,4,1,0,3260
2026-04-12 21:00:00,2026-04-12,21,6,4,1,0,2792
2026-04-12 22:00:00,2026-04-12,22,6,4,1,0,2659
2026-04-12 23:00:00,2026-04-12,23,6,4,1,0,541
2026-04-13 09:00:00,2026-04-13,9,0,4,0,0,1064
2026-04-13 10:00:00,2026-04-13,10,0,4,0,0,1664
2026-04-13 11:00:00,2026-04-13,11,0,4,0,0,2044
2026-04-13 12:00:00,2026-04-13,12,0,4,0,0,2186
2026-04-13 13:00:00,2026-04-13,13,0,4,0,0,2181
2026-04-13 14:00:00,2026-04-13,14,0,4,0,0,2898
2026-04-13 15:00:00,2026-04-13,15,0,4,0,0,2457
2026-04-13 16:00:00,2026-04-13,16,0,4,0,0,2482
2026-04-13 17:00:00,2026-04-13,17,0,4,0,0,1565
2026-04-13 18:00:00,2026-04-13,18,0,4,0,0,2198
2026-04-13 19:00:00,2026-04-13,19,0,4,0,0,2140
2026-04-13 20:00:00,2026-04-13,20,0,4,0,0,2378
2026-04-13 21:00:00,2026-04-13,21,0,4,0,0,2253
2026-04-13 22:00:00,2026-04-13,22,0,4,0,0,1944
2026-04-13 23:00:00,2026-04-13,23,0,4,0,0,602
2026-04-14 09:00:00,2026-04-14,9,1,4,0,0,1031
2026-04-14 10:00:00,2026-04-14,10,1,4,0,0,1519
2026-04-14 11:00:00,2026-04-14,11,1,4,0,0,1797
2026-04-14 12:00:00,2026-04-14,12,1,4,0,0,2460
2026-04-14 13:00:00,2026-04-14,13,1,4,0,0,2485
2026-04-14 14:00:00,2026-04-14,14,1,4,0,0,2711
2026-04-14 15:00:00,2026-04-14,15,1,4,0,0,2963
2026-04-14 16:00:00,2026-04-14,16,1,4,0,0,3421
2026-04-14 17:00:00,2026-04-14,17,1,4,0,0,2803
2026-04-14 18:00:00,2026-04-14,18,1,4,0,0,2212
2026-04-14 19:00:00,2026-04-14,19,1,4,0,0,1877
2026-04-14 20:00:00,2026-04-14,20,1,4,0,0,1561
2026-04-14 21:00:00,2026-04-14,21,1,4,0,0,2108
2026-04-14 22:00:00,2026-04-14,22,1,4,0,0,2222
2026-04-14 23:00:00,2026-04-14,23,1,4,0,0,512
2026-04-15 09:00:00,2026-04-15,9,2,4,0,0,1227
2026-04-15 10:00:00,2026-04-15,10,2,4,0,0,1306
2026-04-15 11:00:00,2026-04-15,11,2,4,0,0,2177
2026-04-15 12:00:00,2026-04-15,12,2,4,0,0,2437
2026-04-15 13:00:00,2026-04-15,13,2,4,0,0,2539
2026-04-15 14:00:00,2026-04-15,14,2,4,0,0,1911
2026-04-15 15:00:00,2026-04-15,15,2,4,0,0,2612
2026-04-15 16:00:00,2026-04-15,16,2,4,0,0,2819
2026-04-15 17:00:00,2026-04-15,17,2,4,0,0,2864
2026-04-15 18:00:00,2026-04-15,18,2,4,0,0,2047
2026-04-15 19:00:00,2026-04-15,19,2,4,0,0,1531
2026-04-15 20:00:00,2026-04-15,20,2,4,0,0,2580
2026-04-15 21:00:00,2026-04-15,21,2,4,0,0,2472
2026-04-15 22:00:00,2026-04-15,22,2,4,0,0,2060
2026-04-15 23:00:00,2026-04-15,23,2,4,0,0,515
2026-04-16 09:00:00,2026-04-16,9,3,4,0,0,1021
2026-04-16 10:00:00,2026-04-16,10,3,4,0,0,1368
2026-04-16 11:00:00,2026-04-16,11,3,4,0,0,1803
2026-04-16 12:00:00,2026-04-16,12,3,4,0,0,2164
2026-04-16 13:00:00,2026-04-16,13,3,4,0,0,2335
2026-04-16 14:00:00,2026-04-16,14,3,4,0,0,2482
2026-04-16 15:00:00,2026-04-16,15,3,4,0,0,2723
2026-04-16 16:00:00,2026-04-16,16,3,4,0,0,2785
2026-04-16 17:00:00,2026-04-16,17,3,4,0,0,2437
2026-04-16 18:00:00,2026-04-16,18,3,4,0,0,2546
2026-04-16 19:00:00,2026-04-16,19,3,4,0,0,1991
2026-04-16 20:00:00,2026-04-16,20,3,4,0,0,1925
2026-04-16 21:00:00,2026-04-16,21,3,4,0,0,2529
2026-04-16 22:00:00,2026-04-16,22,3,4,0,0,2552
2026-04-16 23:00:00,2026-04-16,23,3,4,0,0,535
2026-04-17 09:00:00,2026-04-17,9,4,4,0,0,934
2026-04-17 10:00:00,2026-04-17,10,4,4,0,0,1500
2026-04-17 11:00:00,2026-04-17,11,4,4,0,0,1875
2026-04-17 12:00:00,2026-04-17,12,4,4,0,0,1934
2026-04-17 13:00:00,2026-04-17,13,4,4,0,0,2092
2026-04-17 14:00:00,2026-04-17,14,4,4,0,0,2702
2026-04-17 15:00:00,2026-04-17,15,4,4,0,0,2721
2026-04-17 16:00:00,2026-04-17,16,4,4,0,0,2594
2026-04-17 17:00:00,2026-04-17,17,4,4,0,0,2508
2026-04-17 18:00:00,2026-04-17,18,4,4,0,0,1357
2026-04-17 19:00:00,2026-04-17,19,4,4,0,0,1778
2026-04-17 20:00:00,2026-04-17,20,4,4,0,0,2532
2026-04-17 21:00:00,2026-04-17,21,4,4,0,0,2280
2026-04-17 22:00:00,2026-04-17,22,4,4,0,0,1902
2026-04-17 23:00:00,2026-04-17,23,4,4,0,0,533
2026-04-18 09:00:00,2026-04-18,9,5,4,1,0,1339
2026-04-18 10:00:00,2026-04-18,10,5,4,1,0,2088
2026-04-18 11:00:00,2026-04-18,11,5,4,1,0,2630
2026-04-18 12:00:00,2026-04-18,12,5,4,1,0,2417
2026-04-18 13:00:00,2026-04-18,13,5,4,1,0,3731
2026-04-18 14:00:00,2026-04-18,14,5,4,1,0,2236
2026-04-18 15:00:00,2026-04-18,15,5,4,1,0,4487
2026-04-18 16:00:00,2026-04-18,16,5,4,1,0,3665
2026-04-18 17:00:00,2026-04-18,17,5,4,1,0,2908
2026-04-18 18:00:00,2026-04-18,18,5,4,1,0,2604
2026-04-18 19:00:00,2026-04-18,19,5,4,1,0,2639
2026-04-18 20:00:00,2026-04-18,20,5,4,1,0,3062
2026-04-18 21:00:00,2026-04-18,21,5,4,1,0,2223
2026-04-18 22:00:00,2026-04-18,22,5,4,1,0,3834
2026-04-18 23:00:00,2026-04-18,23,5,4,1,0,699
2026-04-19 09:00:00,2026-04-19,9,6,4,1,0,1547
2026-04-19 10:00:00,2026-04-19,10,6,4,1,0,2368
2026-04-19 11:00:00,2026-04-19,11,6,4,1,0,2616
2026-04-19 12:00:00,2026-04-19,12,6,4,1,0,2436
2026-04-19 13:00:00,2026-04-19,13,6,4,1,0,2539
2026-04-19 14:00:00,2026-04-19,14,6,4,1,0,3172
2026-04-19 15:00:00,2026-04-19,15,6,4,1,0,4418
2026-04-19 16:00:00,2026-04-19,16,6,4,1,0,3322
2026-04-19 17:00:00,2026-04-19,17,6,4,1,0,4639
2026-04-19 18:00:00,2026-04-19,18,6,4,1,0,3549
2026-04-19 19:00:00,2026-04-19,19,6,4,1,0,2291
2026-04-19 20:00:00,2026-04-19,20,6,4,1,0,3220
2026-04-19 21:00:00,2026-04-19,21,6,4,1,0,3503
2026-04-19 22:00:00,2026-04-19,22,6,4,1,0,3515
2026-04-19 23:00:00,2026-04-19,23,6,4,1,0,803
2026-04-20 09:00:00,2026-04-20,9,0,4,0,0,1309
2026-04-20 10:00:00,2026-04-20,10,0,4,0,0,1476
2026-04-20 11:00:00,2026-04-20,11,0,4,0,0,1794
2026-04-20 12:00:00,2026-04-20,12,0,4,0,0,2142
2026-04-20 13:00:00,2026-04-20,13,0,4,0,0,2794
2026-04-20 14:00:00,2026-04-20,14,0,4,0,0,2850
2026-04-20 15:00:00,2026-04-20,15,0,4,0,0,2897
2026-04-20 16:00:00,2026-04-20,16,0,4,0,0,2991
2026-04-20 17:00:00,2026-04-20,17,0,4,0,0,1909
2026-04-20 18:00:00,2026-04-20,18,0,4,0,0,2319
2026-04-20 19:00:00,2026-04-20,19,0,4,0,0,1926
2026-04-20 20:00:00,2026-04-20,20,0,4,0,0,2856
2026-04-20 21:00:00,2026-04-20,21,0,4,0,0,1360
2026-04-20 22:00:00,2026-04-20,22,0,4,0,0,2824
2026-04-20 23:00:00,2026-04-20,23,0,4,0,0,570
2026-04-21 09:00:00,2026-04-21,9,1,4,0,0,1205
2026-04-21 10:00:00,2026-04-21,10,1,4,0,0,1800
2026-04-21 11:00:00,2026-04-21,11,1,4,0,0,2003
2026-04-21 12:00:00,2026-04-21,12,1,4,0,0,2343
2026-04-21 13:00:00,2026-04-21,13,1,4,0,0,2607
2026-04-21 14:00:00,2026-04-21,14,1,4,0,0,2572
2026-04-21 15:00:00,2026-04-21,15,1,4,0,0,2790
2026-04-21 16:00:00,2026-04-21,16,1,4,0,0,2496
2026-04-21 17:00:00,2026-04-21,17,1,4,0,0,2519
2026-04-21 18:00:00,2026-04-21,18,1,4,0,0,1609
2026-04-21 19:00:00,2026-04-21,19,1,4,0,0,1973
2026-04-21 20:00:00,2026-04-21,20,1,4,0,0,2345
2026-04-21 21:00:00,2026-04-21,21,1,4,0,0,2283
2026-04-21 22:00:00,2026-04-21,22,1,4,0,0,2442
2026-04-21 23:00:00,2026-04-21,23,1,4,0,0,468
2026-04-22 09:00:00,2026-04-22,9,2,4,0,0,1401
2026-04-22 10:00:00,2026-04-22,10,2,4,0,0,1480
2026-04-22 11:00:00,2026-04-22,11,2,4,0,0,1844
2026-04-22 12:00:00,2026-04-22,12,2,4,0,0,1976
2026-04-22 13:00:00,2026-04-22,13,2,4,0,0,2540
2026-04-22 14:00:00,2026-04-22,14,2,4,0,0,3185
2026-04-22 15:00:00,2026-04-22,15,2,4,0,0,3148
2026-04-22 16:00:00,2026-04-22,16,2,4,0,0,3010
2026-04-22 17:00:00,2026-04-22,17,2,4,0,0,2699
2026-04-22 18:00:00,2026-04-22,18,2,4,0,0,2139
2026-04-22 19:00:00,2026-04-22,19,2,4,0,0,1085
2026-04-22 20:00:00,2026-04-22,20,2,4,0,0,2322
2026-04-22 21:00:00,2026-04-22,21,2,4,0,0,2312
2026-04-22 22:00:00,2026-04-22,22,2,4,0,0,2679
2026-04-22 23:00:00,2026-04-22,23,2,4,0,0,586
2026-04-23 09:00:00,2026-04-23,9,3,4,0,0,1358
2026-04-23 10:00:00,2026-04-23,10,3,4,0,0,1714
2026-04-23 11:00:00,2026-04-23,11,3,4,0,0,1774
2026-04-23 12:00:00,2026-04-23,12,3,4,0,0,1754
2026-04-23 13:00:00,2026-04-23,13,3,4,0,0,2954
2026-04-23 14:00:00,2026-04-23,14,3,4,0,0,3176
2026-04-23 15:00:00,2026-04-23,15,3,4,0,0,2340
2026-04-23 16:00:00,2026-04-23,16,3,4,0,0,3225
2026-04-23 17:00:00,2026-04-23,17,3,4,0,0,2649
2026-04-23 18:00:00,2026-04-23,18,3,4,0,0,2278
2026-04-23 19:00:00,2026-04-23,19,3,4,0,0,2240
2026-04-23 20:00:00,2026-04-23,20,3,4,0,0,2764
2026-04-23 21:00:00,2026-04-23,21,3,4,0,0,2566
2026-04-23 22:00:00,2026-04-23,22,3,4,0,0,2515
2026-04-23 23:00:00,2026-04-23,23,3,4,0,0,607
2026-04-24 09:00:00,2026-04-24,9,4,4,0,0,1083
2026-04-24 10:00:00,2026-04-24,10,4,4,0,0,1488
2026-04-24 11:00:00,2026-04-24,11,4,4,0,0,1673
2026-04-24 12:00:00,2026-04-24,12,4,4,0,0,2146
2026-04-24 13:00:00,2026-04-24,13,4,4,0,0,2422
2026-04-24 14:00:00,2026-04-24,14,4,4,0,0,2522
2026-04-24 15:00:00,2026-04-24,15,4,4,0,0,2845
2026-04-24 16:00:00,2026-04-24,16,4,4,0,0,2624
2026-04-24 17:00:00,2026-04-24,17,4,4,0,0,2686
2026-04-24 18:00:00,2026-04-24,18,4,4,0,0,1260
2026-04-24 19:00:00,2026-04-24,19,4,4,0,0,1851
2026-04-24 20:00:00,2026-04-24,20,4,4,0,0,2417
2026-04-24 21:00:00,2026-04-24,21,4,4,0,0,2291
2026-04-24 22:00:00,2026-04-24,22,4,4,0,0,2330
2026-04-24 23:00:00,2026-04-24,23,4,4,0,0,457
2026-04-25 09:00:00,2026-04-25,9,5,4,1,0,1602
2026-04-25 10:00:00,2026-04-25,10,5,4,1,0,2180
2026-04-25 11:00:00,2026-04-25,11,5,4,1,0,2683
2026-04-25 12:00:00,2026-04-25,12,5,4,1,0,3394
2026-04-25 13:00:00,2026-04-25,13,5,4,1,0,3503
2026-04-25 14:00:00,2026-04-25,14,5,4,1,0,2728
2026-04-25 15:00:00,2026-04-25,15,5,4,1,0,3850
2026-04-25 16:00:00,2026-04-25,16,5,4,1,0,3990
2026-04-25 17:00:00,2026-04-25,17,5,4,1,0,2772
2026-04-25 18:00:00,2026-04-25,18,5,4,1,0,2694
2026-04-25 19:00:00,2026-04-25,19,5,4,1,0,3016
2026-04-25 20:00:00,2026-04-25,20,5,4,1,0,2264
2026-04-25 21:00:00,2026-04-25,21,5,4,1,0,3158
2026-04-25 22:00:00,2026-04-25,22,5,4,1,0,3664
2026-04-25 23:00:00,2026-04-25,23,5,4,1,0,754
2026-04-26 09:00:00,2026-04-26,9,6,4,1,0,1462
2026-04-26 10:00:00,2026-04-26,10,6,4,1,0,2054
2026-04-26 11:00:00,2026-04-26,11,6,4,1,0,2426
2026-04-26 12:00:00,2026-04-26,12,6,4,1,0,3029
2026-04-26 13:00:00,2026-04-26,13,6,4,1,0,3139
2026-04-26 14:00:00,2026-04-26,14,6,4,1,0,4177
2026-04-26 15:00:00,2026-04-26,15,6,4,1,0,4425
2026-04-26 16:00:00,2026-04-26,16,6,4,1,0,2539
2026-04-26 17:00:00,2026-04-26,17,6,4,1,0,2851
2026-04-26 18:00:00,2026-04-26,18,6,4,1,0,2828
2026-04-26 19:00:00,2026-04-26,19,6,4,1,0,1734
2026-04-26 20:00:00,2026-04-26,20,6,4,1,0,3407
2026-04-26 21:00:00,2026-04-26,21,6,4,1,0,2824
2026-04-26 22:00:00,2026-04-26,22,6,4,1,0,2916
2026-04-26 23:00:00,2026-04-26,23,6,4,1,0,809
2026-04-27 09:00:00,2026-04-27,9,0,4,0,0,1266
2026-04-27 10:00:00,2026-04-27,10,0,4,0,0,1386
2026-04-27 11:00:00,2026-04-27,11,0,4,0,0,1576
2026-04-27 12:00:00,2026-04-27,12,0,4,0,0,3116
2026-04-27 13:00:00,2026-04-27,13,0,4,0,0,1940
2026-04-27 14:00:00,2026-04-27,14,0,4,0,0,2643
2026-04-27 15:00:00,2026-04-27,15,0,4,0,0,3091
2026-04-27 16:00:00,2026-04-27,16,0,4,0,0,2690
2026-04-27 17:00:00,2026-04-27,17,0,4,0,0,2797
2026-04-27 18:00:00,2026-04-27,18,0,4,0,0,1595
2026-04-27 19:00:00,2026-04-27,19,0,4,0,0,1897
2026-04-27 20:00:00,2026-04-27,20,0,4,0,0,2347
2026-04-27 21:00:00,2026-04-27,21,0,4,0,0,1966
2026-04-27 22:00:00,2026-04-27,22,0,4,0,0,2933
2026-04-27 23:00:00,2026-04-27,23,0,4,0,0,501
2026-04-28 09:00:00,2026-04-28,9,1,4,0,0,666
2026-04-28 10:00:00,2026-04-28,10,1,4,0,0,1460
2026-04-28 11:00:00,2026-04-28,11,1,4,0,0,1660
2026-04-28 12:00:00,2026-04-28,12,1,4,0,0,2221
2026-04-28 13:00:00,2026-04-28,13,1,4,0,0,2742
2026-04-28 14:00:00,2026-04-28,14,1,4,0,0,3057
2026-04-28 15:00:00,2026-04-28,15,1,4,0,0,3073
2026-04-28 16:00:00,2026-04-28,16,1,4,0,0,2630
2026-04-28 17:00:00,2026-04-28,17,1,4,0,0,2548
2026-04-28 18:00:00,2026-04-28,18,1,4,0,0,2345
2026-04-28 19:00:00,2026-04-28,19,1,4,0,0,1480
2026-04-28 20:00:00,2026-04-28,20,1,4,0,0,2542
2026-04-28 21:00:00,2026-04-28,21,1,4,0,0,1963
2026-04-28 22:00:00,2026-04-28,22,1,4,0,0,2962
2026-04-28 23:00:00,2026-04-28,23,1,4,0,0,537
2026-04-29 09:00:00,2026-04-29,9,2,4,0,0,1113
2026-04-29 10:00:00,2026-04-29,10,2,4,0,0,1360
2026-04-29 11:00:00,2026-04-29,11,2,4,0,0,1735
2026-04-29 12:00:00,2026-04-29,12,2,4,0,0,1992
2026-04-29 13:00:00,2026-04-29,13,2,4,0,0,2819
2026-04-29 14:00:00,2026-04-29,14,2,4,0,0,2223
2026-04-29 15:00:00,2026-04-29,15,2,4,0,0,3305
2026-04-29 16:00:00,2026-04-29,16,2,4,0,0,3121
2026-04-29 17:00:00,2026-04-29,17,2,4,0,0,2448
2026-04-29 18:00:00,2026-04-29,18,2,4,0,0,2318
2026-04-29 19:00:00,2026-04-29,19,2,4,0,0,1873
2026-04-29 20:00:00,2026-04-29,20,2,4,0,0,2943
2026-04-29 21:00:00,2026-04-29,21,2,4,0,0,2152
2026-04-29 22:00:00,2026-04-29,22,2,4,0,0,2421
2026-04-29 23:00:00,2026-04-29,23,2,4,0,0,536
2026-04-30 09:00:00,2026-04-30,9,3,4,0,0,942
2026-04-30 10:00:00,2026-04-30,10,3,4,0,0,1892
2026-04-30 11:00:00,2026-04-30,11,3,4,0,0,1610
2026-04-30 12:00:00,2026-04-30,12,3,4,0,0,1606
2026-04-30 13:00:00,2026-04-30,13,3,4,0,0,2004
2026-04-30 14:00:00,2026-04-30,14,3,4,0,0,2600
2026-04-30 15:00:00,2026-04-30,15,3,4,0,0,2941
2026-04-30 16:00:00,2026-04-30,16,3,4,0,0,2460
2026-04-30 17:00:00,2026-04-30,17,3,4,0,0,2711
2026-04-30 18:00:00,2026-04-30,18,3,4,0,0,2163
2026-04-30 19:00:00,2026-04-30,19,3,4,0,0,1496
2026-04-30 20:00:00,2026-04-30,20,3,4,0,0,2768
2026-04-30 21:00:00,2026-04-30,21,3,4,0,0,2212
2026-04-30 22:00:00,2026-04-30,22,3,4,0,0,1681
2026-04-30 23:00:00,2026-04-30,23,3,4,0,0,577
2026-05-01 09:00:00,2026-05-01,9,4,5,0,0,1223
2026-05-01 10:00:00,2026-05-01,10,4,5,0,0,1501
2026-05-01 11:00:00,2026-05-01,11,4,5,0,0,1919
2026-05-01 12:00:00,2026-05-01,12,4,5,0,0,2170
2026-05-01 13:00:00,2026-05-01,13,4,5,0,0,1798
2026-05-01 14:00:00,2026-05-01,14,4,5,0,0,3156
2026-05-01 15:00:00,2026-05-01,15,4,5,0,0,3017
2026-05-01 16:00:00,2026-05-01,16,4,5,0,0,2960
2026-05-01 17:00:00,2026-05-01,17,4,5,0,0,2753
2026-05-01 18:00:00,2026-05-01,18,4,5,0,0,2194
2026-05-01 19:00:00,2026-05-01,19,4,5,0,0,1948
2026-05-01 20:00:00,2026-05-01,20,4,5,0,0,2070
2026-05-01 21:00:00,2026-05-01,21,4,5,0,0,2742
2026-05-01 22:00:00,2026-05-01,22,4,5,0,0,1585
2026-05-01 23:00:00,2026-05-01,23,4,5,0,0,559
2026-05-02 09:00:00,2026-05-02,9,5,5,1,0,1747
2026-05-02 10:00:00,2026-05-02,10,5,5,1,0,1692
2026-05-02 11:00:00,2026-05-02,11,5,5,1,0,2655
2026-05-02 12:00:00,2026-05-02,12,5,5,1,0,2771
2026-05-02 13:00:00,2026-05-02,13,5,5,1,0,3268
2026-05-02 14:00:00,2026-05-02,14,5,5,1,0,4105
2026-05-02 15:00:00,2026-05-02,15,5,5,1,0,3869
2026-05-02 16:00:00,2026-05-02,16,5,5,1,0,2786
2026-05-02 17:00:00,2026-05-02,17,5,5,1,0,3019
2026-05-02 18:00:00,2026-05-02,18,5,5,1,0,3371
2026-05-02 19:00:00,2026-05-02,19,5,5,1,0,2670
2026-05-02 20:00:00,2026-05-02,20,5,5,1,0,3887
2026-05-02 21:00:00,2026-05-02,21,5,5,1,0,3861
2026-05-02 22:00:00,2026-05-02,22,5,5,1,0,3081
2026-05-02 23:00:00,2026-05-02,23,5,5,1,0,992
2026-05-03 09:00:00,2026-05-03,9,6,5,1,0,1541
2026-05-03 10:00:00,2026-05-03,10,6,5,1,0,1789
2026-05-03 11:00:00,2026-05-03,11,6,5,1,0,2341
2026-05-03 12:00:00,2026-05-03,12,6,5,1,0,2200
2026-05-03 13:00:00,2026-05-03,13,6,5,1,0,4079
2026-05-03 14:00:00,2026-05-03,14,6,5,1,0,3074
2026-05-03 15:00:00,2026-05-03,15,6,5,1,0,3319
2026-05-03 16:00:00,2026-05-03,16,6,5,1,0,3585
2026-05-03 17:00:00,2026-05-03,17,6,5,1,0,3459
2026-05-03 18:00:00,2026-05-03,18,6,5,1,0,2670
2026-05-03 19:00:00,2026-05-03,19,6,5,1,0,2000
2026-05-03 20:00:00,2026-05-03,20,6,5,1,0,3131
2026-05-03 21:00:00,2026-05-03,21,6,5,1,0,3089
2026-05-03 22:00:00,2026-05-03,22,6,5,1,0,3063
2026-05-03 23:00:00,2026-05-03,23,6,5,1,0,548
2026-05-04 09:00:00,2026-05-04,9,0,5,0,0,1333
2026-05-04 10:00:00,2026-05-04,10,0,5,0,0,1444
2026-05-04 11:00:00,2026-05-04,11,0,5,0,0,1915
2026-05-04 12:00:00,2026-05-04,12,0,5,0,0,2430
2026-05-04 13:00:00,2026-05-04,13,0,5,0,0,2702
2026-05-04 14:00:00,2026-05-04,14,0,5,0,0,2529
2026-05-04 15:00:00,2026-05-04,15,0,5,0,0,2832
2026-05-04 16:00:00,2026-05-04,16,0,5,0,0,2910
2026-05-04 17:00:00,2026-05-04,17,0,5,0,0,2190
2026-05-04 18:00:00,2026-05-04,18,0,5,0,0,2574
2026-05-04 19:00:00,2026-05-04,19,0,5,0,0,2199
2026-05-04 20:00:00,2026-05-04,20,0,5,0,0,2173
2026-05-04 21:00:00,2026-05-04,21,0,5,0,0,2435
2026-05-04 22:00:00,2026-05-04,22,0,5,0,0,2563
2026-05-04 23:00:00,2026-05-04,23,0,5,0,0,528
2026-05-05 09:00:00,2026-05-05,9,1,5,0,0,1204
2026-05-05 10:00:00,2026-05-05,10,1,5,0,0,1528
2026-05-05 11:00:00,2026-05-05,11,1,5,0,0,1082
2026-05-05 12:00:00,2026-05-05,12,1,5,0,0,2359
2026-05-05 13:00:00,2026-05-05,13,1,5,0,0,2199
2026-05-05 14:00:00,2026-05-05,14,1,5,0,0,3038
2026-05-05 15:00:00,2026-05-05,15,1,5,0,0,2574
2026-05-05 16:00:00,2026-05-05,16,1,5,0,0,2678
2026-05-05 17:00:00,2026-05-05,17,1,5,0,0,2950
2026-05-05 18:00:00,2026-05-05,18,1,5,0,0,2369
2026-05-05 19:00:00,2026-05-05,19,1,5,0,0,1633
2026-05-05 20:00:00,2026-05-05,20,1,5,0,0,2090
2026-05-05 21:00:00,2026-05-05,21,1,5,0,0,2208
2026-05-05 22:00:00,2026-05-05,22,1,5,0,0,2492
2026-05-05 23:00:00,2026-05-05,23,1,5,0,0,589
2026-05-06 09:00:00,2026-05-06,9,2,5,0,0,1023
2026-05-06 10:00:00,2026-05-06,10,2,5,0,0,1288
2026-05-06 11:00:00,2026-05-06,11,2,5,0,0,1940
2026-05-06 12:00:00,2026-05-06,12,2,5,0,0,2187
2026-05-06 13:00:00,2026-05-06,13,2,5,0,0,3189
2026-05-06 14:00:00,2026-05-06,14,2,5,0,0,1920
2026-05-06 15:00:00,2026-05-06,15,2,5,0,0,3409
2026-05-06 16:00:00,2026-05-06,16,2,5,0,0,2347
2026-05-06 17:00:00,2026-05-06,17,2,5,0,0,2055
2026-05-06 18:00:00,2026-05-06,18,2,5,0,0,1935
2026-05-06 19:00:00,2026-05-06,19,2,5,0,0,2144
2026-05-06 20:00:00,2026-05-06,20,2,5,0,0,2881
2026-05-06 21:00:00,2026-05-06,21,2,5,0,0,1509
2026-05-06 22:00:00,2026-05-06,22,2,5,0,0,2248
2026-05-06 23:00:00,2026-05-06,23,2,5,0,0,486
2026-05-07 09:00:00,2026-05-07,9,3,5,0,0,623
2026-05-07 10:00:00,2026-05-07,10,3,5,0,0,1627
2026-05-07 11:00:00,2026-05-07,11,3,5,0,0,1927
2026-05-07 12:00:00,2026-05-07,12,3,5,0,0,2238
2026-05-07 13:00:00,2026-05-07,13,3,5,0,0,2107
2026-05-07 14:00:00,2026-05-07,14,3,5,0,0,3268
2026-05-07 15:00:00,2026-05-07,15,3,5,0,0,1841
2026-05-07 16:00:00,2026-05-07,16,3,5,0,0,2905
2026-05-07 17:00:00,2026-05-07,17,3,5,0,0,2091
2026-05-07 18:00:00,2026-05-07,18,3,5,0,0,2184
2026-05-07 19:00:00,2026-05-07,19,3,5,0,0,1942
2026-05-07 20:00:00,2026-05-07,20,3,5,0,0,2473
2026-05-07 21:00:00,2026-05-07,21,3,5,0,0,2424
2026-05-07 22:00:00,2026-05-07,22,3,5,0,0,1764
2026-05-07 23:00:00,2026-05-07,23,3,5,0,0,488
2026-05-08 09:00:00,2026-05-08,9,4,5,0,0,1165
2026-05-08 10:00:00,2026-05-08,10,4,5,0,0,1519
2026-05-08 11:00:00,2026-05-08,11,4,5,0,0,1929
2026-05-08 12:00:00,2026-05-08,12,4,5,0,0,2255
2026-05-08 13:00:00,2026-05-08,13,4,5,0,0,2146
2026-05-08 14:00:00,2026-05-08,14,4,5,0,0,2299
2026-05-08 15:00:00,2026-05-08,15,4,5,0,0,2056
2026-05-08 16:00:00,2026-05-08,16,4,5,0,0,2998
2026-05-08 17:00:00,2026-05-08,17,4,5,0,0,2785
2026-05-08 18:00:00,2026-05-08,18,4,5,0,0,2462
2026-05-08 19:00:00,2026-05-08,19,4,5,0,0,1945
2026-05-08 20:00:00,2026-05-08,20,4,5,0,0,1770
2026-05-08 21:00:00,2026-05-08,21,4,5,0,0,2086
2026-05-08 22:00:00,2026-05-08,22,4,5,0,0,2428
2026-05-08 23:00:00,2026-05-08,23,4,5,0,0,574
2026-05-09 09:00:00,2026-05-09,9,5,5,1,0,1495
2026-05-09 10:00:00,2026-05-09,10,5,5,1,0,2112
2026-05-09 11:00:00,2026-05-09,11,5,5,1,0,2537
2026-05-09 12:00:00,2026-05-09,12,5,5,1,0,3062
2026-05-09 13:00:00,2026-05-09,13,5,5,1,0,3157
2026-05-09 14:00:00,2026-05-09,14,5,5,1,0,4121
2026-05-09 15:00:00,2026-05-09,15,5,5,1,0,2509
2026-05-09 16:00:00,2026-05-09,16,5,5,1,0,3097
2026-05-09 17:00:00,2026-05-09,17,5,5,1,0,2172
2026-05-09 18:00:00,2026-05-09,18,5,5,1,0,2892
2026-05-09 19:00:00,2026-05-09,19,5,5,1,0,2836
2026-05-09 20:00:00,2026-05-09,20,5,5,1,0,3196
2026-05-09 21:00:00,2026-05-09,21,5,5,1,0,3141
2026-05-09 22:00:00,2026-05-09,22,5,5,1,0,2731
2026-05-09 23:00:00,2026-05-09,23,5,5,1,0,835
2026-05-10 09:00:00,2026-05-10,9,6,5,1,0,1416
2026-05-10 10:00:00,2026-05-10,10,6,5,1,0,1999
2026-05-10 11:00:00,2026-05-10,11,6,5,1,0,2983
2026-05-10 12:00:00,2026-05-10,12,6,5,1,0,3202
2026-05-10 13:00:00,2026-05-10,13,6,5,1,0,1926
2026-05-10 14:00:00,2026-05-10,14,6,5,1,0,2903
2026-05-10 15:00:00,2026-05-10,15,6,5,1,0,2625
2026-05-10 16:00:00,2026-05-10,16,6,5,1,0,3150
2026-05-10 17:00:00,2026-05-10,17,6,5,1,0,2580
2026-05-10 18:00:00,2026-05-10,18,6,5,1,0,3033
2026-05-10 19:00:00,2026-05-10,19,6,5,1,0,1808
2026-05-10 20:00:00,2026-05-10,20,6,5,1,0,2940
2026-05-10 21:00:00,2026-05-10,21,6,5,1,0,3884
2026-05-10 22:00:00,2026-05-10,22,6,5,1,0,4308
2026-05-10 23:00:00,2026-05-10,23,6,5,1,0,737
2026-05-11 09:00:00,2026-05-11,9,0,5,0,0,1186
2026-05-11 10:00:00,2026-05-11,10,0,5,0,0,1516
2026-05-11 11:00:00,2026-05-11,11,0,5,0,0,1818
2026-05-11 12:00:00,2026-05-11,12,0,5,0,0,2012
2026-05-11 13:00:00,2026-05-11,13,0,5,0,0,2203
2026-05-11 14:00:00,2026-05-11,14,0,5,0,0,2358
2026-05-11 15:00:00,2026-05-11,15,0,5,0,0,2936
2026-05-11 16:00:00,2026-05-11,16,0,5,0,0,2560
2026-05-11 17:00:00,2026-05-11,17,0,5,0,0,1749
2026-05-11 18:00:00,2026-05-11,18,0,5,0,0,2355
2026-05-11 19:00:00,2026-05-11,19,0,5,0,0,1868
2026-05-11 20:00:00,2026-05-11,20,0,5,0,0,1935
2026-05-11 21:00:00,2026-05-11,21,0,5,0,0,2486
2026-05-11 22:00:00,2026-05-11,22,0,5,0,0,1957
2026-05-11 23:00:00,2026-05-11,23,0,5,0,0,414
2026-05-12 09:00:00,2026-05-12,9,1,5,0,0,1040
2026-05-12 10:00:00,2026-05-12,10,1,5,0,0,1386
2026-05-12 11:00:00,2026-05-12,11,1,5,0,0,2089
2026-05-12 12:00:00,2026-05-12,12,1,5,0,0,2233
2026-05-12 13:00:00,2026-05-12,13,1,5,0,0,2878
2026-05-12 14:00:00,2026-05-12,14,1,5,0,0,2296
2026-05-12 15:00:00,2026-05-12,15,1,5,0,0,3124
2026-05-12 16:00:00,2026-05-12,16,1,5,0,0,2967
2026-05-12 17:00:00,2026-05-12,17,1,5,0,0,1919
2026-05-12 18:00:00,2026-05-12,18,1,5,0,0,2590
2026-05-12 19:00:00,2026-05-12,19,1,5,0,0,1897
2026-05-12 20:00:00,2026-05-12,20,1,5,0,0,2491
2026-05-12 21:00:00,2026-05-12,21,1,5,0,0,2132
2026-05-12 22:00:00,2026-05-12,22,1,5,0,0,2744
2026-05-12 23:00:00,2026-05-12,23,1,5,0,0,484
2026-05-13 09:00:00,2026-05-13,9,2,5,0,0,1252
2026-05-13 10:00:00,2026-05-13,10,2,5,0,0,1646
2026-05-13 11:00:00,2026-05-13,11,2,5,0,0,1657
2026-05-13 12:00:00,2026-05-13,12,2,5,0,0,1937
2026-05-13 13:00:00,2026-05-13,13,2,5,0,0,2603
2026-05-13 14:00:00,2026-05-13,14,2,5,0,0,2945
2026-05-13 15:00:00,2026-05-13,15,2,5,0,0,2286
2026-05-13 16:00:00,2026-05-13,16,2,5,0,0,3424
2026-05-13 17:00:00,2026-05-13,17,2,5,0,0,2161
2026-05-13 18:00:00,2026-05-13,18,2,5,0,0,2510
2026-05-13 19:00:00,2026-05-13,19,2,5,0,0,1652
2026-05-13 20:00:00,2026-05-13,20,2,5,0,0,2203
2026-05-13 21:00:00,2026-05-13,21,2,5,0,0,2605
2026-05-13 22:00:00,2026-05-13,22,2,5,0,0,2673
2026-05-13 23:00:00,2026-05-13,23,2,5,0,0,479
2026-05-14 09:00:00,2026-05-14,9,3,5,0,0,1287
2026-05-14 10:00:00,2026-05-14,10,3,5,0,0,1686
2026-05-14 11:00:00,2026-05-14,11,3,5,0,0,1165
2026-05-14 12:00:00,2026-05-14,12,3,5,0,0,2664
2026-05-14 13:00:00,2026-05-14,13,3,5,0,0,2090
2026-05-14 14:00:00,2026-05-14,14,3,5,0,0,2526
2026-05-14 15:00:00,2026-05-14,15,3,5,0,0,2960
2026-05-14 16:00:00,2026-05-14,16,3,5,0,0,2451
2026-05-14 17:00:00,2026-05-14,17,3,5,0,0,2613
2026-05-14 18:00:00,2026-05-14,18,3,5,0,0,2300
2026-05-14 19:00:00,2026-05-14,19,3,5,0,0,1834
2026-05-14 20:00:00,2026-05-14,20,3,5,0,0,2617
2026-05-14 21:00:00,2026-05-14,21,3,5,0,0,2314
2026-05-14 22:00:00,2026-05-14,22,3,5,0,0,2446
2026-05-14 23:00:00,2026-05-14,23,3,5,0,0,643
2026-05-15 09:00:00,2026-05-15,9,4,5,0,0,1246
2026-05-15 10:00:00,2026-05-15,10,4,5,0,0,1640
2026-05-15 11:00:00,2026-05-15,11,4,5,0,0,1618
2026-05-15 12:00:00,2026-05-15,12,4,5,0,0,2376
2026-05-15 13:00:00,2026-05-15,13,4,5,0,0,2266
2026-05-15 14:00:00,2026-05-15,14,4,5,0,0,2310
2026-05-15 15:00:00,2026-05-15,15,4,5,0,0,2775
2026-05-15 16:00:00,2026-05-15,16,4,5,0,0,1704
2026-05-15 17:00:00,2026-05-15,17,4,5,0,0,2773
2026-05-15 18:00:00,2026-05-15,18,4,5,0,0,2454
2026-05-15 19:00:00,2026-05-15,19,4,5,0,0,1448
2026-05-15 20:00:00,2026-05-15,20,4,5,0,0,2143
2026-05-15 21:00:00,2026-05-15,21,4,5,0,0,1963
2026-05-15 22:00:00,2026-05-15,22,4,5,0,0,2247
2026-05-15 23:00:00,2026-05-15,23,4,5,0,0,596
2026-05-16 09:00:00,2026-05-16,9,5,5,1,0,1492
2026-05-16 10:00:00,2026-05-16,10,5,5,1,0,1880
2026-05-16 11:00:00,2026-05-16,11,5,5,1,0,2929
2026-05-16 12:00:00,2026-05-16,12,5,5,1,0,2183
2026-05-16 13:00:00,2026-05-16,13,5,5,1,0,3927
2026-05-16 14:00:00,2026-05-16,14,5,5,1,0,3445
2026-05-16 15:00:00,2026-05-16,15,5,5,1,0,3744
2026-05-16 16:00:00,2026-05-16,16,5,5,1,0,2417
2026-05-16 17:00:00,2026-05-16,17,5,5,1,0,4053
2026-05-16 18:00:00,2026-05-16,18,5,5,1,0,2572
2026-05-16 19:00:00,2026-05-16,19,5,5,1,0,2537
2026-05-16 20:00:00,2026-05-16,20,5,5,1,0,3416
2026-05-16 21:00:00,2026-05-16,21,5,5,1,0,2591
2026-05-16 22:00:00,2026-05-16,22,5,5,1,0,2858
2026-05-16 23:00:00,2026-05-16,23,5,5,1,0,749
2026-05-17 09:00:00,2026-05-17,9,6,5,1,0,1373
2026-05-17 10:00:00,2026-05-17,10,6,5,1,0,1825
2026-05-17 11:00:00,2026-05-17,11,6,5,1,0,2427
2026-05-17 12:00:00,2026-05-17,12,6,5,1,0,3253
2026-05-17 13:00:00,2026-05-17,13,6,5,1,0,3279
2026-05-17 14:00:00,2026-05-17,14,6,5,1,0,4163
2026-05-17 15:00:00,2026-05-17,15,6,5,1,0,2329
2026-05-17 16:00:00,2026-05-17,16,6,5,1,0,3132
2026-05-17 17:00:00,2026-05-17,17,6,5,1,0,4210
2026-05-17 18:00:00,2026-05-17,18,6,5,1,0,2780
2026-05-17 19:00:00,2026-05-17,19,6,5,1,0,2135
2026-05-17 20:00:00,2026-05-17,20,6,5,1,0,2541
2026-05-17 21:00:00,2026-05-17,21,6,5,1,0,3627
2026-05-17 22:00:00,2026-05-17,22,6,5,1,0,3081
2026-05-17 23:00:00,2026-05-17,23,6,5,1,0,739
2026-05-18 09:00:00,2026-05-18,9,0,5,0,0,1116
2026-05-18 10:00:00,2026-05-18,10,0,5,0,0,1680
2026-05-18 11:00:00,2026-05-18,11,0,5,0,0,1836
2026-05-18 12:00:00,2026-05-18,12,0,5,0,0,2864
2026-05-18 13:00:00,2026-05-18,13,0,5,0,0,1801
2026-05-18 14:00:00,2026-05-18,14,0,5,0,0,3078
2026-05-18 15:00:00,2026-05-18,15,0,5,0,0,3070
2026-05-18 16:00:00,2026-05-18,16,0,5,0,0,2718
2026-05-18 17:00:00,2026-05-18,17,0,5,0,0,2355
2026-05-18 18:00:00,2026-05-18,18,0,5,0,0,2324
2026-05-18 19:00:00,2026-05-18,19,0,5,0,0,1394
2026-05-18 20:00:00,2026-05-18,20,0,5,0,0,2216
2026-05-18 21:00:00,2026-05-18,21,0,5,0,0,2427
2026-05-18 22:00:00,2026-05-18,22,0,5,0,0,2733
2026-05-18 23:00:00,2026-05-18,23,0,5,0,0,705
