review_id,date,language,rating,sentiment,topic,topic_key,text,source
R000000,2024-04-14,en,4,positive,Personnel / Accueil,personnel,"Staff was very friendly and helpful, spoke perfect English.",Google Maps
R000001,2024-08-11,de,4,positive,Expérience globale,experience,"Magische Erfahrung, das Monument ist live noch beeindruckender.",TripAdvisor
R000002,2025-08-26,en,4,positive,Expérience globale,experience,"Perfect family day, kids loved every minute of it.",TripAdvisor
R000003,2024-06-08,de,1,negative,File d'attente,file_attente,"Riesige Schlangen auf jeder Ebene, sehr enttäuschend.",TripAdvisor
R000004,2024-12-18,es,5,positive,Expérience globale,experience,"Experiencia mágica, el monumento es aún más impresionante en persona.",Google Maps
R000005,2024-10-27,es,1,negative,File d'attente,file_attente,Demasiada espera incluso con entradas online.,Google Maps
R000006,2024-02-16,en,3,neutral,Général,generique,"Decent visit, nothing extraordinary but worth doing once.",Google Maps
R000007,2025-01-24,es,3,neutral,Général,generique,"Decent visit, nothing extraordinary but worth doing once.",TripAdvisor
R000008,2024-09-30,en,4,positive,Personnel / Accueil,personnel,"Great team, super welcoming and professional throughout.",Google Maps
R000009,2024-09-07,en,5,positive,Expérience globale,experience,"Truly magical experience, the monument is even more impressive in person.",TripAdvisor
R000010,2024-02-27,en,3,neutral,Général,generique,"Iconic monument, the experience is okay overall.",TripAdvisor
R000011,2025-08-03,fr,4,positive,Personnel / Accueil,personnel,"Personnel très accueillant et professionnel, toujours souriant.",Google Maps
R000012,2024-05-22,fr,1,negative,Propreté,proprete,"Beaucoup de déchets autour du monument, dommage pour l'image.",TripAdvisor
R000013,2025-02-12,en,5,positive,Expérience globale,experience,"Perfect family day, kids loved every minute of it.",TripAdvisor
R000014,2024-04-22,it,5,positive,Vue / Panorama,vue,"Vista mozzafiato dalla cima, si vede tutta Parigi.",TripAdvisor
R000015,2025-09-02,fr,1,negative,Sécurité,securite,"Trop de vendeurs à la sauvette autour, sentiment d'insécurité.",Booking
R000016,2025-11-29,en,3,neutral,Général,generique,"Decent visit, nothing extraordinary but worth doing once.",Google Maps
R000017,2024-06-10,es,1,negative,Prix / Tarification,prix,"Precios excesivos, sobre todo la comida en el lugar.",TripAdvisor
R000018,2025-06-03,it,3,neutral,Général,generique,"Decent visit, nothing extraordinary but worth doing once.",Booking
R000019,2024-06-14,de,5,positive,Vue / Panorama,vue,"Die Aussicht vom Gipfel ist atemberaubend, ganz Paris liegt einem zu Füßen.",Google Maps
R000020,2024-04-24,es,5,positive,Vue / Panorama,vue,"Panorama espectacular al atardecer, momento inolvidable.",Booking
R000021,2025-08-03,de,1,negative,Prix / Tarification,prix,"Viel zu teuer, besonders Essen und Getränke.",Booking
R000022,2025-05-01,fr,4,positive,Vue / Panorama,vue,"Panorama exceptionnel sur Paris, on voit jusqu'au Sacré-Cœur et la Défense.",Booking
R000023,2025-07-06,fr,5,positive,Expérience globale,experience,"Visite parfaite, organisation au top, je recommande vivement.",Google Maps
R000024,2025-06-13,en,2,negative,Sécurité,securite,Felt unsafe with all the street vendors harassing tourists.,TripAdvisor
R000025,2024-01-08,fr,5,positive,Vue / Panorama,vue,"Panorama exceptionnel sur Paris, on voit jusqu'au Sacré-Cœur et la Défense.",TripAdvisor
R000026,2024-08-31,en,4,positive,Vue / Panorama,vue,"Stunning panorama, especially at sunset. A must-visit in Paris.",TripAdvisor
R000027,2025-04-29,en,4,positive,Expérience globale,experience,"Perfect family day, kids loved every minute of it.",Google Maps
R000028,2025-04-23,fr,5,positive,Personnel / Accueil,personnel,"Le staff est multilingue et très serviable, parfait pour les touristes.",Google Maps
R000029,2024-12-13,fr,2,negative,File d'attente,file_attente,"File d'attente interminable, plus de 2 heures sous le soleil sans ombre.",Google Maps
R000030,2024-07-06,fr,4,positive,Expérience globale,experience,"Visite parfaite, organisation au top, je recommande vivement.",TripAdvisor
R000031,2024-04-10,fr,3,neutral,Général,generique,Ça vaut le coup de le voir une fois dans sa vie.,TripAdvisor
R000032,2025-05-12,it,1,negative,File d'attente,file_attente,"Coda interminabile di oltre 2 ore, un incubo.",TripAdvisor
R000033,2024-01-03,de,3,neutral,Général,generique,"Iconic monument, the experience is okay overall.",Booking
R000034,2025-07-23,fr,2,negative,Propreté,proprete,"Beaucoup de déchets autour du monument, dommage pour l'image.",Google Maps
R000035,2025-07-09,en,5,positive,Vue / Panorama,vue,"The view from the top is absolutely breathtaking, you can see all of Paris.",TripAdvisor
R000036,2025-06-27,fr,5,positive,Personnel / Accueil,personnel,"Accueil chaleureux et équipe efficace, merci pour cette belle visite.",TripAdvisor
R000037,2025-11-22,it,5,positive,Vue / Panorama,vue,"Vista mozzafiato dalla cima, si vede tutta Parigi.",Google Maps
R000038,2025-09-26,en,3,neutral,Général,generique,"Decent visit, nothing extraordinary but worth doing once.",TripAdvisor
R000039,2024-11-17,en,4,positive,Personnel / Accueil,personnel,"Great team, super welcoming and professional throughout.",TripAdvisor
R000040,2024-03-15,en,1,negative,Ascenseurs,ascenseur,"Only one lift working, massive wait to go back down.",TripAdvisor
R000041,2025-06-02,en,5,positive,Vue / Panorama,vue,"The view from the top is absolutely breathtaking, you can see all of Paris.",TripAdvisor
R000042,2024-10-18,de,3,neutral,Général,generique,"Iconic monument, the experience is okay overall.",TripAdvisor
R000043,2024-04-16,es,2,negative,File d'attente,file_attente,Demasiada espera incluso con entradas online.,Booking
R000044,2025-09-11,fr,4,positive,Vue / Panorama,vue,"Panorama exceptionnel sur Paris, on voit jusqu'au Sacré-Cœur et la Défense.",TripAdvisor
R000045,2024-02-22,en,1,negative,Ascenseurs,ascenseur,"Only one lift working, massive wait to go back down.",TripAdvisor
R000046,2025-10-14,en,5,positive,Vue / Panorama,vue,"Stunning panorama, especially at sunset. A must-visit in Paris.",Booking
R000047,2024-04-24,fr,5,positive,Expérience globale,experience,"Visite parfaite, organisation au top, je recommande vivement.",TripAdvisor
R000048,2025-08-19,de,3,neutral,Général,generique,"Iconic monument, the experience is okay overall.",Google Maps
R000049,2024-08-03,en,5,positive,Personnel / Accueil,personnel,"Staff was very friendly and helpful, spoke perfect English.",Google Maps
R000050,2024-06-07,en,5,positive,Expérience globale,experience,"Perfect family day, kids loved every minute of it.",Booking
R000051,2024-12-06,fr,4,positive,Vue / Panorama,vue,"Spectacle incroyable de nuit avec les illuminations, je recommande absolument.",Google Maps
R000052,2024-04-20,en,1,negative,Prix / Tarification,prix,Tickets are way too expensive for a family of four.,TripAdvisor
R000053,2024-08-21,fr,5,positive,Vue / Panorama,vue,"Spectacle incroyable de nuit avec les illuminations, je recommande absolument.",TripAdvisor
R000054,2024-10-12,en,5,positive,Personnel / Accueil,personnel,"Staff was very friendly and helpful, spoke perfect English.",TripAdvisor
R000055,2024-09-24,en,1,negative,Ascenseurs,ascenseur,"Elevator broke down during our visit, total disappointment.",TripAdvisor
R000056,2024-11-17,it,5,positive,Vue / Panorama,vue,"Panorama spettacolare al tramonto, momento indimenticabile.",TripAdvisor
R000057,2025-03-22,it,4,positive,Vue / Panorama,vue,"Panorama spettacolare al tramonto, momento indimenticabile.",TripAdvisor
R000058,2025-11-11,de,5,positive,Vue / Panorama,vue,"Wunderschöner Panoramablick, vor allem bei Sonnenuntergang.",Booking
R000059,2025-06-03,en,2,negative,File d'attente,file_attente,"Endless lines at every floor, terrible organization.",TripAdvisor
R000060,2025-11-11,en,4,positive,Personnel / Accueil,personnel,"Staff was very friendly and helpful, spoke perfect English.",Booking
R000061,2025-07-15,en,3,neutral,Général,generique,"Iconic monument, the experience is okay overall.",Google Maps
R000062,2025-04-21,fr,5,positive,Expérience globale,experience,"Moment magique en famille, les enfants ont adoré.",TripAdvisor
R000063,2024-10-17,en,5,positive,Expérience globale,experience,"Truly magical experience, the monument is even more impressive in person.",Google Maps
R000064,2024-07-22,en,5,positive,Vue / Panorama,vue,"Amazing 360 view, we could see the Sacre-Coeur and even further.",TripAdvisor
R000065,2025-02-28,fr,3,neutral,Général,generique,Monument iconique mais l'expérience reste classique.,Google Maps
R000066,2024-05-31,en,1,negative,Sécurité,securite,Felt unsafe with all the street vendors harassing tourists.,Google Maps
R000067,2025-06-14,fr,1,negative,File d'attente,file_attente,"Attente beaucoup trop longue malgré la réservation en ligne, c'est inacceptable.",TripAdvisor
R000068,2024-05-16,en,3,neutral,Général,generique,"Iconic monument, the experience is okay overall.",Google Maps
R000069,2025-09-19,en,3,neutral,Général,generique,"Iconic monument, the experience is okay overall.",Google Maps
R000070,2025-05-01,de,5,positive,Expérience globale,experience,"Magische Erfahrung, das Monument ist live noch beeindruckender.",TripAdvisor
R000071,2024-10-08,es,2,negative,Prix / Tarification,prix,Entradas demasiado caras para una familia.,TripAdvisor
R000072,2024-03-23,en,5,positive,Personnel / Accueil,personnel,"Great team, super welcoming and professional throughout.",TripAdvisor
R000073,2024-12-04,fr,2,negative,Prix / Tarification,prix,"Tarifs vraiment excessifs pour ce que c'est, beaucoup trop cher.",Google Maps
R000074,2025-08-21,en,5,positive,Personnel / Accueil,personnel,"Great team, super welcoming and professional throughout.",Booking
R000075,2024-01-07,fr,3,neutral,Général,generique,Monument iconique mais l'expérience reste classique.,Booking
R000076,2025-07-13,fr,5,positive,Personnel / Accueil,personnel,"Accueil chaleureux et équipe efficace, merci pour cette belle visite.",Google Maps
R000077,2025-02-02,de,5,positive,Expérience globale,experience,"Magische Erfahrung, das Monument ist live noch beeindruckender.",TripAdvisor
R000078,2025-09-29,en,5,positive,Vue / Panorama,vue,"Stunning panorama, especially at sunset. A must-visit in Paris.",Google Maps
R000079,2024-05-18,de,5,positive,Vue / Panorama,vue,"Die Aussicht vom Gipfel ist atemberaubend, ganz Paris liegt einem zu Füßen.",Google Maps
R000080,2024-12-11,fr,5,positive,Personnel / Accueil,personnel,"Personnel très accueillant et professionnel, toujours souriant.",Google Maps
R000081,2025-04-26,en,2,negative,Sécurité,securite,Felt unsafe with all the street vendors harassing tourists.,TripAdvisor
R000082,2025-10-27,en,3,neutral,Général,generique,"Decent visit, nothing extraordinary but worth doing once.",TripAdvisor
R000083,2024-01-21,it,4,positive,Vue / Panorama,vue,"Vista mozzafiato dalla cima, si vede tutta Parigi.",Google Maps
R000084,2024-09-19,fr,5,positive,Vue / Panorama,vue,"Panorama exceptionnel sur Paris, on voit jusqu'au Sacré-Cœur et la Défense.",Google Maps
R000085,2024-06-16,fr,4,positive,Expérience globale,experience,"Moment magique en famille, les enfants ont adoré.",Booking
R000086,2025-01-19,fr,5,positive,Personnel / Accueil,personnel,"Accueil chaleureux et équipe efficace, merci pour cette belle visite.",TripAdvisor
R000087,2024-11-04,en,4,positive,Expérience globale,experience,"Truly magical experience, the monument is even more impressive in person.",Google Maps
R000088,2025-03-14,en,5,positive,Expérience globale,experience,"Truly magical experience, the monument is even more impressive in person.",Google Maps
R000089,2024-04-18,fr,2,negative,File d'attente,file_attente,"Attente beaucoup trop longue malgré la réservation en ligne, c'est inacceptable.",TripAdvisor
R000090,2025-03-21,en,3,neutral,Général,generique,"Decent visit, nothing extraordinary but worth doing once.",TripAdvisor
R000091,2025-08-29,en,2,negative,Sécurité,securite,Felt unsafe with all the street vendors harassing tourists.,TripAdvisor
R000092,2024-09-06,de,2,negative,File d'attente,file_attente,"Riesige Schlangen auf jeder Ebene, sehr enttäuschend.",Google Maps
R000093,2024-11-28,en,2,negative,Ascenseurs,ascenseur,"Elevator broke down during our visit, total disappointment.",TripAdvisor
R000094,2024-10-09,fr,2,negative,Ascenseurs,ascenseur,"Un seul ascenseur fonctionnait, attente énorme pour redescendre.",Google Maps
R000095,2025-07-22,en,5,positive,Vue / Panorama,vue,"Amazing 360 view, we could see the Sacre-Coeur and even further.",Google Maps
R000096,2024-04-05,en,2,negative,Sécurité,securite,Felt unsafe with all the street vendors harassing tourists.,TripAdvisor
R000097,2025-06-27,en,5,positive,Expérience globale,experience,"Perfect family day, kids loved every minute of it.",TripAdvisor
R000098,2024-09-14,it,4,positive,Vue / Panorama,vue,"Panorama spettacolare al tramonto, momento indimenticabile.",TripAdvisor
R000099,2025-05-10,es,4,positive,Vue / Panorama,vue,"La vista desde la cima es impresionante, se ve todo París.",TripAdvisor
R000100,2024-10-30,en,2,negative,Ascenseurs,ascenseur,"Elevator broke down during our visit, total disappointment.",TripAdvisor
R000101,2024-02-25,fr,4,positive,Expérience globale,experience,"Une expérience magique, le monument est encore plus impressionnant en vrai.",Google Maps
R000102,2025-08-10,en,5,positive,Personnel / Accueil,personnel,"Staff was very friendly and helpful, spoke perfect English.",TripAdvisor
R000103,2025-05-04,en,5,positive,Vue / Panorama,vue,"Stunning panorama, especially at sunset. A must-visit in Paris.",TripAdvisor
R000104,2024-06-04,fr,5,positive,Expérience globale,experience,"Moment magique en famille, les enfants ont adoré.",TripAdvisor
R000105,2025-03-02,en,5,positive,Vue / Panorama,vue,"The view from the top is absolutely breathtaking, you can see all of Paris.",Google Maps
R000106,2024-10-31,es,5,positive,Expérience globale,experience,"Visita perfecta en familia, los niños lo adoraron.",Google Maps
R000107,2024-07-31,it,5,positive,Vue / Panorama,vue,"Vista mozzafiato dalla cima, si vede tutta Parigi.",Google Maps
R000108,2024-06-09,fr,5,positive,Vue / Panorama,vue,"Panorama exceptionnel sur Paris, on voit jusqu'au Sacré-Cœur et la Défense.",TripAdvisor
R000109,2024-10-16,en,4,positive,Personnel / Accueil,personnel,"Staff was very friendly and helpful, spoke perfect English.",Google Maps
R000110,2025-07-11,en,2,negative,Ascenseurs,ascenseur,"Elevator broke down during our visit, total disappointment.",TripAdvisor
R000111,2024-11-10,fr,4,positive,Vue / Panorama,vue,"La vue depuis le sommet est tout simplement à couper le souffle, Paris s'étend à perte de vue.",Google Maps
R000112,2025-04-24,es,3,neutral,Général,generique,"Decent visit, nothing extraordinary but worth doing once.",Google Maps
R000113,2024-03-23,en,3,neutral,Général,generique,"Iconic monument, the experience is okay overall.",Google Maps
R000114,2025-11-21,de,1,negative,Prix / Tarification,prix,"Viel zu teuer, besonders Essen und Getränke.",Google Maps
R000115,2024-06-28,en,3,neutral,Général,generique,"Decent visit, nothing extraordinary but worth doing once.",TripAdvisor
R000116,2025-10-12,en,3,neutral,Général,generique,"Iconic monument, the experience is okay overall.",Google Maps
R000117,2024-04-17,it,5,positive,Vue / Panorama,vue,"Panorama spettacolare al tramonto, momento indimenticabile.",Google Maps
R000118,2025-07-17,en,2,negative,Ascenseurs,ascenseur,"Only one lift working, massive wait to go back down.",TripAdvisor
R000119,2024-01-02,fr,5,positive,Vue / Panorama,vue,"Spectacle incroyable de nuit avec les illuminations, je recommande absolument.",Google Maps
R000120,2025-05-25,en,5,positive,Vue / Panorama,vue,"Amazing 360 view, we could see the Sacre-Coeur and even further.",Google Maps
R000121,2025-05-11,es,5,positive,Vue / Panorama,vue,"Panorama espectacular al atardecer, momento inolvidable.",TripAdvisor
R000122,2024-01-15,it,5,positive,Vue / Panorama,vue,"Vista mozzafiato dalla cima, si vede tutta Parigi.",Google Maps
R000123,2024-04-30,fr,3,neutral,Général,generique,Monument iconique mais l'expérience reste classique.,Google Maps
R000124,2024-10-06,fr,3,neutral,Général,generique,Ça vaut le coup de le voir une fois dans sa vie.,TripAdvisor
R000125,2025-09-05,en,5,positive,Personnel / Accueil,personnel,"Staff was very friendly and helpful, spoke perfect English.",Google Maps
R000126,2024-12-14,de,3,neutral,Général,generique,"Iconic monument, the experience is okay overall.",Booking
R000127,2025-08-16,en,2,negative,Ascenseurs,ascenseur,"Only one lift working, massive wait to go back down.",Booking
R000128,2025-07-19,en,5,positive,Expérience globale,experience,"Perfect family day, kids loved every minute of it.",Google Maps
R000129,2025-08-08,en,3,neutral,Général,generique,"Decent visit, nothing extraordinary but worth doing once.",TripAdvisor
R000130,2025-01-25,de,5,positive,Expérience globale,experience,"Magische Erfahrung, das Monument ist live noch beeindruckender.",TripAdvisor
R000131,2024-05-09,en,2,negative,Prix / Tarification,prix,Tickets are way too expensive for a family of four.,Google Maps
R000132,2025-06-22,en,3,neutral,Général,generique,"Decent visit, nothing extraordinary but worth doing once.",Booking
R000133,2024-09-28,fr,4,positive,Expérience globale,experience,"Une expérience magique, le monument est encore plus impressionnant en vrai.",TripAdvisor
R000134,2025-10-03,en,2,negative,Ascenseurs,ascenseur,"Only one lift working, massive wait to go back down.",Google Maps
R000135,2024-08-28,es,3,neutral,Général,generique,"Decent visit, nothing extraordinary but worth doing once.",Google Maps
R000136,2024-04-10,de,3,neutral,Général,generique,"Iconic monument, the experience is okay overall.",Google Maps
R000137,2024-01-30,en,4,positive,Vue / Panorama,vue,"Amazing 360 view, we could see the Sacre-Coeur and even further.",TripAdvisor
R000138,2025-06-27,es,4,positive,Expérience globale,experience,"Visita perfecta en familia, los niños lo adoraron.",TripAdvisor
R000139,2025-01-26,en,5,positive,Vue / Panorama,vue,"The view from the top is absolutely breathtaking, you can see all of Paris.",Google Maps
R000140,2025-04-17,fr,3,neutral,Général,generique,"Visite correcte mais sans plus, attendu plus d'animations.",Google Maps
R000141,2024-06-10,en,2,negative,Sécurité,securite,Felt unsafe with all the street vendors harassing tourists.,TripAdvisor
R000142,2024-09-13,it,3,neutral,Général,generique,"Iconic monument, the experience is okay overall.",TripAdvisor
R000143,2024-08-30,fr,3,neutral,Général,generique,"Visite correcte mais sans plus, attendu plus d'animations.",TripAdvisor
R000144,2025-11-05,en,4,positive,Expérience globale,experience,"Perfect family day, kids loved every minute of it.",TripAdvisor
R000145,2025-05-23,fr,3,neutral,Général,generique,Ça vaut le coup de le voir une fois dans sa vie.,Google Maps
R000146,2024-07-13,de,1,negative,File d'attente,file_attente,"Riesige Schlangen auf jeder Ebene, sehr enttäuschend.",Google Maps
R000147,2025-10-23,en,2,negative,Prix / Tarification,prix,"Ridiculously overpriced, especially food and drinks.",TripAdvisor
R000148,2024-10-29,es,4,positive,Expérience globale,experience,"Experiencia mágica, el monumento es aún más impresionante en persona.",TripAdvisor
R000149,2024-10-06,en,5,positive,Expérience globale,experience,"Perfect family day, kids loved every minute of it.",Google Maps
R000150,2024-12-12,fr,2,negative,Propreté,proprete,"Beaucoup de déchets autour du monument, dommage pour l'image.",Google Maps
R000151,2025-02-10,en,5,positive,Vue / Panorama,vue,"Amazing 360 view, we could see the Sacre-Coeur and even further.",Booking
R000152,2024-05-06,es,4,positive,Expérience globale,experience,"Experiencia mágica, el monumento es aún más impresionante en persona.",TripAdvisor
R000153,2024-08-27,en,1,negative,Sécurité,securite,Felt unsafe with all the street vendors harassing tourists.,TripAdvisor
R000154,2025-10-25,en,3,neutral,Général,generique,"Decent visit, nothing extraordinary but worth doing once.",TripAdvisor
R000155,2024-04-29,es,3,neutral,Général,generique,"Iconic monument, the experience is okay overall.",TripAdvisor
R000156,2025-07-04,it,4,positive,Vue / Panorama,vue,"Vista mozzafiato dalla cima, si vede tutta Parigi.",TripAdvisor
R000157,2025-11-01,en,2,negative,Sécurité,securite,"Watch out for pickpockets, they are everywhere around the tower.",TripAdvisor
R000158,2024-08-10,en,5,positive,Personnel / Accueil,personnel,"Staff was very friendly and helpful, spoke perfect English.",TripAdvisor
R000159,2025-07-11,it,3,neutral,Général,generique,"Iconic monument, the experience is okay overall.",Booking
R000160,2025-04-10,en,5,positive,Personnel / Accueil,personnel,"Staff was very friendly and helpful, spoke perfect English.",TripAdvisor
R000161,2024-09-06,fr,2,negative,File d'attente,file_attente,"File d'attente interminable, plus de 2 heures sous le soleil sans ombre.",Booking
R000162,2024-08-26,es,5,positive,Vue / Panorama,vue,"La vista desde la cima es impresionante, se ve todo París.",TripAdvisor
R000163,2024-05-28,fr,3,neutral,Général,generique,Monument iconique mais l'expérience reste classique.,Booking
R000164,2024-05-14,en,2,negative,File d'attente,file_attente,"Endless lines at every floor, terrible organization.",TripAdvisor
R000165,2024-02-23,es,4,positive,Expérience globale,experience,"Experiencia mágica, el monumento es aún más impresionante en persona.",TripAdvisor
R000166,2025-01-05,en,5,positive,Vue / Panorama,vue,"Stunning panorama, especially at sunset. A must-visit in Paris.",Google Maps
R000167,2025-11-05,fr,5,positive,Expérience globale,experience,"Une expérience magique, le monument est encore plus impressionnant en vrai.",Google Maps
R000168,2025-02-15,en,3,neutral,Général,generique,"Iconic monument, the experience is okay overall.",TripAdvisor
R000169,2024-11-25,fr,2,negative,Propreté,proprete,"Toilettes pas très propres au deuxième étage, à améliorer.",Google Maps
R000170,2024-11-28,fr,5,positive,Expérience globale,experience,"Moment magique en famille, les enfants ont adoré.",TripAdvisor
R000171,2024-04-27,en,4,positive,Expérience globale,experience,"Perfect family day, kids loved every minute of it.",Google Maps
R000172,2024-08-21,en,2,negative,Prix / Tarification,prix,Tickets are way too expensive for a family of four.,TripAdvisor
R000173,2025-11-12,es,5,positive,Vue / Panorama,vue,"Panorama espectacular al atardecer, momento inolvidable.",TripAdvisor
R000174,2024-03-28,it,1,negative,Prix / Tarification,prix,"Prezzi eccessivi, soprattutto la ristorazione.",TripAdvisor
R000175,2025-07-29,fr,1,negative,Prix / Tarification,prix,"Trop cher pour la restauration sur place, comptez 25€ un sandwich.",Google Maps
R000176,2024-02-22,en,5,positive,Expérience globale,experience,"Perfect family day, kids loved every minute of it.",Booking
R000177,2025-05-08,en,4,positive,Expérience globale,experience,"Truly magical experience, the monument is even more impressive in person.",TripAdvisor
R000178,2024-10-12,fr,3,neutral,Général,generique,"Visite correcte mais sans plus, attendu plus d'animations.",Google Maps
R000179,2024-01-30,es,3,neutral,Général,generique,"Iconic monument, the experience is okay overall.",TripAdvisor
R000180,2024-05-26,en,4,positive,Personnel / Accueil,personnel,"Great team, super welcoming and professional throughout.",Google Maps
R000181,2025-06-27,en,4,positive,Expérience globale,experience,"Truly magical experience, the monument is even more impressive in person.",TripAdvisor
R000182,2025-08-04,en,5,positive,Personnel / Accueil,personnel,"Great team, super welcoming and professional throughout.",Google Maps
R000183,2025-11-08,de,4,positive,Vue / Panorama,vue,"Die Aussicht vom Gipfel ist atemberaubend, ganz Paris liegt einem zu Füßen.",TripAdvisor
R000184,2025-03-16,en,4,positive,Vue / Panorama,vue,"Amazing 360 view, we could see the Sacre-Coeur and even further.",TripAdvisor
R000185,2025-02-08,en,4,positive,Expérience globale,experience,"Perfect family day, kids loved every minute of it.",Booking
R000186,2024-10-23,fr,5,positive,Vue / Panorama,vue,"Panorama exceptionnel sur Paris, on voit jusqu'au Sacré-Cœur et la Défense.",TripAdvisor
R000187,2024-08-23,fr,1,negative,Prix / Tarification,prix,"Tarifs vraiment excessifs pour ce que c'est, beaucoup trop cher.",Google Maps
R000188,2024-02-13,es,2,negative,File d'attente,file_attente,Demasiada espera incluso con entradas online.,TripAdvisor
R000189,2025-10-17,en,5,positive,Personnel / Accueil,personnel,"Great team, super welcoming and professional throughout.",TripAdvisor
R000190,2025-09-24,fr,5,positive,Personnel / Accueil,personnel,"Personnel très accueillant et professionnel, toujours souriant.",TripAdvisor
R000191,2025-08-26,en,4,positive,Personnel / Accueil,personnel,"Staff was very friendly and helpful, spoke perfect English.",TripAdvisor
R000192,2024-12-07,fr,3,neutral,Général,generique,"Visite correcte mais sans plus, attendu plus d'animations.",Google Maps
R000193,2024-12-23,fr,2,negative,Sécurité,securite,"Trop de vendeurs à la sauvette autour, sentiment d'insécurité.",TripAdvisor
R000194,2024-09-19,it,1,negative,File d'attente,file_attente,"Coda interminabile di oltre 2 ore, un incubo.",TripAdvisor
R000195,2025-10-05,en,2,negative,File d'attente,file_attente,"Waited over 2 hours in line even with online tickets, awful.",TripAdvisor
R000196,2025-10-04,es,2,negative,Prix / Tarification,prix,Entradas demasiado caras para una familia.,TripAdvisor
R000197,2025-08-28,en,5,positive,Expérience globale,experience,"Perfect family day, kids loved every minute of it.",TripAdvisor
R000198,2024-10-20,en,4,positive,Personnel / Accueil,personnel,"Staff was very friendly and helpful, spoke perfect English.",TripAdvisor
R000199,2025-08-17,de,3,neutral,Général,generique,"Iconic monument, the experience is okay overall.",Google Maps
R000200,2024-11-25,es,3,neutral,Général,generique,"Decent visit, nothing extraordinary but worth doing once.",Google Maps
R000201,2024-12-17,en,3,neutral,Général,generique,"Decent visit, nothing extraordinary but worth doing once.",Booking
R000202,2025-03-25,fr,2,negative,File d'attente,file_attente,"File d'attente interminable, plus de 2 heures sous le soleil sans ombre.",Google Maps
R000203,2024-12-12,en,5,positive,Personnel / Accueil,personnel,"Great team, super welcoming and professional throughout.",Google Maps
R000204,2025-07-25,fr,1,negative,Ascenseurs,ascenseur,"Ascenseur en panne le jour de notre visite, déception totale.",Google Maps
R000205,2025-08-19,fr,1,negative,Sécurité,securite,"Trop de vendeurs à la sauvette autour, sentiment d'insécurité.",Google Maps
R000206,2024-03-27,de,5,positive,Expérience globale,experience,"Magische Erfahrung, das Monument ist live noch beeindruckender.",TripAdvisor
R000207,2025-03-09,en,2,negative,Prix / Tarification,prix,"Ridiculously overpriced, especially food and drinks.",Google Maps
R000208,2025-05-12,fr,5,positive,Vue / Panorama,vue,"Vue magnifique au coucher du soleil, un moment inoubliable avec ma famille.",TripAdvisor
R000209,2025-07-06,it,5,positive,Vue / Panorama,vue,"Vista mozzafiato dalla cima, si vede tutta Parigi.",Google Maps
R000210,2024-06-06,de,5,positive,Expérience globale,experience,"Magische Erfahrung, das Monument ist live noch beeindruckender.",TripAdvisor
R000211,2025-01-08,es,1,negative,File d'attente,file_attente,Demasiada espera incluso con entradas online.,Google Maps
R000212,2024-08-27,fr,5,positive,Personnel / Accueil,personnel,"Accueil chaleureux et équipe efficace, merci pour cette belle visite.",Google Maps
R000213,2025-08-07,fr,1,negative,Propreté,proprete,"Toilettes pas très propres au deuxième étage, à améliorer.",Booking
R000214,2024-07-23,en,5,positive,Personnel / Accueil,personnel,"Great team, super welcoming and professional throughout.",Google Maps
R000215,2025-07-21,fr,5,positive,Expérience globale,experience,"Visite parfaite, organisation au top, je recommande vivement.",Booking
R000216,2024-06-13,en,4,positive,Vue / Panorama,vue,"Stunning panorama, especially at sunset. A must-visit in Paris.",TripAdvisor
R000217,2024-08-15,de,5,positive,Expérience globale,experience,"Magische Erfahrung, das Monument ist live noch beeindruckender.",Google Maps
R000218,2025-02-09,de,3,neutral,Général,generique,"Decent visit, nothing extraordinary but worth doing once.",Google Maps
R000219,2024-01-29,fr,3,neutral,Général,generique,"Visite correcte mais sans plus, attendu plus d'animations.",TripAdvisor
R000220,2024-10-20,fr,1,negative,Ascenseurs,ascenseur,"Ascenseur en panne le jour de notre visite, déception totale.",Booking
R000221,2024-03-22,en,2,negative,Sécurité,securite,Felt unsafe with all the street vendors harassing tourists.,TripAdvisor
R000222,2024-04-23,fr,5,positive,Expérience globale,experience,"Moment magique en famille, les enfants ont adoré.",Google Maps
R000223,2025-09-29,fr,5,positive,Vue / Panorama,vue,"Spectacle incroyable de nuit avec les illuminations, je recommande absolument.",TripAdvisor
R000224,2025-06-11,fr,3,neutral,Général,generique,Ça vaut le coup de le voir une fois dans sa vie.,Google Maps
R000225,2025-08-07,en,5,positive,Vue / Panorama,vue,"Amazing 360 view, we could see the Sacre-Coeur and even further.",TripAdvisor
R000226,2025-07-11,en,5,positive,Personnel / Accueil,personnel,"Staff was very friendly and helpful, spoke perfect English.",Google Maps
R000227,2025-01-31,it,4,positive,Vue / Panorama,vue,"Panorama spettacolare al tramonto, momento indimenticabile.",Booking
R000228,2025-11-03,fr,4,positive,Vue / Panorama,vue,"Vue magnifique au coucher du soleil, un moment inoubliable avec ma famille.",Google Maps
R000229,2025-07-13,es,1,negative,Prix / Tarification,prix,"Precios excesivos, sobre todo la comida en el lugar.",TripAdvisor
R000230,2024-05-18,en,2,negative,Sécurité,securite,Felt unsafe with all the street vendors harassing tourists.,TripAdvisor
R000231,2024-07-23,es,4,positive,Expérience globale,experience,"Experiencia mágica, el monumento es aún más impresionante en persona.",Google Maps
R000232,2024-02-07,fr,5,positive,Personnel / Accueil,personnel,"Accueil chaleureux et équipe efficace, merci pour cette belle visite.",Google Maps
R000233,2025-01-11,fr,4,positive,Vue / Panorama,vue,"Vue magnifique au coucher du soleil, un moment inoubliable avec ma famille.",TripAdvisor
R000234,2025-05-23,en,5,positive,Personnel / Accueil,personnel,"Great team, super welcoming and professional throughout.",Google Maps
R000235,2024-03-21,en,2,negative,Ascenseurs,ascenseur,"Elevator broke down during our visit, total disappointment.",TripAdvisor
R000236,2024-12-01,it,4,positive,Vue / Panorama,vue,"Panorama spettacolare al tramonto, momento indimenticabile.",Google Maps
R000237,2024-12-25,fr,5,positive,Personnel / Accueil,personnel,"Personnel très accueillant et professionnel, toujours souriant.",TripAdvisor
R000238,2025-10-16,es,3,neutral,Général,generique,"Iconic monument, the experience is okay overall.",Booking
R000239,2025-11-26,it,5,positive,Vue / Panorama,vue,"Panorama spettacolare al tramonto, momento indimenticabile.",TripAdvisor
R000240,2024-05-09,fr,3,neutral,Général,generique,"Visite correcte mais sans plus, attendu plus d'animations.",TripAdvisor
R000241,2025-11-26,es,5,positive,Expérience globale,experience,"Experiencia mágica, el monumento es aún más impresionante en persona.",TripAdvisor
R000242,2025-01-10,en,4,positive,Vue / Panorama,vue,"Amazing 360 view, we could see the Sacre-Coeur and even further.",TripAdvisor
R000243,2025-05-26,en,5,positive,Vue / Panorama,vue,"The view from the top is absolutely breathtaking, you can see all of Paris.",Google Maps
R000244,2025-09-18,de,4,positive,Expérience globale,experience,"Magische Erfahrung, das Monument ist live noch beeindruckender.",TripAdvisor
R000245,2025-04-07,de,5,positive,Vue / Panorama,vue,"Die Aussicht vom Gipfel ist atemberaubend, ganz Paris liegt einem zu Füßen.",TripAdvisor
R000246,2024-03-07,en,3,neutral,Général,generique,"Iconic monument, the experience is okay overall.",Google Maps
R000247,2025-06-04,fr,5,positive,Vue / Panorama,vue,"Panorama exceptionnel sur Paris, on voit jusqu'au Sacré-Cœur et la Défense.",TripAdvisor
R000248,2025-07-21,it,1,negative,File d'attente,file_attente,"Coda interminabile di oltre 2 ore, un incubo.",Google Maps
R000249,2024-03-08,en,3,neutral,Général,generique,"Decent visit, nothing extraordinary but worth doing once.",TripAdvisor
R000250,2024-03-16,it,2,negative,Prix / Tarification,prix,"Prezzi eccessivi, soprattutto la ristorazione.",TripAdvisor
R000251,2024-05-11,fr,5,positive,Personnel / Accueil,personnel,"Accueil chaleureux et équipe efficace, merci pour cette belle visite.",Google Maps
R000252,2024-02-26,es,2,negative,File d'attente,file_attente,"Cola interminable de más de 2 horas, una pesadilla.",Google Maps
R000253,2024-08-18,en,5,positive,Vue / Panorama,vue,"Stunning panorama, especially at sunset. A must-visit in Paris.",TripAdvisor
R000254,2024-07-20,it,3,neutral,Général,generique,"Iconic monument, the experience is okay overall.",Google Maps
R000255,2024-06-21,en,5,positive,Personnel / Accueil,personnel,"Staff was very friendly and helpful, spoke perfect English.",Google Maps
R000256,2025-07-31,en,5,positive,Expérience globale,experience,"Perfect family day, kids loved every minute of it.",TripAdvisor
R000257,2025-03-02,de,5,positive,Expérience globale,experience,"Magische Erfahrung, das Monument ist live noch beeindruckender.",Google Maps
R000258,2024-11-05,fr,3,neutral,Général,generique,Ça vaut le coup de le voir une fois dans sa vie.,TripAdvisor
R000259,2024-03-02,es,1,negative,Prix / Tarification,prix,Entradas demasiado caras para una familia.,TripAdvisor
R000260,2024-11-22,en,5,positive,Personnel / Accueil,personnel,"Staff was very friendly and helpful, spoke perfect English.",Google Maps
R000261,2025-06-11,de,3,neutral,Général,generique,"Iconic monument, the experience is okay overall.",Google Maps
R000262,2024-04-09,fr,4,positive,Personnel / Accueil,personnel,"Le staff est multilingue et très serviable, parfait pour les touristes.",TripAdvisor
R000263,2024-06-12,it,3,neutral,Général,generique,"Decent visit, nothing extraordinary but worth doing once.",Google Maps
R000264,2025-06-11,de,2,negative,File d'attente,file_attente,"Endlose Warteschlange, über 2 Stunden trotz Online-Ticket.",TripAdvisor
R000265,2024-09-03,de,5,positive,Vue / Panorama,vue,"Wunderschöner Panoramablick, vor allem bei Sonnenuntergang.",TripAdvisor
R000266,2024-01-09,en,4,positive,Personnel / Accueil,personnel,"Great team, super welcoming and professional throughout.",Google Maps
R000267,2025-01-09,en,3,neutral,Général,generique,"Iconic monument, the experience is okay overall.",TripAdvisor
R000268,2025-01-30,fr,4,positive,Personnel / Accueil,personnel,"Accueil chaleureux et équipe efficace, merci pour cette belle visite.",Google Maps
R000269,2025-02-07,es,5,positive,Vue / Panorama,vue,"La vista desde la cima es impresionante, se ve todo París.",TripAdvisor
R000270,2025-06-05,it,4,positive,Vue / Panorama,vue,"Vista mozzafiato dalla cima, si vede tutta Parigi.",TripAdvisor
R000271,2025-06-15,fr,5,positive,Expérience globale,experience,"Visite parfaite, organisation au top, je recommande vivement.",TripAdvisor
R000272,2025-09-23,en,4,positive,Personnel / Accueil,personnel,"Great team, super welcoming and professional throughout.",Google Maps
R000273,2025-07-30,fr,5,positive,Expérience globale,experience,"Moment magique en famille, les enfants ont adoré.",TripAdvisor
R000274,2025-10-06,es,5,positive,Vue / Panorama,vue,"Panorama espectacular al atardecer, momento inolvidable.",TripAdvisor
R000275,2025-08-20,en,3,neutral,Général,generique,"Decent visit, nothing extraordinary but worth doing once.",TripAdvisor
R000276,2024-09-05,en,2,negative,Sécurité,securite,"Watch out for pickpockets, they are everywhere around the tower.",TripAdvisor
R000277,2024-06-04,it,5,positive,Vue / Panorama,vue,"Panorama spettacolare al tramonto, momento indimenticabile.",TripAdvisor
R000278,2024-03-04,fr,5,positive,Expérience globale,experience,"Visite parfaite, organisation au top, je recommande vivement.",Google Maps
R000279,2024-11-17,en,5,positive,Expérience globale,experience,"Perfect family day, kids loved every minute of it.",Booking
R000280,2025-11-28,en,5,positive,Expérience globale,experience,"Perfect family day, kids loved every minute of it.",Google Maps
R000281,2024-11-01,en,4,positive,Vue / Panorama,vue,"The view from the top is absolutely breathtaking, you can see all of Paris.",TripAdvisor
R000282,2025-05-15,it,5,positive,Vue / Panorama,vue,"Vista mozzafiato dalla cima, si vede tutta Parigi.",TripAdvisor
R000283,2024-05-04,en,3,neutral,Général,generique,"Iconic monument, the experience is okay overall.",Google Maps
R000284,2024-05-29,en,3,neutral,Général,generique,"Iconic monument, the experience is okay overall.",TripAdvisor
R000285,2025-05-05,fr,2,negative,Ascenseurs,ascenseur,"Un seul ascenseur fonctionnait, attente énorme pour redescendre.",TripAdvisor
R000286,2025-08-23,es,4,positive,Expérience globale,experience,"Experiencia mágica, el monumento es aún más impresionante en persona.",TripAdvisor
R000287,2024-08-26,fr,3,neutral,Général,generique,Ça vaut le coup de le voir une fois dans sa vie.,TripAdvisor
R000288,2024-01-06,en,2,negative,File d'attente,file_attente,"Endless lines at every floor, terrible organization.",Booking
R000289,2024-10-21,it,5,positive,Vue / Panorama,vue,"Panorama spettacolare al tramonto, momento indimenticabile.",TripAdvisor
R000290,2025-07-01,en,3,neutral,Général,generique,"Decent visit, nothing extraordinary but worth doing once.",Google Maps
R000291,2024-06-29,de,5,positive,Vue / Panorama,vue,"Wunderschöner Panoramablick, vor allem bei Sonnenuntergang.",Booking
R000292,2024-10-23,fr,2,negative,Propreté,proprete,"Toilettes pas très propres au deuxième étage, à améliorer.",Google Maps
R000293,2025-10-18,fr,4,positive,Vue / Panorama,vue,"Vue magnifique au coucher du soleil, un moment inoubliable avec ma famille.",Google Maps
R000294,2024-07-16,en,3,neutral,Général,generique,"Iconic monument, the experience is okay overall.",Google Maps
R000295,2024-12-11,en,1,negative,Ascenseurs,ascenseur,"Elevator broke down during our visit, total disappointment.",Google Maps
R000296,2025-06-11,en,2,negative,Prix / Tarification,prix,Tickets are way too expensive for a family of four.,TripAdvisor
R000297,2024-09-11,en,5,positive,Vue / Panorama,vue,"Stunning panorama, especially at sunset. A must-visit in Paris.",TripAdvisor
R000298,2025-08-09,en,5,positive,Personnel / Accueil,personnel,"Great team, super welcoming and professional throughout.",TripAdvisor
R000299,2024-11-10,en,1,negative,File d'attente,file_attente,"Endless lines at every floor, terrible organization.",TripAdvisor
R000300,2025-10-16,en,3,neutral,Général,generique,"Decent visit, nothing extraordinary but worth doing once.",Booking
R000301,2025-04-10,fr,5,positive,Vue / Panorama,vue,"Panorama exceptionnel sur Paris, on voit jusqu'au Sacré-Cœur et la Défense.",Google Maps
R000302,2025-11-11,en,5,positive,Expérience globale,experience,"Perfect family day, kids loved every minute of it.",Google Maps
R000303,2025-01-05,es,2,negative,File d'attente,file_attente,Demasiada espera incluso con entradas online.,TripAdvisor
R000304,2024-06-02,en,5,positive,Expérience globale,experience,"Truly magical experience, the monument is even more impressive in person.",TripAdvisor
R000305,2025-06-06,de,4,positive,Vue / Panorama,vue,"Wunderschöner Panoramablick, vor allem bei Sonnenuntergang.",TripAdvisor
R000306,2025-07-26,fr,5,positive,Personnel / Accueil,personnel,"Le staff est multilingue et très serviable, parfait pour les touristes.",TripAdvisor
R000307,2024-08-11,es,2,negative,Prix / Tarification,prix,Entradas demasiado caras para una familia.,Google Maps
R000308,2024-03-11,fr,5,positive,Vue / Panorama,vue,"La vue depuis le sommet est tout simplement à couper le souffle, Paris s'étend à perte de vue.",Booking
R000309,2025-10-23,en,5,positive,Vue / Panorama,vue,"The view from the top is absolutely breathtaking, you can see all of Paris.",Booking
R000310,2025-01-19,en,3,neutral,Général,generique,"Iconic monument, the experience is okay overall.",TripAdvisor
R000311,2024-05-01,it,3,neutral,Général,generique,"Iconic monument, the experience is okay overall.",TripAdvisor
R000312,2024-01-24,en,5,positive,Expérience globale,experience,"Truly magical experience, the monument is even more impressive in person.",Booking
R000313,2024-09-10,en,2,negative,Sécurité,securite,Felt unsafe with all the street vendors harassing tourists.,TripAdvisor
R000314,2025-11-07,fr,4,positive,Expérience globale,experience,"Une expérience magique, le monument est encore plus impressionnant en vrai.",TripAdvisor
R000315,2024-07-30,es,3,neutral,Général,generique,"Decent visit, nothing extraordinary but worth doing once.",TripAdvisor
R000316,2024-02-15,en,4,positive,Expérience globale,experience,"Truly magical experience, the monument is even more impressive in person.",TripAdvisor
R000317,2024-10-23,fr,5,positive,Vue / Panorama,vue,"Panorama exceptionnel sur Paris, on voit jusqu'au Sacré-Cœur et la Défense.",TripAdvisor
R000318,2024-05-26,de,5,positive,Expérience globale,experience,"Magische Erfahrung, das Monument ist live noch beeindruckender.",Booking
R000319,2025-08-28,en,5,positive,Personnel / Accueil,personnel,"Staff was very friendly and helpful, spoke perfect English.",Google Maps
R000320,2024-12-18,de,1,negative,Prix / Tarification,prix,"Viel zu teuer, besonders Essen und Getränke.",Booking
R000321,2024-11-03,en,2,negative,Ascenseurs,ascenseur,"Only one lift working, massive wait to go back down.",TripAdvisor
R000322,2024-05-27,es,5,positive,Vue / Panorama,vue,"Panorama espectacular al atardecer, momento inolvidable.",Google Maps
R000323,2024-09-18,de,5,positive,Expérience globale,experience,"Magische Erfahrung, das Monument ist live noch beeindruckender.",TripAdvisor
R000324,2025-07-02,en,3,neutral,Général,generique,"Decent visit, nothing extraordinary but worth doing once.",Google Maps
R000325,2024-03-15,fr,5,positive,Expérience globale,experience,"Moment magique en famille, les enfants ont adoré.",TripAdvisor
R000326,2024-12-06,es,1,negative,File d'attente,file_attente,Demasiada espera incluso con entradas online.,TripAdvisor
R000327,2025-05-05,de,5,positive,Vue / Panorama,vue,"Die Aussicht vom Gipfel ist atemberaubend, ganz Paris liegt einem zu Füßen.",Booking
R000328,2024-10-16,en,2,negative,Sécurité,securite,"Watch out for pickpockets, they are everywhere around the tower.",TripAdvisor
R000329,2025-05-24,en,5,positive,Personnel / Accueil,personnel,"Great team, super welcoming and professional throughout.",TripAdvisor
R000330,2025-02-27,es,1,negative,Prix / Tarification,prix,"Precios excesivos, sobre todo la comida en el lugar.",TripAdvisor
R000331,2025-08-21,de,2,negative,File d'attente,file_attente,"Riesige Schlangen auf jeder Ebene, sehr enttäuschend.",Google Maps
R000332,2024-09-08,en,5,positive,Personnel / Accueil,personnel,"Staff was very friendly and helpful, spoke perfect English.",TripAdvisor
R000333,2025-10-19,en,2,negative,Ascenseurs,ascenseur,"Only one lift working, massive wait to go back down.",Google Maps
R000334,2025-07-13,en,1,negative,Ascenseurs,ascenseur,"Elevator broke down during our visit, total disappointment.",TripAdvisor
R000335,2024-03-17,de,5,positive,Vue / Panorama,vue,"Die Aussicht vom Gipfel ist atemberaubend, ganz Paris liegt einem zu Füßen.",Booking
R000336,2024-08-24,en,2,negative,Sécurité,securite,"Watch out for pickpockets, they are everywhere around the tower.",TripAdvisor
R000337,2025-10-15,fr,4,positive,Personnel / Accueil,personnel,"Le staff est multilingue et très serviable, parfait pour les touristes.",Google Maps
R000338,2025-07-18,en,4,positive,Personnel / Accueil,personnel,"Staff was very friendly and helpful, spoke perfect English.",TripAdvisor
R000339,2025-11-21,fr,1,negative,Sécurité,securite,"Pickpockets très présents, faites très attention à vos affaires.",TripAdvisor
R000340,2025-09-26,de,4,positive,Vue / Panorama,vue,"Die Aussicht vom Gipfel ist atemberaubend, ganz Paris liegt einem zu Füßen.",Google Maps
R000341,2025-02-19,es,5,positive,Expérience globale,experience,"Experiencia mágica, el monumento es aún más impresionante en persona.",TripAdvisor
R000342,2024-03-23,fr,2,negative,Ascenseurs,ascenseur,"Ascenseurs souvent en maintenance, prévoyez les escaliers.",Google Maps
R000343,2025-07-19,de,1,negative,File d'attente,file_attente,"Riesige Schlangen auf jeder Ebene, sehr enttäuschend.",TripAdvisor
R000344,2025-10-22,en,2,negative,File d'attente,file_attente,"The queue was insane, plan a whole day for this visit.",Google Maps
R000345,2024-08-23,en,3,neutral,Général,generique,"Decent visit, nothing extraordinary but worth doing once.",TripAdvisor
R000346,2024-02-17,de,3,neutral,Général,generique,"Iconic monument, the experience is okay overall.",Booking
R000347,2024-11-18,en,4,positive,Expérience globale,experience,"Truly magical experience, the monument is even more impressive in person.",TripAdvisor
R000348,2024-11-02,fr,5,positive,Expérience globale,experience,"Visite parfaite, organisation au top, je recommande vivement.",TripAdvisor
R000349,2024-05-23,fr,1,negative,Propreté,proprete,"Beaucoup de déchets autour du monument, dommage pour l'image.",Google Maps
R000350,2025-03-23,en,4,positive,Expérience globale,experience,"Perfect family day, kids loved every minute of it.",TripAdvisor
R000351,2024-11-30,fr,5,positive,Expérience globale,experience,"Moment magique en famille, les enfants ont adoré.",TripAdvisor
R000352,2024-12-30,fr,3,neutral,Général,generique,"Visite correcte mais sans plus, attendu plus d'animations.",Google Maps
R000353,2025-09-25,en,4,positive,Expérience globale,experience,"Perfect family day, kids loved every minute of it.",TripAdvisor
R000354,2025-10-11,fr,5,positive,Personnel / Accueil,personnel,"Personnel très accueillant et professionnel, toujours souriant.",TripAdvisor
R000355,2025-03-31,en,5,positive,Vue / Panorama,vue,"The view from the top is absolutely breathtaking, you can see all of Paris.",TripAdvisor
R000356,2025-07-22,fr,5,positive,Vue / Panorama,vue,"Spectacle incroyable de nuit avec les illuminations, je recommande absolument.",Google Maps
R000357,2024-11-28,fr,5,positive,Expérience globale,experience,"Une expérience magique, le monument est encore plus impressionnant en vrai.",Google Maps
R000358,2024-06-22,fr,5,positive,Vue / Panorama,vue,"Panorama exceptionnel sur Paris, on voit jusqu'au Sacré-Cœur et la Défense.",Google Maps
R000359,2024-06-20,fr,4,positive,Personnel / Accueil,personnel,"Le staff est multilingue et très serviable, parfait pour les touristes.",TripAdvisor
R000360,2024-09-09,en,4,positive,Vue / Panorama,vue,"Stunning panorama, especially at sunset. A must-visit in Paris.",Google Maps
R000361,2024-01-07,en,4,positive,Personnel / Accueil,personnel,"Staff was very friendly and helpful, spoke perfect English.",Booking
R000362,2025-10-28,en,1,negative,Ascenseurs,ascenseur,"Only one lift working, massive wait to go back down.",Booking
R000363,2024-06-30,fr,5,positive,Expérience globale,experience,"Une expérience magique, le monument est encore plus impressionnant en vrai.",Booking
R000364,2024-10-14,it,5,positive,Vue / Panorama,vue,"Vista mozzafiato dalla cima, si vede tutta Parigi.",Google Maps
R000365,2025-07-12,en,5,positive,Expérience globale,experience,"Truly magical experience, the monument is even more impressive in person.",TripAdvisor
R000366,2024-10-25,es,5,positive,Expérience globale,experience,"Experiencia mágica, el monumento es aún más impresionante en persona.",Google Maps
R000367,2025-05-26,fr,3,neutral,Général,generique,Ça vaut le coup de le voir une fois dans sa vie.,TripAdvisor
R000368,2024-03-16,fr,5,positive,Vue / Panorama,vue,"Spectacle incroyable de nuit avec les illuminations, je recommande absolument.",TripAdvisor
R000369,2025-01-03,en,5,positive,Expérience globale,experience,"Perfect family day, kids loved every minute of it.",Google Maps
R000370,2025-11-04,es,5,positive,Vue / Panorama,vue,"La vista desde la cima es impresionante, se ve todo París.",Google Maps
R000371,2025-02-13,fr,5,positive,Expérience globale,experience,"Moment magique en famille, les enfants ont adoré.",Booking
R000372,2024-08-15,en,1,negative,File d'attente,file_attente,"Waited over 2 hours in line even with online tickets, awful.",Google Maps
R000373,2025-02-04,en,5,positive,Expérience globale,experience,"Truly magical experience, the monument is even more impressive in person.",TripAdvisor
R000374,2025-05-09,en,2,negative,Prix / Tarification,prix,Tickets are way too expensive for a family of four.,TripAdvisor
R000375,2024-12-22,en,3,neutral,Général,generique,"Decent visit, nothing extraordinary but worth doing once.",TripAdvisor
R000376,2025-03-24,en,5,positive,Personnel / Accueil,personnel,"Great team, super welcoming and professional throughout.",Google Maps
R000377,2024-12-17,en,4,positive,Vue / Panorama,vue,"Amazing 360 view, we could see the Sacre-Coeur and even further.",Google Maps
R000378,2025-07-19,en,5,positive,Expérience globale,experience,"Truly magical experience, the monument is even more impressive in person.",TripAdvisor
R000379,2025-10-06,en,3,neutral,Général,generique,"Iconic monument, the experience is okay overall.",TripAdvisor
R000380,2024-07-21,en,5,positive,Vue / Panorama,vue,"Amazing 360 view, we could see the Sacre-Coeur and even further.",TripAdvisor
R000381,2024-03-05,en,4,positive,Vue / Panorama,vue,"The view from the top is absolutely breathtaking, you can see all of Paris.",Google Maps
R000382,2024-04-26,es,4,positive,Expérience globale,experience,"Visita perfecta en familia, los niños lo adoraron.",TripAdvisor
R000383,2025-08-24,de,5,positive,Expérience globale,experience,"Magische Erfahrung, das Monument ist live noch beeindruckender.",TripAdvisor
R000384,2024-10-31,en,5,positive,Vue / Panorama,vue,"Amazing 360 view, we could see the Sacre-Coeur and even further.",Booking
R000385,2024-04-29,en,1,negative,Ascenseurs,ascenseur,"Elevator broke down during our visit, total disappointment.",TripAdvisor
R000386,2025-03-09,en,5,positive,Personnel / Accueil,personnel,"Staff was very friendly and helpful, spoke perfect English.",TripAdvisor
R000387,2024-05-23,en,2,negative,Prix / Tarification,prix,"Ridiculously overpriced, especially food and drinks.",TripAdvisor
R000388,2024-07-18,de,5,positive,Expérience globale,experience,"Magische Erfahrung, das Monument ist live noch beeindruckender.",Google Maps
R000389,2025-03-01,it,5,positive,Vue / Panorama,vue,"Panorama spettacolare al tramonto, momento indimenticabile.",Google Maps
R000390,2024-08-13,en,5,positive,Expérience globale,experience,"Truly magical experience, the monument is even more impressive in person.",TripAdvisor
R000391,2025-05-22,fr,5,positive,Vue / Panorama,vue,"Spectacle incroyable de nuit avec les illuminations, je recommande absolument.",Google Maps
R000392,2024-02-12,fr,5,positive,Expérience globale,experience,"Visite parfaite, organisation au top, je recommande vivement.",Google Maps
R000393,2025-10-31,en,5,positive,Personnel / Accueil,personnel,"Staff was very friendly and helpful, spoke perfect English.",Google Maps
R000394,2024-12-22,fr,3,neutral,Général,generique,Monument iconique mais l'expérience reste classique.,Google Maps
R000395,2024-08-02,fr,3,neutral,Général,generique,"Visite correcte mais sans plus, attendu plus d'animations.",Google Maps
R000396,2024-05-22,en,4,positive,Expérience globale,experience,"Perfect family day, kids loved every minute of it.",Google Maps
R000397,2024-06-21,es,2,negative,Prix / Tarification,prix,Entradas demasiado caras para una familia.,TripAdvisor
R000398,2025-02-25,en,4,positive,Personnel / Accueil,personnel,"Staff was very friendly and helpful, spoke perfect English.",Booking
R000399,2024-09-12,it,3,neutral,Général,generique,"Decent visit, nothing extraordinary but worth doing once.",TripAdvisor
R000400,2025-08-14,en,5,positive,Expérience globale,experience,"Perfect family day, kids loved every minute of it.",Google Maps
R000401,2024-04-05,en,5,positive,Vue / Panorama,vue,"Amazing 360 view, we could see the Sacre-Coeur and even further.",TripAdvisor
R000402,2024-12-01,es,2,negative,Prix / Tarification,prix,Entradas demasiado caras para una familia.,Google Maps
R000403,2025-10-12,de,3,neutral,Général,generique,"Iconic monument, the experience is okay overall.",Google Maps
R000404,2025-03-15,en,4,positive,Expérience globale,experience,"Perfect family day, kids loved every minute of it.",Google Maps
R000405,2024-05-13,en,5,positive,Personnel / Accueil,personnel,"Great team, super welcoming and professional throughout.",Google Maps
R000406,2025-10-03,en,4,positive,Expérience globale,experience,"Truly magical experience, the monument is even more impressive in person.",Google Maps
R000407,2025-03-14,en,5,positive,Vue / Panorama,vue,"Stunning panorama, especially at sunset. A must-visit in Paris.",TripAdvisor
R000408,2024-10-07,en,4,positive,Expérience globale,experience,"Perfect family day, kids loved every minute of it.",TripAdvisor
R000409,2025-10-02,en,4,positive,Expérience globale,experience,"Truly magical experience, the monument is even more impressive in person.",TripAdvisor
R000410,2024-01-02,en,5,positive,Expérience globale,experience,"Truly magical experience, the monument is even more impressive in person.",TripAdvisor
R000411,2024-01-09,fr,5,positive,Expérience globale,experience,"Moment magique en famille, les enfants ont adoré.",Google Maps
R000412,2025-05-04,es,3,neutral,Général,generique,"Decent visit, nothing extraordinary but worth doing once.",TripAdvisor
R000413,2024-11-02,en,1,negative,File d'attente,file_attente,"Waited over 2 hours in line even with online tickets, awful.",TripAdvisor
R000414,2025-07-30,es,1,negative,File d'attente,file_attente,"Cola interminable de más de 2 horas, una pesadilla.",TripAdvisor
R000415,2024-06-04,en,5,positive,Expérience globale,experience,"Truly magical experience, the monument is even more impressive in person.",Booking
R000416,2024-05-23,en,5,positive,Vue / Panorama,vue,"The view from the top is absolutely breathtaking, you can see all of Paris.",Google Maps
R000417,2024-09-10,en,5,positive,Personnel / Accueil,personnel,"Great team, super welcoming and professional throughout.",TripAdvisor
R000418,2024-01-28,fr,5,positive,Expérience globale,experience,"Moment magique en famille, les enfants ont adoré.",Google Maps
R000419,2024-10-29,en,5,positive,Expérience globale,experience,"Truly magical experience, the monument is even more impressive in person.",Google Maps
R000420,2024-09-03,es,1,negative,File d'attente,file_attente,Demasiada espera incluso con entradas online.,TripAdvisor
R000421,2024-05-15,en,5,positive,Vue / Panorama,vue,"Stunning panorama, especially at sunset. A must-visit in Paris.",TripAdvisor
R000422,2024-03-15,es,5,positive,Vue / Panorama,vue,"Panorama espectacular al atardecer, momento inolvidable.",TripAdvisor
R000423,2025-02-11,fr,5,positive,Vue / Panorama,vue,"La vue depuis le sommet est tout simplement à couper le souffle, Paris s'étend à perte de vue.",Google Maps
R000424,2024-03-25,en,5,positive,Personnel / Accueil,personnel,"Great team, super welcoming and professional throughout.",Google Maps
R000425,2024-07-27,en,4,positive,Vue / Panorama,vue,"Stunning panorama, especially at sunset. A must-visit in Paris.",Booking
R000426,2025-10-27,fr,5,positive,Expérience globale,experience,"Moment magique en famille, les enfants ont adoré.",Google Maps
R000427,2025-03-20,fr,1,negative,Prix / Tarification,prix,"Tarifs vraiment excessifs pour ce que c'est, beaucoup trop cher.",TripAdvisor
R000428,2024-05-20,en,4,positive,Expérience globale,experience,"Truly magical experience, the monument is even more impressive in person.",Google Maps
R000429,2025-01-15,fr,3,neutral,Général,generique,"Visite correcte mais sans plus, attendu plus d'animations.",TripAdvisor
R000430,2025-03-15,es,5,positive,Vue / Panorama,vue,"La vista desde la cima es impresionante, se ve todo París.",TripAdvisor
R000431,2025-06-07,fr,2,negative,Sécurité,securite,"Trop de vendeurs à la sauvette autour, sentiment d'insécurité.",TripAdvisor
R000432,2024-04-15,en,4,positive,Personnel / Accueil,personnel,"Staff was very friendly and helpful, spoke perfect English.",Google Maps
R000433,2024-01-13,en,4,positive,Expérience globale,experience,"Truly magical experience, the monument is even more impressive in person.",TripAdvisor
R000434,2024-02-06,en,5,positive,Vue / Panorama,vue,"The view from the top is absolutely breathtaking, you can see all of Paris.",Google Maps
R000435,2025-03-02,de,1,negative,Prix / Tarification,prix,"Viel zu teuer, besonders Essen und Getränke.",Booking
R000436,2025-11-20,fr,1,negative,Sécurité,securite,"Pickpockets très présents, faites très attention à vos affaires.",Booking
R000437,2025-04-21,fr,1,negative,File d'attente,file_attente,"Attente beaucoup trop longue malgré la réservation en ligne, c'est inacceptable.",Google Maps
R000438,2024-07-24,es,4,positive,Vue / Panorama,vue,"Panorama espectacular al atardecer, momento inolvidable.",TripAdvisor
R000439,2025-05-20,es,1,negative,File d'attente,file_attente,Demasiada espera incluso con entradas online.,Booking
R000440,2025-02-23,es,1,negative,File d'attente,file_attente,"Cola interminable de más de 2 horas, una pesadilla.",TripAdvisor
R000441,2025-11-04,en,1,negative,File d'attente,file_attente,"The queue was insane, plan a whole day for this visit.",TripAdvisor
R000442,2024-03-02,es,5,positive,Vue / Panorama,vue,"La vista desde la cima es impresionante, se ve todo París.",Booking
R000443,2025-06-16,fr,5,positive,Vue / Panorama,vue,"Panorama exceptionnel sur Paris, on voit jusqu'au Sacré-Cœur et la Défense.",TripAdvisor
R000444,2025-10-14,de,5,positive,Vue / Panorama,vue,"Die Aussicht vom Gipfel ist atemberaubend, ganz Paris liegt einem zu Füßen.",Google Maps
R000445,2024-08-30,fr,5,positive,Personnel / Accueil,personnel,"Accueil chaleureux et équipe efficace, merci pour cette belle visite.",TripAdvisor
R000446,2024-11-21,de,3,neutral,Général,generique,"Iconic monument, the experience is okay overall.",TripAdvisor
R000447,2024-04-21,fr,3,neutral,Général,generique,Ça vaut le coup de le voir une fois dans sa vie.,TripAdvisor
R000448,2024-07-31,fr,5,positive,Personnel / Accueil,personnel,"Personnel très accueillant et professionnel, toujours souriant.",TripAdvisor
R000449,2024-11-07,en,3,neutral,Général,generique,"Decent visit, nothing extraordinary but worth doing once.",Google Maps
R000450,2024-09-11,en,4,positive,Personnel / Accueil,personnel,"Staff was very friendly and helpful, spoke perfect English.",Booking
R000451,2024-06-27,en,5,positive,Personnel / Accueil,personnel,"Great team, super welcoming and professional throughout.",TripAdvisor
R000452,2024-04-14,en,4,positive,Expérience globale,experience,"Truly magical experience, the monument is even more impressive in person.",Google Maps
R000453,2025-02-14,fr,4,positive,Vue / Panorama,vue,"Panorama exceptionnel sur Paris, on voit jusqu'au Sacré-Cœur et la Défense.",TripAdvisor
R000454,2024-03-07,en,1,negative,Ascenseurs,ascenseur,"Elevator broke down during our visit, total disappointment.",TripAdvisor
R000455,2025-04-17,en,1,negative,File d'attente,file_attente,"The queue was insane, plan a whole day for this visit.",TripAdvisor
R000456,2025-11-30,de,4,positive,Expérience globale,experience,"Magische Erfahrung, das Monument ist live noch beeindruckender.",TripAdvisor
R000457,2025-04-01,en,3,neutral,Général,generique,"Iconic monument, the experience is okay overall.",Google Maps
R000458,2025-07-17,fr,5,positive,Vue / Panorama,vue,"Vue magnifique au coucher du soleil, un moment inoubliable avec ma famille.",TripAdvisor
R000459,2025-06-22,fr,5,positive,Personnel / Accueil,personnel,"Personnel très accueillant et professionnel, toujours souriant.",TripAdvisor
R000460,2025-01-02,it,5,positive,Vue / Panorama,vue,"Panorama spettacolare al tramonto, momento indimenticabile.",TripAdvisor
R000461,2024-01-27,es,4,positive,Expérience globale,experience,"Visita perfecta en familia, los niños lo adoraron.",TripAdvisor
R000462,2025-04-28,fr,3,neutral,Général,generique,"Visite correcte mais sans plus, attendu plus d'animations.",Google Maps
R000463,2024-09-10,es,3,neutral,Général,generique,"Decent visit, nothing extraordinary but worth doing once.",Google Maps
R000464,2025-02-01,fr,2,negative,File d'attente,file_attente,"File d'attente interminable, plus de 2 heures sous le soleil sans ombre.",TripAdvisor
R000465,2025-08-29,es,3,neutral,Général,generique,"Decent visit, nothing extraordinary but worth doing once.",TripAdvisor
R000466,2025-07-31,es,5,positive,Vue / Panorama,vue,"Panorama espectacular al atardecer, momento inolvidable.",TripAdvisor
R000467,2024-02-08,it,1,negative,Prix / Tarification,prix,"Prezzi eccessivi, soprattutto la ristorazione.",TripAdvisor
R000468,2025-09-20,fr,4,positive,Expérience globale,experience,"Visite parfaite, organisation au top, je recommande vivement.",TripAdvisor
R000469,2025-08-23,fr,1,negative,Ascenseurs,ascenseur,"Ascenseur en panne le jour de notre visite, déception totale.",Google Maps
R000470,2025-01-17,fr,5,positive,Expérience globale,experience,"Visite parfaite, organisation au top, je recommande vivement.",Google Maps
R000471,2024-06-10,en,5,positive,Personnel / Accueil,personnel,"Great team, super welcoming and professional throughout.",Google Maps
R000472,2025-07-29,en,1,negative,Sécurité,securite,Felt unsafe with all the street vendors harassing tourists.,Google Maps
R000473,2024-10-28,de,1,negative,File d'attente,file_attente,"Endlose Warteschlange, über 2 Stunden trotz Online-Ticket.",TripAdvisor
R000474,2024-07-05,es,3,neutral,Général,generique,"Decent visit, nothing extraordinary but worth doing once.",Google Maps
R000475,2025-05-23,de,3,neutral,Général,generique,"Decent visit, nothing extraordinary but worth doing once.",TripAdvisor
R000476,2024-03-31,es,5,positive,Expérience globale,experience,"Experiencia mágica, el monumento es aún más impresionante en persona.",Google Maps
R000477,2024-08-02,en,1,negative,Ascenseurs,ascenseur,"Only one lift working, massive wait to go back down.",TripAdvisor
R000478,2025-03-24,fr,4,positive,Vue / Panorama,vue,"La vue depuis le sommet est tout simplement à couper le souffle, Paris s'étend à perte de vue.",Google Maps
R000479,2024-12-25,it,3,neutral,Général,generique,"Iconic monument, the experience is okay overall.",Google Maps
R000480,2024-08-18,fr,5,positive,Expérience globale,experience,"Moment magique en famille, les enfants ont adoré.",TripAdvisor
R000481,2024-11-22,fr,3,neutral,Général,generique,"Visite correcte mais sans plus, attendu plus d'animations.",TripAdvisor
R000482,2025-07-14,fr,5,positive,Personnel / Accueil,personnel,"Personnel très accueillant et professionnel, toujours souriant.",Booking
R000483,2025-10-31,it,5,positive,Vue / Panorama,vue,"Vista mozzafiato dalla cima, si vede tutta Parigi.",TripAdvisor
R000484,2024-07-13,de,4,positive,Vue / Panorama,vue,"Wunderschöner Panoramablick, vor allem bei Sonnenuntergang.",TripAdvisor
R000485,2024-10-31,en,3,neutral,Général,generique,"Iconic monument, the experience is okay overall.",TripAdvisor
R000486,2024-01-04,fr,4,positive,Personnel / Accueil,personnel,"Personnel très accueillant et professionnel, toujours souriant.",TripAdvisor
R000487,2024-01-27,fr,1,negative,Sécurité,securite,"Pickpockets très présents, faites très attention à vos affaires.",TripAdvisor
R000488,2024-11-11,en,3,neutral,Général,generique,"Decent visit, nothing extraordinary but worth doing once.",Google Maps
R000489,2025-10-19,en,3,neutral,Général,generique,"Decent visit, nothing extraordinary but worth doing once.",Google Maps
R000490,2025-04-01,fr,3,neutral,Général,generique,"Visite correcte mais sans plus, attendu plus d'animations.",TripAdvisor
R000491,2025-11-14,en,4,positive,Personnel / Accueil,personnel,"Staff was very friendly and helpful, spoke perfect English.",TripAdvisor
R000492,2025-01-31,en,2,negative,Sécurité,securite,"Watch out for pickpockets, they are everywhere around the tower.",Google Maps
R000493,2024-03-21,en,5,positive,Personnel / Accueil,personnel,"Staff was very friendly and helpful, spoke perfect English.",TripAdvisor
R000494,2025-04-04,de,5,positive,Vue / Panorama,vue,"Die Aussicht vom Gipfel ist atemberaubend, ganz Paris liegt einem zu Füßen.",TripAdvisor
R000495,2024-02-13,it,3,neutral,Général,generique,"Decent visit, nothing extraordinary but worth doing once.",TripAdvisor
R000496,2024-03-09,it,5,positive,Vue / Panorama,vue,"Panorama spettacolare al tramonto, momento indimenticabile.",TripAdvisor
R000497,2024-01-13,en,5,positive,Personnel / Accueil,personnel,"Great team, super welcoming and professional throughout.",Google Maps
R000498,2024-05-31,en,5,positive,Personnel / Accueil,personnel,"Staff was very friendly and helpful, spoke perfect English.",Google Maps
R000499,2025-07-30,en,3,neutral,Général,generique,"Decent visit, nothing extraordinary but worth doing once.",Google Maps
R000500,2024-09-27,es,3,neutral,Général,generique,"Iconic monument, the experience is okay overall.",TripAdvisor
R000501,2024-05-27,en,4,positive,Vue / Panorama,vue,"The view from the top is absolutely breathtaking, you can see all of Paris.",Google Maps
R000502,2024-02-20,en,5,positive,Personnel / Accueil,personnel,"Great team, super welcoming and professional throughout.",Google Maps
R000503,2024-11-06,de,3,neutral,Général,generique,"Iconic monument, the experience is okay overall.",TripAdvisor
R000504,2024-05-17,de,3,neutral,Général,generique,"Decent visit, nothing extraordinary but worth doing once.",TripAdvisor
R000505,2025-09-11,es,2,negative,Prix / Tarification,prix,Entradas demasiado caras para una familia.,Google Maps
R000506,2025-06-12,fr,5,positive,Personnel / Accueil,personnel,"Accueil chaleureux et équipe efficace, merci pour cette belle visite.",Google Maps
R000507,2025-06-02,es,5,positive,Vue / Panorama,vue,"La vista desde la cima es impresionante, se ve todo París.",TripAdvisor
R000508,2024-07-24,es,4,positive,Vue / Panorama,vue,"La vista desde la cima es impresionante, se ve todo París.",Google Maps
R000509,2025-01-12,fr,4,positive,Personnel / Accueil,personnel,"Accueil chaleureux et équipe efficace, merci pour cette belle visite.",Google Maps
R000510,2025-01-16,en,1,negative,File d'attente,file_attente,"Endless lines at every floor, terrible organization.",TripAdvisor
R000511,2024-12-18,en,3,neutral,Général,generique,"Iconic monument, the experience is okay overall.",TripAdvisor
R000512,2024-02-20,de,1,negative,File d'attente,file_attente,"Riesige Schlangen auf jeder Ebene, sehr enttäuschend.",TripAdvisor
R000513,2025-11-24,en,3,neutral,Général,generique,"Decent visit, nothing extraordinary but worth doing once.",TripAdvisor
R000514,2024-05-15,en,5,positive,Expérience globale,experience,"Truly magical experience, the monument is even more impressive in person.",Google Maps
R000515,2025-10-20,en,5,positive,Personnel / Accueil,personnel,"Great team, super welcoming and professional throughout.",TripAdvisor
R000516,2024-08-11,de,3,neutral,Général,generique,"Iconic monument, the experience is okay overall.",TripAdvisor
R000517,2025-11-09,en,1,negative,Sécurité,securite,"Watch out for pickpockets, they are everywhere around the tower.",Booking
R000518,2025-05-08,es,5,positive,Expérience globale,experience,"Visita perfecta en familia, los niños lo adoraron.",TripAdvisor
R000519,2025-10-29,it,2,negative,Prix / Tarification,prix,"Prezzi eccessivi, soprattutto la ristorazione.",TripAdvisor
R000520,2024-11-23,fr,2,negative,File d'attente,file_attente,"Queue énorme à chaque étage, prévoir une journée entière.",Google Maps
R000521,2025-02-18,es,2,negative,Prix / Tarification,prix,Entradas demasiado caras para una familia.,TripAdvisor
R000522,2024-08-15,fr,1,negative,Sécurité,securite,"Trop de vendeurs à la sauvette autour, sentiment d'insécurité.",Google Maps
R000523,2024-06-23,en,5,positive,Expérience globale,experience,"Perfect family day, kids loved every minute of it.",Google Maps
R000524,2024-09-21,de,4,positive,Vue / Panorama,vue,"Wunderschöner Panoramablick, vor allem bei Sonnenuntergang.",Google Maps
R000525,2024-08-15,en,3,neutral,Général,generique,"Decent visit, nothing extraordinary but worth doing once.",TripAdvisor
R000526,2024-10-28,es,4,positive,Expérience globale,experience,"Visita perfecta en familia, los niños lo adoraron.",TripAdvisor
R000527,2025-09-27,fr,5,positive,Expérience globale,experience,"Moment magique en famille, les enfants ont adoré.",TripAdvisor
R000528,2024-06-03,de,5,positive,Expérience globale,experience,"Magische Erfahrung, das Monument ist live noch beeindruckender.",TripAdvisor
R000529,2024-07-03,fr,4,positive,Expérience globale,experience,"Visite parfaite, organisation au top, je recommande vivement.",Google Maps
R000530,2024-01-05,en,2,negative,Prix / Tarification,prix,Tickets are way too expensive for a family of four.,TripAdvisor
R000531,2024-03-31,fr,2,negative,Sécurité,securite,"Trop de vendeurs à la sauvette autour, sentiment d'insécurité.",TripAdvisor
R000532,2024-02-08,en,5,positive,Personnel / Accueil,personnel,"Great team, super welcoming and professional throughout.",Google Maps
R000533,2024-01-19,es,3,neutral,Général,generique,"Decent visit, nothing extraordinary but worth doing once.",Google Maps
R000534,2024-04-15,en,5,positive,Expérience globale,experience,"Perfect family day, kids loved every minute of it.",TripAdvisor
R000535,2025-04-11,en,5,positive,Vue / Panorama,vue,"Stunning panorama, especially at sunset. A must-visit in Paris.",Google Maps
R000536,2025-05-16,en,5,positive,Expérience globale,experience,"Truly magical experience, the monument is even more impressive in person.",TripAdvisor
R000537,2024-08-21,fr,3,neutral,Général,generique,"Visite correcte mais sans plus, attendu plus d'animations.",TripAdvisor
R000538,2025-10-28,it,4,positive,Vue / Panorama,vue,"Vista mozzafiato dalla cima, si vede tutta Parigi.",Google Maps
R000539,2025-11-08,en,2,negative,File d'attente,file_attente,"Endless lines at every floor, terrible organization.",TripAdvisor
R000540,2024-05-06,es,5,positive,Vue / Panorama,vue,"Panorama espectacular al atardecer, momento inolvidable.",Google Maps
R000541,2025-11-08,en,5,positive,Expérience globale,experience,"Truly magical experience, the monument is even more impressive in person.",TripAdvisor
R000542,2024-04-17,en,2,negative,Prix / Tarification,prix,Tickets are way too expensive for a family of four.,Google Maps
R000543,2024-07-23,en,4,positive,Vue / Panorama,vue,"Stunning panorama, especially at sunset. A must-visit in Paris.",Google Maps
R000544,2024-10-29,es,3,neutral,Général,generique,"Iconic monument, the experience is okay overall.",TripAdvisor
R000545,2024-08-28,en,3,neutral,Général,generique,"Iconic monument, the experience is okay overall.",TripAdvisor
R000546,2024-04-02,en,3,neutral,Général,generique,"Decent visit, nothing extraordinary but worth doing once.",Google Maps
R000547,2024-10-30,fr,1,negative,Ascenseurs,ascenseur,"Ascenseurs souvent en maintenance, prévoyez les escaliers.",TripAdvisor
R000548,2025-11-24,fr,1,negative,File d'attente,file_attente,"Attente beaucoup trop longue malgré la réservation en ligne, c'est inacceptable.",TripAdvisor
R000549,2025-11-10,es,5,positive,Vue / Panorama,vue,"La vista desde la cima es impresionante, se ve todo París.",Google Maps
R000550,2025-01-16,en,3,neutral,Général,generique,"Decent visit, nothing extraordinary but worth doing once.",Google Maps
R000551,2025-05-04,fr,5,positive,Personnel / Accueil,personnel,"Le staff est multilingue et très serviable, parfait pour les touristes.",Google Maps
R000552,2024-03-01,en,2,negative,File d'attente,file_attente,"Waited over 2 hours in line even with online tickets, awful.",Booking
R000553,2025-01-23,de,4,positive,Expérience globale,experience,"Magische Erfahrung, das Monument ist live noch beeindruckender.",Google Maps
R000554,2025-05-14,en,3,neutral,Général,generique,"Iconic monument, the experience is okay overall.",TripAdvisor
R000555,2025-11-25,en,4,positive,Personnel / Accueil,personnel,"Great team, super welcoming and professional throughout.",Google Maps
R000556,2025-09-25,es,2,negative,File d'attente,file_attente,Demasiada espera incluso con entradas online.,TripAdvisor
R000557,2025-07-25,en,4,positive,Personnel / Accueil,personnel,"Great team, super welcoming and professional throughout.",Google Maps
R000558,2025-05-22,en,5,positive,Vue / Panorama,vue,"Amazing 360 view, we could see the Sacre-Coeur and even further.",Google Maps
R000559,2024-02-21,fr,5,positive,Vue / Panorama,vue,"Vue magnifique au coucher du soleil, un moment inoubliable avec ma famille.",Google Maps
R000560,2025-08-09,en,5,positive,Vue / Panorama,vue,"The view from the top is absolutely breathtaking, you can see all of Paris.",TripAdvisor
R000561,2024-01-19,de,5,positive,Vue / Panorama,vue,"Wunderschöner Panoramablick, vor allem bei Sonnenuntergang.",TripAdvisor
R000562,2025-09-25,en,5,positive,Vue / Panorama,vue,"The view from the top is absolutely breathtaking, you can see all of Paris.",Google Maps
R000563,2024-02-25,de,5,positive,Expérience globale,experience,"Magische Erfahrung, das Monument ist live noch beeindruckender.",Google Maps
R000564,2024-04-26,de,5,positive,Expérience globale,experience,"Magische Erfahrung, das Monument ist live noch beeindruckender.",TripAdvisor
R000565,2025-01-17,en,5,positive,Personnel / Accueil,personnel,"Great team, super welcoming and professional throughout.",Google Maps
R000566,2025-09-17,fr,4,positive,Vue / Panorama,vue,"Spectacle incroyable de nuit avec les illuminations, je recommande absolument.",TripAdvisor
R000567,2024-07-14,fr,3,neutral,Général,generique,Monument iconique mais l'expérience reste classique.,Google Maps
R000568,2025-04-06,fr,5,positive,Expérience globale,experience,"Moment magique en famille, les enfants ont adoré.",TripAdvisor
R000569,2024-02-19,en,5,positive,Personnel / Accueil,personnel,"Staff was very friendly and helpful, spoke perfect English.",Google Maps
R000570,2024-06-26,en,5,positive,Expérience globale,experience,"Truly magical experience, the monument is even more impressive in person.",Google Maps
R000571,2025-05-31,fr,5,positive,Expérience globale,experience,"Moment magique en famille, les enfants ont adoré.",Google Maps
R000572,2024-12-17,en,4,positive,Expérience globale,experience,"Truly magical experience, the monument is even more impressive in person.",Booking
R000573,2025-07-14,en,5,positive,Personnel / Accueil,personnel,"Great team, super welcoming and professional throughout.",Google Maps
R000574,2024-08-02,en,3,neutral,Général,generique,"Decent visit, nothing extraordinary but worth doing once.",Google Maps
R000575,2025-10-27,fr,5,positive,Expérience globale,experience,"Une expérience magique, le monument est encore plus impressionnant en vrai.",Booking
R000576,2024-12-26,fr,5,positive,Expérience globale,experience,"Visite parfaite, organisation au top, je recommande vivement.",Google Maps
R000577,2025-03-08,en,3,neutral,Général,generique,"Iconic monument, the experience is okay overall.",Google Maps
R000578,2024-07-23,en,5,positive,Vue / Panorama,vue,"The view from the top is absolutely breathtaking, you can see all of Paris.",TripAdvisor
R000579,2024-03-04,es,3,neutral,Général,generique,"Decent visit, nothing extraordinary but worth doing once.",Google Maps
R000580,2024-04-14,fr,2,negative,File d'attente,file_attente,"Attente beaucoup trop longue malgré la réservation en ligne, c'est inacceptable.",Google Maps
R000581,2025-02-02,en,5,positive,Vue / Panorama,vue,"Amazing 360 view, we could see the Sacre-Coeur and even further.",TripAdvisor
R000582,2025-01-31,es,2,negative,Prix / Tarification,prix,"Precios excesivos, sobre todo la comida en el lugar.",TripAdvisor
R000583,2024-07-26,es,2,negative,File d'attente,file_attente,"Cola interminable de más de 2 horas, una pesadilla.",Google Maps
R000584,2025-08-25,es,3,neutral,Général,generique,"Iconic monument, the experience is okay overall.",Google Maps
R000585,2025-11-30,en,2,negative,Prix / Tarification,prix,Tickets are way too expensive for a family of four.,TripAdvisor
R000586,2024-10-12,it,1,negative,File d'attente,file_attente,"Coda interminabile di oltre 2 ore, un incubo.",Google Maps
R000587,2024-06-07,fr,5,positive,Personnel / Accueil,personnel,"Personnel très accueillant et professionnel, toujours souriant.",TripAdvisor
R000588,2025-07-17,de,5,positive,Expérience globale,experience,"Magische Erfahrung, das Monument ist live noch beeindruckender.",TripAdvisor
R000589,2025-06-01,es,5,positive,Vue / Panorama,vue,"La vista desde la cima es impresionante, se ve todo París.",TripAdvisor
R000590,2025-11-10,en,5,positive,Personnel / Accueil,personnel,"Staff was very friendly and helpful, spoke perfect English.",TripAdvisor
R000591,2025-10-26,en,5,positive,Expérience globale,experience,"Perfect family day, kids loved every minute of it.",TripAdvisor
R000592,2025-11-29,en,5,positive,Expérience globale,experience,"Truly magical experience, the monument is even more impressive in person.",Google Maps
R000593,2024-10-16,en,1,negative,File d'attente,file_attente,"The queue was insane, plan a whole day for this visit.",TripAdvisor
R000594,2025-10-29,en,1,negative,Sécurité,securite,Felt unsafe with all the street vendors harassing tourists.,TripAdvisor
R000595,2025-10-03,en,3,neutral,Général,generique,"Decent visit, nothing extraordinary but worth doing once.",TripAdvisor
R000596,2025-03-21,en,1,negative,Sécurité,securite,"Watch out for pickpockets, they are everywhere around the tower.",Google Maps
R000597,2024-12-05,de,2,negative,File d'attente,file_attente,"Endlose Warteschlange, über 2 Stunden trotz Online-Ticket.",TripAdvisor
R000598,2024-08-21,fr,4,positive,Personnel / Accueil,personnel,"Accueil chaleureux et équipe efficace, merci pour cette belle visite.",Booking
R000599,2025-02-02,en,5,positive,Personnel / Accueil,personnel,"Great team, super welcoming and professional throughout.",Google Maps
R000600,2024-03-15,en,2,negative,File d'attente,file_attente,"Endless lines at every floor, terrible organization.",TripAdvisor
R000601,2024-10-15,en,5,positive,Expérience globale,experience,"Perfect family day, kids loved every minute of it.",Google Maps
R000602,2025-06-30,en,5,positive,Expérience globale,experience,"Truly magical experience, the monument is even more impressive in person.",TripAdvisor
R000603,2025-10-25,es,1,negative,Prix / Tarification,prix,"Precios excesivos, sobre todo la comida en el lugar.",TripAdvisor
R000604,2025-08-09,it,4,positive,Vue / Panorama,vue,"Vista mozzafiato dalla cima, si vede tutta Parigi.",Google Maps
R000605,2024-12-18,en,3,neutral,Général,generique,"Decent visit, nothing extraordinary but worth doing once.",TripAdvisor
R000606,2024-07-07,de,3,neutral,Général,generique,"Decent visit, nothing extraordinary but worth doing once.",TripAdvisor
R000607,2025-07-16,es,5,positive,Vue / Panorama,vue,"La vista desde la cima es impresionante, se ve todo París.",TripAdvisor
R000608,2025-08-17,en,4,positive,Vue / Panorama,vue,"Stunning panorama, especially at sunset. A must-visit in Paris.",TripAdvisor
R000609,2025-09-26,en,4,positive,Expérience globale,experience,"Truly magical experience, the monument is even more impressive in person.",TripAdvisor
R000610,2025-08-21,fr,5,positive,Personnel / Accueil,personnel,"Accueil chaleureux et équipe efficace, merci pour cette belle visite.",TripAdvisor
R000611,2024-09-09,en,1,negative,Sécurité,securite,"Watch out for pickpockets, they are everywhere around the tower.",Google Maps
R000612,2024-12-05,en,1,negative,Ascenseurs,ascenseur,"Only one lift working, massive wait to go back down.",Google Maps
R000613,2024-06-28,en,5,positive,Personnel / Accueil,personnel,"Great team, super welcoming and professional throughout.",Google Maps
R000614,2025-10-03,fr,4,positive,Vue / Panorama,vue,"Panorama exceptionnel sur Paris, on voit jusqu'au Sacré-Cœur et la Défense.",TripAdvisor
R000615,2025-08-18,fr,4,positive,Expérience globale,experience,"Moment magique en famille, les enfants ont adoré.",Google Maps
R000616,2025-07-06,es,5,positive,Vue / Panorama,vue,"Panorama espectacular al atardecer, momento inolvidable.",TripAdvisor
R000617,2025-05-28,es,4,positive,Vue / Panorama,vue,"Panorama espectacular al atardecer, momento inolvidable.",Google Maps
R000618,2025-09-20,en,5,positive,Expérience globale,experience,"Truly magical experience, the monument is even more impressive in person.",Google Maps
R000619,2025-08-02,es,5,positive,Vue / Panorama,vue,"La vista desde la cima es impresionante, se ve todo París.",Google Maps
R000620,2025-05-14,it,1,negative,Prix / Tarification,prix,"Prezzi eccessivi, soprattutto la ristorazione.",TripAdvisor
R000621,2025-01-04,fr,5,positive,Expérience globale,experience,"Une expérience magique, le monument est encore plus impressionnant en vrai.",TripAdvisor
R000622,2024-04-15,de,3,neutral,Général,generique,"Iconic monument, the experience is okay overall.",Google Maps
R000623,2025-01-22,en,1,negative,Ascenseurs,ascenseur,"Elevator broke down during our visit, total disappointment.",TripAdvisor
R000624,2024-08-16,en,2,negative,Ascenseurs,ascenseur,"Only one lift working, massive wait to go back down.",Google Maps
R000625,2025-09-10,en,3,neutral,Général,generique,"Iconic monument, the experience is okay overall.",TripAdvisor
R000626,2024-10-14,de,5,positive,Vue / Panorama,vue,"Die Aussicht vom Gipfel ist atemberaubend, ganz Paris liegt einem zu Füßen.",TripAdvisor
R000627,2025-02-28,fr,5,positive,Expérience globale,experience,"Une expérience magique, le monument est encore plus impressionnant en vrai.",Google Maps
R000628,2024-06-14,es,4,positive,Expérience globale,experience,"Visita perfecta en familia, los niños lo adoraron.",Google Maps
R000629,2024-05-17,en,5,positive,Vue / Panorama,vue,"Amazing 360 view, we could see the Sacre-Coeur and even further.",Google Maps
R000630,2024-07-03,fr,4,positive,Vue / Panorama,vue,"Panorama exceptionnel sur Paris, on voit jusqu'au Sacré-Cœur et la Défense.",Google Maps
R000631,2024-03-28,en,3,neutral,Général,generique,"Iconic monument, the experience is okay overall.",TripAdvisor
R000632,2025-02-24,en,4,positive,Personnel / Accueil,personnel,"Staff was very friendly and helpful, spoke perfect English.",Google Maps
R000633,2024-12-16,es,1,negative,File d'attente,file_attente,Demasiada espera incluso con entradas online.,Booking
R000634,2024-01-17,en,4,positive,Personnel / Accueil,personnel,"Great team, super welcoming and professional throughout.",TripAdvisor
R000635,2024-06-30,de,5,positive,Expérience globale,experience,"Magische Erfahrung, das Monument ist live noch beeindruckender.",TripAdvisor
R000636,2025-11-06,en,4,positive,Expérience globale,experience,"Truly magical experience, the monument is even more impressive in person.",TripAdvisor
R000637,2024-02-14,en,1,negative,Sécurité,securite,Felt unsafe with all the street vendors harassing tourists.,Google Maps
R000638,2024-12-24,en,3,neutral,Général,generique,"Iconic monument, the experience is okay overall.",Google Maps
R000639,2025-05-03,es,1,negative,File d'attente,file_attente,Demasiada espera incluso con entradas online.,Google Maps
R000640,2024-01-08,de,4,positive,Expérience globale,experience,"Magische Erfahrung, das Monument ist live noch beeindruckender.",Google Maps
R000641,2024-11-19,fr,5,positive,Expérience globale,experience,"Une expérience magique, le monument est encore plus impressionnant en vrai.",TripAdvisor
R000642,2025-07-02,fr,4,positive,Expérience globale,experience,"Visite parfaite, organisation au top, je recommande vivement.",TripAdvisor
R000643,2025-02-27,en,5,positive,Expérience globale,experience,"Perfect family day, kids loved every minute of it.",Google Maps
R000644,2024-11-10,en,4,positive,Expérience globale,experience,"Perfect family day, kids loved every minute of it.",Google Maps
R000645,2025-04-02,es,5,positive,Vue / Panorama,vue,"La vista desde la cima es impresionante, se ve todo París.",Google Maps
R000646,2025-09-20,it,5,positive,Vue / Panorama,vue,"Panorama spettacolare al tramonto, momento indimenticabile.",Google Maps
R000647,2024-05-28,en,5,positive,Expérience globale,experience,"Truly magical experience, the monument is even more impressive in person.",TripAdvisor
R000648,2025-09-15,en,5,positive,Personnel / Accueil,personnel,"Staff was very friendly and helpful, spoke perfect English.",TripAdvisor
R000649,2024-06-28,en,3,neutral,Général,generique,"Decent visit, nothing extraordinary but worth doing once.",Google Maps
R000650,2025-09-05,en,4,positive,Expérience globale,experience,"Perfect family day, kids loved every minute of it.",Google Maps
R000651,2025-11-01,en,5,positive,Expérience globale,experience,"Truly magical experience, the monument is even more impressive in person.",TripAdvisor
R000652,2025-11-16,fr,3,neutral,Général,generique,Monument iconique mais l'expérience reste classique.,TripAdvisor
R000653,2025-07-16,en,5,positive,Expérience globale,experience,"Truly magical experience, the monument is even more impressive in person.",TripAdvisor
R000654,2024-10-10,es,3,neutral,Général,generique,"Iconic monument, the experience is okay overall.",TripAdvisor
R000655,2025-02-20,it,4,positive,Vue / Panorama,vue,"Vista mozzafiato dalla cima, si vede tutta Parigi.",Google Maps
R000656,2024-09-20,en,5,positive,Personnel / Accueil,personnel,"Staff was very friendly and helpful, spoke perfect English.",Google Maps
R000657,2024-09-06,es,5,positive,Expérience globale,experience,"Visita perfecta en familia, los niños lo adoraron.",Google Maps
R000658,2024-09-21,it,5,positive,Vue / Panorama,vue,"Vista mozzafiato dalla cima, si vede tutta Parigi.",TripAdvisor
R000659,2025-02-26,en,3,neutral,Général,generique,"Iconic monument, the experience is okay overall.",Booking
R000660,2025-02-12,en,4,positive,Personnel / Accueil,personnel,"Staff was very friendly and helpful, spoke perfect English.",Google Maps
R000661,2024-08-11,es,5,positive,Vue / Panorama,vue,"Panorama espectacular al atardecer, momento inolvidable.",Google Maps
R000662,2024-07-23,fr,3,neutral,Général,generique,Monument iconique mais l'expérience reste classique.,TripAdvisor
R000663,2025-09-25,fr,5,positive,Vue / Panorama,vue,"Panorama exceptionnel sur Paris, on voit jusqu'au Sacré-Cœur et la Défense.",TripAdvisor
R000664,2025-07-08,es,5,positive,Vue / Panorama,vue,"Panorama espectacular al atardecer, momento inolvidable.",Booking
R000665,2025-08-11,de,5,positive,Expérience globale,experience,"Magische Erfahrung, das Monument ist live noch beeindruckender.",Google Maps
R000666,2024-08-15,en,3,neutral,Général,generique,"Iconic monument, the experience is okay overall.",Google Maps
R000667,2024-02-03,fr,5,positive,Personnel / Accueil,personnel,"Le staff est multilingue et très serviable, parfait pour les touristes.",Google Maps
R000668,2025-06-14,en,2,negative,Prix / Tarification,prix,Tickets are way too expensive for a family of four.,TripAdvisor
R000669,2024-11-29,en,5,positive,Vue / Panorama,vue,"Stunning panorama, especially at sunset. A must-visit in Paris.",TripAdvisor
R000670,2025-09-19,de,4,positive,Expérience globale,experience,"Magische Erfahrung, das Monument ist live noch beeindruckender.",TripAdvisor
R000671,2025-01-08,fr,5,positive,Personnel / Accueil,personnel,"Accueil chaleureux et équipe efficace, merci pour cette belle visite.",Google Maps
R000672,2024-10-03,fr,5,positive,Vue / Panorama,vue,"Panorama exceptionnel sur Paris, on voit jusqu'au Sacré-Cœur et la Défense.",Google Maps
R000673,2024-06-02,en,3,neutral,Général,generique,"Decent visit, nothing extraordinary but worth doing once.",TripAdvisor
R000674,2024-11-03,fr,5,positive,Vue / Panorama,vue,"Vue magnifique au coucher du soleil, un moment inoubliable avec ma famille.",TripAdvisor
R000675,2024-09-17,de,4,positive,Vue / Panorama,vue,"Die Aussicht vom Gipfel ist atemberaubend, ganz Paris liegt einem zu Füßen.",TripAdvisor
R000676,2025-07-27,en,5,positive,Personnel / Accueil,personnel,"Great team, super welcoming and professional throughout.",Google Maps
R000677,2025-11-26,es,5,positive,Expérience globale,experience,"Experiencia mágica, el monumento es aún más impresionante en persona.",Booking
R000678,2024-10-18,fr,4,positive,Expérience globale,experience,"Moment magique en famille, les enfants ont adoré.",TripAdvisor
R000679,2025-01-25,en,5,positive,Expérience globale,experience,"Perfect family day, kids loved every minute of it.",Google Maps
R000680,2025-03-07,en,3,neutral,Général,generique,"Iconic monument, the experience is okay overall.",Google Maps
R000681,2024-06-14,en,3,neutral,Général,generique,"Decent visit, nothing extraordinary but worth doing once.",TripAdvisor
R000682,2024-10-04,fr,2,negative,Ascenseurs,ascenseur,"Ascenseurs souvent en maintenance, prévoyez les escaliers.",Google Maps
R000683,2024-06-20,es,3,neutral,Général,generique,"Iconic monument, the experience is okay overall.",TripAdvisor
R000684,2024-03-22,fr,2,negative,Ascenseurs,ascenseur,"Ascenseurs souvent en maintenance, prévoyez les escaliers.",TripAdvisor
R000685,2025-02-10,en,4,positive,Personnel / Accueil,personnel,"Staff was very friendly and helpful, spoke perfect English.",Google Maps
R000686,2025-02-03,it,5,positive,Vue / Panorama,vue,"Vista mozzafiato dalla cima, si vede tutta Parigi.",TripAdvisor
R000687,2024-06-23,fr,4,positive,Expérience globale,experience,"Une expérience magique, le monument est encore plus impressionnant en vrai.",TripAdvisor
R000688,2025-04-23,en,3,neutral,Général,generique,"Iconic monument, the experience is okay overall.",Booking
R000689,2025-07-06,en,5,positive,Personnel / Accueil,personnel,"Staff was very friendly and helpful, spoke perfect English.",TripAdvisor
R000690,2025-05-08,en,2,negative,Sécurité,securite,Felt unsafe with all the street vendors harassing tourists.,Google Maps
R000691,2024-11-06,es,4,positive,Expérience globale,experience,"Visita perfecta en familia, los niños lo adoraron.",TripAdvisor
R000692,2025-07-01,en,1,negative,Prix / Tarification,prix,Tickets are way too expensive for a family of four.,TripAdvisor
R000693,2024-01-10,de,3,neutral,Général,generique,"Iconic monument, the experience is okay overall.",Google Maps
R000694,2025-07-28,es,4,positive,Vue / Panorama,vue,"Panorama espectacular al atardecer, momento inolvidable.",TripAdvisor
R000695,2024-03-22,fr,1,negative,Propreté,proprete,"Beaucoup de déchets autour du monument, dommage pour l'image.",TripAdvisor
R000696,2025-06-28,fr,1,negative,Sécurité,securite,"Pickpockets très présents, faites très attention à vos affaires.",Google Maps
R000697,2024-10-23,en,3,neutral,Général,generique,"Decent visit, nothing extraordinary but worth doing once.",TripAdvisor
R000698,2024-01-20,en,4,positive,Expérience globale,experience,"Perfect family day, kids loved every minute of it.",TripAdvisor
R000699,2025-03-24,it,4,positive,Vue / Panorama,vue,"Panorama spettacolare al tramonto, momento indimenticabile.",Google Maps
R000700,2024-11-15,fr,5,positive,Personnel / Accueil,personnel,"Personnel très accueillant et professionnel, toujours souriant.",Google Maps
R000701,2024-05-29,en,5,positive,Expérience globale,experience,"Truly magical experience, the monument is even more impressive in person.",TripAdvisor
R000702,2024-09-13,es,4,positive,Expérience globale,experience,"Experiencia mágica, el monumento es aún más impresionante en persona.",Google Maps
R000703,2025-03-29,es,5,positive,Vue / Panorama,vue,"Panorama espectacular al atardecer, momento inolvidable.",TripAdvisor
R000704,2025-11-28,it,5,positive,Vue / Panorama,vue,"Vista mozzafiato dalla cima, si vede tutta Parigi.",Booking
R000705,2025-10-15,de,4,positive,Vue / Panorama,vue,"Die Aussicht vom Gipfel ist atemberaubend, ganz Paris liegt einem zu Füßen.",TripAdvisor
R000706,2024-08-29,en,5,positive,Expérience globale,experience,"Truly magical experience, the monument is even more impressive in person.",Google Maps
R000707,2024-09-05,en,5,positive,Personnel / Accueil,personnel,"Staff was very friendly and helpful, spoke perfect English.",TripAdvisor
R000708,2024-04-01,fr,1,negative,Propreté,proprete,"Toilettes pas très propres au deuxième étage, à améliorer.",TripAdvisor
R000709,2025-10-22,en,1,negative,Ascenseurs,ascenseur,"Elevator broke down during our visit, total disappointment.",TripAdvisor
R000710,2025-07-25,en,5,positive,Personnel / Accueil,personnel,"Staff was very friendly and helpful, spoke perfect English.",Google Maps
R000711,2025-01-21,es,1,negative,Prix / Tarification,prix,"Precios excesivos, sobre todo la comida en el lugar.",TripAdvisor
R000712,2025-03-24,fr,3,neutral,Général,generique,Ça vaut le coup de le voir une fois dans sa vie.,Google Maps
R000713,2024-11-27,en,5,positive,Expérience globale,experience,"Truly magical experience, the monument is even more impressive in person.",Google Maps
R000714,2024-06-07,fr,1,negative,Sécurité,securite,"Trop de vendeurs à la sauvette autour, sentiment d'insécurité.",TripAdvisor
R000715,2025-06-02,es,5,positive,Expérience globale,experience,"Experiencia mágica, el monumento es aún más impresionante en persona.",TripAdvisor
R000716,2024-03-05,fr,4,positive,Personnel / Accueil,personnel,"Accueil chaleureux et équipe efficace, merci pour cette belle visite.",Google Maps
R000717,2024-06-06,en,5,positive,Expérience globale,experience,"Perfect family day, kids loved every minute of it.",Google Maps
R000718,2024-03-09,en,2,negative,File d'attente,file_attente,"Waited over 2 hours in line even with online tickets, awful.",TripAdvisor
R000719,2024-07-15,de,4,positive,Vue / Panorama,vue,"Die Aussicht vom Gipfel ist atemberaubend, ganz Paris liegt einem zu Füßen.",TripAdvisor
R000720,2024-08-14,en,1,negative,Sécurité,securite,Felt unsafe with all the street vendors harassing tourists.,Google Maps
R000721,2025-05-18,fr,3,neutral,Général,generique,Ça vaut le coup de le voir une fois dans sa vie.,Booking
R000722,2025-03-01,es,5,positive,Vue / Panorama,vue,"Panorama espectacular al atardecer, momento inolvidable.",Google Maps
R000723,2024-11-07,es,5,positive,Expérience globale,experience,"Experiencia mágica, el monumento es aún más impresionante en persona.",TripAdvisor
R000724,2024-07-13,fr,5,positive,Vue / Panorama,vue,"Panorama exceptionnel sur Paris, on voit jusqu'au Sacré-Cœur et la Défense.",TripAdvisor
R000725,2025-03-01,en,5,positive,Vue / Panorama,vue,"Amazing 360 view, we could see the Sacre-Coeur and even further.",Google Maps
R000726,2024-06-19,es,5,positive,Expérience globale,experience,"Visita perfecta en familia, los niños lo adoraron.",Google Maps
R000727,2025-09-06,en,5,positive,Expérience globale,experience,"Truly magical experience, the monument is even more impressive in person.",TripAdvisor
R000728,2025-10-10,en,5,positive,Personnel / Accueil,personnel,"Great team, super welcoming and professional throughout.",TripAdvisor
R000729,2024-09-17,es,5,positive,Vue / Panorama,vue,"Panorama espectacular al atardecer, momento inolvidable.",TripAdvisor
R000730,2024-10-18,en,3,neutral,Général,generique,"Decent visit, nothing extraordinary but worth doing once.",Google Maps
R000731,2024-11-03,en,3,neutral,Général,generique,"Decent visit, nothing extraordinary but worth doing once.",Booking
R000732,2025-06-07,fr,5,positive,Expérience globale,experience,"Visite parfaite, organisation au top, je recommande vivement.",Google Maps
R000733,2024-05-21,de,5,positive,Vue / Panorama,vue,"Wunderschöner Panoramablick, vor allem bei Sonnenuntergang.",TripAdvisor
R000734,2025-02-13,de,4,positive,Expérience globale,experience,"Magische Erfahrung, das Monument ist live noch beeindruckender.",Google Maps
R000735,2025-08-13,fr,4,positive,Personnel / Accueil,personnel,"Le staff est multilingue et très serviable, parfait pour les touristes.",Google Maps
R000736,2025-01-25,fr,2,negative,File d'attente,file_attente,"Queue énorme à chaque étage, prévoir une journée entière.",TripAdvisor
R000737,2024-05-03,fr,2,negative,Ascenseurs,ascenseur,"Un seul ascenseur fonctionnait, attente énorme pour redescendre.",Google Maps
R000738,2025-10-09,fr,2,negative,Sécurité,securite,"Trop de vendeurs à la sauvette autour, sentiment d'insécurité.",TripAdvisor
R000739,2025-05-29,fr,4,positive,Expérience globale,experience,"Moment magique en famille, les enfants ont adoré.",Google Maps
R000740,2025-08-12,fr,2,negative,Propreté,proprete,"Beaucoup de déchets autour du monument, dommage pour l'image.",Google Maps
R000741,2024-03-25,fr,4,positive,Personnel / Accueil,personnel,"Personnel très accueillant et professionnel, toujours souriant.",TripAdvisor
R000742,2025-03-20,es,5,positive,Expérience globale,experience,"Experiencia mágica, el monumento es aún más impresionante en persona.",Google Maps
R000743,2025-10-29,fr,5,positive,Expérience globale,experience,"Une expérience magique, le monument est encore plus impressionnant en vrai.",Google Maps
R000744,2024-03-14,en,3,neutral,Général,generique,"Decent visit, nothing extraordinary but worth doing once.",TripAdvisor
R000745,2025-03-09,en,2,negative,File d'attente,file_attente,"Waited over 2 hours in line even with online tickets, awful.",TripAdvisor
R000746,2024-06-22,fr,5,positive,Expérience globale,experience,"Une expérience magique, le monument est encore plus impressionnant en vrai.",Booking
R000747,2025-03-27,en,3,neutral,Général,generique,"Decent visit, nothing extraordinary but worth doing once.",TripAdvisor
R000748,2024-03-28,es,5,positive,Expérience globale,experience,"Experiencia mágica, el monumento es aún más impresionante en persona.",TripAdvisor
R000749,2024-01-15,fr,3,neutral,Général,generique,Monument iconique mais l'expérience reste classique.,TripAdvisor
R000750,2025-07-04,es,5,positive,Expérience globale,experience,"Experiencia mágica, el monumento es aún más impresionante en persona.",TripAdvisor
R000751,2025-11-15,en,2,negative,Sécurité,securite,"Watch out for pickpockets, they are everywhere around the tower.",TripAdvisor
R000752,2024-10-17,en,1,negative,File d'attente,file_attente,"The queue was insane, plan a whole day for this visit.",TripAdvisor
R000753,2025-11-07,en,4,positive,Personnel / Accueil,personnel,"Staff was very friendly and helpful, spoke perfect English.",TripAdvisor
R000754,2025-10-26,de,1,negative,File d'attente,file_attente,"Endlose Warteschlange, über 2 Stunden trotz Online-Ticket.",TripAdvisor
R000755,2025-09-03,it,5,positive,Vue / Panorama,vue,"Panorama spettacolare al tramonto, momento indimenticabile.",Google Maps
R000756,2024-01-23,fr,5,positive,Personnel / Accueil,personnel,"Accueil chaleureux et équipe efficace, merci pour cette belle visite.",TripAdvisor
R000757,2024-01-19,de,5,positive,Expérience globale,experience,"Magische Erfahrung, das Monument ist live noch beeindruckender.",TripAdvisor
R000758,2025-10-02,en,2,negative,Prix / Tarification,prix,Tickets are way too expensive for a family of four.,TripAdvisor
R000759,2024-08-18,en,3,neutral,Général,generique,"Iconic monument, the experience is okay overall.",TripAdvisor
R000760,2025-11-25,de,2,negative,File d'attente,file_attente,"Riesige Schlangen auf jeder Ebene, sehr enttäuschend.",Google Maps
R000761,2024-11-15,en,4,positive,Vue / Panorama,vue,"Amazing 360 view, we could see the Sacre-Coeur and even further.",Booking
R000762,2025-07-08,en,4,positive,Vue / Panorama,vue,"Amazing 360 view, we could see the Sacre-Coeur and even further.",Google Maps
R000763,2024-05-18,fr,5,positive,Expérience globale,experience,"Moment magique en famille, les enfants ont adoré.",TripAdvisor
R000764,2025-06-29,de,1,negative,File d'attente,file_attente,"Riesige Schlangen auf jeder Ebene, sehr enttäuschend.",Booking
R000765,2025-02-27,fr,5,positive,Vue / Panorama,vue,"La vue depuis le sommet est tout simplement à couper le souffle, Paris s'étend à perte de vue.",Booking
R000766,2024-04-19,fr,2,negative,Ascenseurs,ascenseur,"Ascenseur en panne le jour de notre visite, déception totale.",TripAdvisor
R000767,2025-08-03,fr,3,neutral,Général,generique,Ça vaut le coup de le voir une fois dans sa vie.,Google Maps
R000768,2025-05-03,en,4,positive,Vue / Panorama,vue,"Stunning panorama, especially at sunset. A must-visit in Paris.",TripAdvisor
R000769,2025-05-18,de,5,positive,Expérience globale,experience,"Magische Erfahrung, das Monument ist live noch beeindruckender.",TripAdvisor
R000770,2025-02-26,fr,5,positive,Personnel / Accueil,personnel,"Personnel très accueillant et professionnel, toujours souriant.",TripAdvisor
R000771,2025-03-25,en,4,positive,Vue / Panorama,vue,"The view from the top is absolutely breathtaking, you can see all of Paris.",Google Maps
R000772,2024-02-12,en,5,positive,Personnel / Accueil,personnel,"Staff was very friendly and helpful, spoke perfect English.",Google Maps
R000773,2025-04-07,es,2,negative,Prix / Tarification,prix,"Precios excesivos, sobre todo la comida en el lugar.",TripAdvisor
R000774,2024-02-10,de,3,neutral,Général,generique,"Iconic monument, the experience is okay overall.",Google Maps
R000775,2025-02-11,en,1,negative,File d'attente,file_attente,"Waited over 2 hours in line even with online tickets, awful.",Google Maps
R000776,2024-02-25,es,4,positive,Vue / Panorama,vue,"Panorama espectacular al atardecer, momento inolvidable.",Google Maps
R000777,2024-04-25,de,5,positive,Expérience globale,experience,"Magische Erfahrung, das Monument ist live noch beeindruckender.",TripAdvisor
R000778,2025-02-27,en,3,neutral,Général,generique,"Iconic monument, the experience is okay overall.",TripAdvisor
R000779,2024-04-02,fr,5,positive,Expérience globale,experience,"Une expérience magique, le monument est encore plus impressionnant en vrai.",TripAdvisor
R000780,2024-04-03,en,3,neutral,Général,generique,"Decent visit, nothing extraordinary but worth doing once.",TripAdvisor
R000781,2025-06-07,en,5,positive,Expérience globale,experience,"Perfect family day, kids loved every minute of it.",Google Maps
R000782,2025-08-02,fr,5,positive,Vue / Panorama,vue,"Panorama exceptionnel sur Paris, on voit jusqu'au Sacré-Cœur et la Défense.",Google Maps
R000783,2024-02-22,de,5,positive,Vue / Panorama,vue,"Die Aussicht vom Gipfel ist atemberaubend, ganz Paris liegt einem zu Füßen.",TripAdvisor
R000784,2024-04-30,fr,2,negative,Propreté,proprete,"Beaucoup de déchets autour du monument, dommage pour l'image.",Google Maps
R000785,2025-05-25,it,5,positive,Vue / Panorama,vue,"Vista mozzafiato dalla cima, si vede tutta Parigi.",Google Maps
R000786,2025-08-25,fr,3,neutral,Général,generique,"Visite correcte mais sans plus, attendu plus d'animations.",Google Maps
R000787,2025-07-14,en,4,positive,Expérience globale,experience,"Truly magical experience, the monument is even more impressive in person.",TripAdvisor
R000788,2024-02-26,en,1,negative,Prix / Tarification,prix,"Ridiculously overpriced, especially food and drinks.",Google Maps
R000789,2024-03-30,fr,3,neutral,Général,generique,Monument iconique mais l'expérience reste classique.,TripAdvisor
R000790,2025-09-01,en,5,positive,Expérience globale,experience,"Perfect family day, kids loved every minute of it.",Google Maps
R000791,2024-04-05,en,3,neutral,Général,generique,"Decent visit, nothing extraordinary but worth doing once.",Google Maps
R000792,2025-07-17,en,3,neutral,Général,generique,"Iconic monument, the experience is okay overall.",TripAdvisor
R000793,2025-06-21,en,5,positive,Personnel / Accueil,personnel,"Great team, super welcoming and professional throughout.",TripAdvisor
R000794,2025-06-25,fr,5,positive,Expérience globale,experience,"Moment magique en famille, les enfants ont adoré.",Booking
R000795,2024-11-20,en,2,negative,Ascenseurs,ascenseur,"Only one lift working, massive wait to go back down.",TripAdvisor
R000796,2025-10-09,en,2,negative,Prix / Tarification,prix,Tickets are way too expensive for a family of four.,TripAdvisor
R000797,2024-07-17,es,3,neutral,Général,generique,"Iconic monument, the experience is okay overall.",TripAdvisor
R000798,2025-09-22,fr,2,negative,File d'attente,file_attente,"Queue énorme à chaque étage, prévoir une journée entière.",Booking
R000799,2024-07-25,en,4,positive,Expérience globale,experience,"Truly magical experience, the monument is even more impressive in person.",Google Maps
R000800,2024-01-07,fr,5,positive,Personnel / Accueil,personnel,"Accueil chaleureux et équipe efficace, merci pour cette belle visite.",TripAdvisor
R000801,2024-07-17,en,5,positive,Expérience globale,experience,"Truly magical experience, the monument is even more impressive in person.",TripAdvisor
R000802,2025-05-08,en,2,negative,Sécurité,securite,"Watch out for pickpockets, they are everywhere around the tower.",TripAdvisor
R000803,2025-02-27,en,3,neutral,Général,generique,"Iconic monument, the experience is okay overall.",Booking
R000804,2025-07-22,fr,5,positive,Expérience globale,experience,"Moment magique en famille, les enfants ont adoré.",Google Maps
R000805,2024-10-14,fr,2,negative,Ascenseurs,ascenseur,"Ascenseur en panne le jour de notre visite, déception totale.",Google Maps
R000806,2025-02-02,en,5,positive,Expérience globale,experience,"Truly magical experience, the monument is even more impressive in person.",TripAdvisor
R000807,2024-02-02,fr,2,negative,Ascenseurs,ascenseur,"Ascenseurs souvent en maintenance, prévoyez les escaliers.",TripAdvisor
R000808,2024-11-05,fr,3,neutral,Général,generique,Monument iconique mais l'expérience reste classique.,TripAdvisor
R000809,2025-03-30,fr,5,positive,Vue / Panorama,vue,"Panorama exceptionnel sur Paris, on voit jusqu'au Sacré-Cœur et la Défense.",Google Maps
R000810,2024-12-14,es,3,neutral,Général,generique,"Decent visit, nothing extraordinary but worth doing once.",Booking
R000811,2024-04-10,es,5,positive,Expérience globale,experience,"Experiencia mágica, el monumento es aún más impresionante en persona.",Google Maps
R000812,2025-04-15,de,2,negative,File d'attente,file_attente,"Endlose Warteschlange, über 2 Stunden trotz Online-Ticket.",TripAdvisor
R000813,2025-08-31,de,5,positive,Expérience globale,experience,"Magische Erfahrung, das Monument ist live noch beeindruckender.",Google Maps
R000814,2024-01-24,en,3,neutral,Général,generique,"Iconic monument, the experience is okay overall.",Google Maps
R000815,2024-07-16,fr,3,neutral,Général,generique,"Visite correcte mais sans plus, attendu plus d'animations.",TripAdvisor
R000816,2024-10-07,en,1,negative,File d'attente,file_attente,"The queue was insane, plan a whole day for this visit.",TripAdvisor
R000817,2025-07-16,it,5,positive,Vue / Panorama,vue,"Vista mozzafiato dalla cima, si vede tutta Parigi.",TripAdvisor
R000818,2024-03-13,fr,1,negative,Ascenseurs,ascenseur,"Ascenseurs souvent en maintenance, prévoyez les escaliers.",TripAdvisor
R000819,2025-11-22,de,4,positive,Vue / Panorama,vue,"Die Aussicht vom Gipfel ist atemberaubend, ganz Paris liegt einem zu Füßen.",TripAdvisor
R000820,2025-08-29,en,5,positive,Personnel / Accueil,personnel,"Staff was very friendly and helpful, spoke perfect English.",Google Maps
R000821,2024-07-21,en,5,positive,Personnel / Accueil,personnel,"Great team, super welcoming and professional throughout.",Google Maps
R000822,2025-04-24,en,4,positive,Personnel / Accueil,personnel,"Staff was very friendly and helpful, spoke perfect English.",TripAdvisor
R000823,2024-08-17,fr,1,negative,Propreté,proprete,"Beaucoup de déchets autour du monument, dommage pour l'image.",TripAdvisor
R000824,2025-11-12,de,4,positive,Expérience globale,experience,"Magische Erfahrung, das Monument ist live noch beeindruckender.",TripAdvisor
R000825,2024-04-25,de,4,positive,Expérience globale,experience,"Magische Erfahrung, das Monument ist live noch beeindruckender.",TripAdvisor
R000826,2025-02-19,en,5,positive,Personnel / Accueil,personnel,"Staff was very friendly and helpful, spoke perfect English.",Google Maps
R000827,2025-02-14,es,5,positive,Vue / Panorama,vue,"Panorama espectacular al atardecer, momento inolvidable.",Google Maps
R000828,2024-12-14,fr,5,positive,Vue / Panorama,vue,"Spectacle incroyable de nuit avec les illuminations, je recommande absolument.",TripAdvisor
R000829,2024-08-29,en,5,positive,Personnel / Accueil,personnel,"Great team, super welcoming and professional throughout.",TripAdvisor
R000830,2025-04-19,en,2,negative,Sécurité,securite,"Watch out for pickpockets, they are everywhere around the tower.",TripAdvisor
R000831,2024-04-21,fr,4,positive,Personnel / Accueil,personnel,"Le staff est multilingue et très serviable, parfait pour les touristes.",Google Maps
R000832,2024-03-03,en,2,negative,Ascenseurs,ascenseur,"Only one lift working, massive wait to go back down.",TripAdvisor
R000833,2025-11-07,es,3,neutral,Général,generique,"Decent visit, nothing extraordinary but worth doing once.",TripAdvisor
R000834,2025-11-28,en,4,positive,Expérience globale,experience,"Perfect family day, kids loved every minute of it.",Google Maps
R000835,2024-12-18,fr,2,negative,Ascenseurs,ascenseur,"Un seul ascenseur fonctionnait, attente énorme pour redescendre.",Booking
R000836,2024-10-28,en,5,positive,Expérience globale,experience,"Perfect family day, kids loved every minute of it.",TripAdvisor
R000837,2024-04-22,de,3,neutral,Général,generique,"Iconic monument, the experience is okay overall.",Google Maps
R000838,2025-02-19,de,5,positive,Expérience globale,experience,"Magische Erfahrung, das Monument ist live noch beeindruckender.",TripAdvisor
R000839,2025-01-28,en,1,negative,Sécurité,securite,"Watch out for pickpockets, they are everywhere around the tower.",Google Maps
R000840,2024-03-14,en,4,positive,Personnel / Accueil,personnel,"Staff was very friendly and helpful, spoke perfect English.",Google Maps
R000841,2024-03-27,fr,3,neutral,Général,generique,"Visite correcte mais sans plus, attendu plus d'animations.",TripAdvisor
R000842,2025-04-10,es,3,neutral,Général,generique,"Decent visit, nothing extraordinary but worth doing once.",Google Maps
R000843,2025-09-11,en,4,positive,Personnel / Accueil,personnel,"Staff was very friendly and helpful, spoke perfect English.",TripAdvisor
R000844,2025-08-13,en,2,negative,Ascenseurs,ascenseur,"Only one lift working, massive wait to go back down.",TripAdvisor
R000845,2024-03-22,it,5,positive,Vue / Panorama,vue,"Vista mozzafiato dalla cima, si vede tutta Parigi.",TripAdvisor
R000846,2025-06-13,es,3,neutral,Général,generique,"Iconic monument, the experience is okay overall.",TripAdvisor
R000847,2025-07-06,de,5,positive,Expérience globale,experience,"Magische Erfahrung, das Monument ist live noch beeindruckender.",Google Maps
R000848,2025-04-25,fr,5,positive,Personnel / Accueil,personnel,"Accueil chaleureux et équipe efficace, merci pour cette belle visite.",TripAdvisor
R000849,2024-10-28,de,5,positive,Expérience globale,experience,"Magische Erfahrung, das Monument ist live noch beeindruckender.",TripAdvisor
R000850,2025-07-31,fr,3,neutral,Général,generique,Ça vaut le coup de le voir une fois dans sa vie.,TripAdvisor
R000851,2024-10-25,en,5,positive,Expérience globale,experience,"Truly magical experience, the monument is even more impressive in person.",Google Maps
R000852,2024-10-11,en,5,positive,Vue / Panorama,vue,"The view from the top is absolutely breathtaking, you can see all of Paris.",TripAdvisor
R000853,2025-09-10,en,5,positive,Personnel / Accueil,personnel,"Staff was very friendly and helpful, spoke perfect English.",TripAdvisor
R000854,2024-09-24,en,5,positive,Personnel / Accueil,personnel,"Great team, super welcoming and professional throughout.",Google Maps
R000855,2024-03-27,fr,5,positive,Expérience globale,experience,"Une expérience magique, le monument est encore plus impressionnant en vrai.",Booking
R000856,2024-08-31,en,2,negative,Sécurité,securite,Felt unsafe with all the street vendors harassing tourists.,Google Maps
R000857,2024-04-28,es,5,positive,Expérience globale,experience,"Experiencia mágica, el monumento es aún más impresionante en persona.",TripAdvisor
R000858,2025-02-03,en,5,positive,Personnel / Accueil,personnel,"Staff was very friendly and helpful, spoke perfect English.",TripAdvisor
R000859,2025-04-04,fr,3,neutral,Général,generique,Monument iconique mais l'expérience reste classique.,TripAdvisor
R000860,2025-10-14,fr,5,positive,Vue / Panorama,vue,"La vue depuis le sommet est tout simplement à couper le souffle, Paris s'étend à perte de vue.",TripAdvisor
R000861,2024-04-10,de,4,positive,Expérience globale,experience,"Magische Erfahrung, das Monument ist live noch beeindruckender.",TripAdvisor
R000862,2025-08-25,en,5,positive,Expérience globale,experience,"Truly magical experience, the monument is even more impressive in person.",Google Maps
R000863,2025-11-19,en,2,negative,Prix / Tarification,prix,Tickets are way too expensive for a family of four.,TripAdvisor
R000864,2024-12-25,fr,5,positive,Expérience globale,experience,"Une expérience magique, le monument est encore plus impressionnant en vrai.",TripAdvisor
R000865,2025-08-31,fr,4,positive,Vue / Panorama,vue,"La vue depuis le sommet est tout simplement à couper le souffle, Paris s'étend à perte de vue.",Google Maps
R000866,2024-03-29,es,3,neutral,Général,generique,"Decent visit, nothing extraordinary but worth doing once.",Google Maps
R000867,2024-07-07,fr,2,negative,Sécurité,securite,"Trop de vendeurs à la sauvette autour, sentiment d'insécurité.",TripAdvisor
R000868,2025-03-13,en,3,neutral,Général,generique,"Iconic monument, the experience is okay overall.",Google Maps
R000869,2024-10-10,en,2,negative,Ascenseurs,ascenseur,"Elevator broke down during our visit, total disappointment.",Google Maps
R000870,2024-09-28,en,5,positive,Vue / Panorama,vue,"Stunning panorama, especially at sunset. A must-visit in Paris.",TripAdvisor
R000871,2025-02-06,fr,3,neutral,Général,generique,Ça vaut le coup de le voir une fois dans sa vie.,TripAdvisor
R000872,2024-04-18,en,5,positive,Personnel / Accueil,personnel,"Staff was very friendly and helpful, spoke perfect English.",Booking
R000873,2024-09-13,en,5,positive,Vue / Panorama,vue,"The view from the top is absolutely breathtaking, you can see all of Paris.",Google Maps
R000874,2024-02-08,fr,4,positive,Expérience globale,experience,"Moment magique en famille, les enfants ont adoré.",Google Maps
R000875,2025-05-17,fr,2,negative,Propreté,proprete,"Toilettes pas très propres au deuxième étage, à améliorer.",TripAdvisor
R000876,2025-01-28,en,1,negative,File d'attente,file_attente,"Endless lines at every floor, terrible organization.",Booking
R000877,2025-02-14,es,5,positive,Expérience globale,experience,"Visita perfecta en familia, los niños lo adoraron.",TripAdvisor
R000878,2025-04-15,it,1,negative,Prix / Tarification,prix,"Prezzi eccessivi, soprattutto la ristorazione.",Google Maps
R000879,2025-11-07,fr,5,positive,Expérience globale,experience,"Une expérience magique, le monument est encore plus impressionnant en vrai.",TripAdvisor
R000880,2024-03-27,en,3,neutral,Général,generique,"Iconic monument, the experience is okay overall.",Google Maps
R000881,2025-08-30,en,4,positive,Vue / Panorama,vue,"The view from the top is absolutely breathtaking, you can see all of Paris.",TripAdvisor
R000882,2025-04-05,en,2,negative,Ascenseurs,ascenseur,"Only one lift working, massive wait to go back down.",Booking
R000883,2024-05-01,fr,4,positive,Personnel / Accueil,personnel,"Accueil chaleureux et équipe efficace, merci pour cette belle visite.",TripAdvisor
R000884,2024-08-26,en,5,positive,Expérience globale,experience,"Truly magical experience, the monument is even more impressive in person.",Booking
R000885,2025-09-25,fr,5,positive,Expérience globale,experience,"Une expérience magique, le monument est encore plus impressionnant en vrai.",TripAdvisor
R000886,2024-11-10,en,4,positive,Vue / Panorama,vue,"Amazing 360 view, we could see the Sacre-Coeur and even further.",Google Maps
R000887,2024-04-18,fr,5,positive,Expérience globale,experience,"Une expérience magique, le monument est encore plus impressionnant en vrai.",TripAdvisor
R000888,2025-11-25,en,5,positive,Vue / Panorama,vue,"The view from the top is absolutely breathtaking, you can see all of Paris.",TripAdvisor
R000889,2024-08-06,fr,1,negative,Sécurité,securite,"Trop de vendeurs à la sauvette autour, sentiment d'insécurité.",Google Maps
R000890,2025-03-01,en,4,positive,Vue / Panorama,vue,"Stunning panorama, especially at sunset. A must-visit in Paris.",TripAdvisor
R000891,2024-04-12,en,4,positive,Vue / Panorama,vue,"Amazing 360 view, we could see the Sacre-Coeur and even further.",Google Maps
R000892,2024-03-23,en,5,positive,Vue / Panorama,vue,"The view from the top is absolutely breathtaking, you can see all of Paris.",TripAdvisor
R000893,2025-03-02,fr,5,positive,Expérience globale,experience,"Moment magique en famille, les enfants ont adoré.",Google Maps
R000894,2024-10-04,es,4,positive,Vue / Panorama,vue,"La vista desde la cima es impresionante, se ve todo París.",Google Maps
R000895,2025-05-26,en,3,neutral,Général,generique,"Decent visit, nothing extraordinary but worth doing once.",Google Maps
R000896,2025-07-25,fr,2,negative,Ascenseurs,ascenseur,"Un seul ascenseur fonctionnait, attente énorme pour redescendre.",TripAdvisor
R000897,2025-07-06,fr,5,positive,Vue / Panorama,vue,"Vue magnifique au coucher du soleil, un moment inoubliable avec ma famille.",Google Maps
R000898,2024-04-25,en,1,negative,Prix / Tarification,prix,Tickets are way too expensive for a family of four.,Google Maps
R000899,2024-06-29,en,3,neutral,Général,generique,"Iconic monument, the experience is okay overall.",TripAdvisor
R000900,2024-09-14,de,4,positive,Expérience globale,experience,"Magische Erfahrung, das Monument ist live noch beeindruckender.",TripAdvisor
R000901,2025-07-04,es,2,negative,File d'attente,file_attente,"Cola interminable de más de 2 horas, una pesadilla.",TripAdvisor
R000902,2025-03-31,es,5,positive,Vue / Panorama,vue,"La vista desde la cima es impresionante, se ve todo París.",Google Maps
R000903,2024-04-22,en,4,positive,Expérience globale,experience,"Perfect family day, kids loved every minute of it.",TripAdvisor
R000904,2024-03-16,fr,2,negative,Prix / Tarification,prix,"Le prix du billet est prohibitif, surtout pour une famille avec enfants.",TripAdvisor
R000905,2025-09-16,en,3,neutral,Général,generique,"Decent visit, nothing extraordinary but worth doing once.",TripAdvisor
R000906,2024-10-03,en,5,positive,Expérience globale,experience,"Truly magical experience, the monument is even more impressive in person.",TripAdvisor
R000907,2025-04-21,fr,1,negative,File d'attente,file_attente,"Attente beaucoup trop longue malgré la réservation en ligne, c'est inacceptable.",TripAdvisor
R000908,2025-10-15,fr,4,positive,Personnel / Accueil,personnel,"Accueil chaleureux et équipe efficace, merci pour cette belle visite.",Booking
R000909,2025-06-18,de,5,positive,Vue / Panorama,vue,"Die Aussicht vom Gipfel ist atemberaubend, ganz Paris liegt einem zu Füßen.",TripAdvisor
R000910,2025-03-14,it,4,positive,Vue / Panorama,vue,"Panorama spettacolare al tramonto, momento indimenticabile.",Google Maps
R000911,2025-08-28,fr,5,positive,Expérience globale,experience,"Une expérience magique, le monument est encore plus impressionnant en vrai.",Booking
R000912,2024-02-11,de,3,neutral,Général,generique,"Decent visit, nothing extraordinary but worth doing once.",Booking
R000913,2024-04-10,es,5,positive,Expérience globale,experience,"Visita perfecta en familia, los niños lo adoraron.",TripAdvisor
R000914,2024-05-15,fr,5,positive,Vue / Panorama,vue,"Spectacle incroyable de nuit avec les illuminations, je recommande absolument.",TripAdvisor
R000915,2025-11-16,fr,3,neutral,Général,generique,Monument iconique mais l'expérience reste classique.,TripAdvisor
R000916,2025-04-19,en,3,neutral,Général,generique,"Iconic monument, the experience is okay overall.",Google Maps
R000917,2024-01-02,de,5,positive,Expérience globale,experience,"Magische Erfahrung, das Monument ist live noch beeindruckender.",Google Maps
R000918,2024-02-03,fr,3,neutral,Général,generique,Ça vaut le coup de le voir une fois dans sa vie.,TripAdvisor
R000919,2024-12-09,es,2,negative,File d'attente,file_attente,"Cola interminable de más de 2 horas, una pesadilla.",Google Maps
R000920,2024-04-23,fr,3,neutral,Général,generique,"Visite correcte mais sans plus, attendu plus d'animations.",TripAdvisor
R000921,2024-03-09,en,5,positive,Personnel / Accueil,personnel,"Staff was very friendly and helpful, spoke perfect English.",Google Maps
R000922,2025-10-26,es,5,positive,Expérience globale,experience,"Experiencia mágica, el monumento es aún más impresionante en persona.",TripAdvisor
R000923,2024-09-30,de,5,positive,Vue / Panorama,vue,"Die Aussicht vom Gipfel ist atemberaubend, ganz Paris liegt einem zu Füßen.",Google Maps
R000924,2025-05-28,en,5,positive,Personnel / Accueil,personnel,"Great team, super welcoming and professional throughout.",Google Maps
R000925,2025-01-11,fr,2,negative,Sécurité,securite,"Pickpockets très présents, faites très attention à vos affaires.",Google Maps
R000926,2025-04-13,it,2,negative,File d'attente,file_attente,"Coda interminabile di oltre 2 ore, un incubo.",TripAdvisor
R000927,2024-04-24,en,4,positive,Vue / Panorama,vue,"The view from the top is absolutely breathtaking, you can see all of Paris.",Google Maps
R000928,2025-03-02,en,3,neutral,Général,generique,"Iconic monument, the experience is okay overall.",Booking
R000929,2025-10-22,en,5,positive,Personnel / Accueil,personnel,"Great team, super welcoming and professional throughout.",TripAdvisor
R000930,2024-12-17,fr,5,positive,Vue / Panorama,vue,"Vue magnifique au coucher du soleil, un moment inoubliable avec ma famille.",Google Maps
R000931,2024-05-15,es,5,positive,Expérience globale,experience,"Visita perfecta en familia, los niños lo adoraron.",Google Maps
R000932,2024-10-22,fr,1,negative,Prix / Tarification,prix,"Le prix du billet est prohibitif, surtout pour une famille avec enfants.",Google Maps
R000933,2024-06-13,fr,5,positive,Personnel / Accueil,personnel,"Personnel très accueillant et professionnel, toujours souriant.",Google Maps
R000934,2024-08-31,fr,3,neutral,Général,generique,"Visite correcte mais sans plus, attendu plus d'animations.",TripAdvisor
R000935,2024-07-29,it,5,positive,Vue / Panorama,vue,"Panorama spettacolare al tramonto, momento indimenticabile.",Google Maps
R000936,2025-07-06,fr,5,positive,Personnel / Accueil,personnel,"Personnel très accueillant et professionnel, toujours souriant.",Booking
R000937,2024-05-28,en,5,positive,Vue / Panorama,vue,"Stunning panorama, especially at sunset. A must-visit in Paris.",Booking
R000938,2024-10-23,de,5,positive,Expérience globale,experience,"Magische Erfahrung, das Monument ist live noch beeindruckender.",Booking
R000939,2024-12-12,es,3,neutral,Général,generique,"Iconic monument, the experience is okay overall.",Google Maps
R000940,2024-11-11,es,3,neutral,Général,generique,"Decent visit, nothing extraordinary but worth doing once.",TripAdvisor
R000941,2025-09-14,en,5,positive,Personnel / Accueil,personnel,"Staff was very friendly and helpful, spoke perfect English.",Google Maps
R000942,2025-07-05,en,4,positive,Personnel / Accueil,personnel,"Staff was very friendly and helpful, spoke perfect English.",Google Maps
R000943,2025-05-17,en,3,neutral,Général,generique,"Decent visit, nothing extraordinary but worth doing once.",TripAdvisor
R000944,2024-05-31,en,3,neutral,Général,generique,"Iconic monument, the experience is okay overall.",Google Maps
R000945,2024-11-11,en,5,positive,Vue / Panorama,vue,"Stunning panorama, especially at sunset. A must-visit in Paris.",Booking
R000946,2024-10-22,de,5,positive,Expérience globale,experience,"Magische Erfahrung, das Monument ist live noch beeindruckender.",TripAdvisor
R000947,2025-08-24,es,3,neutral,Général,generique,"Decent visit, nothing extraordinary but worth doing once.",Google Maps
R000948,2025-08-27,fr,4,positive,Expérience globale,experience,"Visite parfaite, organisation au top, je recommande vivement.",Google Maps
R000949,2025-04-18,fr,4,positive,Personnel / Accueil,personnel,"Le staff est multilingue et très serviable, parfait pour les touristes.",Google Maps
R000950,2025-05-17,es,4,positive,Vue / Panorama,vue,"Panorama espectacular al atardecer, momento inolvidable.",TripAdvisor
R000951,2025-04-19,es,2,negative,Prix / Tarification,prix,Entradas demasiado caras para una familia.,TripAdvisor
R000952,2025-11-12,es,4,positive,Expérience globale,experience,"Visita perfecta en familia, los niños lo adoraron.",Google Maps
R000953,2024-10-10,en,4,positive,Expérience globale,experience,"Truly magical experience, the monument is even more impressive in person.",TripAdvisor
R000954,2024-09-21,it,5,positive,Vue / Panorama,vue,"Panorama spettacolare al tramonto, momento indimenticabile.",Google Maps
R000955,2025-08-12,en,2,negative,File d'attente,file_attente,"The queue was insane, plan a whole day for this visit.",TripAdvisor
R000956,2024-05-18,fr,5,positive,Vue / Panorama,vue,"Vue magnifique au coucher du soleil, un moment inoubliable avec ma famille.",TripAdvisor
R000957,2024-10-25,fr,4,positive,Expérience globale,experience,"Visite parfaite, organisation au top, je recommande vivement.",Google Maps
R000958,2024-06-20,de,5,positive,Vue / Panorama,vue,"Die Aussicht vom Gipfel ist atemberaubend, ganz Paris liegt einem zu Füßen.",Google Maps
R000959,2025-01-06,de,2,negative,Prix / Tarification,prix,"Viel zu teuer, besonders Essen und Getränke.",TripAdvisor
R000960,2025-01-16,en,2,negative,File d'attente,file_attente,"Waited over 2 hours in line even with online tickets, awful.",Google Maps
R000961,2024-08-11,en,3,neutral,Général,generique,"Decent visit, nothing extraordinary but worth doing once.",TripAdvisor
R000962,2025-06-22,fr,5,positive,Expérience globale,experience,"Moment magique en famille, les enfants ont adoré.",Google Maps
R000963,2024-03-19,en,2,negative,File d'attente,file_attente,"The queue was insane, plan a whole day for this visit.",TripAdvisor
R000964,2024-05-22,fr,5,positive,Personnel / Accueil,personnel,"Le staff est multilingue et très serviable, parfait pour les touristes.",Google Maps
R000965,2024-01-30,de,5,positive,Expérience globale,experience,"Magische Erfahrung, das Monument ist live noch beeindruckender.",Google Maps
R000966,2024-11-10,fr,5,positive,Expérience globale,experience,"Une expérience magique, le monument est encore plus impressionnant en vrai.",TripAdvisor
R000967,2025-05-10,fr,4,positive,Expérience globale,experience,"Une expérience magique, le monument est encore plus impressionnant en vrai.",Google Maps
R000968,2025-04-25,fr,5,positive,Expérience globale,experience,"Moment magique en famille, les enfants ont adoré.",TripAdvisor
R000969,2024-05-06,fr,5,positive,Expérience globale,experience,"Une expérience magique, le monument est encore plus impressionnant en vrai.",Booking
R000970,2024-12-25,fr,3,neutral,Général,generique,Ça vaut le coup de le voir une fois dans sa vie.,TripAdvisor
R000971,2024-06-13,fr,1,negative,Ascenseurs,ascenseur,"Ascenseurs souvent en maintenance, prévoyez les escaliers.",Google Maps
R000972,2024-01-15,es,5,positive,Vue / Panorama,vue,"La vista desde la cima es impresionante, se ve todo París.",Google Maps
R000973,2024-04-11,en,3,neutral,Général,generique,"Decent visit, nothing extraordinary but worth doing once.",Booking
R000974,2025-08-26,de,3,neutral,Général,generique,"Iconic monument, the experience is okay overall.",TripAdvisor
R000975,2025-06-10,en,5,positive,Personnel / Accueil,personnel,"Great team, super welcoming and professional throughout.",TripAdvisor
R000976,2024-04-22,fr,3,neutral,Général,generique,Monument iconique mais l'expérience reste classique.,Google Maps
R000977,2025-05-20,en,4,positive,Personnel / Accueil,personnel,"Staff was very friendly and helpful, spoke perfect English.",TripAdvisor
R000978,2025-03-30,fr,5,positive,Personnel / Accueil,personnel,"Accueil chaleureux et équipe efficace, merci pour cette belle visite.",TripAdvisor
R000979,2024-03-12,en,3,neutral,Général,generique,"Decent visit, nothing extraordinary but worth doing once.",Google Maps
R000980,2024-01-14,es,3,neutral,Général,generique,"Decent visit, nothing extraordinary but worth doing once.",Booking
R000981,2025-02-08,en,4,positive,Personnel / Accueil,personnel,"Staff was very friendly and helpful, spoke perfect English.",TripAdvisor
R000982,2024-07-22,en,5,positive,Vue / Panorama,vue,"The view from the top is absolutely breathtaking, you can see all of Paris.",TripAdvisor
R000983,2025-03-10,en,3,neutral,Général,generique,"Decent visit, nothing extraordinary but worth doing once.",Google Maps
R000984,2025-10-21,fr,2,negative,Sécurité,securite,"Pickpockets très présents, faites très attention à vos affaires.",Booking
R000985,2024-05-30,en,2,negative,Sécurité,securite,Felt unsafe with all the street vendors harassing tourists.,Google Maps
R000986,2024-05-17,fr,5,positive,Personnel / Accueil,personnel,"Personnel très accueillant et professionnel, toujours souriant.",TripAdvisor
R000987,2025-01-26,es,2,negative,Prix / Tarification,prix,"Precios excesivos, sobre todo la comida en el lugar.",Google Maps
R000988,2025-11-07,en,5,positive,Expérience globale,experience,"Truly magical experience, the monument is even more impressive in person.",Google Maps
R000989,2025-05-17,es,2,negative,File d'attente,file_attente,Demasiada espera incluso con entradas online.,Google Maps
R000990,2024-05-01,en,2,negative,File d'attente,file_attente,"Waited over 2 hours in line even with online tickets, awful.",TripAdvisor
R000991,2025-07-24,fr,4,positive,Personnel / Accueil,personnel,"Personnel très accueillant et professionnel, toujours souriant.",Google Maps
R000992,2025-03-17,es,3,neutral,Général,generique,"Iconic monument, the experience is okay overall.",TripAdvisor
R000993,2025-11-06,en,5,positive,Vue / Panorama,vue,"Amazing 360 view, we could see the Sacre-Coeur and even further.",Google Maps
R000994,2025-02-04,en,5,positive,Expérience globale,experience,"Truly magical experience, the monument is even more impressive in person.",TripAdvisor
R000995,2024-10-18,en,5,positive,Expérience globale,experience,"Perfect family day, kids loved every minute of it.",TripAdvisor
R000996,2025-08-20,fr,5,positive,Personnel / Accueil,personnel,"Le staff est multilingue et très serviable, parfait pour les touristes.",TripAdvisor
R000997,2024-12-31,de,5,positive,Vue / Panorama,vue,"Wunderschöner Panoramablick, vor allem bei Sonnenuntergang.",TripAdvisor
R000998,2024-03-08,fr,5,positive,Vue / Panorama,vue,"Vue magnifique au coucher du soleil, un moment inoubliable avec ma famille.",Google Maps
R000999,2025-11-04,fr,4,positive,Expérience globale,experience,"Visite parfaite, organisation au top, je recommande vivement.",Google Maps
R001000,2025-04-25,en,3,neutral,Général,generique,"Decent visit, nothing extraordinary but worth doing once.",Google Maps
R001001,2025-05-15,it,5,positive,Vue / Panorama,vue,"Panorama spettacolare al tramonto, momento indimenticabile.",TripAdvisor
R001002,2024-11-02,en,4,positive,Expérience globale,experience,"Perfect family day, kids loved every minute of it.",TripAdvisor
R001003,2024-09-28,en,4,positive,Vue / Panorama,vue,"Amazing 360 view, we could see the Sacre-Coeur and even further.",TripAdvisor
R001004,2025-08-15,it,5,positive,Vue / Panorama,vue,"Vista mozzafiato dalla cima, si vede tutta Parigi.",TripAdvisor
R001005,2024-12-21,en,5,positive,Expérience globale,experience,"Perfect family day, kids loved every minute of it.",Google Maps
R001006,2024-11-16,en,5,positive,Personnel / Accueil,personnel,"Great team, super welcoming and professional throughout.",TripAdvisor
R001007,2025-10-04,en,2,negative,Sécurité,securite,"Watch out for pickpockets, they are everywhere around the tower.",Google Maps
R001008,2025-10-15,de,4,positive,Vue / Panorama,vue,"Wunderschöner Panoramablick, vor allem bei Sonnenuntergang.",Google Maps
R001009,2025-01-08,en,2,negative,Sécurité,securite,"Watch out for pickpockets, they are everywhere around the tower.",TripAdvisor
R001010,2024-03-06,fr,2,negative,Ascenseurs,ascenseur,"Un seul ascenseur fonctionnait, attente énorme pour redescendre.",Google Maps
R001011,2025-09-07,de,4,positive,Expérience globale,experience,"Magische Erfahrung, das Monument ist live noch beeindruckender.",TripAdvisor
R001012,2024-11-13,fr,5,positive,Vue / Panorama,vue,"Panorama exceptionnel sur Paris, on voit jusqu'au Sacré-Cœur et la Défense.",TripAdvisor
R001013,2024-10-06,en,4,positive,Expérience globale,experience,"Truly magical experience, the monument is even more impressive in person.",TripAdvisor
R001014,2024-02-13,fr,2,negative,Sécurité,securite,"Trop de vendeurs à la sauvette autour, sentiment d'insécurité.",Booking
R001015,2024-03-06,en,5,positive,Vue / Panorama,vue,"Stunning panorama, especially at sunset. A must-visit in Paris.",Booking
R001016,2024-05-23,en,5,positive,Expérience globale,experience,"Truly magical experience, the monument is even more impressive in person.",TripAdvisor
R001017,2025-08-17,en,5,positive,Vue / Panorama,vue,"Amazing 360 view, we could see the Sacre-Coeur and even further.",Booking
R001018,2024-11-16,de,5,positive,Vue / Panorama,vue,"Die Aussicht vom Gipfel ist atemberaubend, ganz Paris liegt einem zu Füßen.",TripAdvisor
R001019,2024-08-11,en,5,positive,Expérience globale,experience,"Truly magical experience, the monument is even more impressive in person.",TripAdvisor
R001020,2024-09-17,fr,3,neutral,Général,generique,Monument iconique mais l'expérience reste classique.,Google Maps
R001021,2025-03-09,fr,5,positive,Expérience globale,experience,"Une expérience magique, le monument est encore plus impressionnant en vrai.",TripAdvisor
R001022,2025-01-11,fr,5,positive,Vue / Panorama,vue,"Vue magnifique au coucher du soleil, un moment inoubliable avec ma famille.",Google Maps
R001023,2025-11-09,fr,3,neutral,Général,generique,Ça vaut le coup de le voir une fois dans sa vie.,Google Maps
R001024,2025-07-19,fr,3,neutral,Général,generique,Monument iconique mais l'expérience reste classique.,TripAdvisor
R001025,2025-03-29,en,2,negative,File d'attente,file_attente,"Endless lines at every floor, terrible organization.",TripAdvisor
R001026,2024-08-29,de,4,positive,Expérience globale,experience,"Magische Erfahrung, das Monument ist live noch beeindruckender.",TripAdvisor
R001027,2025-10-21,de,5,positive,Expérience globale,experience,"Magische Erfahrung, das Monument ist live noch beeindruckender.",TripAdvisor
R001028,2025-02-26,fr,3,neutral,Général,generique,Monument iconique mais l'expérience reste classique.,Booking
R001029,2025-06-02,en,5,positive,Vue / Panorama,vue,"The view from the top is absolutely breathtaking, you can see all of Paris.",TripAdvisor
R001030,2024-02-23,en,2,negative,Ascenseurs,ascenseur,"Only one lift working, massive wait to go back down.",Google Maps
R001031,2024-07-23,fr,4,positive,Expérience globale,experience,"Une expérience magique, le monument est encore plus impressionnant en vrai.",Google Maps
R001032,2025-10-26,fr,5,positive,Vue / Panorama,vue,"Panorama exceptionnel sur Paris, on voit jusqu'au Sacré-Cœur et la Défense.",Google Maps
R001033,2024-05-16,de,2,negative,Prix / Tarification,prix,"Viel zu teuer, besonders Essen und Getränke.",TripAdvisor
R001034,2025-01-11,en,1,negative,Ascenseurs,ascenseur,"Elevator broke down during our visit, total disappointment.",TripAdvisor
R001035,2024-01-24,de,3,neutral,Général,generique,"Decent visit, nothing extraordinary but worth doing once.",Booking
R001036,2024-06-21,en,1,negative,File d'attente,file_attente,"The queue was insane, plan a whole day for this visit.",TripAdvisor
R001037,2024-06-23,en,5,positive,Vue / Panorama,vue,"The view from the top is absolutely breathtaking, you can see all of Paris.",Booking
R001038,2025-05-21,fr,2,negative,Propreté,proprete,"Beaucoup de déchets autour du monument, dommage pour l'image.",TripAdvisor
R001039,2025-01-26,en,5,positive,Personnel / Accueil,personnel,"Great team, super welcoming and professional throughout.",TripAdvisor
R001040,2025-02-22,de,5,positive,Expérience globale,experience,"Magische Erfahrung, das Monument ist live noch beeindruckender.",Google Maps
R001041,2025-04-06,fr,3,neutral,Général,generique,Ça vaut le coup de le voir une fois dans sa vie.,Booking
R001042,2024-05-16,en,1,negative,Sécurité,securite,"Watch out for pickpockets, they are everywhere around the tower.",Google Maps
R001043,2025-09-03,it,5,positive,Vue / Panorama,vue,"Panorama spettacolare al tramonto, momento indimenticabile.",TripAdvisor
R001044,2024-12-28,fr,5,positive,Personnel / Accueil,personnel,"Personnel très accueillant et professionnel, toujours souriant.",Booking
R001045,2024-09-16,de,3,neutral,Général,generique,"Decent visit, nothing extraordinary but worth doing once.",Google Maps
R001046,2025-07-26,en,3,neutral,Général,generique,"Decent visit, nothing extraordinary but worth doing once.",TripAdvisor
R001047,2024-05-15,fr,5,positive,Personnel / Accueil,personnel,"Le staff est multilingue et très serviable, parfait pour les touristes.",TripAdvisor
R001048,2024-05-10,en,5,positive,Personnel / Accueil,personnel,"Staff was very friendly and helpful, spoke perfect English.",TripAdvisor
R001049,2024-09-26,it,4,positive,Vue / Panorama,vue,"Panorama spettacolare al tramonto, momento indimenticabile.",Google Maps
R001050,2024-11-19,es,5,positive,Expérience globale,experience,"Visita perfecta en familia, los niños lo adoraron.",Google Maps
R001051,2024-07-12,en,3,neutral,Général,generique,"Decent visit, nothing extraordinary but worth doing once.",TripAdvisor
R001052,2025-03-22,fr,5,positive,Personnel / Accueil,personnel,"Personnel très accueillant et professionnel, toujours souriant.",TripAdvisor
R001053,2025-07-28,de,5,positive,Expérience globale,experience,"Magische Erfahrung, das Monument ist live noch beeindruckender.",TripAdvisor
R001054,2024-12-23,en,3,neutral,Général,generique,"Decent visit, nothing extraordinary but worth doing once.",TripAdvisor
R001055,2025-11-10,de,5,positive,Vue / Panorama,vue,"Wunderschöner Panoramablick, vor allem bei Sonnenuntergang.",Google Maps
R001056,2024-03-19,en,3,neutral,Général,generique,"Iconic monument, the experience is okay overall.",TripAdvisor
R001057,2025-11-27,en,4,positive,Personnel / Accueil,personnel,"Staff was very friendly and helpful, spoke perfect English.",TripAdvisor
R001058,2024-06-06,en,3,neutral,Général,generique,"Iconic monument, the experience is okay overall.",TripAdvisor
R001059,2024-10-02,en,2,negative,Sécurité,securite,Felt unsafe with all the street vendors harassing tourists.,Google Maps
R001060,2025-08-05,fr,3,neutral,Général,generique,Monument iconique mais l'expérience reste classique.,TripAdvisor
R001061,2024-03-13,de,2,negative,Prix / Tarification,prix,"Viel zu teuer, besonders Essen und Getränke.",Google Maps
R001062,2025-02-12,en,4,positive,Personnel / Accueil,personnel,"Staff was very friendly and helpful, spoke perfect English.",TripAdvisor
R001063,2025-10-31,de,5,positive,Expérience globale,experience,"Magische Erfahrung, das Monument ist live noch beeindruckender.",TripAdvisor
R001064,2025-01-02,fr,2,negative,Ascenseurs,ascenseur,"Ascenseurs souvent en maintenance, prévoyez les escaliers.",Google Maps
R001065,2025-05-02,es,5,positive,Expérience globale,experience,"Visita perfecta en familia, los niños lo adoraron.",TripAdvisor
R001066,2025-03-20,en,5,positive,Personnel / Accueil,personnel,"Great team, super welcoming and professional throughout.",Google Maps
R001067,2024-06-07,fr,4,positive,Personnel / Accueil,personnel,"Accueil chaleureux et équipe efficace, merci pour cette belle visite.",Booking
R001068,2024-03-22,en,2,negative,File d'attente,file_attente,"The queue was insane, plan a whole day for this visit.",Booking
R001069,2024-09-11,en,5,positive,Vue / Panorama,vue,"Amazing 360 view, we could see the Sacre-Coeur and even further.",Google Maps
R001070,2025-06-06,fr,5,positive,Vue / Panorama,vue,"La vue depuis le sommet est tout simplement à couper le souffle, Paris s'étend à perte de vue.",TripAdvisor
R001071,2025-08-22,fr,1,negative,Sécurité,securite,"Pickpockets très présents, faites très attention à vos affaires.",TripAdvisor
R001072,2024-07-05,en,4,positive,Expérience globale,experience,"Perfect family day, kids loved every minute of it.",Google Maps
R001073,2025-04-10,fr,5,positive,Expérience globale,experience,"Visite parfaite, organisation au top, je recommande vivement.",Google Maps
R001074,2024-03-21,en,1,negative,Ascenseurs,ascenseur,"Elevator broke down during our visit, total disappointment.",Google Maps
R001075,2025-07-01,en,3,neutral,Général,generique,"Iconic monument, the experience is okay overall.",TripAdvisor
R001076,2025-02-18,en,5,positive,Expérience globale,experience,"Perfect family day, kids loved every minute of it.",Google Maps
R001077,2025-09-23,it,5,positive,Vue / Panorama,vue,"Panorama spettacolare al tramonto, momento indimenticabile.",TripAdvisor
R001078,2024-05-18,en,1,negative,Sécurité,securite,Felt unsafe with all the street vendors harassing tourists.,TripAdvisor
R001079,2025-10-26,fr,4,positive,Vue / Panorama,vue,"La vue depuis le sommet est tout simplement à couper le souffle, Paris s'étend à perte de vue.",TripAdvisor
R001080,2024-11-04,fr,3,neutral,Général,generique,"Visite correcte mais sans plus, attendu plus d'animations.",Google Maps
R001081,2025-03-31,fr,5,positive,Vue / Panorama,vue,"Panorama exceptionnel sur Paris, on voit jusqu'au Sacré-Cœur et la Défense.",Booking
R001082,2024-10-28,en,3,neutral,Général,generique,"Decent visit, nothing extraordinary but worth doing once.",Google Maps
R001083,2025-03-18,es,5,positive,Vue / Panorama,vue,"La vista desde la cima es impresionante, se ve todo París.",Booking
R001084,2025-05-12,de,2,negative,Prix / Tarification,prix,"Viel zu teuer, besonders Essen und Getränke.",Google Maps
R001085,2024-03-03,es,3,neutral,Général,generique,"Decent visit, nothing extraordinary but worth doing once.",Google Maps
R001086,2025-03-03,en,5,positive,Vue / Panorama,vue,"Stunning panorama, especially at sunset. A must-visit in Paris.",Google Maps
R001087,2024-01-22,fr,2,negative,Ascenseurs,ascenseur,"Un seul ascenseur fonctionnait, attente énorme pour redescendre.",TripAdvisor
R001088,2025-08-24,es,5,positive,Expérience globale,experience,"Experiencia mágica, el monumento es aún más impresionante en persona.",Booking
R001089,2024-10-27,en,4,positive,Expérience globale,experience,"Perfect family day, kids loved every minute of it.",Google Maps
R001090,2024-06-14,en,5,positive,Expérience globale,experience,"Perfect family day, kids loved every minute of it.",Google Maps
R001091,2024-06-09,fr,1,negative,Propreté,proprete,"Toilettes pas très propres au deuxième étage, à améliorer.",Google Maps
R001092,2025-07-24,fr,4,positive,Personnel / Accueil,personnel,"Le staff est multilingue et très serviable, parfait pour les touristes.",TripAdvisor
R001093,2024-06-11,fr,3,neutral,Général,generique,Ça vaut le coup de le voir une fois dans sa vie.,TripAdvisor
R001094,2025-09-24,de,5,positive,Vue / Panorama,vue,"Wunderschöner Panoramablick, vor allem bei Sonnenuntergang.",TripAdvisor
R001095,2025-07-24,en,5,positive,Personnel / Accueil,personnel,"Great team, super welcoming and professional throughout.",TripAdvisor
R001096,2025-03-24,fr,2,negative,Sécurité,securite,"Trop de vendeurs à la sauvette autour, sentiment d'insécurité.",Google Maps
R001097,2024-02-12,it,2,negative,File d'attente,file_attente,"Coda interminabile di oltre 2 ore, un incubo.",Google Maps
R001098,2024-10-26,fr,4,positive,Vue / Panorama,vue,"Vue magnifique au coucher du soleil, un moment inoubliable avec ma famille.",Google Maps
R001099,2024-12-08,es,5,positive,Vue / Panorama,vue,"La vista desde la cima es impresionante, se ve todo París.",Google Maps
R001100,2025-04-30,fr,4,positive,Personnel / Accueil,personnel,"Personnel très accueillant et professionnel, toujours souriant.",TripAdvisor
R001101,2025-11-11,en,5,positive,Personnel / Accueil,personnel,"Great team, super welcoming and professional throughout.",TripAdvisor
R001102,2025-02-27,es,5,positive,Vue / Panorama,vue,"La vista desde la cima es impresionante, se ve todo París.",Booking
R001103,2025-03-29,de,3,neutral,Général,generique,"Decent visit, nothing extraordinary but worth doing once.",TripAdvisor
R001104,2025-02-15,fr,1,negative,File d'attente,file_attente,"File d'attente interminable, plus de 2 heures sous le soleil sans ombre.",Booking
R001105,2024-02-29,fr,5,positive,Vue / Panorama,vue,"Panorama exceptionnel sur Paris, on voit jusqu'au Sacré-Cœur et la Défense.",Booking
R001106,2025-11-28,it,2,negative,Prix / Tarification,prix,"Prezzi eccessivi, soprattutto la ristorazione.",Google Maps
R001107,2024-10-13,de,1,negative,Prix / Tarification,prix,"Viel zu teuer, besonders Essen und Getränke.",Booking
R001108,2025-07-11,en,5,positive,Personnel / Accueil,personnel,"Great team, super welcoming and professional throughout.",Google Maps
R001109,2024-11-04,en,5,positive,Personnel / Accueil,personnel,"Great team, super welcoming and professional throughout.",TripAdvisor
R001110,2025-07-07,en,5,positive,Expérience globale,experience,"Truly magical experience, the monument is even more impressive in person.",TripAdvisor
R001111,2024-06-12,fr,5,positive,Expérience globale,experience,"Visite parfaite, organisation au top, je recommande vivement.",TripAdvisor
R001112,2024-11-07,de,5,positive,Expérience globale,experience,"Magische Erfahrung, das Monument ist live noch beeindruckender.",Google Maps
R001113,2025-06-03,it,4,positive,Vue / Panorama,vue,"Panorama spettacolare al tramonto, momento indimenticabile.",TripAdvisor
R001114,2024-01-06,fr,1,negative,File d'attente,file_attente,"Attente beaucoup trop longue malgré la réservation en ligne, c'est inacceptable.",TripAdvisor
R001115,2025-11-13,it,1,negative,File d'attente,file_attente,"Coda interminabile di oltre 2 ore, un incubo.",Google Maps
R001116,2025-06-12,en,1,negative,Sécurité,securite,"Watch out for pickpockets, they are everywhere around the tower.",Google Maps
R001117,2025-02-25,es,5,positive,Vue / Panorama,vue,"La vista desde la cima es impresionante, se ve todo París.",TripAdvisor
R001118,2025-04-01,fr,3,neutral,Général,generique,"Visite correcte mais sans plus, attendu plus d'animations.",TripAdvisor
R001119,2025-08-21,en,5,positive,Expérience globale,experience,"Perfect family day, kids loved every minute of it.",TripAdvisor
R001120,2024-05-27,en,5,positive,Personnel / Accueil,personnel,"Great team, super welcoming and professional throughout.",Google Maps
R001121,2025-04-11,en,5,positive,Expérience globale,experience,"Truly magical experience, the monument is even more impressive in person.",TripAdvisor
R001122,2025-09-08,es,3,neutral,Général,generique,"Decent visit, nothing extraordinary but worth doing once.",Google Maps
R001123,2024-04-30,fr,5,positive,Personnel / Accueil,personnel,"Personnel très accueillant et professionnel, toujours souriant.",TripAdvisor
R001124,2024-05-25,it,5,positive,Vue / Panorama,vue,"Vista mozzafiato dalla cima, si vede tutta Parigi.",Google Maps
R001125,2024-08-08,en,3,neutral,Général,generique,"Iconic monument, the experience is okay overall.",TripAdvisor
R001126,2025-03-03,es,5,positive,Expérience globale,experience,"Experiencia mágica, el monumento es aún más impresionante en persona.",TripAdvisor
R001127,2025-09-12,fr,5,positive,Personnel / Accueil,personnel,"Le staff est multilingue et très serviable, parfait pour les touristes.",TripAdvisor
R001128,2024-11-29,fr,1,negative,Propreté,proprete,"Beaucoup de déchets autour du monument, dommage pour l'image.",TripAdvisor
R001129,2024-12-13,en,2,negative,Sécurité,securite,"Watch out for pickpockets, they are everywhere around the tower.",Google Maps
R001130,2024-06-18,it,3,neutral,Général,generique,"Decent visit, nothing extraordinary but worth doing once.",Google Maps
R001131,2024-03-28,en,2,negative,Ascenseurs,ascenseur,"Elevator broke down during our visit, total disappointment.",TripAdvisor
R001132,2025-05-02,en,5,positive,Vue / Panorama,vue,"Amazing 360 view, we could see the Sacre-Coeur and even further.",Google Maps
R001133,2024-10-08,fr,2,negative,Sécurité,securite,"Trop de vendeurs à la sauvette autour, sentiment d'insécurité.",Google Maps
R001134,2025-06-30,fr,1,negative,Sécurité,securite,"Pickpockets très présents, faites très attention à vos affaires.",Google Maps
R001135,2025-02-28,en,5,positive,Vue / Panorama,vue,"Stunning panorama, especially at sunset. A must-visit in Paris.",TripAdvisor
R001136,2025-07-08,en,5,positive,Vue / Panorama,vue,"The view from the top is absolutely breathtaking, you can see all of Paris.",TripAdvisor
R001137,2025-02-21,fr,5,positive,Vue / Panorama,vue,"Panorama exceptionnel sur Paris, on voit jusqu'au Sacré-Cœur et la Défense.",Google Maps
R001138,2024-02-29,fr,3,neutral,Général,generique,"Visite correcte mais sans plus, attendu plus d'animations.",TripAdvisor
R001139,2024-05-03,fr,5,positive,Personnel / Accueil,personnel,"Le staff est multilingue et très serviable, parfait pour les touristes.",TripAdvisor
R001140,2025-05-31,fr,5,positive,Vue / Panorama,vue,"Spectacle incroyable de nuit avec les illuminations, je recommande absolument.",TripAdvisor
R001141,2025-05-10,fr,5,positive,Personnel / Accueil,personnel,"Accueil chaleureux et équipe efficace, merci pour cette belle visite.",TripAdvisor
R001142,2025-07-21,en,3,neutral,Général,generique,"Iconic monument, the experience is okay overall.",Booking
R001143,2025-02-20,en,5,positive,Expérience globale,experience,"Truly magical experience, the monument is even more impressive in person.",TripAdvisor
R001144,2024-06-21,de,5,positive,Vue / Panorama,vue,"Wunderschöner Panoramablick, vor allem bei Sonnenuntergang.",Google Maps
R001145,2025-04-20,en,4,positive,Expérience globale,experience,"Perfect family day, kids loved every minute of it.",Booking
R001146,2025-05-08,en,1,negative,Prix / Tarification,prix,"Ridiculously overpriced, especially food and drinks.",TripAdvisor
R001147,2025-06-06,fr,1,negative,Ascenseurs,ascenseur,"Ascenseurs souvent en maintenance, prévoyez les escaliers.",TripAdvisor
R001148,2024-05-05,fr,4,positive,Vue / Panorama,vue,"Vue magnifique au coucher du soleil, un moment inoubliable avec ma famille.",Google Maps
R001149,2025-09-17,es,3,neutral,Général,generique,"Decent visit, nothing extraordinary but worth doing once.",Google Maps
R001150,2025-04-08,es,3,neutral,Général,generique,"Iconic monument, the experience is okay overall.",TripAdvisor
R001151,2024-12-02,en,5,positive,Vue / Panorama,vue,"Stunning panorama, especially at sunset. A must-visit in Paris.",TripAdvisor
R001152,2024-01-10,en,2,negative,File d'attente,file_attente,"Endless lines at every floor, terrible organization.",Google Maps
R001153,2025-07-05,en,3,neutral,Général,generique,"Iconic monument, the experience is okay overall.",TripAdvisor
R001154,2024-12-27,de,2,negative,File d'attente,file_attente,"Riesige Schlangen auf jeder Ebene, sehr enttäuschend.",Booking
R001155,2024-01-09,en,5,positive,Personnel / Accueil,personnel,"Staff was very friendly and helpful, spoke perfect English.",TripAdvisor
R001156,2024-10-14,en,5,positive,Vue / Panorama,vue,"The view from the top is absolutely breathtaking, you can see all of Paris.",Google Maps
R001157,2024-08-14,en,5,positive,Expérience globale,experience,"Perfect family day, kids loved every minute of it.",TripAdvisor
R001158,2025-09-12,en,5,positive,Personnel / Accueil,personnel,"Great team, super welcoming and professional throughout.",TripAdvisor
R001159,2025-08-05,fr,2,negative,Propreté,proprete,"Toilettes pas très propres au deuxième étage, à améliorer.",Google Maps
R001160,2025-09-09,fr,5,positive,Expérience globale,experience,"Moment magique en famille, les enfants ont adoré.",Google Maps
R001161,2025-08-06,fr,4,positive,Vue / Panorama,vue,"Panorama exceptionnel sur Paris, on voit jusqu'au Sacré-Cœur et la Défense.",Google Maps
R001162,2024-01-24,de,2,negative,Prix / Tarification,prix,"Viel zu teuer, besonders Essen und Getränke.",Booking
R001163,2025-03-13,en,4,positive,Personnel / Accueil,personnel,"Great team, super welcoming and professional throughout.",Google Maps
R001164,2025-02-20,it,5,positive,Vue / Panorama,vue,"Panorama spettacolare al tramonto, momento indimenticabile.",TripAdvisor
R001165,2024-08-17,en,5,positive,Personnel / Accueil,personnel,"Staff was very friendly and helpful, spoke perfect English.",TripAdvisor
R001166,2024-12-08,de,5,positive,Expérience globale,experience,"Magische Erfahrung, das Monument ist live noch beeindruckender.",TripAdvisor
R001167,2025-03-09,en,5,positive,Expérience globale,experience,"Truly magical experience, the monument is even more impressive in person.",Booking
R001168,2025-10-02,de,4,positive,Expérience globale,experience,"Magische Erfahrung, das Monument ist live noch beeindruckender.",TripAdvisor
R001169,2025-04-29,en,1,negative,Ascenseurs,ascenseur,"Only one lift working, massive wait to go back down.",TripAdvisor
R001170,2025-09-06,en,5,positive,Personnel / Accueil,personnel,"Staff was very friendly and helpful, spoke perfect English.",Google Maps
R001171,2024-02-04,es,2,negative,File d'attente,file_attente,"Cola interminable de más de 2 horas, una pesadilla.",TripAdvisor
R001172,2025-03-28,de,2,negative,File d'attente,file_attente,"Endlose Warteschlange, über 2 Stunden trotz Online-Ticket.",TripAdvisor
R001173,2024-02-23,en,4,positive,Vue / Panorama,vue,"Amazing 360 view, we could see the Sacre-Coeur and even further.",TripAdvisor
R001174,2025-11-06,en,5,positive,Personnel / Accueil,personnel,"Staff was very friendly and helpful, spoke perfect English.",Google Maps
R001175,2025-11-22,en,5,positive,Personnel / Accueil,personnel,"Staff was very friendly and helpful, spoke perfect English.",Google Maps
R001176,2025-09-01,en,4,positive,Vue / Panorama,vue,"The view from the top is absolutely breathtaking, you can see all of Paris.",Google Maps
R001177,2024-12-29,en,3,neutral,Général,generique,"Iconic monument, the experience is okay overall.",TripAdvisor
R001178,2024-03-02,es,5,positive,Vue / Panorama,vue,"La vista desde la cima es impresionante, se ve todo París.",TripAdvisor
R001179,2025-07-08,en,5,positive,Expérience globale,experience,"Perfect family day, kids loved every minute of it.",Google Maps
R001180,2024-01-09,fr,5,positive,Personnel / Accueil,personnel,"Le staff est multilingue et très serviable, parfait pour les touristes.",Google Maps
R001181,2025-07-26,en,5,positive,Vue / Panorama,vue,"Amazing 360 view, we could see the Sacre-Coeur and even further.",Google Maps
R001182,2024-03-11,en,5,positive,Vue / Panorama,vue,"Amazing 360 view, we could see the Sacre-Coeur and even further.",TripAdvisor
R001183,2025-08-02,en,2,negative,Sécurité,securite,Felt unsafe with all the street vendors harassing tourists.,Booking
R001184,2024-02-13,en,5,positive,Vue / Panorama,vue,"The view from the top is absolutely breathtaking, you can see all of Paris.",TripAdvisor
R001185,2024-09-01,de,2,negative,File d'attente,file_attente,"Riesige Schlangen auf jeder Ebene, sehr enttäuschend.",TripAdvisor
R001186,2024-01-07,es,2,negative,Prix / Tarification,prix,"Precios excesivos, sobre todo la comida en el lugar.",TripAdvisor
R001187,2024-07-18,fr,4,positive,Vue / Panorama,vue,"Panorama exceptionnel sur Paris, on voit jusqu'au Sacré-Cœur et la Défense.",Google Maps
R001188,2024-06-27,de,4,positive,Vue / Panorama,vue,"Die Aussicht vom Gipfel ist atemberaubend, ganz Paris liegt einem zu Füßen.",TripAdvisor
R001189,2024-01-23,fr,4,positive,Expérience globale,experience,"Une expérience magique, le monument est encore plus impressionnant en vrai.",TripAdvisor
R001190,2024-04-23,fr,5,positive,Expérience globale,experience,"Une expérience magique, le monument est encore plus impressionnant en vrai.",TripAdvisor
R001191,2025-06-23,fr,5,positive,Personnel / Accueil,personnel,"Le staff est multilingue et très serviable, parfait pour les touristes.",Booking
R001192,2024-05-27,it,3,neutral,Général,generique,"Decent visit, nothing extraordinary but worth doing once.",Google Maps
R001193,2024-11-21,fr,5,positive,Expérience globale,experience,"Visite parfaite, organisation au top, je recommande vivement.",Google Maps
R001194,2024-10-28,it,5,positive,Vue / Panorama,vue,"Vista mozzafiato dalla cima, si vede tutta Parigi.",Google Maps
R001195,2025-08-21,en,5,positive,Personnel / Accueil,personnel,"Staff was very friendly and helpful, spoke perfect English.",Google Maps
R001196,2024-06-20,fr,5,positive,Personnel / Accueil,personnel,"Accueil chaleureux et équipe efficace, merci pour cette belle visite.",Google Maps
R001197,2024-07-02,es,2,negative,Prix / Tarification,prix,Entradas demasiado caras para una familia.,TripAdvisor
R001198,2025-02-14,en,1,negative,Sécurité,securite,Felt unsafe with all the street vendors harassing tourists.,Google Maps
R001199,2025-04-07,es,2,negative,File d'attente,file_attente,"Cola interminable de más de 2 horas, una pesadilla.",Google Maps
R001200,2025-01-18,en,5,positive,Personnel / Accueil,personnel,"Staff was very friendly and helpful, spoke perfect English.",TripAdvisor
R001201,2024-08-23,fr,2,negative,Ascenseurs,ascenseur,"Un seul ascenseur fonctionnait, attente énorme pour redescendre.",Google Maps
R001202,2025-02-22,en,2,negative,Sécurité,securite,Felt unsafe with all the street vendors harassing tourists.,TripAdvisor
R001203,2024-09-28,en,5,positive,Vue / Panorama,vue,"The view from the top is absolutely breathtaking, you can see all of Paris.",Google Maps
R001204,2024-08-21,en,5,positive,Expérience globale,experience,"Truly magical experience, the monument is even more impressive in person.",TripAdvisor
R001205,2024-12-03,fr,4,positive,Vue / Panorama,vue,"Vue magnifique au coucher du soleil, un moment inoubliable avec ma famille.",TripAdvisor
R001206,2024-05-21,es,2,negative,Prix / Tarification,prix,"Precios excesivos, sobre todo la comida en el lugar.",Booking
R001207,2024-10-15,es,2,negative,Prix / Tarification,prix,"Precios excesivos, sobre todo la comida en el lugar.",Google Maps
R001208,2025-06-08,es,5,positive,Expérience globale,experience,"Experiencia mágica, el monumento es aún más impresionante en persona.",Booking
R001209,2024-08-02,it,3,neutral,Général,generique,"Decent visit, nothing extraordinary but worth doing once.",TripAdvisor
R001210,2024-03-28,en,1,negative,Sécurité,securite,Felt unsafe with all the street vendors harassing tourists.,TripAdvisor
R001211,2025-07-25,fr,2,negative,Propreté,proprete,"Toilettes pas très propres au deuxième étage, à améliorer.",TripAdvisor
R001212,2024-01-10,fr,3,neutral,Général,generique,Ça vaut le coup de le voir une fois dans sa vie.,TripAdvisor
R001213,2025-02-17,en,5,positive,Vue / Panorama,vue,"Stunning panorama, especially at sunset. A must-visit in Paris.",Google Maps
R001214,2024-02-02,en,5,positive,Expérience globale,experience,"Truly magical experience, the monument is even more impressive in person.",Booking
R001215,2025-10-06,fr,3,neutral,Général,generique,Ça vaut le coup de le voir une fois dans sa vie.,Google Maps
R001216,2025-02-04,de,4,positive,Expérience globale,experience,"Magische Erfahrung, das Monument ist live noch beeindruckender.",TripAdvisor
R001217,2024-11-07,en,5,positive,Personnel / Accueil,personnel,"Great team, super welcoming and professional throughout.",TripAdvisor
R001218,2024-07-22,fr,4,positive,Vue / Panorama,vue,"Spectacle incroyable de nuit avec les illuminations, je recommande absolument.",TripAdvisor
R001219,2024-03-12,it,5,positive,Vue / Panorama,vue,"Panorama spettacolare al tramonto, momento indimenticabile.",TripAdvisor
R001220,2024-04-23,en,5,positive,Personnel / Accueil,personnel,"Great team, super welcoming and professional throughout.",TripAdvisor
R001221,2024-07-29,en,1,negative,Sécurité,securite,"Watch out for pickpockets, they are everywhere around the tower.",TripAdvisor
R001222,2025-05-29,es,2,negative,File d'attente,file_attente,Demasiada espera incluso con entradas online.,Google Maps
R001223,2025-02-12,en,4,positive,Vue / Panorama,vue,"Stunning panorama, especially at sunset. A must-visit in Paris.",Google Maps
R001224,2025-08-12,fr,5,positive,Expérience globale,experience,"Visite parfaite, organisation au top, je recommande vivement.",TripAdvisor
R001225,2024-10-31,fr,2,negative,Propreté,proprete,"Beaucoup de déchets autour du monument, dommage pour l'image.",TripAdvisor
R001226,2024-07-02,es,3,neutral,Général,generique,"Decent visit, nothing extraordinary but worth doing once.",Google Maps
R001227,2024-02-14,es,5,positive,Vue / Panorama,vue,"La vista desde la cima es impresionante, se ve todo París.",TripAdvisor
R001228,2024-08-10,de,5,positive,Expérience globale,experience,"Magische Erfahrung, das Monument ist live noch beeindruckender.",Booking
R001229,2024-04-17,en,1,negative,File d'attente,file_attente,"The queue was insane, plan a whole day for this visit.",Google Maps
R001230,2024-02-15,es,4,positive,Vue / Panorama,vue,"Panorama espectacular al atardecer, momento inolvidable.",TripAdvisor
R001231,2025-02-12,fr,1,negative,Propreté,proprete,"Beaucoup de déchets autour du monument, dommage pour l'image.",Google Maps
R001232,2024-11-30,en,5,positive,Vue / Panorama,vue,"Amazing 360 view, we could see the Sacre-Coeur and even further.",Google Maps
R001233,2025-03-24,en,5,positive,Vue / Panorama,vue,"Amazing 360 view, we could see the Sacre-Coeur and even further.",TripAdvisor
R001234,2025-09-13,es,3,neutral,Général,generique,"Decent visit, nothing extraordinary but worth doing once.",TripAdvisor
R001235,2024-01-12,fr,4,positive,Personnel / Accueil,personnel,"Personnel très accueillant et professionnel, toujours souriant.",Google Maps
R001236,2025-06-29,fr,5,positive,Vue / Panorama,vue,"La vue depuis le sommet est tout simplement à couper le souffle, Paris s'étend à perte de vue.",TripAdvisor
R001237,2025-03-30,en,2,negative,File d'attente,file_attente,"The queue was insane, plan a whole day for this visit.",TripAdvisor
R001238,2024-09-01,fr,1,negative,Prix / Tarification,prix,"Tarifs vraiment excessifs pour ce que c'est, beaucoup trop cher.",TripAdvisor
R001239,2025-11-27,fr,5,positive,Vue / Panorama,vue,"Vue magnifique au coucher du soleil, un moment inoubliable avec ma famille.",Google Maps
R001240,2024-06-20,fr,3,neutral,Général,generique,Ça vaut le coup de le voir une fois dans sa vie.,TripAdvisor
R001241,2025-07-08,en,2,negative,Ascenseurs,ascenseur,"Elevator broke down during our visit, total disappointment.",TripAdvisor
R001242,2024-01-16,en,5,positive,Vue / Panorama,vue,"Stunning panorama, especially at sunset. A must-visit in Paris.",TripAdvisor
R001243,2024-10-12,fr,4,positive,Personnel / Accueil,personnel,"Personnel très accueillant et professionnel, toujours souriant.",Google Maps
R001244,2025-09-05,en,5,positive,Vue / Panorama,vue,"Stunning panorama, especially at sunset. A must-visit in Paris.",TripAdvisor
R001245,2025-09-06,it,2,negative,File d'attente,file_attente,"Coda interminabile di oltre 2 ore, un incubo.",TripAdvisor
R001246,2025-10-12,en,5,positive,Expérience globale,experience,"Truly magical experience, the monument is even more impressive in person.",Google Maps
R001247,2024-12-09,en,3,neutral,Général,generique,"Decent visit, nothing extraordinary but worth doing once.",TripAdvisor
R001248,2025-09-23,de,4,positive,Vue / Panorama,vue,"Die Aussicht vom Gipfel ist atemberaubend, ganz Paris liegt einem zu Füßen.",Google Maps
R001249,2024-03-02,fr,5,positive,Personnel / Accueil,personnel,"Personnel très accueillant et professionnel, toujours souriant.",TripAdvisor
R001250,2024-08-31,en,5,positive,Personnel / Accueil,personnel,"Staff was very friendly and helpful, spoke perfect English.",Booking
R001251,2024-10-11,en,3,neutral,Général,generique,"Decent visit, nothing extraordinary but worth doing once.",TripAdvisor
R001252,2024-08-22,es,5,positive,Expérience globale,experience,"Visita perfecta en familia, los niños lo adoraron.",Google Maps
R001253,2025-11-11,en,5,positive,Expérience globale,experience,"Truly magical experience, the monument is even more impressive in person.",Booking
R001254,2024-07-06,es,2,negative,File d'attente,file_attente,Demasiada espera incluso con entradas online.,TripAdvisor
R001255,2024-02-23,fr,3,neutral,Général,generique,"Visite correcte mais sans plus, attendu plus d'animations.",Google Maps
R001256,2024-07-28,fr,5,positive,Vue / Panorama,vue,"Panorama exceptionnel sur Paris, on voit jusqu'au Sacré-Cœur et la Défense.",TripAdvisor
R001257,2024-09-07,fr,2,negative,Ascenseurs,ascenseur,"Ascenseur en panne le jour de notre visite, déception totale.",TripAdvisor
R001258,2024-07-25,en,5,positive,Expérience globale,experience,"Perfect family day, kids loved every minute of it.",TripAdvisor
R001259,2025-04-27,es,5,positive,Expérience globale,experience,"Visita perfecta en familia, los niños lo adoraron.",TripAdvisor
R001260,2025-01-25,en,1,negative,Prix / Tarification,prix,Tickets are way too expensive for a family of four.,TripAdvisor
R001261,2025-07-04,fr,3,neutral,Général,generique,Ça vaut le coup de le voir une fois dans sa vie.,TripAdvisor
R001262,2025-01-19,es,5,positive,Expérience globale,experience,"Visita perfecta en familia, los niños lo adoraron.",Google Maps
R001263,2024-07-13,en,4,positive,Expérience globale,experience,"Perfect family day, kids loved every minute of it.",TripAdvisor
R001264,2025-03-01,de,2,negative,Prix / Tarification,prix,"Viel zu teuer, besonders Essen und Getränke.",Booking
R001265,2025-08-25,it,5,positive,Vue / Panorama,vue,"Panorama spettacolare al tramonto, momento indimenticabile.",TripAdvisor
R001266,2025-08-02,de,3,neutral,Général,generique,"Iconic monument, the experience is okay overall.",TripAdvisor
R001267,2025-10-12,es,3,neutral,Général,generique,"Iconic monument, the experience is okay overall.",Google Maps
R001268,2024-02-05,en,1,negative,Sécurité,securite,"Watch out for pickpockets, they are everywhere around the tower.",Booking
R001269,2024-05-31,en,2,negative,File d'attente,file_attente,"Endless lines at every floor, terrible organization.",TripAdvisor
R001270,2025-11-09,en,2,negative,Ascenseurs,ascenseur,"Elevator broke down during our visit, total disappointment.",Google Maps
R001271,2024-03-23,fr,2,negative,Propreté,proprete,"Beaucoup de déchets autour du monument, dommage pour l'image.",Google Maps
R001272,2025-05-27,fr,5,positive,Personnel / Accueil,personnel,"Le staff est multilingue et très serviable, parfait pour les touristes.",Booking
R001273,2024-04-01,en,5,positive,Personnel / Accueil,personnel,"Great team, super welcoming and professional throughout.",TripAdvisor
R001274,2025-02-11,en,2,negative,Prix / Tarification,prix,Tickets are way too expensive for a family of four.,Google Maps
R001275,2025-03-03,fr,4,positive,Personnel / Accueil,personnel,"Personnel très accueillant et professionnel, toujours souriant.",Google Maps
R001276,2024-05-17,en,1,negative,Prix / Tarification,prix,"Ridiculously overpriced, especially food and drinks.",TripAdvisor
R001277,2024-08-05,fr,3,neutral,Général,generique,Ça vaut le coup de le voir une fois dans sa vie.,TripAdvisor
R001278,2025-02-22,fr,5,positive,Vue / Panorama,vue,"Vue magnifique au coucher du soleil, un moment inoubliable avec ma famille.",TripAdvisor
R001279,2025-01-21,de,4,positive,Vue / Panorama,vue,"Die Aussicht vom Gipfel ist atemberaubend, ganz Paris liegt einem zu Füßen.",TripAdvisor
R001280,2024-04-13,fr,5,positive,Vue / Panorama,vue,"Spectacle incroyable de nuit avec les illuminations, je recommande absolument.",TripAdvisor
R001281,2024-08-04,fr,3,neutral,Général,generique,"Visite correcte mais sans plus, attendu plus d'animations.",Google Maps
R001282,2024-12-11,fr,5,positive,Personnel / Accueil,personnel,"Le staff est multilingue et très serviable, parfait pour les touristes.",Google Maps
R001283,2025-01-04,en,2,negative,Ascenseurs,ascenseur,"Only one lift working, massive wait to go back down.",Google Maps
R001284,2024-01-04,en,5,positive,Personnel / Accueil,personnel,"Great team, super welcoming and professional throughout.",TripAdvisor
R001285,2025-06-27,en,2,negative,Prix / Tarification,prix,"Ridiculously overpriced, especially food and drinks.",TripAdvisor
R001286,2025-11-05,en,2,negative,Ascenseurs,ascenseur,"Only one lift working, massive wait to go back down.",Google Maps
R001287,2024-11-25,en,2,negative,File d'attente,file_attente,"Endless lines at every floor, terrible organization.",TripAdvisor
R001288,2024-08-27,en,5,positive,Expérience globale,experience,"Perfect family day, kids loved every minute of it.",Google Maps
R001289,2025-05-02,en,5,positive,Vue / Panorama,vue,"Stunning panorama, especially at sunset. A must-visit in Paris.",Booking
R001290,2025-09-13,de,3,neutral,Général,generique,"Iconic monument, the experience is okay overall.",TripAdvisor
R001291,2024-05-10,fr,5,positive,Expérience globale,experience,"Moment magique en famille, les enfants ont adoré.",TripAdvisor
R001292,2025-04-01,fr,1,negative,Sécurité,securite,"Pickpockets très présents, faites très attention à vos affaires.",Booking
R001293,2025-11-06,en,4,positive,Vue / Panorama,vue,"The view from the top is absolutely breathtaking, you can see all of Paris.",Google Maps
R001294,2024-11-30,fr,3,neutral,Général,generique,"Visite correcte mais sans plus, attendu plus d'animations.",Booking
R001295,2025-11-17,es,5,positive,Expérience globale,experience,"Visita perfecta en familia, los niños lo adoraron.",TripAdvisor
R001296,2024-12-06,fr,4,positive,Expérience globale,experience,"Visite parfaite, organisation au top, je recommande vivement.",Google Maps
R001297,2025-01-25,de,1,negative,File d'attente,file_attente,"Riesige Schlangen auf jeder Ebene, sehr enttäuschend.",Google Maps
R001298,2024-08-16,es,3,neutral,Général,generique,"Decent visit, nothing extraordinary but worth doing once.",TripAdvisor
R001299,2024-07-11,fr,5,positive,Personnel / Accueil,personnel,"Accueil chaleureux et équipe efficace, merci pour cette belle visite.",Google Maps
R001300,2024-01-02,fr,5,positive,Personnel / Accueil,personnel,"Le staff est multilingue et très serviable, parfait pour les touristes.",TripAdvisor
R001301,2025-01-08,en,5,positive,Personnel / Accueil,personnel,"Great team, super welcoming and professional throughout.",Google Maps
R001302,2025-07-05,de,5,positive,Vue / Panorama,vue,"Die Aussicht vom Gipfel ist atemberaubend, ganz Paris liegt einem zu Füßen.",Google Maps
R001303,2025-04-11,fr,2,negative,Ascenseurs,ascenseur,"Ascenseur en panne le jour de notre visite, déception totale.",TripAdvisor
R001304,2025-05-29,fr,1,negative,File d'attente,file_attente,"Queue énorme à chaque étage, prévoir une journée entière.",Booking
R001305,2024-08-08,fr,3,neutral,Général,generique,Ça vaut le coup de le voir une fois dans sa vie.,TripAdvisor
R001306,2024-08-03,en,5,positive,Personnel / Accueil,personnel,"Staff was very friendly and helpful, spoke perfect English.",Google Maps
R001307,2025-02-05,de,5,positive,Vue / Panorama,vue,"Die Aussicht vom Gipfel ist atemberaubend, ganz Paris liegt einem zu Füßen.",TripAdvisor
R001308,2025-07-15,es,3,neutral,Général,generique,"Decent visit, nothing extraordinary but worth doing once.",TripAdvisor
R001309,2025-06-24,en,5,positive,Personnel / Accueil,personnel,"Great team, super welcoming and professional throughout.",Google Maps
R001310,2024-05-14,fr,3,neutral,Général,generique,"Visite correcte mais sans plus, attendu plus d'animations.",TripAdvisor
R001311,2025-04-13,es,3,neutral,Général,generique,"Iconic monument, the experience is okay overall.",Google Maps
R001312,2024-08-02,en,5,positive,Personnel / Accueil,personnel,"Great team, super welcoming and professional throughout.",TripAdvisor
R001313,2025-08-12,es,2,negative,File d'attente,file_attente,Demasiada espera incluso con entradas online.,TripAdvisor
R001314,2025-11-26,es,3,neutral,Général,generique,"Iconic monument, the experience is okay overall.",Google Maps
R001315,2024-04-30,de,5,positive,Expérience globale,experience,"Magische Erfahrung, das Monument ist live noch beeindruckender.",Booking
R001316,2024-09-07,en,5,positive,Vue / Panorama,vue,"Amazing 360 view, we could see the Sacre-Coeur and even further.",TripAdvisor
R001317,2025-10-30,fr,5,positive,Expérience globale,experience,"Moment magique en famille, les enfants ont adoré.",Google Maps
R001318,2025-10-27,es,3,neutral,Général,generique,"Iconic monument, the experience is okay overall.",TripAdvisor
R001319,2024-05-04,en,4,positive,Vue / Panorama,vue,"The view from the top is absolutely breathtaking, you can see all of Paris.",TripAdvisor
R001320,2025-08-09,en,5,positive,Vue / Panorama,vue,"Amazing 360 view, we could see the Sacre-Coeur and even further.",TripAdvisor
R001321,2025-10-22,en,5,positive,Expérience globale,experience,"Truly magical experience, the monument is even more impressive in person.",Google Maps
R001322,2025-07-04,fr,5,positive,Personnel / Accueil,personnel,"Personnel très accueillant et professionnel, toujours souriant.",TripAdvisor
R001323,2025-08-21,es,5,positive,Expérience globale,experience,"Experiencia mágica, el monumento es aún más impresionante en persona.",Google Maps
R001324,2025-09-05,es,1,negative,File d'attente,file_attente,"Cola interminable de más de 2 horas, una pesadilla.",Google Maps
R001325,2025-08-11,fr,4,positive,Personnel / Accueil,personnel,"Personnel très accueillant et professionnel, toujours souriant.",TripAdvisor
R001326,2025-06-02,fr,5,positive,Vue / Panorama,vue,"La vue depuis le sommet est tout simplement à couper le souffle, Paris s'étend à perte de vue.",TripAdvisor
R001327,2025-06-15,it,5,positive,Vue / Panorama,vue,"Vista mozzafiato dalla cima, si vede tutta Parigi.",Booking
R001328,2025-06-19,fr,5,positive,Vue / Panorama,vue,"Spectacle incroyable de nuit avec les illuminations, je recommande absolument.",Booking
R001329,2024-02-15,it,5,positive,Vue / Panorama,vue,"Vista mozzafiato dalla cima, si vede tutta Parigi.",TripAdvisor
R001330,2024-08-09,fr,5,positive,Vue / Panorama,vue,"Panorama exceptionnel sur Paris, on voit jusqu'au Sacré-Cœur et la Défense.",Google Maps
R001331,2024-09-23,fr,2,negative,Propreté,proprete,"Toilettes pas très propres au deuxième étage, à améliorer.",TripAdvisor
R001332,2024-05-26,de,5,positive,Vue / Panorama,vue,"Wunderschöner Panoramablick, vor allem bei Sonnenuntergang.",Google Maps
R001333,2025-11-04,fr,1,negative,Prix / Tarification,prix,"Trop cher pour la restauration sur place, comptez 25€ un sandwich.",Google Maps
R001334,2025-03-20,en,5,positive,Vue / Panorama,vue,"Stunning panorama, especially at sunset. A must-visit in Paris.",TripAdvisor
R001335,2025-12-01,it,5,positive,Vue / Panorama,vue,"Vista mozzafiato dalla cima, si vede tutta Parigi.",Google Maps
R001336,2024-05-29,fr,2,negative,Ascenseurs,ascenseur,"Un seul ascenseur fonctionnait, attente énorme pour redescendre.",Google Maps
R001337,2024-04-17,fr,5,positive,Personnel / Accueil,personnel,"Personnel très accueillant et professionnel, toujours souriant.",Google Maps
R001338,2025-05-16,fr,5,positive,Personnel / Accueil,personnel,"Accueil chaleureux et équipe efficace, merci pour cette belle visite.",TripAdvisor
R001339,2024-02-19,en,5,positive,Personnel / Accueil,personnel,"Great team, super welcoming and professional throughout.",TripAdvisor
R001340,2024-05-10,it,5,positive,Vue / Panorama,vue,"Panorama spettacolare al tramonto, momento indimenticabile.",TripAdvisor
R001341,2024-09-30,en,1,negative,Prix / Tarification,prix,"Ridiculously overpriced, especially food and drinks.",TripAdvisor
R001342,2025-04-13,es,3,neutral,Général,generique,"Iconic monument, the experience is okay overall.",TripAdvisor
R001343,2025-06-17,it,2,negative,Prix / Tarification,prix,"Prezzi eccessivi, soprattutto la ristorazione.",Booking
R001344,2025-02-20,de,2,negative,Prix / Tarification,prix,"Viel zu teuer, besonders Essen und Getränke.",Google Maps
R001345,2024-06-18,de,2,negative,File d'attente,file_attente,"Endlose Warteschlange, über 2 Stunden trotz Online-Ticket.",Google Maps
R001346,2025-03-10,fr,5,positive,Personnel / Accueil,personnel,"Personnel très accueillant et professionnel, toujours souriant.",Google Maps
R001347,2025-09-23,de,5,positive,Expérience globale,experience,"Magische Erfahrung, das Monument ist live noch beeindruckender.",TripAdvisor
R001348,2025-11-08,es,4,positive,Expérience globale,experience,"Visita perfecta en familia, los niños lo adoraron.",Booking
R001349,2024-06-21,es,3,neutral,Général,generique,"Iconic monument, the experience is okay overall.",Google Maps
R001350,2024-05-16,de,4,positive,Vue / Panorama,vue,"Die Aussicht vom Gipfel ist atemberaubend, ganz Paris liegt einem zu Füßen.",Google Maps
R001351,2024-04-25,it,5,positive,Vue / Panorama,vue,"Vista mozzafiato dalla cima, si vede tutta Parigi.",TripAdvisor
R001352,2024-10-27,en,1,negative,File d'attente,file_attente,"The queue was insane, plan a whole day for this visit.",TripAdvisor
R001353,2025-10-20,fr,2,negative,Propreté,proprete,"Toilettes pas très propres au deuxième étage, à améliorer.",Google Maps
R001354,2024-12-30,de,3,neutral,Général,generique,"Decent visit, nothing extraordinary but worth doing once.",TripAdvisor
R001355,2024-07-09,en,5,positive,Vue / Panorama,vue,"The view from the top is absolutely breathtaking, you can see all of Paris.",TripAdvisor
R001356,2024-06-06,fr,5,positive,Vue / Panorama,vue,"La vue depuis le sommet est tout simplement à couper le souffle, Paris s'étend à perte de vue.",TripAdvisor
R001357,2025-01-18,de,5,positive,Expérience globale,experience,"Magische Erfahrung, das Monument ist live noch beeindruckender.",TripAdvisor
R001358,2025-11-03,en,5,positive,Personnel / Accueil,personnel,"Staff was very friendly and helpful, spoke perfect English.",Google Maps
R001359,2024-07-22,fr,5,positive,Personnel / Accueil,personnel,"Personnel très accueillant et professionnel, toujours souriant.",TripAdvisor
R001360,2024-02-02,fr,5,positive,Personnel / Accueil,personnel,"Accueil chaleureux et équipe efficace, merci pour cette belle visite.",TripAdvisor
R001361,2025-05-15,fr,4,positive,Expérience globale,experience,"Visite parfaite, organisation au top, je recommande vivement.",Google Maps
R001362,2025-02-02,es,2,negative,Prix / Tarification,prix,Entradas demasiado caras para una familia.,TripAdvisor
R001363,2024-01-14,it,1,negative,File d'attente,file_attente,"Coda interminabile di oltre 2 ore, un incubo.",Google Maps
R001364,2024-01-09,fr,2,negative,Ascenseurs,ascenseur,"Un seul ascenseur fonctionnait, attente énorme pour redescendre.",TripAdvisor
R001365,2025-06-07,fr,5,positive,Personnel / Accueil,personnel,"Personnel très accueillant et professionnel, toujours souriant.",TripAdvisor
R001366,2025-03-15,fr,4,positive,Personnel / Accueil,personnel,"Accueil chaleureux et équipe efficace, merci pour cette belle visite.",TripAdvisor
R001367,2025-08-28,en,2,negative,Prix / Tarification,prix,"Ridiculously overpriced, especially food and drinks.",Google Maps
R001368,2024-07-15,fr,4,positive,Personnel / Accueil,personnel,"Personnel très accueillant et professionnel, toujours souriant.",Booking
R001369,2025-06-21,en,5,positive,Vue / Panorama,vue,"The view from the top is absolutely breathtaking, you can see all of Paris.",TripAdvisor
R001370,2025-06-06,en,5,positive,Personnel / Accueil,personnel,"Great team, super welcoming and professional throughout.",TripAdvisor
R001371,2025-03-04,fr,5,positive,Personnel / Accueil,personnel,"Le staff est multilingue et très serviable, parfait pour les touristes.",TripAdvisor
R001372,2024-11-25,de,5,positive,Vue / Panorama,vue,"Die Aussicht vom Gipfel ist atemberaubend, ganz Paris liegt einem zu Füßen.",TripAdvisor
R001373,2024-07-08,en,3,neutral,Général,generique,"Iconic monument, the experience is okay overall.",TripAdvisor
R001374,2025-11-30,en,5,positive,Vue / Panorama,vue,"The view from the top is absolutely breathtaking, you can see all of Paris.",Google Maps
R001375,2024-10-09,de,4,positive,Expérience globale,experience,"Magische Erfahrung, das Monument ist live noch beeindruckender.",TripAdvisor
R001376,2024-02-12,en,3,neutral,Général,generique,"Decent visit, nothing extraordinary but worth doing once.",Google Maps
R001377,2024-04-11,de,2,negative,File d'attente,file_attente,"Endlose Warteschlange, über 2 Stunden trotz Online-Ticket.",TripAdvisor
R001378,2024-07-25,en,5,positive,Expérience globale,experience,"Perfect family day, kids loved every minute of it.",Google Maps
R001379,2025-07-27,fr,5,positive,Personnel / Accueil,personnel,"Accueil chaleureux et équipe efficace, merci pour cette belle visite.",Booking
R001380,2025-03-05,de,4,positive,Vue / Panorama,vue,"Wunderschöner Panoramablick, vor allem bei Sonnenuntergang.",Google Maps
R001381,2024-05-12,it,2,negative,File d'attente,file_attente,"Coda interminabile di oltre 2 ore, un incubo.",TripAdvisor
R001382,2025-06-29,it,5,positive,Vue / Panorama,vue,"Panorama spettacolare al tramonto, momento indimenticabile.",Google Maps
R001383,2024-10-05,it,5,positive,Vue / Panorama,vue,"Panorama spettacolare al tramonto, momento indimenticabile.",TripAdvisor
R001384,2025-06-09,fr,4,positive,Expérience globale,experience,"Moment magique en famille, les enfants ont adoré.",TripAdvisor
R001385,2024-10-01,en,4,positive,Personnel / Accueil,personnel,"Staff was very friendly and helpful, spoke perfect English.",Google Maps
R001386,2024-05-31,fr,4,positive,Vue / Panorama,vue,"Vue magnifique au coucher du soleil, un moment inoubliable avec ma famille.",Booking
R001387,2024-08-03,fr,5,positive,Vue / Panorama,vue,"Panorama exceptionnel sur Paris, on voit jusqu'au Sacré-Cœur et la Défense.",Google Maps
R001388,2025-07-16,fr,5,positive,Expérience globale,experience,"Visite parfaite, organisation au top, je recommande vivement.",TripAdvisor
R001389,2024-02-28,fr,3,neutral,Général,generique,Monument iconique mais l'expérience reste classique.,Google Maps
R001390,2024-01-17,fr,4,positive,Expérience globale,experience,"Visite parfaite, organisation au top, je recommande vivement.",Google Maps
R001391,2024-09-20,it,2,negative,File d'attente,file_attente,"Coda interminabile di oltre 2 ore, un incubo.",Google Maps
R001392,2024-07-27,en,5,positive,Personnel / Accueil,personnel,"Staff was very friendly and helpful, spoke perfect English.",Google Maps
R001393,2025-03-20,es,1,negative,File d'attente,file_attente,Demasiada espera incluso con entradas online.,TripAdvisor
R001394,2024-06-29,de,4,positive,Vue / Panorama,vue,"Wunderschöner Panoramablick, vor allem bei Sonnenuntergang.",TripAdvisor
R001395,2024-06-30,en,1,negative,Ascenseurs,ascenseur,"Elevator broke down during our visit, total disappointment.",Google Maps
R001396,2025-04-10,en,5,positive,Vue / Panorama,vue,"The view from the top is absolutely breathtaking, you can see all of Paris.",Booking
R001397,2025-01-21,it,5,positive,Vue / Panorama,vue,"Vista mozzafiato dalla cima, si vede tutta Parigi.",TripAdvisor
R001398,2024-03-26,fr,4,positive,Expérience globale,experience,"Une expérience magique, le monument est encore plus impressionnant en vrai.",TripAdvisor
R001399,2024-12-12,de,5,positive,Vue / Panorama,vue,"Die Aussicht vom Gipfel ist atemberaubend, ganz Paris liegt einem zu Füßen.",Google Maps
R001400,2024-11-10,fr,5,positive,Expérience globale,experience,"Visite parfaite, organisation au top, je recommande vivement.",TripAdvisor
R001401,2024-05-06,fr,5,positive,Expérience globale,experience,"Visite parfaite, organisation au top, je recommande vivement.",TripAdvisor
R001402,2024-08-17,fr,4,positive,Vue / Panorama,vue,"Spectacle incroyable de nuit avec les illuminations, je recommande absolument.",TripAdvisor
R001403,2025-12-01,en,4,positive,Expérience globale,experience,"Perfect family day, kids loved every minute of it.",TripAdvisor
R001404,2024-04-22,de,1,negative,File d'attente,file_attente,"Riesige Schlangen auf jeder Ebene, sehr enttäuschend.",TripAdvisor
R001405,2024-03-27,it,4,positive,Vue / Panorama,vue,"Panorama spettacolare al tramonto, momento indimenticabile.",Google Maps
R001406,2025-11-26,en,5,positive,Expérience globale,experience,"Perfect family day, kids loved every minute of it.",TripAdvisor
R001407,2024-10-04,de,2,negative,Prix / Tarification,prix,"Viel zu teuer, besonders Essen und Getränke.",Booking
R001408,2024-06-01,en,3,neutral,Général,generique,"Decent visit, nothing extraordinary but worth doing once.",Google Maps
R001409,2025-05-04,fr,5,positive,Personnel / Accueil,personnel,"Accueil chaleureux et équipe efficace, merci pour cette belle visite.",Google Maps
R001410,2024-11-26,fr,4,positive,Expérience globale,experience,"Visite parfaite, organisation au top, je recommande vivement.",Booking
R001411,2025-02-27,fr,5,positive,Personnel / Accueil,personnel,"Le staff est multilingue et très serviable, parfait pour les touristes.",Google Maps
R001412,2025-07-16,en,5,positive,Expérience globale,experience,"Truly magical experience, the monument is even more impressive in person.",TripAdvisor
R001413,2025-03-07,en,4,positive,Vue / Panorama,vue,"Stunning panorama, especially at sunset. A must-visit in Paris.",Google Maps
R001414,2024-01-03,es,1,negative,File d'attente,file_attente,"Cola interminable de más de 2 horas, una pesadilla.",TripAdvisor
R001415,2024-03-02,de,5,positive,Expérience globale,experience,"Magische Erfahrung, das Monument ist live noch beeindruckender.",Booking
R001416,2025-04-16,en,3,neutral,Général,generique,"Iconic monument, the experience is okay overall.",TripAdvisor
R001417,2024-08-03,de,3,neutral,Général,generique,"Decent visit, nothing extraordinary but worth doing once.",Google Maps
R001418,2024-01-27,fr,4,positive,Expérience globale,experience,"Moment magique en famille, les enfants ont adoré.",Google Maps
R001419,2025-05-03,en,5,positive,Vue / Panorama,vue,"Amazing 360 view, we could see the Sacre-Coeur and even further.",Google Maps
R001420,2024-03-19,de,4,positive,Expérience globale,experience,"Magische Erfahrung, das Monument ist live noch beeindruckender.",TripAdvisor
R001421,2025-06-24,es,5,positive,Vue / Panorama,vue,"Panorama espectacular al atardecer, momento inolvidable.",Google Maps
R001422,2024-01-14,fr,5,positive,Personnel / Accueil,personnel,"Le staff est multilingue et très serviable, parfait pour les touristes.",TripAdvisor
R001423,2024-06-26,fr,3,neutral,Général,generique,Ça vaut le coup de le voir une fois dans sa vie.,Google Maps
R001424,2025-05-28,fr,2,negative,Propreté,proprete,"Beaucoup de déchets autour du monument, dommage pour l'image.",TripAdvisor
R001425,2025-06-18,fr,3,neutral,Général,generique,"Visite correcte mais sans plus, attendu plus d'animations.",TripAdvisor
R001426,2024-07-07,it,1,negative,Prix / Tarification,prix,"Prezzi eccessivi, soprattutto la ristorazione.",Google Maps
R001427,2025-10-30,it,5,positive,Vue / Panorama,vue,"Panorama spettacolare al tramonto, momento indimenticabile.",Google Maps
R001428,2024-04-21,es,4,positive,Expérience globale,experience,"Visita perfecta en familia, los niños lo adoraron.",TripAdvisor
R001429,2024-06-15,en,1,negative,Ascenseurs,ascenseur,"Elevator broke down during our visit, total disappointment.",Google Maps
R001430,2025-10-15,fr,5,positive,Personnel / Accueil,personnel,"Personnel très accueillant et professionnel, toujours souriant.",Booking
R001431,2025-05-10,fr,4,positive,Expérience globale,experience,"Moment magique en famille, les enfants ont adoré.",TripAdvisor
R001432,2024-10-16,fr,3,neutral,Général,generique,Monument iconique mais l'expérience reste classique.,Booking
R001433,2025-11-21,en,5,positive,Personnel / Accueil,personnel,"Great team, super welcoming and professional throughout.",TripAdvisor
R001434,2024-06-02,en,2,negative,File d'attente,file_attente,"Endless lines at every floor, terrible organization.",TripAdvisor
R001435,2025-11-29,es,4,positive,Vue / Panorama,vue,"Panorama espectacular al atardecer, momento inolvidable.",TripAdvisor
R001436,2025-10-31,de,5,positive,Vue / Panorama,vue,"Die Aussicht vom Gipfel ist atemberaubend, ganz Paris liegt einem zu Füßen.",TripAdvisor
R001437,2024-05-14,en,3,neutral,Général,generique,"Iconic monument, the experience is okay overall.",TripAdvisor
R001438,2025-11-30,en,3,neutral,Général,generique,"Decent visit, nothing extraordinary but worth doing once.",TripAdvisor
R001439,2025-05-24,fr,5,positive,Vue / Panorama,vue,"Panorama exceptionnel sur Paris, on voit jusqu'au Sacré-Cœur et la Défense.",TripAdvisor
R001440,2024-03-30,fr,2,negative,Ascenseurs,ascenseur,"Ascenseurs souvent en maintenance, prévoyez les escaliers.",TripAdvisor
R001441,2025-08-13,en,4,positive,Personnel / Accueil,personnel,"Staff was very friendly and helpful, spoke perfect English.",TripAdvisor
R001442,2024-09-19,fr,5,positive,Personnel / Accueil,personnel,"Le staff est multilingue et très serviable, parfait pour les touristes.",Google Maps
R001443,2024-02-10,en,3,neutral,Général,generique,"Iconic monument, the experience is okay overall.",TripAdvisor
R001444,2025-01-10,fr,4,positive,Expérience globale,experience,"Moment magique en famille, les enfants ont adoré.",Google Maps
R001445,2025-04-05,en,5,positive,Vue / Panorama,vue,"Amazing 360 view, we could see the Sacre-Coeur and even further.",TripAdvisor
R001446,2025-07-28,de,2,negative,File d'attente,file_attente,"Endlose Warteschlange, über 2 Stunden trotz Online-Ticket.",TripAdvisor
R001447,2024-08-16,de,5,positive,Vue / Panorama,vue,"Wunderschöner Panoramablick, vor allem bei Sonnenuntergang.",TripAdvisor
R001448,2025-04-21,en,5,positive,Personnel / Accueil,personnel,"Great team, super welcoming and professional throughout.",TripAdvisor
R001449,2024-12-02,fr,4,positive,Personnel / Accueil,personnel,"Le staff est multilingue et très serviable, parfait pour les touristes.",TripAdvisor
R001450,2024-04-27,en,5,positive,Vue / Panorama,vue,"Amazing 360 view, we could see the Sacre-Coeur and even further.",TripAdvisor
R001451,2024-11-23,fr,5,positive,Personnel / Accueil,personnel,"Personnel très accueillant et professionnel, toujours souriant.",Google Maps
R001452,2025-04-29,it,2,negative,File d'attente,file_attente,"Coda interminabile di oltre 2 ore, un incubo.",TripAdvisor
R001453,2025-10-12,fr,4,positive,Expérience globale,experience,"Visite parfaite, organisation au top, je recommande vivement.",TripAdvisor
R001454,2025-04-07,fr,5,positive,Vue / Panorama,vue,"Vue magnifique au coucher du soleil, un moment inoubliable avec ma famille.",Google Maps
R001455,2024-04-04,en,2,negative,Ascenseurs,ascenseur,"Elevator broke down during our visit, total disappointment.",Google Maps
R001456,2024-07-22,en,3,neutral,Général,generique,"Decent visit, nothing extraordinary but worth doing once.",TripAdvisor
R001457,2025-03-23,en,5,positive,Expérience globale,experience,"Truly magical experience, the monument is even more impressive in person.",TripAdvisor
R001458,2025-09-03,en,5,positive,Vue / Panorama,vue,"Amazing 360 view, we could see the Sacre-Coeur and even further.",TripAdvisor
R001459,2024-11-20,es,5,positive,Vue / Panorama,vue,"Panorama espectacular al atardecer, momento inolvidable.",TripAdvisor
R001460,2024-04-26,de,3,neutral,Général,generique,"Iconic monument, the experience is okay overall.",Google Maps
R001461,2024-05-08,en,5,positive,Expérience globale,experience,"Truly magical experience, the monument is even more impressive in person.",Google Maps
R001462,2024-07-11,en,5,positive,Vue / Panorama,vue,"The view from the top is absolutely breathtaking, you can see all of Paris.",TripAdvisor
R001463,2024-07-14,en,5,positive,Personnel / Accueil,personnel,"Staff was very friendly and helpful, spoke perfect English.",Booking
R001464,2024-11-10,en,5,positive,Personnel / Accueil,personnel,"Staff was very friendly and helpful, spoke perfect English.",Google Maps
R001465,2024-12-26,de,2,negative,Prix / Tarification,prix,"Viel zu teuer, besonders Essen und Getränke.",Google Maps
R001466,2024-06-29,en,3,neutral,Général,generique,"Decent visit, nothing extraordinary but worth doing once.",TripAdvisor
R001467,2024-10-18,en,5,positive,Vue / Panorama,vue,"Amazing 360 view, we could see the Sacre-Coeur and even further.",Google Maps
R001468,2024-04-16,en,5,positive,Personnel / Accueil,personnel,"Staff was very friendly and helpful, spoke perfect English.",TripAdvisor
R001469,2025-09-30,fr,3,neutral,Général,generique,Monument iconique mais l'expérience reste classique.,Booking
R001470,2025-03-06,fr,5,positive,Expérience globale,experience,"Une expérience magique, le monument est encore plus impressionnant en vrai.",TripAdvisor
R001471,2024-05-07,es,5,positive,Vue / Panorama,vue,"La vista desde la cima es impresionante, se ve todo París.",TripAdvisor
R001472,2024-08-17,es,5,positive,Expérience globale,experience,"Experiencia mágica, el monumento es aún más impresionante en persona.",Google Maps
R001473,2024-01-05,fr,2,negative,Ascenseurs,ascenseur,"Un seul ascenseur fonctionnait, attente énorme pour redescendre.",Booking
R001474,2025-06-15,en,5,positive,Vue / Panorama,vue,"Stunning panorama, especially at sunset. A must-visit in Paris.",Google Maps
R001475,2025-02-04,en,4,positive,Expérience globale,experience,"Perfect family day, kids loved every minute of it.",TripAdvisor
R001476,2025-02-03,en,2,negative,Sécurité,securite,"Watch out for pickpockets, they are everywhere around the tower.",Booking
R001477,2024-08-24,fr,3,neutral,Général,generique,Monument iconique mais l'expérience reste classique.,TripAdvisor
R001478,2024-06-11,es,5,positive,Expérience globale,experience,"Visita perfecta en familia, los niños lo adoraron.",Booking
R001479,2025-08-30,fr,5,positive,Personnel / Accueil,personnel,"Personnel très accueillant et professionnel, toujours souriant.",TripAdvisor
R001480,2024-05-13,en,5,positive,Vue / Panorama,vue,"Amazing 360 view, we could see the Sacre-Coeur and even further.",Booking
R001481,2024-08-15,en,2,negative,Prix / Tarification,prix,"Ridiculously overpriced, especially food and drinks.",TripAdvisor
R001482,2024-10-08,en,5,positive,Personnel / Accueil,personnel,"Great team, super welcoming and professional throughout.",TripAdvisor
R001483,2025-09-02,fr,4,positive,Expérience globale,experience,"Une expérience magique, le monument est encore plus impressionnant en vrai.",TripAdvisor
R001484,2025-01-05,fr,4,positive,Vue / Panorama,vue,"La vue depuis le sommet est tout simplement à couper le souffle, Paris s'étend à perte de vue.",Booking
R001485,2025-10-02,fr,4,positive,Vue / Panorama,vue,"Spectacle incroyable de nuit avec les illuminations, je recommande absolument.",TripAdvisor
R001486,2024-07-03,en,5,positive,Personnel / Accueil,personnel,"Great team, super welcoming and professional throughout.",TripAdvisor
R001487,2024-12-21,de,2,negative,File d'attente,file_attente,"Endlose Warteschlange, über 2 Stunden trotz Online-Ticket.",TripAdvisor
R001488,2024-05-04,en,5,positive,Vue / Panorama,vue,"Amazing 360 view, we could see the Sacre-Coeur and even further.",TripAdvisor
R001489,2025-01-08,fr,4,positive,Expérience globale,experience,"Une expérience magique, le monument est encore plus impressionnant en vrai.",TripAdvisor
R001490,2024-05-09,fr,5,positive,Vue / Panorama,vue,"La vue depuis le sommet est tout simplement à couper le souffle, Paris s'étend à perte de vue.",TripAdvisor
R001491,2025-04-23,en,3,neutral,Général,generique,"Iconic monument, the experience is okay overall.",Google Maps
R001492,2024-07-21,en,4,positive,Personnel / Accueil,personnel,"Staff was very friendly and helpful, spoke perfect English.",Google Maps
R001493,2025-08-24,de,5,positive,Expérience globale,experience,"Magische Erfahrung, das Monument ist live noch beeindruckender.",TripAdvisor
R001494,2025-04-01,es,3,neutral,Général,generique,"Iconic monument, the experience is okay overall.",TripAdvisor
R001495,2025-08-03,es,2,negative,File d'attente,file_attente,Demasiada espera incluso con entradas online.,TripAdvisor
R001496,2025-06-07,de,2,negative,Prix / Tarification,prix,"Viel zu teuer, besonders Essen und Getränke.",TripAdvisor
R001497,2024-04-27,en,5,positive,Expérience globale,experience,"Perfect family day, kids loved every minute of it.",TripAdvisor
R001498,2025-11-03,en,1,negative,Ascenseurs,ascenseur,"Elevator broke down during our visit, total disappointment.",TripAdvisor
R001499,2024-12-02,fr,5,positive,Vue / Panorama,vue,"Vue magnifique au coucher du soleil, un moment inoubliable avec ma famille.",TripAdvisor
R001500,2024-10-17,en,4,positive,Vue / Panorama,vue,"Amazing 360 view, we could see the Sacre-Coeur and even further.",Google Maps
R001501,2025-10-23,en,5,positive,Personnel / Accueil,personnel,"Staff was very friendly and helpful, spoke perfect English.",TripAdvisor
R001502,2025-05-20,es,4,positive,Expérience globale,experience,"Experiencia mágica, el monumento es aún más impresionante en persona.",TripAdvisor
R001503,2024-11-30,it,4,positive,Vue / Panorama,vue,"Panorama spettacolare al tramonto, momento indimenticabile.",Google Maps
R001504,2024-10-18,fr,5,positive,Vue / Panorama,vue,"La vue depuis le sommet est tout simplement à couper le souffle, Paris s'étend à perte de vue.",TripAdvisor
R001505,2024-03-12,it,5,positive,Vue / Panorama,vue,"Panorama spettacolare al tramonto, momento indimenticabile.",TripAdvisor
R001506,2024-12-20,es,5,positive,Expérience globale,experience,"Visita perfecta en familia, los niños lo adoraron.",TripAdvisor
R001507,2025-04-10,en,5,positive,Expérience globale,experience,"Truly magical experience, the monument is even more impressive in person.",TripAdvisor
R001508,2024-01-30,en,3,neutral,Général,generique,"Decent visit, nothing extraordinary but worth doing once.",TripAdvisor
R001509,2024-03-31,es,4,positive,Expérience globale,experience,"Visita perfecta en familia, los niños lo adoraron.",TripAdvisor
R001510,2024-02-14,de,4,positive,Vue / Panorama,vue,"Die Aussicht vom Gipfel ist atemberaubend, ganz Paris liegt einem zu Füßen.",TripAdvisor
R001511,2024-06-23,it,4,positive,Vue / Panorama,vue,"Panorama spettacolare al tramonto, momento indimenticabile.",Booking
R001512,2025-02-27,en,5,positive,Personnel / Accueil,personnel,"Staff was very friendly and helpful, spoke perfect English.",Google Maps
R001513,2025-05-16,en,5,positive,Vue / Panorama,vue,"Amazing 360 view, we could see the Sacre-Coeur and even further.",Booking
R001514,2024-10-30,en,1,negative,Prix / Tarification,prix,"Ridiculously overpriced, especially food and drinks.",Google Maps
R001515,2024-03-17,en,2,negative,Prix / Tarification,prix,"Ridiculously overpriced, especially food and drinks.",Booking
R001516,2024-07-11,fr,5,positive,Vue / Panorama,vue,"Spectacle incroyable de nuit avec les illuminations, je recommande absolument.",TripAdvisor
R001517,2025-11-02,en,2,negative,Ascenseurs,ascenseur,"Only one lift working, massive wait to go back down.",TripAdvisor
R001518,2025-01-29,en,3,neutral,Général,generique,"Iconic monument, the experience is okay overall.",Booking
R001519,2025-03-09,de,4,positive,Expérience globale,experience,"Magische Erfahrung, das Monument ist live noch beeindruckender.",TripAdvisor
R001520,2025-04-17,fr,3,neutral,Général,generique,"Visite correcte mais sans plus, attendu plus d'animations.",Google Maps
R001521,2025-05-02,es,4,positive,Expérience globale,experience,"Experiencia mágica, el monumento es aún más impresionante en persona.",Google Maps
R001522,2024-08-05,en,5,positive,Expérience globale,experience,"Truly magical experience, the monument is even more impressive in person.",TripAdvisor
R001523,2024-04-10,en,4,positive,Vue / Panorama,vue,"Stunning panorama, especially at sunset. A must-visit in Paris.",TripAdvisor
R001524,2024-07-12,en,3,neutral,Général,generique,"Iconic monument, the experience is okay overall.",TripAdvisor
R001525,2024-02-21,en,4,positive,Personnel / Accueil,personnel,"Great team, super welcoming and professional throughout.",Google Maps
R001526,2024-09-01,it,5,positive,Vue / Panorama,vue,"Vista mozzafiato dalla cima, si vede tutta Parigi.",TripAdvisor
R001527,2025-02-05,fr,5,positive,Expérience globale,experience,"Moment magique en famille, les enfants ont adoré.",TripAdvisor
R001528,2024-07-27,fr,1,negative,Ascenseurs,ascenseur,"Un seul ascenseur fonctionnait, attente énorme pour redescendre.",TripAdvisor
R001529,2025-05-30,fr,4,positive,Expérience globale,experience,"Une expérience magique, le monument est encore plus impressionnant en vrai.",Booking
R001530,2024-03-12,en,1,negative,Prix / Tarification,prix,"Ridiculously overpriced, especially food and drinks.",TripAdvisor
R001531,2024-12-08,en,5,positive,Vue / Panorama,vue,"Amazing 360 view, we could see the Sacre-Coeur and even further.",TripAdvisor
R001532,2025-08-31,it,3,neutral,Général,generique,"Decent visit, nothing extraordinary but worth doing once.",TripAdvisor
R001533,2024-01-18,en,4,positive,Vue / Panorama,vue,"Stunning panorama, especially at sunset. A must-visit in Paris.",Google Maps
R001534,2024-04-12,it,2,negative,File d'attente,file_attente,"Coda interminabile di oltre 2 ore, un incubo.",TripAdvisor
R001535,2024-09-16,es,5,positive,Expérience globale,experience,"Visita perfecta en familia, los niños lo adoraron.",TripAdvisor
R001536,2025-11-10,fr,5,positive,Expérience globale,experience,"Visite parfaite, organisation au top, je recommande vivement.",Google Maps
R001537,2025-10-17,de,5,positive,Vue / Panorama,vue,"Wunderschöner Panoramablick, vor allem bei Sonnenuntergang.",TripAdvisor
R001538,2025-05-24,it,3,neutral,Général,generique,"Iconic monument, the experience is okay overall.",TripAdvisor
R001539,2024-04-01,en,1,negative,Sécurité,securite,Felt unsafe with all the street vendors harassing tourists.,TripAdvisor
R001540,2025-06-23,it,2,negative,Prix / Tarification,prix,"Prezzi eccessivi, soprattutto la ristorazione.",TripAdvisor
R001541,2024-10-09,de,5,positive,Expérience globale,experience,"Magische Erfahrung, das Monument ist live noch beeindruckender.",TripAdvisor
R001542,2025-04-10,fr,4,positive,Personnel / Accueil,personnel,"Accueil chaleureux et équipe efficace, merci pour cette belle visite.",Google Maps
R001543,2024-05-30,es,5,positive,Vue / Panorama,vue,"La vista desde la cima es impresionante, se ve todo París.",TripAdvisor
R001544,2025-05-13,fr,3,neutral,Général,generique,Monument iconique mais l'expérience reste classique.,TripAdvisor
R001545,2025-08-30,es,4,positive,Vue / Panorama,vue,"La vista desde la cima es impresionante, se ve todo París.",TripAdvisor
R001546,2024-05-21,en,4,positive,Personnel / Accueil,personnel,"Staff was very friendly and helpful, spoke perfect English.",TripAdvisor
R001547,2024-10-04,fr,3,neutral,Général,generique,"Visite correcte mais sans plus, attendu plus d'animations.",TripAdvisor
R001548,2025-04-29,es,4,positive,Vue / Panorama,vue,"Panorama espectacular al atardecer, momento inolvidable.",Booking
R001549,2024-04-10,fr,1,negative,Propreté,proprete,"Beaucoup de déchets autour du monument, dommage pour l'image.",Google Maps
R001550,2024-11-26,de,5,positive,Vue / Panorama,vue,"Wunderschöner Panoramablick, vor allem bei Sonnenuntergang.",Google Maps
R001551,2024-07-23,fr,2,negative,Ascenseurs,ascenseur,"Ascenseur en panne le jour de notre visite, déception totale.",TripAdvisor
R001552,2025-01-19,fr,5,positive,Expérience globale,experience,"Visite parfaite, organisation au top, je recommande vivement.",Google Maps
R001553,2025-01-01,es,5,positive,Expérience globale,experience,"Visita perfecta en familia, los niños lo adoraron.",TripAdvisor
R001554,2025-07-26,en,4,positive,Personnel / Accueil,personnel,"Great team, super welcoming and professional throughout.",TripAdvisor
R001555,2025-08-17,es,5,positive,Vue / Panorama,vue,"Panorama espectacular al atardecer, momento inolvidable.",Google Maps
R001556,2025-02-06,fr,4,positive,Expérience globale,experience,"Visite parfaite, organisation au top, je recommande vivement.",TripAdvisor
R001557,2024-03-27,en,5,positive,Expérience globale,experience,"Perfect family day, kids loved every minute of it.",TripAdvisor
R001558,2025-08-02,es,2,negative,Prix / Tarification,prix,"Precios excesivos, sobre todo la comida en el lugar.",TripAdvisor
R001559,2025-06-12,en,5,positive,Expérience globale,experience,"Truly magical experience, the monument is even more impressive in person.",TripAdvisor
R001560,2024-11-14,es,5,positive,Vue / Panorama,vue,"La vista desde la cima es impresionante, se ve todo París.",Google Maps
R001561,2024-06-05,de,1,negative,File d'attente,file_attente,"Endlose Warteschlange, über 2 Stunden trotz Online-Ticket.",Google Maps
R001562,2025-06-01,fr,5,positive,Vue / Panorama,vue,"La vue depuis le sommet est tout simplement à couper le souffle, Paris s'étend à perte de vue.",TripAdvisor
R001563,2024-08-28,fr,5,positive,Personnel / Accueil,personnel,"Le staff est multilingue et très serviable, parfait pour les touristes.",Google Maps
R001564,2025-10-13,en,2,negative,Sécurité,securite,"Watch out for pickpockets, they are everywhere around the tower.",TripAdvisor
R001565,2025-07-13,fr,2,negative,Prix / Tarification,prix,"Tarifs vraiment excessifs pour ce que c'est, beaucoup trop cher.",TripAdvisor
R001566,2025-11-14,en,5,positive,Vue / Panorama,vue,"Amazing 360 view, we could see the Sacre-Coeur and even further.",TripAdvisor
R001567,2024-05-31,en,2,negative,Sécurité,securite,Felt unsafe with all the street vendors harassing tourists.,TripAdvisor
R001568,2025-10-22,en,5,positive,Vue / Panorama,vue,"Amazing 360 view, we could see the Sacre-Coeur and even further.",Google Maps
R001569,2025-04-14,en,5,positive,Personnel / Accueil,personnel,"Staff was very friendly and helpful, spoke perfect English.",TripAdvisor
R001570,2025-06-21,it,5,positive,Vue / Panorama,vue,"Panorama spettacolare al tramonto, momento indimenticabile.",TripAdvisor
R001571,2024-12-13,fr,2,negative,Ascenseurs,ascenseur,"Ascenseurs souvent en maintenance, prévoyez les escaliers.",TripAdvisor
R001572,2025-10-22,de,4,positive,Expérience globale,experience,"Magische Erfahrung, das Monument ist live noch beeindruckender.",TripAdvisor
R001573,2024-11-27,it,4,positive,Vue / Panorama,vue,"Panorama spettacolare al tramonto, momento indimenticabile.",Google Maps
R001574,2024-06-11,en,4,positive,Personnel / Accueil,personnel,"Staff was very friendly and helpful, spoke perfect English.",TripAdvisor
R001575,2024-08-25,en,5,positive,Expérience globale,experience,"Perfect family day, kids loved every minute of it.",Booking
R001576,2024-06-27,es,2,negative,File d'attente,file_attente,"Cola interminable de más de 2 horas, una pesadilla.",Google Maps
R001577,2025-09-18,en,3,neutral,Général,generique,"Decent visit, nothing extraordinary but worth doing once.",TripAdvisor
R001578,2024-01-31,fr,2,negative,Propreté,proprete,"Beaucoup de déchets autour du monument, dommage pour l'image.",Booking
R001579,2025-08-10,en,2,negative,Sécurité,securite,"Watch out for pickpockets, they are everywhere around the tower.",Google Maps
R001580,2024-06-14,fr,4,positive,Expérience globale,experience,"Visite parfaite, organisation au top, je recommande vivement.",TripAdvisor
R001581,2025-11-15,en,1,negative,File d'attente,file_attente,"Endless lines at every floor, terrible organization.",TripAdvisor
R001582,2025-08-04,fr,5,positive,Vue / Panorama,vue,"Vue magnifique au coucher du soleil, un moment inoubliable avec ma famille.",Google Maps
R001583,2025-05-23,fr,5,positive,Expérience globale,experience,"Moment magique en famille, les enfants ont adoré.",TripAdvisor
R001584,2025-07-26,fr,1,negative,Sécurité,securite,"Pickpockets très présents, faites très attention à vos affaires.",Google Maps
R001585,2024-05-10,es,5,positive,Expérience globale,experience,"Experiencia mágica, el monumento es aún más impresionante en persona.",Google Maps
R001586,2024-12-04,fr,5,positive,Vue / Panorama,vue,"La vue depuis le sommet est tout simplement à couper le souffle, Paris s'étend à perte de vue.",TripAdvisor
R001587,2024-03-10,es,5,positive,Expérience globale,experience,"Visita perfecta en familia, los niños lo adoraron.",Google Maps
R001588,2025-06-14,fr,4,positive,Expérience globale,experience,"Moment magique en famille, les enfants ont adoré.",Booking
R001589,2024-04-23,en,5,positive,Vue / Panorama,vue,"Amazing 360 view, we could see the Sacre-Coeur and even further.",Google Maps
R001590,2024-12-12,de,3,neutral,Général,generique,"Decent visit, nothing extraordinary but worth doing once.",TripAdvisor
R001591,2024-07-28,fr,3,neutral,Général,generique,"Visite correcte mais sans plus, attendu plus d'animations.",Google Maps
R001592,2025-05-20,es,3,neutral,Général,generique,"Decent visit, nothing extraordinary but worth doing once.",TripAdvisor
R001593,2024-03-13,it,3,neutral,Général,generique,"Iconic monument, the experience is okay overall.",Booking
R001594,2024-05-12,en,5,positive,Vue / Panorama,vue,"Amazing 360 view, we could see the Sacre-Coeur and even further.",TripAdvisor
R001595,2025-03-17,fr,5,positive,Expérience globale,experience,"Une expérience magique, le monument est encore plus impressionnant en vrai.",TripAdvisor
R001596,2024-02-26,es,3,neutral,Général,generique,"Decent visit, nothing extraordinary but worth doing once.",TripAdvisor
R001597,2024-02-23,es,5,positive,Expérience globale,experience,"Experiencia mágica, el monumento es aún más impresionante en persona.",TripAdvisor
R001598,2024-04-28,en,5,positive,Expérience globale,experience,"Perfect family day, kids loved every minute of it.",TripAdvisor
R001599,2024-07-17,de,3,neutral,Général,generique,"Iconic monument, the experience is okay overall.",TripAdvisor
R001600,2025-07-03,de,4,positive,Vue / Panorama,vue,"Die Aussicht vom Gipfel ist atemberaubend, ganz Paris liegt einem zu Füßen.",Google Maps
R001601,2024-05-09,it,4,positive,Vue / Panorama,vue,"Vista mozzafiato dalla cima, si vede tutta Parigi.",TripAdvisor
R001602,2024-10-26,fr,5,positive,Expérience globale,experience,"Moment magique en famille, les enfants ont adoré.",TripAdvisor
R001603,2025-07-10,en,1,negative,File d'attente,file_attente,"Waited over 2 hours in line even with online tickets, awful.",TripAdvisor
R001604,2025-01-10,en,2,negative,Prix / Tarification,prix,Tickets are way too expensive for a family of four.,Google Maps
R001605,2025-07-08,fr,1,negative,Sécurité,securite,"Pickpockets très présents, faites très attention à vos affaires.",Google Maps
R001606,2024-03-21,fr,3,neutral,Général,generique,Monument iconique mais l'expérience reste classique.,TripAdvisor
R001607,2025-07-20,fr,3,neutral,Général,generique,Monument iconique mais l'expérience reste classique.,TripAdvisor
R001608,2025-03-26,en,2,negative,Prix / Tarification,prix,"Ridiculously overpriced, especially food and drinks.",Google Maps
R001609,2025-08-25,en,4,positive,Personnel / Accueil,personnel,"Staff was very friendly and helpful, spoke perfect English.",TripAdvisor
R001610,2025-01-26,es,5,positive,Expérience globale,experience,"Visita perfecta en familia, los niños lo adoraron.",TripAdvisor
R001611,2025-11-07,fr,5,positive,Vue / Panorama,vue,"Spectacle incroyable de nuit avec les illuminations, je recommande absolument.",TripAdvisor
R001612,2024-12-10,en,5,positive,Vue / Panorama,vue,"Amazing 360 view, we could see the Sacre-Coeur and even further.",Booking
R001613,2025-09-28,de,1,negative,File d'attente,file_attente,"Endlose Warteschlange, über 2 Stunden trotz Online-Ticket.",TripAdvisor
R001614,2025-11-25,en,2,negative,File d'attente,file_attente,"Waited over 2 hours in line even with online tickets, awful.",TripAdvisor
R001615,2025-01-25,it,4,positive,Vue / Panorama,vue,"Panorama spettacolare al tramonto, momento indimenticabile.",TripAdvisor
R001616,2024-10-07,it,5,positive,Vue / Panorama,vue,"Panorama spettacolare al tramonto, momento indimenticabile.",TripAdvisor
R001617,2025-09-22,fr,5,positive,Personnel / Accueil,personnel,"Accueil chaleureux et équipe efficace, merci pour cette belle visite.",TripAdvisor
R001618,2024-11-10,fr,4,positive,Expérience globale,experience,"Moment magique en famille, les enfants ont adoré.",Google Maps
R001619,2025-03-26,en,5,positive,Vue / Panorama,vue,"Stunning panorama, especially at sunset. A must-visit in Paris.",TripAdvisor
R001620,2024-02-29,fr,4,positive,Expérience globale,experience,"Moment magique en famille, les enfants ont adoré.",Google Maps
R001621,2025-03-27,fr,3,neutral,Général,generique,"Visite correcte mais sans plus, attendu plus d'animations.",TripAdvisor
R001622,2024-06-27,es,4,positive,Expérience globale,experience,"Experiencia mágica, el monumento es aún más impresionante en persona.",TripAdvisor
R001623,2025-12-01,en,4,positive,Vue / Panorama,vue,"Amazing 360 view, we could see the Sacre-Coeur and even further.",Google Maps
R001624,2024-09-22,en,4,positive,Expérience globale,experience,"Truly magical experience, the monument is even more impressive in person.",Booking
R001625,2024-02-15,fr,3,neutral,Général,generique,Ça vaut le coup de le voir une fois dans sa vie.,Google Maps
R001626,2024-08-30,en,5,positive,Personnel / Accueil,personnel,"Staff was very friendly and helpful, spoke perfect English.",TripAdvisor
R001627,2024-10-16,en,2,negative,Sécurité,securite,"Watch out for pickpockets, they are everywhere around the tower.",TripAdvisor
R001628,2025-01-18,en,2,negative,Ascenseurs,ascenseur,"Only one lift working, massive wait to go back down.",TripAdvisor
R001629,2024-06-02,it,1,negative,File d'attente,file_attente,"Coda interminabile di oltre 2 ore, un incubo.",Booking
R001630,2025-06-04,fr,5,positive,Personnel / Accueil,personnel,"Accueil chaleureux et équipe efficace, merci pour cette belle visite.",Google Maps
R001631,2025-11-03,en,3,neutral,Général,generique,"Decent visit, nothing extraordinary but worth doing once.",Google Maps
R001632,2024-08-17,en,3,neutral,Général,generique,"Decent visit, nothing extraordinary but worth doing once.",Google Maps
R001633,2025-06-24,it,2,negative,Prix / Tarification,prix,"Prezzi eccessivi, soprattutto la ristorazione.",Google Maps
R001634,2025-08-12,en,1,negative,Sécurité,securite,Felt unsafe with all the street vendors harassing tourists.,TripAdvisor
R001635,2024-04-28,fr,5,positive,Personnel / Accueil,personnel,"Personnel très accueillant et professionnel, toujours souriant.",Google Maps
R001636,2024-03-22,en,3,neutral,Général,generique,"Iconic monument, the experience is okay overall.",TripAdvisor
R001637,2025-04-04,en,3,neutral,Général,generique,"Decent visit, nothing extraordinary but worth doing once.",Google Maps
R001638,2025-02-21,fr,1,negative,Prix / Tarification,prix,"Trop cher pour la restauration sur place, comptez 25€ un sandwich.",Google Maps
R001639,2024-03-24,en,5,positive,Personnel / Accueil,personnel,"Great team, super welcoming and professional throughout.",TripAdvisor
R001640,2025-04-09,en,5,positive,Personnel / Accueil,personnel,"Staff was very friendly and helpful, spoke perfect English.",TripAdvisor
R001641,2024-04-13,fr,5,positive,Expérience globale,experience,"Moment magique en famille, les enfants ont adoré.",TripAdvisor
R001642,2024-05-15,fr,5,positive,Expérience globale,experience,"Une expérience magique, le monument est encore plus impressionnant en vrai.",Google Maps
R001643,2025-07-24,en,4,positive,Personnel / Accueil,personnel,"Great team, super welcoming and professional throughout.",TripAdvisor
R001644,2024-04-20,fr,5,positive,Personnel / Accueil,personnel,"Accueil chaleureux et équipe efficace, merci pour cette belle visite.",Booking
R001645,2025-10-07,fr,2,negative,Ascenseurs,ascenseur,"Un seul ascenseur fonctionnait, attente énorme pour redescendre.",TripAdvisor
R001646,2025-08-26,es,5,positive,Expérience globale,experience,"Experiencia mágica, el monumento es aún más impresionante en persona.",Booking
R001647,2025-04-09,de,5,positive,Vue / Panorama,vue,"Wunderschöner Panoramablick, vor allem bei Sonnenuntergang.",TripAdvisor
R001648,2024-04-09,en,5,positive,Expérience globale,experience,"Perfect family day, kids loved every minute of it.",TripAdvisor
R001649,2025-01-28,en,4,positive,Expérience globale,experience,"Perfect family day, kids loved every minute of it.",TripAdvisor
R001650,2025-06-15,fr,4,positive,Expérience globale,experience,"Moment magique en famille, les enfants ont adoré.",TripAdvisor
R001651,2024-10-21,de,4,positive,Expérience globale,experience,"Magische Erfahrung, das Monument ist live noch beeindruckender.",TripAdvisor
R001652,2025-09-12,en,3,neutral,Général,generique,"Iconic monument, the experience is okay overall.",Google Maps
R001653,2025-06-04,de,1,negative,File d'attente,file_attente,"Endlose Warteschlange, über 2 Stunden trotz Online-Ticket.",Google Maps
R001654,2025-05-15,fr,3,neutral,Général,generique,"Visite correcte mais sans plus, attendu plus d'animations.",Google Maps
R001655,2025-06-17,fr,5,positive,Expérience globale,experience,"Visite parfaite, organisation au top, je recommande vivement.",TripAdvisor
R001656,2025-03-18,en,3,neutral,Général,generique,"Iconic monument, the experience is okay overall.",TripAdvisor
R001657,2024-12-28,fr,5,positive,Personnel / Accueil,personnel,"Accueil chaleureux et équipe efficace, merci pour cette belle visite.",Google Maps
R001658,2024-12-09,es,4,positive,Vue / Panorama,vue,"Panorama espectacular al atardecer, momento inolvidable.",TripAdvisor
R001659,2024-02-09,en,5,positive,Vue / Panorama,vue,"Amazing 360 view, we could see the Sacre-Coeur and even further.",TripAdvisor
R001660,2025-11-07,de,2,negative,Prix / Tarification,prix,"Viel zu teuer, besonders Essen und Getränke.",Google Maps
R001661,2024-05-20,en,3,neutral,Général,generique,"Decent visit, nothing extraordinary but worth doing once.",Google Maps
R001662,2025-05-11,de,5,positive,Vue / Panorama,vue,"Wunderschöner Panoramablick, vor allem bei Sonnenuntergang.",Google Maps
R001663,2024-08-07,es,5,positive,Vue / Panorama,vue,"La vista desde la cima es impresionante, se ve todo París.",TripAdvisor
R001664,2024-09-26,fr,4,positive,Vue / Panorama,vue,"Panorama exceptionnel sur Paris, on voit jusqu'au Sacré-Cœur et la Défense.",Google Maps
R001665,2024-07-03,en,5,positive,Personnel / Accueil,personnel,"Great team, super welcoming and professional throughout.",Google Maps
R001666,2025-10-07,de,3,neutral,Général,generique,"Iconic monument, the experience is okay overall.",TripAdvisor
R001667,2024-10-21,en,4,positive,Vue / Panorama,vue,"The view from the top is absolutely breathtaking, you can see all of Paris.",TripAdvisor
R001668,2024-11-22,en,4,positive,Personnel / Accueil,personnel,"Staff was very friendly and helpful, spoke perfect English.",Google Maps
R001669,2025-05-15,en,5,positive,Vue / Panorama,vue,"Stunning panorama, especially at sunset. A must-visit in Paris.",Google Maps
R001670,2025-02-22,en,5,positive,Personnel / Accueil,personnel,"Staff was very friendly and helpful, spoke perfect English.",TripAdvisor
R001671,2025-03-28,es,5,positive,Expérience globale,experience,"Visita perfecta en familia, los niños lo adoraron.",TripAdvisor
R001672,2025-10-13,fr,4,positive,Personnel / Accueil,personnel,"Accueil chaleureux et équipe efficace, merci pour cette belle visite.",Google Maps
R001673,2025-10-02,fr,5,positive,Expérience globale,experience,"Une expérience magique, le monument est encore plus impressionnant en vrai.",TripAdvisor
R001674,2024-01-22,it,5,positive,Vue / Panorama,vue,"Vista mozzafiato dalla cima, si vede tutta Parigi.",Google Maps
R001675,2024-02-20,fr,1,negative,Ascenseurs,ascenseur,"Ascenseurs souvent en maintenance, prévoyez les escaliers.",Google Maps
R001676,2024-08-22,en,5,positive,Vue / Panorama,vue,"Amazing 360 view, we could see the Sacre-Coeur and even further.",TripAdvisor
R001677,2024-09-11,fr,5,positive,Personnel / Accueil,personnel,"Personnel très accueillant et professionnel, toujours souriant.",Booking
R001678,2025-05-11,fr,5,positive,Expérience globale,experience,"Une expérience magique, le monument est encore plus impressionnant en vrai.",TripAdvisor
R001679,2024-10-05,fr,4,positive,Expérience globale,experience,"Moment magique en famille, les enfants ont adoré.",Google Maps
R001680,2024-10-03,es,5,positive,Expérience globale,experience,"Experiencia mágica, el monumento es aún más impresionante en persona.",Google Maps
R001681,2024-01-16,fr,5,positive,Expérience globale,experience,"Moment magique en famille, les enfants ont adoré.",Google Maps
R001682,2024-07-17,en,3,neutral,Général,generique,"Iconic monument, the experience is okay overall.",Google Maps
R001683,2025-04-14,de,1,negative,Prix / Tarification,prix,"Viel zu teuer, besonders Essen und Getränke.",TripAdvisor
R001684,2024-04-05,fr,1,negative,Propreté,proprete,"Beaucoup de déchets autour du monument, dommage pour l'image.",TripAdvisor
R001685,2025-05-23,en,5,positive,Personnel / Accueil,personnel,"Staff was very friendly and helpful, spoke perfect English.",Google Maps
R001686,2024-01-26,it,1,negative,File d'attente,file_attente,"Coda interminabile di oltre 2 ore, un incubo.",TripAdvisor
R001687,2024-12-06,fr,5,positive,Expérience globale,experience,"Une expérience magique, le monument est encore plus impressionnant en vrai.",TripAdvisor
R001688,2025-05-16,en,4,positive,Expérience globale,experience,"Truly magical experience, the monument is even more impressive in person.",Google Maps
R001689,2025-08-03,fr,5,positive,Personnel / Accueil,personnel,"Accueil chaleureux et équipe efficace, merci pour cette belle visite.",Google Maps
R001690,2024-06-03,fr,5,positive,Personnel / Accueil,personnel,"Le staff est multilingue et très serviable, parfait pour les touristes.",TripAdvisor
R001691,2025-07-29,en,5,positive,Vue / Panorama,vue,"Stunning panorama, especially at sunset. A must-visit in Paris.",Google Maps
R001692,2025-05-09,en,5,positive,Expérience globale,experience,"Truly magical experience, the monument is even more impressive in person.",Google Maps
R001693,2025-03-11,de,3,neutral,Général,generique,"Decent visit, nothing extraordinary but worth doing once.",Google Maps
R001694,2025-03-24,en,1,negative,Prix / Tarification,prix,"Ridiculously overpriced, especially food and drinks.",Google Maps
R001695,2025-10-03,fr,3,neutral,Général,generique,"Visite correcte mais sans plus, attendu plus d'animations.",Google Maps
R001696,2024-04-30,en,1,negative,Sécurité,securite,Felt unsafe with all the street vendors harassing tourists.,TripAdvisor
R001697,2024-11-26,fr,3,neutral,Général,generique,Ça vaut le coup de le voir une fois dans sa vie.,Google Maps
R001698,2024-07-28,en,2,negative,Prix / Tarification,prix,Tickets are way too expensive for a family of four.,Google Maps
R001699,2024-12-04,it,5,positive,Vue / Panorama,vue,"Panorama spettacolare al tramonto, momento indimenticabile.",Booking
R001700,2025-06-20,es,3,neutral,Général,generique,"Decent visit, nothing extraordinary but worth doing once.",Google Maps
R001701,2024-01-06,en,5,positive,Vue / Panorama,vue,"The view from the top is absolutely breathtaking, you can see all of Paris.",TripAdvisor
R001702,2024-03-03,fr,1,negative,Sécurité,securite,"Pickpockets très présents, faites très attention à vos affaires.",Google Maps
R001703,2024-01-15,en,5,positive,Expérience globale,experience,"Truly magical experience, the monument is even more impressive in person.",Booking
R001704,2025-02-16,fr,1,negative,Propreté,proprete,"Beaucoup de déchets autour du monument, dommage pour l'image.",Booking
R001705,2024-04-15,en,2,negative,Prix / Tarification,prix,"Ridiculously overpriced, especially food and drinks.",Google Maps
R001706,2025-08-24,fr,5,positive,Vue / Panorama,vue,"Panorama exceptionnel sur Paris, on voit jusqu'au Sacré-Cœur et la Défense.",Google Maps
R001707,2025-09-22,en,5,positive,Expérience globale,experience,"Perfect family day, kids loved every minute of it.",Google Maps
R001708,2025-09-21,en,4,positive,Vue / Panorama,vue,"The view from the top is absolutely breathtaking, you can see all of Paris.",TripAdvisor
R001709,2024-02-23,fr,3,neutral,Général,generique,"Visite correcte mais sans plus, attendu plus d'animations.",TripAdvisor
R001710,2024-04-30,es,5,positive,Expérience globale,experience,"Visita perfecta en familia, los niños lo adoraron.",TripAdvisor
R001711,2025-06-18,en,1,negative,Sécurité,securite,Felt unsafe with all the street vendors harassing tourists.,TripAdvisor
R001712,2024-10-11,fr,5,positive,Vue / Panorama,vue,"Panorama exceptionnel sur Paris, on voit jusqu'au Sacré-Cœur et la Défense.",Google Maps
R001713,2025-07-25,es,5,positive,Expérience globale,experience,"Visita perfecta en familia, los niños lo adoraron.",Google Maps
R001714,2024-12-20,en,5,positive,Personnel / Accueil,personnel,"Great team, super welcoming and professional throughout.",Google Maps
R001715,2024-01-11,fr,5,positive,Vue / Panorama,vue,"Spectacle incroyable de nuit avec les illuminations, je recommande absolument.",TripAdvisor
R001716,2025-01-12,en,5,positive,Expérience globale,experience,"Perfect family day, kids loved every minute of it.",Booking
R001717,2025-10-19,en,5,positive,Personnel / Accueil,personnel,"Staff was very friendly and helpful, spoke perfect English.",TripAdvisor
R001718,2025-08-08,fr,2,negative,Ascenseurs,ascenseur,"Un seul ascenseur fonctionnait, attente énorme pour redescendre.",Google Maps
R001719,2024-06-26,de,3,neutral,Général,generique,"Iconic monument, the experience is okay overall.",TripAdvisor
R001720,2025-09-19,de,1,negative,File d'attente,file_attente,"Endlose Warteschlange, über 2 Stunden trotz Online-Ticket.",Google Maps
R001721,2024-05-02,fr,2,negative,Prix / Tarification,prix,"Tarifs vraiment excessifs pour ce que c'est, beaucoup trop cher.",TripAdvisor
R001722,2024-07-17,en,4,positive,Vue / Panorama,vue,"Amazing 360 view, we could see the Sacre-Coeur and even further.",Google Maps
R001723,2025-08-23,es,5,positive,Expérience globale,experience,"Experiencia mágica, el monumento es aún más impresionante en persona.",Google Maps
R001724,2025-11-14,en,5,positive,Expérience globale,experience,"Perfect family day, kids loved every minute of it.",Google Maps
R001725,2024-03-26,fr,2,negative,Sécurité,securite,"Trop de vendeurs à la sauvette autour, sentiment d'insécurité.",TripAdvisor
R001726,2025-10-12,fr,5,positive,Expérience globale,experience,"Moment magique en famille, les enfants ont adoré.",Google Maps
R001727,2025-04-22,es,4,positive,Expérience globale,experience,"Visita perfecta en familia, los niños lo adoraron.",Google Maps
R001728,2024-04-02,en,4,positive,Personnel / Accueil,personnel,"Staff was very friendly and helpful, spoke perfect English.",TripAdvisor
R001729,2024-01-11,fr,5,positive,Expérience globale,experience,"Une expérience magique, le monument est encore plus impressionnant en vrai.",TripAdvisor
R001730,2025-11-28,en,5,positive,Expérience globale,experience,"Truly magical experience, the monument is even more impressive in person.",Google Maps
R001731,2024-10-20,de,4,positive,Vue / Panorama,vue,"Wunderschöner Panoramablick, vor allem bei Sonnenuntergang.",TripAdvisor
R001732,2024-07-23,fr,4,positive,Vue / Panorama,vue,"Panorama exceptionnel sur Paris, on voit jusqu'au Sacré-Cœur et la Défense.",TripAdvisor
R001733,2025-08-15,fr,2,negative,Ascenseurs,ascenseur,"Ascenseur en panne le jour de notre visite, déception totale.",TripAdvisor
R001734,2025-08-22,es,5,positive,Vue / Panorama,vue,"La vista desde la cima es impresionante, se ve todo París.",TripAdvisor
R001735,2025-11-29,en,5,positive,Expérience globale,experience,"Perfect family day, kids loved every minute of it.",Google Maps
R001736,2024-08-03,fr,1,negative,Sécurité,securite,"Pickpockets très présents, faites très attention à vos affaires.",TripAdvisor
R001737,2024-07-09,en,5,positive,Vue / Panorama,vue,"Amazing 360 view, we could see the Sacre-Coeur and even further.",TripAdvisor
R001738,2024-02-04,en,5,positive,Expérience globale,experience,"Perfect family day, kids loved every minute of it.",TripAdvisor
R001739,2024-12-08,fr,5,positive,Vue / Panorama,vue,"Panorama exceptionnel sur Paris, on voit jusqu'au Sacré-Cœur et la Défense.",TripAdvisor
R001740,2025-07-13,de,4,positive,Expérience globale,experience,"Magische Erfahrung, das Monument ist live noch beeindruckender.",TripAdvisor
R001741,2025-04-29,fr,2,negative,Propreté,proprete,"Beaucoup de déchets autour du monument, dommage pour l'image.",Google Maps
R001742,2024-11-03,fr,5,positive,Personnel / Accueil,personnel,"Le staff est multilingue et très serviable, parfait pour les touristes.",TripAdvisor
R001743,2024-10-02,de,5,positive,Vue / Panorama,vue,"Wunderschöner Panoramablick, vor allem bei Sonnenuntergang.",Booking
R001744,2025-09-03,en,5,positive,Expérience globale,experience,"Truly magical experience, the monument is even more impressive in person.",Booking
R001745,2024-02-25,it,5,positive,Vue / Panorama,vue,"Vista mozzafiato dalla cima, si vede tutta Parigi.",Booking
R001746,2025-04-16,fr,1,negative,Ascenseurs,ascenseur,"Un seul ascenseur fonctionnait, attente énorme pour redescendre.",TripAdvisor
R001747,2024-03-23,fr,3,neutral,Général,generique,Monument iconique mais l'expérience reste classique.,TripAdvisor
R001748,2025-01-18,de,5,positive,Vue / Panorama,vue,"Die Aussicht vom Gipfel ist atemberaubend, ganz Paris liegt einem zu Füßen.",TripAdvisor
R001749,2024-08-05,fr,5,positive,Expérience globale,experience,"Moment magique en famille, les enfants ont adoré.",Booking
R001750,2024-11-21,en,1,negative,Prix / Tarification,prix,"Ridiculously overpriced, especially food and drinks.",Google Maps
R001751,2025-03-10,fr,2,negative,Ascenseurs,ascenseur,"Ascenseurs souvent en maintenance, prévoyez les escaliers.",Google Maps
R001752,2025-09-15,en,4,positive,Expérience globale,experience,"Truly magical experience, the monument is even more impressive in person.",TripAdvisor
R001753,2025-02-11,fr,5,positive,Expérience globale,experience,"Une expérience magique, le monument est encore plus impressionnant en vrai.",Booking
R001754,2025-03-21,en,4,positive,Vue / Panorama,vue,"The view from the top is absolutely breathtaking, you can see all of Paris.",TripAdvisor
R001755,2025-11-22,en,5,positive,Vue / Panorama,vue,"Stunning panorama, especially at sunset. A must-visit in Paris.",Google Maps
R001756,2024-06-16,fr,3,neutral,Général,generique,"Visite correcte mais sans plus, attendu plus d'animations.",TripAdvisor
R001757,2024-04-13,en,5,positive,Vue / Panorama,vue,"Stunning panorama, especially at sunset. A must-visit in Paris.",Google Maps
R001758,2025-06-03,en,1,negative,Prix / Tarification,prix,Tickets are way too expensive for a family of four.,TripAdvisor
R001759,2024-02-25,en,5,positive,Expérience globale,experience,"Perfect family day, kids loved every minute of it.",TripAdvisor
R001760,2025-04-29,fr,2,negative,Sécurité,securite,"Pickpockets très présents, faites très attention à vos affaires.",Google Maps
R001761,2025-03-10,de,3,neutral,Général,generique,"Decent visit, nothing extraordinary but worth doing once.",Google Maps
R001762,2025-08-27,en,1,negative,Prix / Tarification,prix,"Ridiculously overpriced, especially food and drinks.",TripAdvisor
R001763,2024-10-15,en,4,positive,Personnel / Accueil,personnel,"Great team, super welcoming and professional throughout.",TripAdvisor
R001764,2024-12-11,de,4,positive,Vue / Panorama,vue,"Wunderschöner Panoramablick, vor allem bei Sonnenuntergang.",Google Maps
R001765,2025-03-03,es,4,positive,Expérience globale,experience,"Experiencia mágica, el monumento es aún más impresionante en persona.",TripAdvisor
R001766,2025-06-28,en,2,negative,File d'attente,file_attente,"The queue was insane, plan a whole day for this visit.",Google Maps
R001767,2025-10-10,fr,5,positive,Vue / Panorama,vue,"Panorama exceptionnel sur Paris, on voit jusqu'au Sacré-Cœur et la Défense.",TripAdvisor
R001768,2025-06-20,de,5,positive,Expérience globale,experience,"Magische Erfahrung, das Monument ist live noch beeindruckender.",Google Maps
R001769,2025-10-15,fr,5,positive,Vue / Panorama,vue,"Panorama exceptionnel sur Paris, on voit jusqu'au Sacré-Cœur et la Défense.",Google Maps
R001770,2025-10-14,fr,5,positive,Expérience globale,experience,"Une expérience magique, le monument est encore plus impressionnant en vrai.",Google Maps
R001771,2024-03-22,en,5,positive,Expérience globale,experience,"Perfect family day, kids loved every minute of it.",Google Maps
R001772,2024-11-06,en,4,positive,Vue / Panorama,vue,"Amazing 360 view, we could see the Sacre-Coeur and even further.",Google Maps
R001773,2024-08-08,en,2,negative,File d'attente,file_attente,"The queue was insane, plan a whole day for this visit.",Google Maps
R001774,2024-02-16,en,2,negative,Prix / Tarification,prix,Tickets are way too expensive for a family of four.,Google Maps
R001775,2024-01-20,de,2,negative,Prix / Tarification,prix,"Viel zu teuer, besonders Essen und Getränke.",Google Maps
R001776,2024-08-18,en,4,positive,Personnel / Accueil,personnel,"Great team, super welcoming and professional throughout.",TripAdvisor
R001777,2025-10-12,en,5,positive,Personnel / Accueil,personnel,"Great team, super welcoming and professional throughout.",Google Maps
R001778,2024-11-23,en,5,positive,Expérience globale,experience,"Truly magical experience, the monument is even more impressive in person.",TripAdvisor
R001779,2024-06-23,en,4,positive,Expérience globale,experience,"Perfect family day, kids loved every minute of it.",Google Maps
R001780,2025-07-28,fr,5,positive,Expérience globale,experience,"Une expérience magique, le monument est encore plus impressionnant en vrai.",Booking
R001781,2024-11-18,fr,1,negative,Sécurité,securite,"Pickpockets très présents, faites très attention à vos affaires.",TripAdvisor
R001782,2025-08-01,en,5,positive,Expérience globale,experience,"Truly magical experience, the monument is even more impressive in person.",TripAdvisor
R001783,2025-01-19,it,5,positive,Vue / Panorama,vue,"Panorama spettacolare al tramonto, momento indimenticabile.",Booking
R001784,2024-08-04,fr,5,positive,Vue / Panorama,vue,"La vue depuis le sommet est tout simplement à couper le souffle, Paris s'étend à perte de vue.",Booking
R001785,2025-07-17,en,5,positive,Vue / Panorama,vue,"Amazing 360 view, we could see the Sacre-Coeur and even further.",TripAdvisor
R001786,2025-10-07,es,5,positive,Expérience globale,experience,"Visita perfecta en familia, los niños lo adoraron.",TripAdvisor
R001787,2024-08-18,de,3,neutral,Général,generique,"Iconic monument, the experience is okay overall.",Google Maps
R001788,2024-06-30,en,5,positive,Personnel / Accueil,personnel,"Staff was very friendly and helpful, spoke perfect English.",TripAdvisor
R001789,2024-04-10,fr,2,negative,Propreté,proprete,"Toilettes pas très propres au deuxième étage, à améliorer.",TripAdvisor
R001790,2025-10-13,en,3,neutral,Général,generique,"Decent visit, nothing extraordinary but worth doing once.",TripAdvisor
R001791,2025-02-22,fr,5,positive,Expérience globale,experience,"Une expérience magique, le monument est encore plus impressionnant en vrai.",Booking
R001792,2025-01-14,en,5,positive,Expérience globale,experience,"Perfect family day, kids loved every minute of it.",TripAdvisor
R001793,2024-06-14,en,2,negative,Sécurité,securite,"Watch out for pickpockets, they are everywhere around the tower.",TripAdvisor
R001794,2024-10-27,es,5,positive,Expérience globale,experience,"Experiencia mágica, el monumento es aún más impresionante en persona.",TripAdvisor
R001795,2025-03-30,fr,5,positive,Personnel / Accueil,personnel,"Personnel très accueillant et professionnel, toujours souriant.",Booking
R001796,2024-06-12,es,3,neutral,Général,generique,"Iconic monument, the experience is okay overall.",TripAdvisor
R001797,2025-04-26,es,5,positive,Vue / Panorama,vue,"Panorama espectacular al atardecer, momento inolvidable.",Google Maps
R001798,2025-09-13,fr,5,positive,Personnel / Accueil,personnel,"Accueil chaleureux et équipe efficace, merci pour cette belle visite.",Google Maps
R001799,2025-02-11,en,4,positive,Personnel / Accueil,personnel,"Staff was very friendly and helpful, spoke perfect English.",Google Maps
R001800,2024-05-07,es,5,positive,Expérience globale,experience,"Visita perfecta en familia, los niños lo adoraron.",TripAdvisor
R001801,2025-11-03,de,1,negative,File d'attente,file_attente,"Endlose Warteschlange, über 2 Stunden trotz Online-Ticket.",TripAdvisor
R001802,2025-10-19,de,1,negative,File d'attente,file_attente,"Riesige Schlangen auf jeder Ebene, sehr enttäuschend.",Google Maps
R001803,2025-03-31,en,1,negative,Prix / Tarification,prix,Tickets are way too expensive for a family of four.,TripAdvisor
R001804,2024-05-31,en,5,positive,Personnel / Accueil,personnel,"Staff was very friendly and helpful, spoke perfect English.",Google Maps
R001805,2024-10-25,fr,3,neutral,Général,generique,Ça vaut le coup de le voir une fois dans sa vie.,TripAdvisor
R001806,2025-11-20,en,5,positive,Personnel / Accueil,personnel,"Great team, super welcoming and professional throughout.",TripAdvisor
R001807,2024-09-20,es,2,negative,File d'attente,file_attente,Demasiada espera incluso con entradas online.,Google Maps
R001808,2024-09-22,fr,5,positive,Personnel / Accueil,personnel,"Personnel très accueillant et professionnel, toujours souriant.",TripAdvisor
R001809,2025-09-25,en,3,neutral,Général,generique,"Iconic monument, the experience is okay overall.",Booking
R001810,2025-05-11,it,1,negative,Prix / Tarification,prix,"Prezzi eccessivi, soprattutto la ristorazione.",Google Maps
R001811,2024-03-07,de,4,positive,Expérience globale,experience,"Magische Erfahrung, das Monument ist live noch beeindruckender.",TripAdvisor
R001812,2024-05-02,fr,5,positive,Personnel / Accueil,personnel,"Accueil chaleureux et équipe efficace, merci pour cette belle visite.",Google Maps
R001813,2025-06-20,en,5,positive,Expérience globale,experience,"Truly magical experience, the monument is even more impressive in person.",Google Maps
R001814,2024-12-03,es,5,positive,Vue / Panorama,vue,"Panorama espectacular al atardecer, momento inolvidable.",Google Maps
R001815,2025-04-02,fr,3,neutral,Général,generique,"Visite correcte mais sans plus, attendu plus d'animations.",Google Maps
R001816,2025-10-28,fr,5,positive,Expérience globale,experience,"Une expérience magique, le monument est encore plus impressionnant en vrai.",Google Maps
R001817,2024-09-29,fr,2,negative,Prix / Tarification,prix,"Tarifs vraiment excessifs pour ce que c'est, beaucoup trop cher.",Google Maps
R001818,2024-03-03,fr,5,positive,Vue / Panorama,vue,"Panorama exceptionnel sur Paris, on voit jusqu'au Sacré-Cœur et la Défense.",TripAdvisor
R001819,2024-02-22,fr,1,negative,Propreté,proprete,"Beaucoup de déchets autour du monument, dommage pour l'image.",TripAdvisor
R001820,2024-07-21,en,4,positive,Vue / Panorama,vue,"Stunning panorama, especially at sunset. A must-visit in Paris.",TripAdvisor
R001821,2024-04-24,en,5,positive,Personnel / Accueil,personnel,"Staff was very friendly and helpful, spoke perfect English.",Google Maps
R001822,2025-02-20,en,1,negative,Sécurité,securite,"Watch out for pickpockets, they are everywhere around the tower.",Google Maps
R001823,2025-10-22,en,5,positive,Expérience globale,experience,"Perfect family day, kids loved every minute of it.",TripAdvisor
R001824,2024-04-24,de,5,positive,Expérience globale,experience,"Magische Erfahrung, das Monument ist live noch beeindruckender.",Booking
R001825,2024-07-02,it,5,positive,Vue / Panorama,vue,"Panorama spettacolare al tramonto, momento indimenticabile.",TripAdvisor
R001826,2025-07-05,en,5,positive,Personnel / Accueil,personnel,"Great team, super welcoming and professional throughout.",Google Maps
R001827,2024-11-08,fr,5,positive,Vue / Panorama,vue,"Panorama exceptionnel sur Paris, on voit jusqu'au Sacré-Cœur et la Défense.",TripAdvisor
R001828,2024-06-07,en,5,positive,Personnel / Accueil,personnel,"Staff was very friendly and helpful, spoke perfect English.",TripAdvisor
R001829,2024-06-09,fr,5,positive,Vue / Panorama,vue,"Panorama exceptionnel sur Paris, on voit jusqu'au Sacré-Cœur et la Défense.",TripAdvisor
R001830,2024-10-02,en,5,positive,Expérience globale,experience,"Perfect family day, kids loved every minute of it.",TripAdvisor
R001831,2024-05-28,fr,3,neutral,Général,generique,Monument iconique mais l'expérience reste classique.,TripAdvisor
R001832,2025-07-30,es,1,negative,Prix / Tarification,prix,Entradas demasiado caras para una familia.,TripAdvisor
R001833,2024-12-28,en,2,negative,Sécurité,securite,"Watch out for pickpockets, they are everywhere around the tower.",Google Maps
R001834,2024-07-26,fr,5,positive,Personnel / Accueil,personnel,"Personnel très accueillant et professionnel, toujours souriant.",TripAdvisor
R001835,2025-01-26,en,5,positive,Personnel / Accueil,personnel,"Staff was very friendly and helpful, spoke perfect English.",TripAdvisor
R001836,2024-10-07,en,5,positive,Vue / Panorama,vue,"Amazing 360 view, we could see the Sacre-Coeur and even further.",TripAdvisor
R001837,2024-02-17,fr,5,positive,Personnel / Accueil,personnel,"Accueil chaleureux et équipe efficace, merci pour cette belle visite.",Google Maps
R001838,2024-10-13,en,3,neutral,Général,generique,"Decent visit, nothing extraordinary but worth doing once.",Booking
R001839,2025-07-04,en,5,positive,Vue / Panorama,vue,"Amazing 360 view, we could see the Sacre-Coeur and even further.",TripAdvisor
R001840,2025-02-27,de,5,positive,Vue / Panorama,vue,"Die Aussicht vom Gipfel ist atemberaubend, ganz Paris liegt einem zu Füßen.",Google Maps
R001841,2024-12-01,de,5,positive,Vue / Panorama,vue,"Die Aussicht vom Gipfel ist atemberaubend, ganz Paris liegt einem zu Füßen.",Google Maps
R001842,2024-03-10,es,4,positive,Expérience globale,experience,"Experiencia mágica, el monumento es aún más impresionante en persona.",Google Maps
R001843,2024-08-07,en,2,negative,Ascenseurs,ascenseur,"Only one lift working, massive wait to go back down.",TripAdvisor
R001844,2024-09-22,en,5,positive,Personnel / Accueil,personnel,"Staff was very friendly and helpful, spoke perfect English.",TripAdvisor
R001845,2025-05-13,es,5,positive,Vue / Panorama,vue,"Panorama espectacular al atardecer, momento inolvidable.",Google Maps
R001846,2024-02-02,es,5,positive,Expérience globale,experience,"Experiencia mágica, el monumento es aún más impresionante en persona.",Booking
R001847,2025-10-11,de,5,positive,Expérience globale,experience,"Magische Erfahrung, das Monument ist live noch beeindruckender.",TripAdvisor
R001848,2025-06-09,fr,5,positive,Expérience globale,experience,"Une expérience magique, le monument est encore plus impressionnant en vrai.",Google Maps
R001849,2025-12-01,fr,3,neutral,Général,generique,"Visite correcte mais sans plus, attendu plus d'animations.",TripAdvisor
R001850,2024-03-15,fr,5,positive,Expérience globale,experience,"Une expérience magique, le monument est encore plus impressionnant en vrai.",TripAdvisor
R001851,2025-02-15,en,5,positive,Expérience globale,experience,"Perfect family day, kids loved every minute of it.",Google Maps
R001852,2025-03-13,fr,1,negative,File d'attente,file_attente,"File d'attente interminable, plus de 2 heures sous le soleil sans ombre.",TripAdvisor
R001853,2024-07-24,de,5,positive,Expérience globale,experience,"Magische Erfahrung, das Monument ist live noch beeindruckender.",Google Maps
R001854,2024-05-31,en,4,positive,Expérience globale,experience,"Truly magical experience, the monument is even more impressive in person.",TripAdvisor
R001855,2025-07-07,fr,5,positive,Expérience globale,experience,"Une expérience magique, le monument est encore plus impressionnant en vrai.",TripAdvisor
R001856,2024-08-01,fr,3,neutral,Général,generique,Ça vaut le coup de le voir une fois dans sa vie.,TripAdvisor
R001857,2024-12-29,fr,3,neutral,Général,generique,"Visite correcte mais sans plus, attendu plus d'animations.",TripAdvisor
R001858,2024-01-27,de,3,neutral,Général,generique,"Iconic monument, the experience is okay overall.",TripAdvisor
R001859,2025-02-12,es,2,negative,Prix / Tarification,prix,"Precios excesivos, sobre todo la comida en el lugar.",TripAdvisor
R001860,2025-06-02,es,5,positive,Vue / Panorama,vue,"La vista desde la cima es impresionante, se ve todo París.",Booking
R001861,2025-09-11,es,5,positive,Vue / Panorama,vue,"La vista desde la cima es impresionante, se ve todo París.",TripAdvisor
R001862,2025-01-03,it,5,positive,Vue / Panorama,vue,"Vista mozzafiato dalla cima, si vede tutta Parigi.",TripAdvisor
R001863,2025-01-24,en,3,neutral,Général,generique,"Decent visit, nothing extraordinary but worth doing once.",Google Maps
R001864,2024-11-13,en,3,neutral,Général,generique,"Iconic monument, the experience is okay overall.",Google Maps
R001865,2024-03-27,en,3,neutral,Général,generique,"Decent visit, nothing extraordinary but worth doing once.",Google Maps
R001866,2025-10-24,es,3,neutral,Général,generique,"Iconic monument, the experience is okay overall.",Google Maps
R001867,2024-01-10,fr,3,neutral,Général,generique,Ça vaut le coup de le voir une fois dans sa vie.,TripAdvisor
R001868,2024-08-02,fr,2,negative,File d'attente,file_attente,"File d'attente interminable, plus de 2 heures sous le soleil sans ombre.",Google Maps
R001869,2024-06-27,en,5,positive,Personnel / Accueil,personnel,"Staff was very friendly and helpful, spoke perfect English.",Booking
R001870,2024-04-22,it,2,negative,File d'attente,file_attente,"Coda interminabile di oltre 2 ore, un incubo.",Google Maps
R001871,2024-09-28,fr,5,positive,Personnel / Accueil,personnel,"Accueil chaleureux et équipe efficace, merci pour cette belle visite.",Google Maps
R001872,2024-05-27,fr,4,positive,Vue / Panorama,vue,"Spectacle incroyable de nuit avec les illuminations, je recommande absolument.",Booking
R001873,2024-06-10,fr,5,positive,Expérience globale,experience,"Moment magique en famille, les enfants ont adoré.",TripAdvisor
R001874,2025-05-02,en,4,positive,Personnel / Accueil,personnel,"Staff was very friendly and helpful, spoke perfect English.",TripAdvisor
R001875,2025-09-09,en,3,neutral,Général,generique,"Decent visit, nothing extraordinary but worth doing once.",Google Maps
R001876,2025-07-06,fr,5,positive,Personnel / Accueil,personnel,"Personnel très accueillant et professionnel, toujours souriant.",TripAdvisor
R001877,2025-08-07,en,2,negative,Sécurité,securite,Felt unsafe with all the street vendors harassing tourists.,TripAdvisor
R001878,2024-04-07,fr,5,positive,Vue / Panorama,vue,"Panorama exceptionnel sur Paris, on voit jusqu'au Sacré-Cœur et la Défense.",Google Maps
R001879,2025-11-06,fr,4,positive,Vue / Panorama,vue,"Panorama exceptionnel sur Paris, on voit jusqu'au Sacré-Cœur et la Défense.",TripAdvisor
R001880,2024-05-14,en,5,positive,Expérience globale,experience,"Perfect family day, kids loved every minute of it.",TripAdvisor
R001881,2025-01-29,en,5,positive,Expérience globale,experience,"Truly magical experience, the monument is even more impressive in person.",Google Maps
R001882,2025-10-11,es,3,neutral,Général,generique,"Decent visit, nothing extraordinary but worth doing once.",TripAdvisor
R001883,2025-05-10,es,5,positive,Expérience globale,experience,"Experiencia mágica, el monumento es aún más impresionante en persona.",Google Maps
R001884,2024-08-07,fr,3,neutral,Général,generique,Monument iconique mais l'expérience reste classique.,TripAdvisor
R001885,2025-06-10,fr,5,positive,Expérience globale,experience,"Visite parfaite, organisation au top, je recommande vivement.",Booking
R001886,2025-05-14,en,3,neutral,Général,generique,"Iconic monument, the experience is okay overall.",Google Maps
R001887,2025-01-09,en,4,positive,Personnel / Accueil,personnel,"Great team, super welcoming and professional throughout.",TripAdvisor
R001888,2024-04-23,fr,5,positive,Vue / Panorama,vue,"Panorama exceptionnel sur Paris, on voit jusqu'au Sacré-Cœur et la Défense.",TripAdvisor
R001889,2025-07-20,en,5,positive,Personnel / Accueil,personnel,"Great team, super welcoming and professional throughout.",Booking
R001890,2025-06-07,fr,3,neutral,Général,generique,Monument iconique mais l'expérience reste classique.,TripAdvisor
R001891,2024-12-28,de,5,positive,Vue / Panorama,vue,"Die Aussicht vom Gipfel ist atemberaubend, ganz Paris liegt einem zu Füßen.",Google Maps
R001892,2025-06-27,es,5,positive,Vue / Panorama,vue,"Panorama espectacular al atardecer, momento inolvidable.",TripAdvisor
R001893,2024-06-04,fr,2,negative,Sécurité,securite,"Trop de vendeurs à la sauvette autour, sentiment d'insécurité.",Google Maps
R001894,2025-02-14,it,4,positive,Vue / Panorama,vue,"Panorama spettacolare al tramonto, momento indimenticabile.",TripAdvisor
R001895,2024-11-25,de,3,neutral,Général,generique,"Iconic monument, the experience is okay overall.",TripAdvisor
R001896,2025-09-19,de,4,positive,Expérience globale,experience,"Magische Erfahrung, das Monument ist live noch beeindruckender.",Google Maps
R001897,2024-06-13,fr,2,negative,Prix / Tarification,prix,"Tarifs vraiment excessifs pour ce que c'est, beaucoup trop cher.",Google Maps
R001898,2024-06-12,es,3,neutral,Général,generique,"Iconic monument, the experience is okay overall.",Google Maps
R001899,2024-10-09,en,4,positive,Personnel / Accueil,personnel,"Staff was very friendly and helpful, spoke perfect English.",TripAdvisor
R001900,2025-11-19,en,2,negative,Prix / Tarification,prix,"Ridiculously overpriced, especially food and drinks.",TripAdvisor
R001901,2025-09-04,en,2,negative,Ascenseurs,ascenseur,"Elevator broke down during our visit, total disappointment.",TripAdvisor
R001902,2025-04-10,en,5,positive,Vue / Panorama,vue,"Amazing 360 view, we could see the Sacre-Coeur and even further.",TripAdvisor
R001903,2024-02-11,de,2,negative,Prix / Tarification,prix,"Viel zu teuer, besonders Essen und Getränke.",TripAdvisor
R001904,2025-05-13,de,5,positive,Expérience globale,experience,"Magische Erfahrung, das Monument ist live noch beeindruckender.",Google Maps
R001905,2025-01-06,fr,5,positive,Expérience globale,experience,"Moment magique en famille, les enfants ont adoré.",TripAdvisor
R001906,2024-04-17,de,4,positive,Expérience globale,experience,"Magische Erfahrung, das Monument ist live noch beeindruckender.",Google Maps
R001907,2024-12-02,fr,2,negative,Ascenseurs,ascenseur,"Un seul ascenseur fonctionnait, attente énorme pour redescendre.",TripAdvisor
R001908,2024-04-13,es,3,neutral,Général,generique,"Decent visit, nothing extraordinary but worth doing once.",Google Maps
R001909,2024-09-29,en,5,positive,Vue / Panorama,vue,"Amazing 360 view, we could see the Sacre-Coeur and even further.",TripAdvisor
R001910,2024-04-20,es,1,negative,Prix / Tarification,prix,Entradas demasiado caras para una familia.,Google Maps
R001911,2024-09-01,es,3,neutral,Général,generique,"Decent visit, nothing extraordinary but worth doing once.",TripAdvisor
R001912,2024-02-10,en,3,neutral,Général,generique,"Iconic monument, the experience is okay overall.",TripAdvisor
R001913,2025-10-05,es,3,neutral,Général,generique,"Iconic monument, the experience is okay overall.",Google Maps
R001914,2024-01-25,en,3,neutral,Général,generique,"Decent visit, nothing extraordinary but worth doing once.",Google Maps
R001915,2024-09-16,en,5,positive,Personnel / Accueil,personnel,"Staff was very friendly and helpful, spoke perfect English.",TripAdvisor
R001916,2024-02-18,en,5,positive,Vue / Panorama,vue,"Stunning panorama, especially at sunset. A must-visit in Paris.",TripAdvisor
R001917,2025-07-14,en,2,negative,Prix / Tarification,prix,"Ridiculously overpriced, especially food and drinks.",Google Maps
R001918,2024-12-07,es,2,negative,File d'attente,file_attente,Demasiada espera incluso con entradas online.,TripAdvisor
R001919,2024-04-13,en,2,negative,Prix / Tarification,prix,Tickets are way too expensive for a family of four.,Booking
R001920,2025-01-26,fr,5,positive,Expérience globale,experience,"Visite parfaite, organisation au top, je recommande vivement.",TripAdvisor
R001921,2024-06-12,de,5,positive,Expérience globale,experience,"Magische Erfahrung, das Monument ist live noch beeindruckender.",Booking
R001922,2025-10-19,en,5,positive,Expérience globale,experience,"Perfect family day, kids loved every minute of it.",Google Maps
R001923,2024-04-02,es,4,positive,Expérience globale,experience,"Experiencia mágica, el monumento es aún más impresionante en persona.",Google Maps
R001924,2025-06-29,de,2,negative,Prix / Tarification,prix,"Viel zu teuer, besonders Essen und Getränke.",TripAdvisor
R001925,2024-03-25,fr,5,positive,Expérience globale,experience,"Visite parfaite, organisation au top, je recommande vivement.",TripAdvisor
R001926,2024-10-07,fr,1,negative,Prix / Tarification,prix,"Trop cher pour la restauration sur place, comptez 25€ un sandwich.",TripAdvisor
R001927,2025-03-26,fr,2,negative,Prix / Tarification,prix,"Tarifs vraiment excessifs pour ce que c'est, beaucoup trop cher.",Google Maps
R001928,2025-05-09,fr,5,positive,Vue / Panorama,vue,"La vue depuis le sommet est tout simplement à couper le souffle, Paris s'étend à perte de vue.",Google Maps
R001929,2025-06-15,en,5,positive,Expérience globale,experience,"Truly magical experience, the monument is even more impressive in person.",Google Maps
R001930,2025-01-07,en,3,neutral,Général,generique,"Iconic monument, the experience is okay overall.",Google Maps
R001931,2024-03-19,fr,5,positive,Vue / Panorama,vue,"Vue magnifique au coucher du soleil, un moment inoubliable avec ma famille.",Booking
R001932,2025-08-15,fr,3,neutral,Général,generique,Ça vaut le coup de le voir une fois dans sa vie.,TripAdvisor
R001933,2025-09-10,it,1,negative,Prix / Tarification,prix,"Prezzi eccessivi, soprattutto la ristorazione.",TripAdvisor
R001934,2024-02-24,en,1,negative,Prix / Tarification,prix,Tickets are way too expensive for a family of four.,TripAdvisor
R001935,2025-04-04,en,4,positive,Vue / Panorama,vue,"The view from the top is absolutely breathtaking, you can see all of Paris.",Google Maps
R001936,2024-12-28,fr,4,positive,Expérience globale,experience,"Une expérience magique, le monument est encore plus impressionnant en vrai.",TripAdvisor
R001937,2025-05-17,en,5,positive,Expérience globale,experience,"Truly magical experience, the monument is even more impressive in person.",TripAdvisor
R001938,2024-11-13,es,5,positive,Expérience globale,experience,"Experiencia mágica, el monumento es aún más impresionante en persona.",Google Maps
R001939,2025-07-06,en,4,positive,Expérience globale,experience,"Perfect family day, kids loved every minute of it.",Booking
R001940,2025-08-24,en,3,neutral,Général,generique,"Iconic monument, the experience is okay overall.",TripAdvisor
R001941,2024-09-11,it,5,positive,Vue / Panorama,vue,"Vista mozzafiato dalla cima, si vede tutta Parigi.",Booking
R001942,2025-10-26,es,3,neutral,Général,generique,"Decent visit, nothing extraordinary but worth doing once.",Booking
R001943,2025-01-31,es,5,positive,Vue / Panorama,vue,"Panorama espectacular al atardecer, momento inolvidable.",Google Maps
R001944,2024-12-29,en,4,positive,Personnel / Accueil,personnel,"Staff was very friendly and helpful, spoke perfect English.",TripAdvisor
R001945,2024-07-24,en,4,positive,Vue / Panorama,vue,"The view from the top is absolutely breathtaking, you can see all of Paris.",TripAdvisor
R001946,2025-06-20,it,2,negative,Prix / Tarification,prix,"Prezzi eccessivi, soprattutto la ristorazione.",TripAdvisor
R001947,2024-01-02,de,4,positive,Vue / Panorama,vue,"Wunderschöner Panoramablick, vor allem bei Sonnenuntergang.",Booking
R001948,2025-08-04,en,4,positive,Personnel / Accueil,personnel,"Great team, super welcoming and professional throughout.",Google Maps
R001949,2024-07-05,de,3,neutral,Général,generique,"Iconic monument, the experience is okay overall.",Google Maps
R001950,2025-03-27,it,5,positive,Vue / Panorama,vue,"Panorama spettacolare al tramonto, momento indimenticabile.",Google Maps
R001951,2024-02-09,de,4,positive,Vue / Panorama,vue,"Wunderschöner Panoramablick, vor allem bei Sonnenuntergang.",Booking
R001952,2024-04-20,de,2,negative,File d'attente,file_attente,"Riesige Schlangen auf jeder Ebene, sehr enttäuschend.",TripAdvisor
R001953,2024-06-07,fr,4,positive,Vue / Panorama,vue,"Spectacle incroyable de nuit avec les illuminations, je recommande absolument.",Booking
R001954,2024-04-29,de,3,neutral,Général,generique,"Iconic monument, the experience is okay overall.",Google Maps
R001955,2025-05-17,fr,5,positive,Vue / Panorama,vue,"Panorama exceptionnel sur Paris, on voit jusqu'au Sacré-Cœur et la Défense.",TripAdvisor
R001956,2024-04-03,en,5,positive,Personnel / Accueil,personnel,"Staff was very friendly and helpful, spoke perfect English.",Google Maps
R001957,2025-10-20,en,5,positive,Expérience globale,experience,"Perfect family day, kids loved every minute of it.",TripAdvisor
R001958,2025-03-12,en,5,positive,Vue / Panorama,vue,"Stunning panorama, especially at sunset. A must-visit in Paris.",TripAdvisor
R001959,2025-05-10,en,5,positive,Personnel / Accueil,personnel,"Staff was very friendly and helpful, spoke perfect English.",Google Maps
R001960,2024-02-26,fr,3,neutral,Général,generique,Ça vaut le coup de le voir une fois dans sa vie.,Google Maps
R001961,2025-08-07,fr,3,neutral,Général,generique,Ça vaut le coup de le voir une fois dans sa vie.,Google Maps
R001962,2025-01-29,en,2,negative,File d'attente,file_attente,"Waited over 2 hours in line even with online tickets, awful.",TripAdvisor
R001963,2025-11-28,it,5,positive,Vue / Panorama,vue,"Vista mozzafiato dalla cima, si vede tutta Parigi.",Google Maps
R001964,2024-03-15,de,5,positive,Vue / Panorama,vue,"Die Aussicht vom Gipfel ist atemberaubend, ganz Paris liegt einem zu Füßen.",Google Maps
R001965,2025-01-25,en,4,positive,Expérience globale,experience,"Truly magical experience, the monument is even more impressive in person.",TripAdvisor
R001966,2025-11-06,en,3,neutral,Général,generique,"Decent visit, nothing extraordinary but worth doing once.",Google Maps
R001967,2025-01-15,es,3,neutral,Général,generique,"Decent visit, nothing extraordinary but worth doing once.",Booking
R001968,2024-09-21,en,5,positive,Expérience globale,experience,"Truly magical experience, the monument is even more impressive in person.",Google Maps
R001969,2025-10-31,en,4,positive,Expérience globale,experience,"Perfect family day, kids loved every minute of it.",Google Maps
R001970,2024-07-13,fr,1,negative,Propreté,proprete,"Beaucoup de déchets autour du monument, dommage pour l'image.",Google Maps
R001971,2025-04-04,en,4,positive,Expérience globale,experience,"Perfect family day, kids loved every minute of it.",TripAdvisor
R001972,2025-05-15,en,4,positive,Vue / Panorama,vue,"The view from the top is absolutely breathtaking, you can see all of Paris.",TripAdvisor
R001973,2025-02-11,en,5,positive,Expérience globale,experience,"Perfect family day, kids loved every minute of it.",TripAdvisor
R001974,2024-05-02,fr,3,neutral,Général,generique,"Visite correcte mais sans plus, attendu plus d'animations.",TripAdvisor
R001975,2025-06-14,de,4,positive,Vue / Panorama,vue,"Wunderschöner Panoramablick, vor allem bei Sonnenuntergang.",Booking
R001976,2024-07-07,en,5,positive,Vue / Panorama,vue,"The view from the top is absolutely breathtaking, you can see all of Paris.",TripAdvisor
R001977,2024-05-26,en,5,positive,Personnel / Accueil,personnel,"Great team, super welcoming and professional throughout.",TripAdvisor
R001978,2024-02-14,es,2,negative,File d'attente,file_attente,"Cola interminable de más de 2 horas, una pesadilla.",Google Maps
R001979,2024-07-24,it,5,positive,Vue / Panorama,vue,"Vista mozzafiato dalla cima, si vede tutta Parigi.",Booking
R001980,2024-07-07,fr,4,positive,Personnel / Accueil,personnel,"Accueil chaleureux et équipe efficace, merci pour cette belle visite.",Google Maps
R001981,2024-09-08,en,1,negative,File d'attente,file_attente,"The queue was insane, plan a whole day for this visit.",Google Maps
R001982,2024-03-07,fr,4,positive,Expérience globale,experience,"Visite parfaite, organisation au top, je recommande vivement.",TripAdvisor
R001983,2025-01-14,en,5,positive,Vue / Panorama,vue,"Amazing 360 view, we could see the Sacre-Coeur and even further.",TripAdvisor
R001984,2024-02-29,de,1,negative,File d'attente,file_attente,"Riesige Schlangen auf jeder Ebene, sehr enttäuschend.",Google Maps
R001985,2024-03-16,es,5,positive,Vue / Panorama,vue,"La vista desde la cima es impresionante, se ve todo París.",TripAdvisor
R001986,2025-01-31,es,5,positive,Expérience globale,experience,"Visita perfecta en familia, los niños lo adoraron.",TripAdvisor
R001987,2025-10-13,es,2,negative,Prix / Tarification,prix,Entradas demasiado caras para una familia.,TripAdvisor
R001988,2025-10-14,de,4,positive,Expérience globale,experience,"Magische Erfahrung, das Monument ist live noch beeindruckender.",Google Maps
R001989,2024-01-22,it,5,positive,Vue / Panorama,vue,"Vista mozzafiato dalla cima, si vede tutta Parigi.",TripAdvisor
R001990,2024-08-20,fr,5,positive,Personnel / Accueil,personnel,"Accueil chaleureux et équipe efficace, merci pour cette belle visite.",Booking
R001991,2025-03-03,fr,2,negative,Prix / Tarification,prix,"Le prix du billet est prohibitif, surtout pour une famille avec enfants.",TripAdvisor
R001992,2024-12-11,en,3,neutral,Général,generique,"Iconic monument, the experience is okay overall.",TripAdvisor
R001993,2024-07-14,en,1,negative,Prix / Tarification,prix,"Ridiculously overpriced, especially food and drinks.",Google Maps
R001994,2025-02-22,it,2,negative,Prix / Tarification,prix,"Prezzi eccessivi, soprattutto la ristorazione.",TripAdvisor
R001995,2025-04-08,fr,5,positive,Personnel / Accueil,personnel,"Personnel très accueillant et professionnel, toujours souriant.",TripAdvisor
R001996,2024-12-11,es,1,negative,Prix / Tarification,prix,"Precios excesivos, sobre todo la comida en el lugar.",Google Maps
R001997,2025-03-29,fr,4,positive,Expérience globale,experience,"Visite parfaite, organisation au top, je recommande vivement.",TripAdvisor
R001998,2025-11-27,fr,5,positive,Vue / Panorama,vue,"Vue magnifique au coucher du soleil, un moment inoubliable avec ma famille.",Google Maps
R001999,2025-04-24,fr,5,positive,Vue / Panorama,vue,"Panorama exceptionnel sur Paris, on voit jusqu'au Sacré-Cœur et la Défense.",TripAdvisor
R002000,2025-09-19,es,2,negative,Prix / Tarification,prix,Entradas demasiado caras para una familia.,Google Maps
R002001,2024-01-09,en,4,positive,Vue / Panorama,vue,"The view from the top is absolutely breathtaking, you can see all of Paris.",Booking
R002002,2024-12-31,de,5,positive,Vue / Panorama,vue,"Wunderschöner Panoramablick, vor allem bei Sonnenuntergang.",TripAdvisor
R002003,2024-11-19,fr,5,positive,Vue / Panorama,vue,"Vue magnifique au coucher du soleil, un moment inoubliable avec ma famille.",Google Maps
R002004,2025-07-29,es,5,positive,Vue / Panorama,vue,"Panorama espectacular al atardecer, momento inolvidable.",TripAdvisor
R002005,2025-07-19,de,4,positive,Vue / Panorama,vue,"Wunderschöner Panoramablick, vor allem bei Sonnenuntergang.",Google Maps
R002006,2024-05-30,en,5,positive,Vue / Panorama,vue,"The view from the top is absolutely breathtaking, you can see all of Paris.",Booking
R002007,2024-06-23,fr,5,positive,Personnel / Accueil,personnel,"Le staff est multilingue et très serviable, parfait pour les touristes.",Google Maps
R002008,2025-08-21,en,3,neutral,Général,generique,"Iconic monument, the experience is okay overall.",Google Maps
R002009,2024-03-28,en,5,positive,Personnel / Accueil,personnel,"Great team, super welcoming and professional throughout.",Google Maps
R002010,2024-06-02,fr,5,positive,Personnel / Accueil,personnel,"Accueil chaleureux et équipe efficace, merci pour cette belle visite.",TripAdvisor
R002011,2024-10-26,de,3,neutral,Général,generique,"Iconic monument, the experience is okay overall.",Google Maps
R002012,2025-08-27,it,5,positive,Vue / Panorama,vue,"Vista mozzafiato dalla cima, si vede tutta Parigi.",TripAdvisor
R002013,2024-10-13,fr,3,neutral,Général,generique,Ça vaut le coup de le voir une fois dans sa vie.,Booking
R002014,2024-09-01,de,4,positive,Expérience globale,experience,"Magische Erfahrung, das Monument ist live noch beeindruckender.",Google Maps
R002015,2024-10-06,fr,3,neutral,Général,generique,"Visite correcte mais sans plus, attendu plus d'animations.",Google Maps
R002016,2024-05-13,es,5,positive,Vue / Panorama,vue,"Panorama espectacular al atardecer, momento inolvidable.",Google Maps
R002017,2025-04-26,de,5,positive,Vue / Panorama,vue,"Wunderschöner Panoramablick, vor allem bei Sonnenuntergang.",TripAdvisor
R002018,2025-06-08,fr,1,negative,Propreté,proprete,"Beaucoup de déchets autour du monument, dommage pour l'image.",Google Maps
R002019,2024-09-24,es,5,positive,Expérience globale,experience,"Experiencia mágica, el monumento es aún más impresionante en persona.",Google Maps
R002020,2024-11-22,en,5,positive,Personnel / Accueil,personnel,"Staff was very friendly and helpful, spoke perfect English.",Google Maps
R002021,2024-06-30,de,4,positive,Vue / Panorama,vue,"Die Aussicht vom Gipfel ist atemberaubend, ganz Paris liegt einem zu Füßen.",TripAdvisor
R002022,2024-01-14,fr,1,negative,File d'attente,file_attente,"File d'attente interminable, plus de 2 heures sous le soleil sans ombre.",Google Maps
R002023,2025-08-19,en,3,neutral,Général,generique,"Decent visit, nothing extraordinary but worth doing once.",Google Maps
R002024,2024-02-27,de,5,positive,Expérience globale,experience,"Magische Erfahrung, das Monument ist live noch beeindruckender.",Google Maps
R002025,2024-04-03,fr,1,negative,File d'attente,file_attente,"File d'attente interminable, plus de 2 heures sous le soleil sans ombre.",TripAdvisor
R002026,2025-10-02,es,5,positive,Vue / Panorama,vue,"La vista desde la cima es impresionante, se ve todo París.",Google Maps
R002027,2025-11-23,en,5,positive,Personnel / Accueil,personnel,"Staff was very friendly and helpful, spoke perfect English.",Google Maps
R002028,2024-07-21,de,4,positive,Vue / Panorama,vue,"Die Aussicht vom Gipfel ist atemberaubend, ganz Paris liegt einem zu Füßen.",TripAdvisor
R002029,2024-03-18,de,5,positive,Vue / Panorama,vue,"Die Aussicht vom Gipfel ist atemberaubend, ganz Paris liegt einem zu Füßen.",TripAdvisor
R002030,2025-08-29,de,1,negative,File d'attente,file_attente,"Endlose Warteschlange, über 2 Stunden trotz Online-Ticket.",TripAdvisor
R002031,2024-12-19,en,1,negative,Prix / Tarification,prix,Tickets are way too expensive for a family of four.,Google Maps
R002032,2024-03-07,en,2,negative,Ascenseurs,ascenseur,"Only one lift working, massive wait to go back down.",TripAdvisor
R002033,2024-03-22,en,3,neutral,Général,generique,"Iconic monument, the experience is okay overall.",Google Maps
R002034,2025-01-05,de,5,positive,Vue / Panorama,vue,"Wunderschöner Panoramablick, vor allem bei Sonnenuntergang.",Google Maps
R002035,2025-04-06,en,3,neutral,Général,generique,"Iconic monument, the experience is okay overall.",TripAdvisor
R002036,2024-07-13,es,5,positive,Expérience globale,experience,"Visita perfecta en familia, los niños lo adoraron.",TripAdvisor
R002037,2024-11-28,fr,2,negative,Propreté,proprete,"Beaucoup de déchets autour du monument, dommage pour l'image.",Booking
R002038,2025-04-08,de,3,neutral,Général,generique,"Iconic monument, the experience is okay overall.",TripAdvisor
R002039,2025-01-25,es,5,positive,Vue / Panorama,vue,"La vista desde la cima es impresionante, se ve todo París.",Booking
R002040,2025-11-08,en,5,positive,Vue / Panorama,vue,"Stunning panorama, especially at sunset. A must-visit in Paris.",Booking
R002041,2024-01-17,fr,3,neutral,Général,generique,"Visite correcte mais sans plus, attendu plus d'animations.",TripAdvisor
R002042,2024-11-06,fr,5,positive,Vue / Panorama,vue,"Spectacle incroyable de nuit avec les illuminations, je recommande absolument.",Google Maps
R002043,2025-05-26,de,5,positive,Vue / Panorama,vue,"Wunderschöner Panoramablick, vor allem bei Sonnenuntergang.",TripAdvisor
R002044,2024-03-09,it,5,positive,Vue / Panorama,vue,"Panorama spettacolare al tramonto, momento indimenticabile.",Booking
R002045,2025-05-21,en,5,positive,Vue / Panorama,vue,"The view from the top is absolutely breathtaking, you can see all of Paris.",Google Maps
R002046,2024-11-14,en,5,positive,Personnel / Accueil,personnel,"Staff was very friendly and helpful, spoke perfect English.",Google Maps
R002047,2025-01-17,en,4,positive,Vue / Panorama,vue,"Amazing 360 view, we could see the Sacre-Coeur and even further.",Google Maps
R002048,2025-01-13,de,4,positive,Expérience globale,experience,"Magische Erfahrung, das Monument ist live noch beeindruckender.",TripAdvisor
R002049,2025-05-02,fr,5,positive,Vue / Panorama,vue,"Vue magnifique au coucher du soleil, un moment inoubliable avec ma famille.",Google Maps
R002050,2024-11-25,en,5,positive,Personnel / Accueil,personnel,"Staff was very friendly and helpful, spoke perfect English.",Google Maps
R002051,2025-05-15,en,3,neutral,Général,generique,"Decent visit, nothing extraordinary but worth doing once.",Google Maps
R002052,2025-09-30,de,5,positive,Vue / Panorama,vue,"Wunderschöner Panoramablick, vor allem bei Sonnenuntergang.",TripAdvisor
R002053,2025-02-02,en,4,positive,Expérience globale,experience,"Perfect family day, kids loved every minute of it.",Google Maps
R002054,2024-03-01,es,5,positive,Vue / Panorama,vue,"Panorama espectacular al atardecer, momento inolvidable.",TripAdvisor
R002055,2024-05-29,fr,5,positive,Personnel / Accueil,personnel,"Accueil chaleureux et équipe efficace, merci pour cette belle visite.",Google Maps
R002056,2025-10-23,it,5,positive,Vue / Panorama,vue,"Vista mozzafiato dalla cima, si vede tutta Parigi.",TripAdvisor
R002057,2024-07-18,de,5,positive,Expérience globale,experience,"Magische Erfahrung, das Monument ist live noch beeindruckender.",Google Maps
R002058,2024-01-12,en,5,positive,Personnel / Accueil,personnel,"Great team, super welcoming and professional throughout.",TripAdvisor
R002059,2025-04-21,fr,4,positive,Vue / Panorama,vue,"Spectacle incroyable de nuit avec les illuminations, je recommande absolument.",Google Maps
R002060,2024-11-17,it,5,positive,Vue / Panorama,vue,"Vista mozzafiato dalla cima, si vede tutta Parigi.",TripAdvisor
R002061,2024-06-15,fr,5,positive,Expérience globale,experience,"Moment magique en famille, les enfants ont adoré.",Google Maps
R002062,2025-01-12,en,5,positive,Vue / Panorama,vue,"Stunning panorama, especially at sunset. A must-visit in Paris.",TripAdvisor
R002063,2025-02-09,es,5,positive,Vue / Panorama,vue,"Panorama espectacular al atardecer, momento inolvidable.",TripAdvisor
R002064,2025-08-05,en,2,negative,Ascenseurs,ascenseur,"Only one lift working, massive wait to go back down.",TripAdvisor
R002065,2024-03-10,en,1,negative,Prix / Tarification,prix,Tickets are way too expensive for a family of four.,TripAdvisor
R002066,2025-01-03,fr,4,positive,Expérience globale,experience,"Une expérience magique, le monument est encore plus impressionnant en vrai.",Booking
R002067,2024-03-04,en,5,positive,Vue / Panorama,vue,"Stunning panorama, especially at sunset. A must-visit in Paris.",Google Maps
R002068,2024-07-31,en,5,positive,Vue / Panorama,vue,"Amazing 360 view, we could see the Sacre-Coeur and even further.",TripAdvisor
R002069,2024-09-02,fr,3,neutral,Général,generique,"Visite correcte mais sans plus, attendu plus d'animations.",TripAdvisor
R002070,2024-02-13,en,5,positive,Expérience globale,experience,"Truly magical experience, the monument is even more impressive in person.",TripAdvisor
R002071,2025-10-11,fr,5,positive,Vue / Panorama,vue,"Vue magnifique au coucher du soleil, un moment inoubliable avec ma famille.",Google Maps
R002072,2025-02-28,fr,2,negative,Propreté,proprete,"Toilettes pas très propres au deuxième étage, à améliorer.",Google Maps
R002073,2024-01-08,fr,5,positive,Vue / Panorama,vue,"Panorama exceptionnel sur Paris, on voit jusqu'au Sacré-Cœur et la Défense.",TripAdvisor
R002074,2024-08-05,fr,3,neutral,Général,generique,Monument iconique mais l'expérience reste classique.,TripAdvisor
R002075,2025-01-18,fr,1,negative,Sécurité,securite,"Pickpockets très présents, faites très attention à vos affaires.",Google Maps
R002076,2024-11-30,fr,5,positive,Expérience globale,experience,"Visite parfaite, organisation au top, je recommande vivement.",Google Maps
R002077,2025-10-29,en,2,negative,Sécurité,securite,"Watch out for pickpockets, they are everywhere around the tower.",Google Maps
R002078,2024-04-19,es,5,positive,Vue / Panorama,vue,"La vista desde la cima es impresionante, se ve todo París.",Google Maps
R002079,2024-11-06,de,5,positive,Expérience globale,experience,"Magische Erfahrung, das Monument ist live noch beeindruckender.",TripAdvisor
R002080,2024-01-25,fr,1,negative,Sécurité,securite,"Pickpockets très présents, faites très attention à vos affaires.",TripAdvisor
R002081,2025-02-01,fr,5,positive,Personnel / Accueil,personnel,"Personnel très accueillant et professionnel, toujours souriant.",Google Maps
R002082,2025-09-03,en,5,positive,Vue / Panorama,vue,"Stunning panorama, especially at sunset. A must-visit in Paris.",TripAdvisor
R002083,2025-09-23,it,3,neutral,Général,generique,"Decent visit, nothing extraordinary but worth doing once.",TripAdvisor
R002084,2024-01-01,fr,5,positive,Vue / Panorama,vue,"La vue depuis le sommet est tout simplement à couper le souffle, Paris s'étend à perte de vue.",TripAdvisor
R002085,2024-08-08,en,4,positive,Vue / Panorama,vue,"The view from the top is absolutely breathtaking, you can see all of Paris.",Google Maps
R002086,2025-10-31,it,1,negative,Prix / Tarification,prix,"Prezzi eccessivi, soprattutto la ristorazione.",TripAdvisor
R002087,2024-09-26,es,3,neutral,Général,generique,"Decent visit, nothing extraordinary but worth doing once.",TripAdvisor
R002088,2025-10-13,de,3,neutral,Général,generique,"Decent visit, nothing extraordinary but worth doing once.",Google Maps
R002089,2024-03-29,en,4,positive,Personnel / Accueil,personnel,"Staff was very friendly and helpful, spoke perfect English.",Google Maps
R002090,2024-01-24,en,3,neutral,Général,generique,"Iconic monument, the experience is okay overall.",Google Maps
R002091,2025-11-25,en,1,negative,Prix / Tarification,prix,"Ridiculously overpriced, especially food and drinks.",TripAdvisor
R002092,2024-01-14,fr,4,positive,Personnel / Accueil,personnel,"Le staff est multilingue et très serviable, parfait pour les touristes.",Google Maps
R002093,2025-05-05,fr,4,positive,Personnel / Accueil,personnel,"Accueil chaleureux et équipe efficace, merci pour cette belle visite.",TripAdvisor
R002094,2024-01-02,fr,2,negative,Prix / Tarification,prix,"Tarifs vraiment excessifs pour ce que c'est, beaucoup trop cher.",Booking
R002095,2025-05-15,fr,5,positive,Personnel / Accueil,personnel,"Accueil chaleureux et équipe efficace, merci pour cette belle visite.",Google Maps
R002096,2025-01-11,en,1,negative,Ascenseurs,ascenseur,"Only one lift working, massive wait to go back down.",TripAdvisor
R002097,2025-07-07,en,5,positive,Expérience globale,experience,"Perfect family day, kids loved every minute of it.",TripAdvisor
R002098,2024-12-21,es,5,positive,Vue / Panorama,vue,"Panorama espectacular al atardecer, momento inolvidable.",Google Maps
R002099,2025-03-18,fr,1,negative,Propreté,proprete,"Beaucoup de déchets autour du monument, dommage pour l'image.",TripAdvisor
R002100,2025-07-06,fr,5,positive,Personnel / Accueil,personnel,"Accueil chaleureux et équipe efficace, merci pour cette belle visite.",Google Maps
R002101,2024-12-15,fr,4,positive,Expérience globale,experience,"Moment magique en famille, les enfants ont adoré.",Google Maps
R002102,2025-02-09,es,5,positive,Vue / Panorama,vue,"La vista desde la cima es impresionante, se ve todo París.",TripAdvisor
R002103,2025-08-12,en,5,positive,Expérience globale,experience,"Truly magical experience, the monument is even more impressive in person.",TripAdvisor
R002104,2024-12-08,de,2,negative,File d'attente,file_attente,"Endlose Warteschlange, über 2 Stunden trotz Online-Ticket.",TripAdvisor
R002105,2025-02-06,en,2,negative,Ascenseurs,ascenseur,"Only one lift working, massive wait to go back down.",TripAdvisor
R002106,2025-04-09,en,5,positive,Vue / Panorama,vue,"The view from the top is absolutely breathtaking, you can see all of Paris.",TripAdvisor
R002107,2025-05-22,en,2,negative,File d'attente,file_attente,"Endless lines at every floor, terrible organization.",TripAdvisor
R002108,2024-11-06,fr,3,neutral,Général,generique,Monument iconique mais l'expérience reste classique.,Google Maps
R002109,2024-10-29,en,4,positive,Vue / Panorama,vue,"The view from the top is absolutely breathtaking, you can see all of Paris.",TripAdvisor
R002110,2024-05-01,fr,1,negative,File d'attente,file_attente,"File d'attente interminable, plus de 2 heures sous le soleil sans ombre.",TripAdvisor
R002111,2025-01-18,en,5,positive,Expérience globale,experience,"Perfect family day, kids loved every minute of it.",TripAdvisor
R002112,2024-02-02,en,5,positive,Personnel / Accueil,personnel,"Staff was very friendly and helpful, spoke perfect English.",TripAdvisor
R002113,2024-04-10,en,5,positive,Personnel / Accueil,personnel,"Great team, super welcoming and professional throughout.",TripAdvisor
R002114,2025-01-24,en,3,neutral,Général,generique,"Decent visit, nothing extraordinary but worth doing once.",TripAdvisor
R002115,2025-07-10,en,3,neutral,Général,generique,"Iconic monument, the experience is okay overall.",TripAdvisor
R002116,2024-12-11,fr,1,negative,File d'attente,file_attente,"Attente beaucoup trop longue malgré la réservation en ligne, c'est inacceptable.",TripAdvisor
R002117,2025-02-24,it,4,positive,Vue / Panorama,vue,"Panorama spettacolare al tramonto, momento indimenticabile.",TripAdvisor
R002118,2025-03-31,en,5,positive,Expérience globale,experience,"Truly magical experience, the monument is even more impressive in person.",TripAdvisor
R002119,2025-07-02,fr,5,positive,Expérience globale,experience,"Visite parfaite, organisation au top, je recommande vivement.",Google Maps
R002120,2025-04-07,fr,5,positive,Expérience globale,experience,"Moment magique en famille, les enfants ont adoré.",TripAdvisor
R002121,2024-06-07,fr,4,positive,Personnel / Accueil,personnel,"Le staff est multilingue et très serviable, parfait pour les touristes.",Booking
R002122,2025-10-31,fr,5,positive,Vue / Panorama,vue,"La vue depuis le sommet est tout simplement à couper le souffle, Paris s'étend à perte de vue.",Booking
R002123,2025-11-30,es,5,positive,Vue / Panorama,vue,"La vista desde la cima es impresionante, se ve todo París.",Google Maps
R002124,2024-05-15,en,1,negative,File d'attente,file_attente,"Waited over 2 hours in line even with online tickets, awful.",Google Maps
R002125,2025-03-16,it,5,positive,Vue / Panorama,vue,"Panorama spettacolare al tramonto, momento indimenticabile.",TripAdvisor
R002126,2024-10-12,en,2,negative,File d'attente,file_attente,"The queue was insane, plan a whole day for this visit.",TripAdvisor
R002127,2025-11-11,en,5,positive,Vue / Panorama,vue,"Stunning panorama, especially at sunset. A must-visit in Paris.",TripAdvisor
R002128,2024-01-25,en,3,neutral,Général,generique,"Decent visit, nothing extraordinary but worth doing once.",TripAdvisor
R002129,2025-05-04,en,2,negative,Sécurité,securite,Felt unsafe with all the street vendors harassing tourists.,TripAdvisor
R002130,2024-08-25,es,5,positive,Expérience globale,experience,"Experiencia mágica, el monumento es aún más impresionante en persona.",TripAdvisor
R002131,2025-06-06,fr,1,negative,Propreté,proprete,"Toilettes pas très propres au deuxième étage, à améliorer.",Google Maps
R002132,2024-05-20,fr,1,negative,Sécurité,securite,"Trop de vendeurs à la sauvette autour, sentiment d'insécurité.",TripAdvisor
R002133,2025-05-04,fr,5,positive,Vue / Panorama,vue,"Panorama exceptionnel sur Paris, on voit jusqu'au Sacré-Cœur et la Défense.",TripAdvisor
R002134,2024-03-13,fr,5,positive,Expérience globale,experience,"Moment magique en famille, les enfants ont adoré.",TripAdvisor
R002135,2024-03-15,fr,5,positive,Vue / Panorama,vue,"Spectacle incroyable de nuit avec les illuminations, je recommande absolument.",Google Maps
R002136,2025-02-20,fr,2,negative,Ascenseurs,ascenseur,"Ascenseur en panne le jour de notre visite, déception totale.",TripAdvisor
R002137,2024-07-16,en,3,neutral,Général,generique,"Decent visit, nothing extraordinary but worth doing once.",Google Maps
R002138,2025-06-05,de,5,positive,Vue / Panorama,vue,"Die Aussicht vom Gipfel ist atemberaubend, ganz Paris liegt einem zu Füßen.",Google Maps
R002139,2024-10-21,en,2,negative,Prix / Tarification,prix,"Ridiculously overpriced, especially food and drinks.",TripAdvisor
R002140,2024-05-29,fr,5,positive,Personnel / Accueil,personnel,"Personnel très accueillant et professionnel, toujours souriant.",Google Maps
R002141,2024-12-15,fr,5,positive,Personnel / Accueil,personnel,"Le staff est multilingue et très serviable, parfait pour les touristes.",TripAdvisor
R002142,2025-01-30,en,5,positive,Personnel / Accueil,personnel,"Great team, super welcoming and professional throughout.",Google Maps
R002143,2025-05-16,es,5,positive,Vue / Panorama,vue,"Panorama espectacular al atardecer, momento inolvidable.",Booking
R002144,2024-10-04,en,5,positive,Vue / Panorama,vue,"Stunning panorama, especially at sunset. A must-visit in Paris.",Google Maps
R002145,2024-12-22,en,5,positive,Personnel / Accueil,personnel,"Staff was very friendly and helpful, spoke perfect English.",Booking
R002146,2025-09-04,fr,4,positive,Expérience globale,experience,"Visite parfaite, organisation au top, je recommande vivement.",TripAdvisor
R002147,2025-01-05,en,1,negative,Prix / Tarification,prix,Tickets are way too expensive for a family of four.,Google Maps
R002148,2024-10-25,en,4,positive,Personnel / Accueil,personnel,"Staff was very friendly and helpful, spoke perfect English.",Google Maps
R002149,2025-05-23,fr,2,negative,Ascenseurs,ascenseur,"Ascenseur en panne le jour de notre visite, déception totale.",TripAdvisor
R002150,2025-09-12,en,1,negative,Sécurité,securite,Felt unsafe with all the street vendors harassing tourists.,TripAdvisor
R002151,2024-07-12,fr,4,positive,Expérience globale,experience,"Visite parfaite, organisation au top, je recommande vivement.",Google Maps
R002152,2025-06-07,fr,5,positive,Expérience globale,experience,"Moment magique en famille, les enfants ont adoré.",Google Maps
R002153,2025-09-01,fr,5,positive,Personnel / Accueil,personnel,"Accueil chaleureux et équipe efficace, merci pour cette belle visite.",TripAdvisor
R002154,2024-02-25,en,4,positive,Vue / Panorama,vue,"The view from the top is absolutely breathtaking, you can see all of Paris.",TripAdvisor
R002155,2024-04-08,fr,4,positive,Expérience globale,experience,"Visite parfaite, organisation au top, je recommande vivement.",Booking
R002156,2024-12-11,en,4,positive,Expérience globale,experience,"Truly magical experience, the monument is even more impressive in person.",Booking
R002157,2025-09-10,en,4,positive,Vue / Panorama,vue,"The view from the top is absolutely breathtaking, you can see all of Paris.",Google Maps
R002158,2025-08-21,fr,4,positive,Vue / Panorama,vue,"Panorama exceptionnel sur Paris, on voit jusqu'au Sacré-Cœur et la Défense.",TripAdvisor
R002159,2024-01-18,fr,2,negative,Propreté,proprete,"Toilettes pas très propres au deuxième étage, à améliorer.",Booking
R002160,2024-09-09,fr,1,negative,Ascenseurs,ascenseur,"Un seul ascenseur fonctionnait, attente énorme pour redescendre.",Google Maps
R002161,2024-10-13,fr,5,positive,Vue / Panorama,vue,"Panorama exceptionnel sur Paris, on voit jusqu'au Sacré-Cœur et la Défense.",TripAdvisor
R002162,2025-04-01,fr,5,positive,Expérience globale,experience,"Moment magique en famille, les enfants ont adoré.",TripAdvisor
R002163,2025-01-28,fr,5,positive,Expérience globale,experience,"Visite parfaite, organisation au top, je recommande vivement.",Google Maps
R002164,2025-05-18,es,5,positive,Expérience globale,experience,"Experiencia mágica, el monumento es aún más impresionante en persona.",TripAdvisor
R002165,2025-02-01,de,5,positive,Vue / Panorama,vue,"Wunderschöner Panoramablick, vor allem bei Sonnenuntergang.",Google Maps
R002166,2025-11-30,en,5,positive,Expérience globale,experience,"Truly magical experience, the monument is even more impressive in person.",TripAdvisor
R002167,2024-09-11,es,5,positive,Expérience globale,experience,"Visita perfecta en familia, los niños lo adoraron.",Google Maps
R002168,2025-07-30,de,5,positive,Expérience globale,experience,"Magische Erfahrung, das Monument ist live noch beeindruckender.",TripAdvisor
R002169,2025-01-03,en,5,positive,Vue / Panorama,vue,"Stunning panorama, especially at sunset. A must-visit in Paris.",TripAdvisor
R002170,2024-12-22,en,2,negative,Sécurité,securite,"Watch out for pickpockets, they are everywhere around the tower.",TripAdvisor
R002171,2024-06-21,en,3,neutral,Général,generique,"Decent visit, nothing extraordinary but worth doing once.",TripAdvisor
R002172,2025-01-25,en,5,positive,Expérience globale,experience,"Truly magical experience, the monument is even more impressive in person.",TripAdvisor
R002173,2025-07-20,es,5,positive,Vue / Panorama,vue,"La vista desde la cima es impresionante, se ve todo París.",TripAdvisor
R002174,2024-10-27,fr,3,neutral,Général,generique,"Visite correcte mais sans plus, attendu plus d'animations.",TripAdvisor
R002175,2025-02-23,en,3,neutral,Général,generique,"Decent visit, nothing extraordinary but worth doing once.",TripAdvisor
R002176,2025-11-01,en,4,positive,Vue / Panorama,vue,"Amazing 360 view, we could see the Sacre-Coeur and even further.",Google Maps
R002177,2025-07-15,de,3,neutral,Général,generique,"Iconic monument, the experience is okay overall.",TripAdvisor
R002178,2024-03-19,en,5,positive,Vue / Panorama,vue,"The view from the top is absolutely breathtaking, you can see all of Paris.",TripAdvisor
R002179,2025-04-18,fr,1,negative,Prix / Tarification,prix,"Trop cher pour la restauration sur place, comptez 25€ un sandwich.",Google Maps
R002180,2024-01-09,en,4,positive,Expérience globale,experience,"Truly magical experience, the monument is even more impressive in person.",TripAdvisor
R002181,2024-06-20,fr,5,positive,Vue / Panorama,vue,"La vue depuis le sommet est tout simplement à couper le souffle, Paris s'étend à perte de vue.",TripAdvisor
R002182,2024-10-12,fr,5,positive,Expérience globale,experience,"Visite parfaite, organisation au top, je recommande vivement.",TripAdvisor
R002183,2024-02-13,en,2,negative,Prix / Tarification,prix,"Ridiculously overpriced, especially food and drinks.",TripAdvisor
R002184,2025-02-08,en,5,positive,Personnel / Accueil,personnel,"Great team, super welcoming and professional throughout.",Google Maps
R002185,2025-09-12,es,3,neutral,Général,generique,"Iconic monument, the experience is okay overall.",Google Maps
R002186,2025-05-26,es,4,positive,Expérience globale,experience,"Visita perfecta en familia, los niños lo adoraron.",TripAdvisor
R002187,2025-02-26,fr,4,positive,Personnel / Accueil,personnel,"Le staff est multilingue et très serviable, parfait pour les touristes.",TripAdvisor
R002188,2024-08-08,fr,5,positive,Personnel / Accueil,personnel,"Personnel très accueillant et professionnel, toujours souriant.",TripAdvisor
R002189,2024-11-05,en,5,positive,Expérience globale,experience,"Truly magical experience, the monument is even more impressive in person.",TripAdvisor
R002190,2025-05-13,fr,3,neutral,Général,generique,Monument iconique mais l'expérience reste classique.,TripAdvisor
R002191,2024-02-22,en,4,positive,Vue / Panorama,vue,"Stunning panorama, especially at sunset. A must-visit in Paris.",TripAdvisor
R002192,2024-12-24,fr,1,negative,File d'attente,file_attente,"Attente beaucoup trop longue malgré la réservation en ligne, c'est inacceptable.",TripAdvisor
R002193,2024-12-29,en,2,negative,Sécurité,securite,"Watch out for pickpockets, they are everywhere around the tower.",Google Maps
R002194,2024-07-17,en,5,positive,Personnel / Accueil,personnel,"Staff was very friendly and helpful, spoke perfect English.",TripAdvisor
R002195,2025-07-29,en,5,positive,Vue / Panorama,vue,"The view from the top is absolutely breathtaking, you can see all of Paris.",TripAdvisor
R002196,2025-02-17,fr,4,positive,Expérience globale,experience,"Visite parfaite, organisation au top, je recommande vivement.",TripAdvisor
R002197,2025-06-13,en,5,positive,Personnel / Accueil,personnel,"Great team, super welcoming and professional throughout.",Google Maps
R002198,2025-07-15,de,2,negative,Prix / Tarification,prix,"Viel zu teuer, besonders Essen und Getränke.",Google Maps
R002199,2025-03-26,en,5,positive,Vue / Panorama,vue,"Stunning panorama, especially at sunset. A must-visit in Paris.",Google Maps
R002200,2024-10-09,en,5,positive,Vue / Panorama,vue,"The view from the top is absolutely breathtaking, you can see all of Paris.",TripAdvisor
R002201,2024-07-17,fr,5,positive,Vue / Panorama,vue,"Panorama exceptionnel sur Paris, on voit jusqu'au Sacré-Cœur et la Défense.",TripAdvisor
R002202,2024-03-08,es,4,positive,Expérience globale,experience,"Experiencia mágica, el monumento es aún más impresionante en persona.",TripAdvisor
R002203,2024-06-18,fr,2,negative,File d'attente,file_attente,"File d'attente interminable, plus de 2 heures sous le soleil sans ombre.",Booking
R002204,2025-01-16,en,5,positive,Personnel / Accueil,personnel,"Great team, super welcoming and professional throughout.",Google Maps
R002205,2025-11-14,it,5,positive,Vue / Panorama,vue,"Panorama spettacolare al tramonto, momento indimenticabile.",Google Maps
R002206,2024-01-23,en,4,positive,Personnel / Accueil,personnel,"Staff was very friendly and helpful, spoke perfect English.",TripAdvisor
R002207,2025-02-18,fr,3,neutral,Général,generique,Monument iconique mais l'expérience reste classique.,TripAdvisor
R002208,2025-07-22,en,2,negative,Ascenseurs,ascenseur,"Elevator broke down during our visit, total disappointment.",TripAdvisor
R002209,2024-06-05,es,3,neutral,Général,generique,"Iconic monument, the experience is okay overall.",Booking
R002210,2024-12-05,en,5,positive,Personnel / Accueil,personnel,"Great team, super welcoming and professional throughout.",TripAdvisor
R002211,2024-02-28,fr,2,negative,File d'attente,file_attente,"Attente beaucoup trop longue malgré la réservation en ligne, c'est inacceptable.",TripAdvisor
R002212,2025-01-14,es,5,positive,Expérience globale,experience,"Experiencia mágica, el monumento es aún más impresionante en persona.",TripAdvisor
R002213,2025-08-25,fr,3,neutral,Général,generique,Monument iconique mais l'expérience reste classique.,TripAdvisor
R002214,2024-12-10,en,5,positive,Vue / Panorama,vue,"Amazing 360 view, we could see the Sacre-Coeur and even further.",TripAdvisor
R002215,2024-01-09,en,4,positive,Vue / Panorama,vue,"The view from the top is absolutely breathtaking, you can see all of Paris.",TripAdvisor
R002216,2024-01-03,en,3,neutral,Général,generique,"Decent visit, nothing extraordinary but worth doing once.",TripAdvisor
R002217,2024-12-31,fr,5,positive,Personnel / Accueil,personnel,"Accueil chaleureux et équipe efficace, merci pour cette belle visite.",Google Maps
R002218,2025-08-19,fr,4,positive,Personnel / Accueil,personnel,"Le staff est multilingue et très serviable, parfait pour les touristes.",TripAdvisor
R002219,2025-05-17,fr,5,positive,Vue / Panorama,vue,"Panorama exceptionnel sur Paris, on voit jusqu'au Sacré-Cœur et la Défense.",TripAdvisor
R002220,2024-10-18,en,5,positive,Expérience globale,experience,"Truly magical experience, the monument is even more impressive in person.",TripAdvisor
R002221,2025-05-23,en,3,neutral,Général,generique,"Decent visit, nothing extraordinary but worth doing once.",Google Maps
R002222,2025-04-08,en,5,positive,Personnel / Accueil,personnel,"Staff was very friendly and helpful, spoke perfect English.",TripAdvisor
R002223,2024-08-28,en,5,positive,Expérience globale,experience,"Perfect family day, kids loved every minute of it.",Google Maps
R002224,2024-06-07,de,2,negative,File d'attente,file_attente,"Endlose Warteschlange, über 2 Stunden trotz Online-Ticket.",TripAdvisor
R002225,2025-04-04,fr,3,neutral,Général,generique,"Visite correcte mais sans plus, attendu plus d'animations.",TripAdvisor
R002226,2025-05-08,es,5,positive,Expérience globale,experience,"Visita perfecta en familia, los niños lo adoraron.",TripAdvisor
R002227,2024-08-02,fr,2,negative,Sécurité,securite,"Pickpockets très présents, faites très attention à vos affaires.",Google Maps
R002228,2024-02-20,en,5,positive,Personnel / Accueil,personnel,"Staff was very friendly and helpful, spoke perfect English.",TripAdvisor
R002229,2025-02-11,de,5,positive,Vue / Panorama,vue,"Wunderschöner Panoramablick, vor allem bei Sonnenuntergang.",Google Maps
R002230,2025-08-03,de,5,positive,Expérience globale,experience,"Magische Erfahrung, das Monument ist live noch beeindruckender.",Google Maps
R002231,2025-03-01,fr,3,neutral,Général,generique,Monument iconique mais l'expérience reste classique.,TripAdvisor
R002232,2025-09-10,de,4,positive,Vue / Panorama,vue,"Die Aussicht vom Gipfel ist atemberaubend, ganz Paris liegt einem zu Füßen.",TripAdvisor
R002233,2024-01-10,fr,4,positive,Vue / Panorama,vue,"Spectacle incroyable de nuit avec les illuminations, je recommande absolument.",Google Maps
R002234,2025-05-09,en,1,negative,Ascenseurs,ascenseur,"Only one lift working, massive wait to go back down.",Google Maps
R002235,2025-06-01,it,5,positive,Vue / Panorama,vue,"Panorama spettacolare al tramonto, momento indimenticabile.",TripAdvisor
R002236,2024-02-10,en,5,positive,Expérience globale,experience,"Truly magical experience, the monument is even more impressive in person.",TripAdvisor
R002237,2024-12-06,en,4,positive,Expérience globale,experience,"Perfect family day, kids loved every minute of it.",TripAdvisor
R002238,2025-03-03,en,3,neutral,Général,generique,"Iconic monument, the experience is okay overall.",Booking
R002239,2024-08-16,de,5,positive,Vue / Panorama,vue,"Wunderschöner Panoramablick, vor allem bei Sonnenuntergang.",TripAdvisor
R002240,2025-08-16,fr,2,negative,File d'attente,file_attente,"File d'attente interminable, plus de 2 heures sous le soleil sans ombre.",TripAdvisor
R002241,2025-04-05,fr,5,positive,Vue / Panorama,vue,"Panorama exceptionnel sur Paris, on voit jusqu'au Sacré-Cœur et la Défense.",TripAdvisor
R002242,2025-07-13,fr,5,positive,Vue / Panorama,vue,"Vue magnifique au coucher du soleil, un moment inoubliable avec ma famille.",Booking
R002243,2025-11-10,fr,3,neutral,Général,generique,Ça vaut le coup de le voir une fois dans sa vie.,TripAdvisor
R002244,2025-02-02,it,5,positive,Vue / Panorama,vue,"Vista mozzafiato dalla cima, si vede tutta Parigi.",Google Maps
R002245,2024-03-22,en,5,positive,Vue / Panorama,vue,"The view from the top is absolutely breathtaking, you can see all of Paris.",TripAdvisor
R002246,2024-09-21,fr,5,positive,Vue / Panorama,vue,"Panorama exceptionnel sur Paris, on voit jusqu'au Sacré-Cœur et la Défense.",TripAdvisor
R002247,2024-06-16,fr,4,positive,Vue / Panorama,vue,"Spectacle incroyable de nuit avec les illuminations, je recommande absolument.",TripAdvisor
R002248,2024-05-04,es,5,positive,Vue / Panorama,vue,"La vista desde la cima es impresionante, se ve todo París.",Google Maps
R002249,2025-04-07,fr,4,positive,Personnel / Accueil,personnel,"Personnel très accueillant et professionnel, toujours souriant.",TripAdvisor
R002250,2025-09-21,en,2,negative,Sécurité,securite,"Watch out for pickpockets, they are everywhere around the tower.",TripAdvisor
R002251,2024-07-12,fr,1,negative,Ascenseurs,ascenseur,"Ascenseur en panne le jour de notre visite, déception totale.",Google Maps
R002252,2024-06-15,fr,5,positive,Expérience globale,experience,"Une expérience magique, le monument est encore plus impressionnant en vrai.",TripAdvisor
R002253,2025-10-08,fr,2,negative,Sécurité,securite,"Trop de vendeurs à la sauvette autour, sentiment d'insécurité.",TripAdvisor
R002254,2025-02-16,en,5,positive,Personnel / Accueil,personnel,"Staff was very friendly and helpful, spoke perfect English.",TripAdvisor
R002255,2024-08-20,fr,2,negative,Sécurité,securite,"Trop de vendeurs à la sauvette autour, sentiment d'insécurité.",Google Maps
R002256,2025-01-12,de,1,negative,Prix / Tarification,prix,"Viel zu teuer, besonders Essen und Getränke.",TripAdvisor
R002257,2025-11-11,fr,4,positive,Vue / Panorama,vue,"Vue magnifique au coucher du soleil, un moment inoubliable avec ma famille.",Booking
R002258,2024-03-28,en,5,positive,Vue / Panorama,vue,"Stunning panorama, especially at sunset. A must-visit in Paris.",TripAdvisor
R002259,2025-07-20,fr,5,positive,Vue / Panorama,vue,"Panorama exceptionnel sur Paris, on voit jusqu'au Sacré-Cœur et la Défense.",Booking
R002260,2025-07-03,es,4,positive,Vue / Panorama,vue,"Panorama espectacular al atardecer, momento inolvidable.",Google Maps
R002261,2025-11-11,fr,3,neutral,Général,generique,Monument iconique mais l'expérience reste classique.,Booking
R002262,2025-02-25,fr,4,positive,Personnel / Accueil,personnel,"Personnel très accueillant et professionnel, toujours souriant.",Booking
R002263,2025-02-20,it,5,positive,Vue / Panorama,vue,"Panorama spettacolare al tramonto, momento indimenticabile.",TripAdvisor
R002264,2025-09-09,it,5,positive,Vue / Panorama,vue,"Vista mozzafiato dalla cima, si vede tutta Parigi.",Google Maps
R002265,2024-05-06,fr,5,positive,Personnel / Accueil,personnel,"Le staff est multilingue et très serviable, parfait pour les touristes.",TripAdvisor
R002266,2025-07-17,fr,1,negative,Prix / Tarification,prix,"Tarifs vraiment excessifs pour ce que c'est, beaucoup trop cher.",Google Maps
R002267,2025-02-17,de,4,positive,Expérience globale,experience,"Magische Erfahrung, das Monument ist live noch beeindruckender.",Google Maps
R002268,2025-11-04,fr,3,neutral,Général,generique,"Visite correcte mais sans plus, attendu plus d'animations.",TripAdvisor
R002269,2025-05-03,es,4,positive,Vue / Panorama,vue,"La vista desde la cima es impresionante, se ve todo París.",TripAdvisor
R002270,2025-07-28,es,4,positive,Vue / Panorama,vue,"Panorama espectacular al atardecer, momento inolvidable.",Google Maps
R002271,2024-01-18,fr,5,positive,Vue / Panorama,vue,"La vue depuis le sommet est tout simplement à couper le souffle, Paris s'étend à perte de vue.",TripAdvisor
R002272,2025-06-19,es,4,positive,Vue / Panorama,vue,"Panorama espectacular al atardecer, momento inolvidable.",Google Maps
R002273,2024-03-01,en,2,negative,Prix / Tarification,prix,Tickets are way too expensive for a family of four.,TripAdvisor
R002274,2025-02-18,en,5,positive,Expérience globale,experience,"Perfect family day, kids loved every minute of it.",Booking
R002275,2024-05-07,en,5,positive,Personnel / Accueil,personnel,"Staff was very friendly and helpful, spoke perfect English.",Google Maps
R002276,2024-07-14,fr,5,positive,Vue / Panorama,vue,"La vue depuis le sommet est tout simplement à couper le souffle, Paris s'étend à perte de vue.",Google Maps
R002277,2024-09-11,en,5,positive,Expérience globale,experience,"Truly magical experience, the monument is even more impressive in person.",TripAdvisor
R002278,2024-03-14,fr,3,neutral,Général,generique,Ça vaut le coup de le voir une fois dans sa vie.,Google Maps
R002279,2024-04-23,fr,5,positive,Vue / Panorama,vue,"La vue depuis le sommet est tout simplement à couper le souffle, Paris s'étend à perte de vue.",Google Maps
R002280,2025-10-25,fr,4,positive,Vue / Panorama,vue,"Spectacle incroyable de nuit avec les illuminations, je recommande absolument.",Google Maps
R002281,2025-11-27,de,5,positive,Expérience globale,experience,"Magische Erfahrung, das Monument ist live noch beeindruckender.",TripAdvisor
R002282,2025-02-02,en,3,neutral,Général,generique,"Decent visit, nothing extraordinary but worth doing once.",TripAdvisor
R002283,2025-05-15,de,3,neutral,Général,generique,"Iconic monument, the experience is okay overall.",Booking
R002284,2024-03-02,en,4,positive,Personnel / Accueil,personnel,"Great team, super welcoming and professional throughout.",Google Maps
R002285,2024-10-13,en,4,positive,Vue / Panorama,vue,"Stunning panorama, especially at sunset. A must-visit in Paris.",TripAdvisor
R002286,2025-10-21,es,5,positive,Vue / Panorama,vue,"Panorama espectacular al atardecer, momento inolvidable.",TripAdvisor
R002287,2024-10-03,fr,3,neutral,Général,generique,Monument iconique mais l'expérience reste classique.,TripAdvisor
R002288,2025-10-22,fr,3,neutral,Général,generique,"Visite correcte mais sans plus, attendu plus d'animations.",TripAdvisor
R002289,2024-10-01,fr,3,neutral,Général,generique,"Visite correcte mais sans plus, attendu plus d'animations.",Google Maps
R002290,2024-01-21,en,2,negative,Ascenseurs,ascenseur,"Only one lift working, massive wait to go back down.",TripAdvisor
R002291,2025-11-15,it,5,positive,Vue / Panorama,vue,"Panorama spettacolare al tramonto, momento indimenticabile.",Booking
R002292,2024-01-04,de,5,positive,Vue / Panorama,vue,"Wunderschöner Panoramablick, vor allem bei Sonnenuntergang.",TripAdvisor
R002293,2024-01-02,fr,2,negative,Sécurité,securite,"Pickpockets très présents, faites très attention à vos affaires.",TripAdvisor
R002294,2024-10-05,fr,2,negative,Propreté,proprete,"Beaucoup de déchets autour du monument, dommage pour l'image.",Google Maps
R002295,2025-10-01,en,1,negative,Ascenseurs,ascenseur,"Elevator broke down during our visit, total disappointment.",TripAdvisor
R002296,2024-09-03,fr,5,positive,Personnel / Accueil,personnel,"Le staff est multilingue et très serviable, parfait pour les touristes.",Google Maps
R002297,2024-04-15,en,5,positive,Expérience globale,experience,"Truly magical experience, the monument is even more impressive in person.",Google Maps
R002298,2025-07-01,fr,5,positive,Vue / Panorama,vue,"Panorama exceptionnel sur Paris, on voit jusqu'au Sacré-Cœur et la Défense.",Booking
R002299,2024-08-14,fr,2,negative,Sécurité,securite,"Pickpockets très présents, faites très attention à vos affaires.",Google Maps
R002300,2025-02-22,fr,5,positive,Personnel / Accueil,personnel,"Personnel très accueillant et professionnel, toujours souriant.",TripAdvisor
R002301,2024-08-30,fr,4,positive,Personnel / Accueil,personnel,"Personnel très accueillant et professionnel, toujours souriant.",Google Maps
R002302,2024-09-03,fr,5,positive,Expérience globale,experience,"Moment magique en famille, les enfants ont adoré.",TripAdvisor
R002303,2025-05-16,en,5,positive,Expérience globale,experience,"Truly magical experience, the monument is even more impressive in person.",Google Maps
R002304,2025-08-19,fr,4,positive,Personnel / Accueil,personnel,"Personnel très accueillant et professionnel, toujours souriant.",TripAdvisor
R002305,2025-04-08,en,5,positive,Expérience globale,experience,"Perfect family day, kids loved every minute of it.",Google Maps
R002306,2024-07-16,fr,2,negative,Sécurité,securite,"Trop de vendeurs à la sauvette autour, sentiment d'insécurité.",TripAdvisor
R002307,2024-07-21,fr,2,negative,Prix / Tarification,prix,"Tarifs vraiment excessifs pour ce que c'est, beaucoup trop cher.",TripAdvisor
R002308,2024-07-28,en,1,negative,Prix / Tarification,prix,"Ridiculously overpriced, especially food and drinks.",TripAdvisor
R002309,2024-06-11,es,2,negative,Prix / Tarification,prix,"Precios excesivos, sobre todo la comida en el lugar.",TripAdvisor
R002310,2025-03-06,fr,5,positive,Expérience globale,experience,"Une expérience magique, le monument est encore plus impressionnant en vrai.",TripAdvisor
R002311,2024-08-22,es,4,positive,Vue / Panorama,vue,"Panorama espectacular al atardecer, momento inolvidable.",Google Maps
R002312,2024-06-10,fr,2,negative,Sécurité,securite,"Pickpockets très présents, faites très attention à vos affaires.",Google Maps
R002313,2025-09-17,en,2,negative,Prix / Tarification,prix,Tickets are way too expensive for a family of four.,Google Maps
R002314,2024-01-21,en,5,positive,Expérience globale,experience,"Truly magical experience, the monument is even more impressive in person.",TripAdvisor
R002315,2024-04-28,fr,2,negative,Propreté,proprete,"Toilettes pas très propres au deuxième étage, à améliorer.",Google Maps
R002316,2024-04-25,fr,5,positive,Expérience globale,experience,"Moment magique en famille, les enfants ont adoré.",Google Maps
R002317,2025-07-05,en,2,negative,Prix / Tarification,prix,"Ridiculously overpriced, especially food and drinks.",Google Maps
R002318,2025-07-19,es,4,positive,Vue / Panorama,vue,"La vista desde la cima es impresionante, se ve todo París.",TripAdvisor
R002319,2024-07-01,en,5,positive,Personnel / Accueil,personnel,"Great team, super welcoming and professional throughout.",TripAdvisor
R002320,2024-04-01,en,2,negative,Prix / Tarification,prix,"Ridiculously overpriced, especially food and drinks.",Google Maps
R002321,2024-11-25,en,5,positive,Expérience globale,experience,"Truly magical experience, the monument is even more impressive in person.",TripAdvisor
R002322,2024-02-03,en,3,neutral,Général,generique,"Decent visit, nothing extraordinary but worth doing once.",Google Maps
R002323,2024-06-17,es,1,negative,File d'attente,file_attente,"Cola interminable de más de 2 horas, una pesadilla.",Google Maps
R002324,2024-04-10,es,5,positive,Vue / Panorama,vue,"La vista desde la cima es impresionante, se ve todo París.",TripAdvisor
R002325,2024-12-27,de,2,negative,File d'attente,file_attente,"Endlose Warteschlange, über 2 Stunden trotz Online-Ticket.",TripAdvisor
R002326,2024-03-28,en,1,negative,Ascenseurs,ascenseur,"Only one lift working, massive wait to go back down.",Google Maps
R002327,2025-06-18,fr,1,negative,Sécurité,securite,"Pickpockets très présents, faites très attention à vos affaires.",Booking
R002328,2024-02-13,fr,5,positive,Personnel / Accueil,personnel,"Accueil chaleureux et équipe efficace, merci pour cette belle visite.",TripAdvisor
R002329,2024-02-20,en,4,positive,Personnel / Accueil,personnel,"Staff was very friendly and helpful, spoke perfect English.",TripAdvisor
R002330,2025-01-05,fr,5,positive,Personnel / Accueil,personnel,"Accueil chaleureux et équipe efficace, merci pour cette belle visite.",Google Maps
R002331,2025-02-26,fr,4,positive,Personnel / Accueil,personnel,"Accueil chaleureux et équipe efficace, merci pour cette belle visite.",TripAdvisor
R002332,2025-01-09,fr,5,positive,Personnel / Accueil,personnel,"Le staff est multilingue et très serviable, parfait pour les touristes.",TripAdvisor
R002333,2024-02-10,fr,5,positive,Expérience globale,experience,"Une expérience magique, le monument est encore plus impressionnant en vrai.",Google Maps
R002334,2025-07-25,fr,5,positive,Personnel / Accueil,personnel,"Accueil chaleureux et équipe efficace, merci pour cette belle visite.",TripAdvisor
R002335,2024-03-07,en,3,neutral,Général,generique,"Decent visit, nothing extraordinary but worth doing once.",TripAdvisor
R002336,2025-06-25,es,3,neutral,Général,generique,"Iconic monument, the experience is okay overall.",TripAdvisor
R002337,2024-09-21,en,5,positive,Vue / Panorama,vue,"Stunning panorama, especially at sunset. A must-visit in Paris.",Booking
R002338,2024-09-11,en,5,positive,Personnel / Accueil,personnel,"Great team, super welcoming and professional throughout.",Google Maps
R002339,2024-06-07,en,1,negative,File d'attente,file_attente,"The queue was insane, plan a whole day for this visit.",Google Maps
R002340,2025-06-18,fr,5,positive,Expérience globale,experience,"Visite parfaite, organisation au top, je recommande vivement.",Google Maps
R002341,2024-09-05,en,1,negative,Sécurité,securite,Felt unsafe with all the street vendors harassing tourists.,Google Maps
R002342,2024-09-14,es,4,positive,Expérience globale,experience,"Experiencia mágica, el monumento es aún más impresionante en persona.",TripAdvisor
R002343,2025-01-17,de,1,negative,Prix / Tarification,prix,"Viel zu teuer, besonders Essen und Getränke.",Google Maps
R002344,2025-01-12,de,5,positive,Expérience globale,experience,"Magische Erfahrung, das Monument ist live noch beeindruckender.",TripAdvisor
R002345,2025-04-26,en,5,positive,Expérience globale,experience,"Truly magical experience, the monument is even more impressive in person.",TripAdvisor
R002346,2024-04-21,en,5,positive,Personnel / Accueil,personnel,"Staff was very friendly and helpful, spoke perfect English.",TripAdvisor
R002347,2024-05-17,en,5,positive,Vue / Panorama,vue,"Stunning panorama, especially at sunset. A must-visit in Paris.",TripAdvisor
R002348,2025-10-16,es,4,positive,Expérience globale,experience,"Experiencia mágica, el monumento es aún más impresionante en persona.",TripAdvisor
R002349,2024-12-29,de,5,positive,Vue / Panorama,vue,"Die Aussicht vom Gipfel ist atemberaubend, ganz Paris liegt einem zu Füßen.",TripAdvisor
R002350,2024-08-15,en,5,positive,Expérience globale,experience,"Truly magical experience, the monument is even more impressive in person.",Google Maps
R002351,2024-05-06,es,5,positive,Expérience globale,experience,"Visita perfecta en familia, los niños lo adoraron.",Google Maps
R002352,2024-07-21,en,5,positive,Expérience globale,experience,"Truly magical experience, the monument is even more impressive in person.",TripAdvisor
R002353,2024-02-05,fr,2,negative,Prix / Tarification,prix,"Tarifs vraiment excessifs pour ce que c'est, beaucoup trop cher.",Google Maps
R002354,2025-02-02,it,3,neutral,Général,generique,"Iconic monument, the experience is okay overall.",TripAdvisor
R002355,2024-07-08,it,3,neutral,Général,generique,"Decent visit, nothing extraordinary but worth doing once.",TripAdvisor
R002356,2025-02-28,fr,1,negative,Sécurité,securite,"Trop de vendeurs à la sauvette autour, sentiment d'insécurité.",TripAdvisor
R002357,2024-12-07,fr,5,positive,Vue / Panorama,vue,"Panorama exceptionnel sur Paris, on voit jusqu'au Sacré-Cœur et la Défense.",TripAdvisor
R002358,2025-03-01,en,5,positive,Personnel / Accueil,personnel,"Staff was very friendly and helpful, spoke perfect English.",Booking
R002359,2024-12-20,de,2,negative,Prix / Tarification,prix,"Viel zu teuer, besonders Essen und Getränke.",TripAdvisor
R002360,2025-10-16,fr,5,positive,Vue / Panorama,vue,"La vue depuis le sommet est tout simplement à couper le souffle, Paris s'étend à perte de vue.",Google Maps
R002361,2025-05-03,fr,5,positive,Vue / Panorama,vue,"Panorama exceptionnel sur Paris, on voit jusqu'au Sacré-Cœur et la Défense.",TripAdvisor
R002362,2024-06-10,fr,4,positive,Personnel / Accueil,personnel,"Personnel très accueillant et professionnel, toujours souriant.",Booking
R002363,2024-12-09,en,5,positive,Vue / Panorama,vue,"The view from the top is absolutely breathtaking, you can see all of Paris.",TripAdvisor
R002364,2025-07-02,fr,4,positive,Vue / Panorama,vue,"Vue magnifique au coucher du soleil, un moment inoubliable avec ma famille.",TripAdvisor
R002365,2025-02-08,es,1,negative,File d'attente,file_attente,Demasiada espera incluso con entradas online.,TripAdvisor
R002366,2025-03-12,it,2,negative,File d'attente,file_attente,"Coda interminabile di oltre 2 ore, un incubo.",Google Maps
R002367,2024-07-27,fr,5,positive,Vue / Panorama,vue,"La vue depuis le sommet est tout simplement à couper le souffle, Paris s'étend à perte de vue.",TripAdvisor
R002368,2025-04-11,en,4,positive,Vue / Panorama,vue,"Stunning panorama, especially at sunset. A must-visit in Paris.",TripAdvisor
R002369,2024-12-14,it,4,positive,Vue / Panorama,vue,"Vista mozzafiato dalla cima, si vede tutta Parigi.",TripAdvisor
R002370,2025-05-12,es,5,positive,Vue / Panorama,vue,"Panorama espectacular al atardecer, momento inolvidable.",Google Maps
R002371,2024-09-27,en,2,negative,Prix / Tarification,prix,"Ridiculously overpriced, especially food and drinks.",TripAdvisor
R002372,2025-04-03,it,5,positive,Vue / Panorama,vue,"Vista mozzafiato dalla cima, si vede tutta Parigi.",Google Maps
R002373,2024-08-05,en,5,positive,Expérience globale,experience,"Truly magical experience, the monument is even more impressive in person.",TripAdvisor
R002374,2025-04-07,en,2,negative,File d'attente,file_attente,"Waited over 2 hours in line even with online tickets, awful.",Google Maps
R002375,2025-08-17,fr,2,negative,Sécurité,securite,"Pickpockets très présents, faites très attention à vos affaires.",Google Maps
R002376,2025-04-08,es,5,positive,Vue / Panorama,vue,"La vista desde la cima es impresionante, se ve todo París.",Booking
R002377,2025-08-09,en,5,positive,Expérience globale,experience,"Perfect family day, kids loved every minute of it.",Google Maps
R002378,2024-10-29,de,2,negative,Prix / Tarification,prix,"Viel zu teuer, besonders Essen und Getränke.",TripAdvisor
R002379,2024-04-15,es,5,positive,Vue / Panorama,vue,"La vista desde la cima es impresionante, se ve todo París.",TripAdvisor
R002380,2024-07-13,es,3,neutral,Général,generique,"Decent visit, nothing extraordinary but worth doing once.",TripAdvisor
R002381,2025-03-16,es,2,negative,File d'attente,file_attente,Demasiada espera incluso con entradas online.,TripAdvisor
R002382,2025-07-25,en,3,neutral,Général,generique,"Decent visit, nothing extraordinary but worth doing once.",TripAdvisor
R002383,2024-06-27,en,5,positive,Personnel / Accueil,personnel,"Staff was very friendly and helpful, spoke perfect English.",Google Maps
R002384,2025-09-13,fr,3,neutral,Général,generique,Ça vaut le coup de le voir une fois dans sa vie.,TripAdvisor
R002385,2025-06-16,en,5,positive,Personnel / Accueil,personnel,"Staff was very friendly and helpful, spoke perfect English.",TripAdvisor
R002386,2025-02-21,de,2,negative,Prix / Tarification,prix,"Viel zu teuer, besonders Essen und Getränke.",Google Maps
R002387,2024-12-15,fr,5,positive,Expérience globale,experience,"Moment magique en famille, les enfants ont adoré.",TripAdvisor
R002388,2024-05-30,es,2,negative,Prix / Tarification,prix,Entradas demasiado caras para una familia.,TripAdvisor
R002389,2025-10-07,fr,1,negative,Propreté,proprete,"Beaucoup de déchets autour du monument, dommage pour l'image.",TripAdvisor
R002390,2024-05-29,es,4,positive,Expérience globale,experience,"Visita perfecta en familia, los niños lo adoraron.",Google Maps
R002391,2024-07-15,es,4,positive,Expérience globale,experience,"Experiencia mágica, el monumento es aún más impresionante en persona.",Google Maps
R002392,2024-10-05,en,5,positive,Expérience globale,experience,"Perfect family day, kids loved every minute of it.",Google Maps
R002393,2024-01-02,fr,5,positive,Vue / Panorama,vue,"Spectacle incroyable de nuit avec les illuminations, je recommande absolument.",TripAdvisor
R002394,2024-02-26,de,4,positive,Expérience globale,experience,"Magische Erfahrung, das Monument ist live noch beeindruckender.",TripAdvisor
R002395,2024-07-16,it,4,positive,Vue / Panorama,vue,"Vista mozzafiato dalla cima, si vede tutta Parigi.",Google Maps
R002396,2024-03-08,en,3,neutral,Général,generique,"Decent visit, nothing extraordinary but worth doing once.",TripAdvisor
R002397,2024-03-15,fr,2,negative,File d'attente,file_attente,"Attente beaucoup trop longue malgré la réservation en ligne, c'est inacceptable.",Google Maps
R002398,2025-08-19,en,5,positive,Vue / Panorama,vue,"Amazing 360 view, we could see the Sacre-Coeur and even further.",Booking
R002399,2025-10-14,en,1,negative,File d'attente,file_attente,"Endless lines at every floor, terrible organization.",TripAdvisor
R002400,2024-06-15,fr,4,positive,Personnel / Accueil,personnel,"Accueil chaleureux et équipe efficace, merci pour cette belle visite.",TripAdvisor
R002401,2025-11-18,it,3,neutral,Général,generique,"Iconic monument, the experience is okay overall.",TripAdvisor
R002402,2025-04-30,fr,5,positive,Vue / Panorama,vue,"Spectacle incroyable de nuit avec les illuminations, je recommande absolument.",Booking
R002403,2024-01-24,de,3,neutral,Général,generique,"Iconic monument, the experience is okay overall.",TripAdvisor
R002404,2025-04-09,en,4,positive,Vue / Panorama,vue,"The view from the top is absolutely breathtaking, you can see all of Paris.",TripAdvisor
R002405,2024-06-24,de,3,neutral,Général,generique,"Iconic monument, the experience is okay overall.",TripAdvisor
R002406,2024-07-28,de,5,positive,Expérience globale,experience,"Magische Erfahrung, das Monument ist live noch beeindruckender.",Google Maps
R002407,2024-01-01,de,5,positive,Vue / Panorama,vue,"Die Aussicht vom Gipfel ist atemberaubend, ganz Paris liegt einem zu Füßen.",TripAdvisor
R002408,2025-04-23,fr,5,positive,Expérience globale,experience,"Moment magique en famille, les enfants ont adoré.",TripAdvisor
R002409,2024-03-17,en,4,positive,Vue / Panorama,vue,"The view from the top is absolutely breathtaking, you can see all of Paris.",Google Maps
R002410,2024-06-21,en,5,positive,Expérience globale,experience,"Truly magical experience, the monument is even more impressive in person.",Google Maps
R002411,2024-04-06,en,5,positive,Personnel / Accueil,personnel,"Great team, super welcoming and professional throughout.",TripAdvisor
R002412,2024-04-14,fr,5,positive,Personnel / Accueil,personnel,"Personnel très accueillant et professionnel, toujours souriant.",TripAdvisor
R002413,2025-11-14,en,3,neutral,Général,generique,"Iconic monument, the experience is okay overall.",Google Maps
R002414,2025-08-26,de,5,positive,Vue / Panorama,vue,"Die Aussicht vom Gipfel ist atemberaubend, ganz Paris liegt einem zu Füßen.",Google Maps
R002415,2025-03-05,fr,2,negative,Ascenseurs,ascenseur,"Ascenseurs souvent en maintenance, prévoyez les escaliers.",TripAdvisor
R002416,2025-03-12,en,1,negative,Sécurité,securite,Felt unsafe with all the street vendors harassing tourists.,Google Maps
R002417,2024-06-30,fr,2,negative,Prix / Tarification,prix,"Tarifs vraiment excessifs pour ce que c'est, beaucoup trop cher.",Google Maps
R002418,2025-04-05,it,5,positive,Vue / Panorama,vue,"Vista mozzafiato dalla cima, si vede tutta Parigi.",Booking
R002419,2024-05-01,fr,2,negative,Sécurité,securite,"Pickpockets très présents, faites très attention à vos affaires.",TripAdvisor
R002420,2025-06-14,en,5,positive,Personnel / Accueil,personnel,"Staff was very friendly and helpful, spoke perfect English.",Google Maps
R002421,2024-05-27,fr,1,negative,Ascenseurs,ascenseur,"Ascenseur en panne le jour de notre visite, déception totale.",TripAdvisor
R002422,2024-03-29,de,5,positive,Expérience globale,experience,"Magische Erfahrung, das Monument ist live noch beeindruckender.",Booking
R002423,2025-04-03,en,2,negative,File d'attente,file_attente,"The queue was insane, plan a whole day for this visit.",Booking
R002424,2025-10-28,en,4,positive,Vue / Panorama,vue,"Amazing 360 view, we could see the Sacre-Coeur and even further.",Google Maps
R002425,2025-08-04,fr,3,neutral,Général,generique,Monument iconique mais l'expérience reste classique.,TripAdvisor
R002426,2025-11-29,en,5,positive,Vue / Panorama,vue,"Amazing 360 view, we could see the Sacre-Coeur and even further.",TripAdvisor
R002427,2024-05-09,en,5,positive,Personnel / Accueil,personnel,"Staff was very friendly and helpful, spoke perfect English.",Google Maps
R002428,2025-07-09,fr,5,positive,Vue / Panorama,vue,"Panorama exceptionnel sur Paris, on voit jusqu'au Sacré-Cœur et la Défense.",TripAdvisor
R002429,2024-11-01,en,2,negative,Ascenseurs,ascenseur,"Only one lift working, massive wait to go back down.",Google Maps
R002430,2024-12-21,en,1,negative,File d'attente,file_attente,"Endless lines at every floor, terrible organization.",TripAdvisor
R002431,2024-04-03,en,5,positive,Vue / Panorama,vue,"Amazing 360 view, we could see the Sacre-Coeur and even further.",TripAdvisor
R002432,2025-02-03,fr,3,neutral,Général,generique,Monument iconique mais l'expérience reste classique.,TripAdvisor
R002433,2025-09-22,en,3,neutral,Général,generique,"Decent visit, nothing extraordinary but worth doing once.",TripAdvisor
R002434,2025-11-10,en,5,positive,Expérience globale,experience,"Truly magical experience, the monument is even more impressive in person.",Booking
R002435,2025-08-11,en,5,positive,Personnel / Accueil,personnel,"Staff was very friendly and helpful, spoke perfect English.",Booking
R002436,2025-08-13,en,1,negative,Prix / Tarification,prix,"Ridiculously overpriced, especially food and drinks.",TripAdvisor
R002437,2024-07-09,it,5,positive,Vue / Panorama,vue,"Vista mozzafiato dalla cima, si vede tutta Parigi.",Google Maps
R002438,2025-01-04,es,5,positive,Expérience globale,experience,"Experiencia mágica, el monumento es aún más impresionante en persona.",Google Maps
R002439,2024-02-01,en,2,negative,Ascenseurs,ascenseur,"Only one lift working, massive wait to go back down.",Google Maps
R002440,2024-12-16,fr,3,neutral,Général,generique,Ça vaut le coup de le voir une fois dans sa vie.,Google Maps
R002441,2025-02-07,fr,5,positive,Expérience globale,experience,"Visite parfaite, organisation au top, je recommande vivement.",TripAdvisor
R002442,2025-10-11,en,2,negative,Ascenseurs,ascenseur,"Elevator broke down during our visit, total disappointment.",Booking
R002443,2024-08-15,en,2,negative,Ascenseurs,ascenseur,"Only one lift working, massive wait to go back down.",Google Maps
R002444,2025-02-18,fr,3,neutral,Général,generique,Monument iconique mais l'expérience reste classique.,TripAdvisor
R002445,2024-12-11,fr,2,negative,Ascenseurs,ascenseur,"Ascenseur en panne le jour de notre visite, déception totale.",Google Maps
R002446,2025-08-12,de,4,positive,Expérience globale,experience,"Magische Erfahrung, das Monument ist live noch beeindruckender.",TripAdvisor
R002447,2025-01-13,it,5,positive,Vue / Panorama,vue,"Panorama spettacolare al tramonto, momento indimenticabile.",TripAdvisor
R002448,2025-01-13,de,3,neutral,Général,generique,"Iconic monument, the experience is okay overall.",TripAdvisor
R002449,2025-07-26,it,5,positive,Vue / Panorama,vue,"Panorama spettacolare al tramonto, momento indimenticabile.",TripAdvisor
R002450,2024-07-17,en,1,negative,Ascenseurs,ascenseur,"Only one lift working, massive wait to go back down.",TripAdvisor
R002451,2025-05-07,en,3,neutral,Général,generique,"Decent visit, nothing extraordinary but worth doing once.",Google Maps
R002452,2024-10-02,fr,5,positive,Expérience globale,experience,"Visite parfaite, organisation au top, je recommande vivement.",Google Maps
R002453,2024-10-27,fr,4,positive,Personnel / Accueil,personnel,"Le staff est multilingue et très serviable, parfait pour les touristes.",TripAdvisor
R002454,2025-01-09,en,5,positive,Vue / Panorama,vue,"The view from the top is absolutely breathtaking, you can see all of Paris.",Google Maps
R002455,2025-03-12,fr,4,positive,Expérience globale,experience,"Moment magique en famille, les enfants ont adoré.",TripAdvisor
R002456,2024-06-02,fr,5,positive,Expérience globale,experience,"Visite parfaite, organisation au top, je recommande vivement.",Google Maps
R002457,2024-06-30,en,5,positive,Vue / Panorama,vue,"The view from the top is absolutely breathtaking, you can see all of Paris.",TripAdvisor
R002458,2025-07-28,en,3,neutral,Général,generique,"Iconic monument, the experience is okay overall.",TripAdvisor
R002459,2024-05-12,es,4,positive,Expérience globale,experience,"Experiencia mágica, el monumento es aún más impresionante en persona.",TripAdvisor
R002460,2024-05-20,en,4,positive,Personnel / Accueil,personnel,"Great team, super welcoming and professional throughout.",Booking
R002461,2024-02-29,en,3,neutral,Général,generique,"Iconic monument, the experience is okay overall.",Booking
R002462,2024-10-13,de,5,positive,Expérience globale,experience,"Magische Erfahrung, das Monument ist live noch beeindruckender.",TripAdvisor
R002463,2025-11-16,fr,5,positive,Personnel / Accueil,personnel,"Accueil chaleureux et équipe efficace, merci pour cette belle visite.",TripAdvisor
R002464,2024-11-20,en,2,negative,Sécurité,securite,Felt unsafe with all the street vendors harassing tourists.,Google Maps
R002465,2024-05-01,de,5,positive,Vue / Panorama,vue,"Wunderschöner Panoramablick, vor allem bei Sonnenuntergang.",Booking
R002466,2024-01-07,es,4,positive,Expérience globale,experience,"Experiencia mágica, el monumento es aún más impresionante en persona.",Google Maps
R002467,2025-10-24,fr,1,negative,Ascenseurs,ascenseur,"Ascenseurs souvent en maintenance, prévoyez les escaliers.",Google Maps
R002468,2024-11-20,fr,5,positive,Expérience globale,experience,"Une expérience magique, le monument est encore plus impressionnant en vrai.",TripAdvisor
R002469,2025-03-11,fr,5,positive,Vue / Panorama,vue,"Panorama exceptionnel sur Paris, on voit jusqu'au Sacré-Cœur et la Défense.",Google Maps
R002470,2025-06-21,fr,5,positive,Personnel / Accueil,personnel,"Le staff est multilingue et très serviable, parfait pour les touristes.",Google Maps
R002471,2024-08-15,en,4,positive,Expérience globale,experience,"Perfect family day, kids loved every minute of it.",TripAdvisor
R002472,2024-01-07,de,1,negative,Prix / Tarification,prix,"Viel zu teuer, besonders Essen und Getränke.",TripAdvisor
R002473,2024-10-21,de,3,neutral,Général,generique,"Iconic monument, the experience is okay overall.",TripAdvisor
R002474,2024-07-13,it,5,positive,Vue / Panorama,vue,"Vista mozzafiato dalla cima, si vede tutta Parigi.",Google Maps
R002475,2025-10-01,fr,5,positive,Expérience globale,experience,"Une expérience magique, le monument est encore plus impressionnant en vrai.",TripAdvisor
R002476,2024-09-25,en,4,positive,Vue / Panorama,vue,"Amazing 360 view, we could see the Sacre-Coeur and even further.",TripAdvisor
R002477,2025-04-27,fr,5,positive,Personnel / Accueil,personnel,"Personnel très accueillant et professionnel, toujours souriant.",TripAdvisor
R002478,2025-05-06,en,2,negative,Prix / Tarification,prix,"Ridiculously overpriced, especially food and drinks.",TripAdvisor
R002479,2024-05-18,fr,3,neutral,Général,generique,Monument iconique mais l'expérience reste classique.,TripAdvisor
R002480,2025-09-25,de,3,neutral,Général,generique,"Decent visit, nothing extraordinary but worth doing once.",TripAdvisor
R002481,2025-11-04,es,3,neutral,Général,generique,"Iconic monument, the experience is okay overall.",Google Maps
R002482,2025-10-22,es,5,positive,Vue / Panorama,vue,"Panorama espectacular al atardecer, momento inolvidable.",TripAdvisor
R002483,2024-08-10,fr,2,negative,Prix / Tarification,prix,"Le prix du billet est prohibitif, surtout pour une famille avec enfants.",Booking
R002484,2024-07-05,en,3,neutral,Général,generique,"Iconic monument, the experience is okay overall.",TripAdvisor
R002485,2024-06-24,en,5,positive,Expérience globale,experience,"Truly magical experience, the monument is even more impressive in person.",Booking
R002486,2025-07-17,es,1,negative,File d'attente,file_attente,Demasiada espera incluso con entradas online.,TripAdvisor
R002487,2025-07-07,de,5,positive,Expérience globale,experience,"Magische Erfahrung, das Monument ist live noch beeindruckender.",TripAdvisor
R002488,2025-10-22,en,5,positive,Personnel / Accueil,personnel,"Staff was very friendly and helpful, spoke perfect English.",TripAdvisor
R002489,2024-01-21,es,4,positive,Vue / Panorama,vue,"Panorama espectacular al atardecer, momento inolvidable.",Google Maps
R002490,2024-04-29,fr,5,positive,Personnel / Accueil,personnel,"Accueil chaleureux et équipe efficace, merci pour cette belle visite.",TripAdvisor
R002491,2024-06-27,en,1,negative,Sécurité,securite,"Watch out for pickpockets, they are everywhere around the tower.",TripAdvisor
R002492,2025-06-23,fr,5,positive,Expérience globale,experience,"Moment magique en famille, les enfants ont adoré.",Booking
R002493,2025-07-25,en,4,positive,Expérience globale,experience,"Perfect family day, kids loved every minute of it.",Booking
R002494,2024-04-10,en,5,positive,Vue / Panorama,vue,"Amazing 360 view, we could see the Sacre-Coeur and even further.",TripAdvisor
R002495,2024-02-08,en,1,negative,File d'attente,file_attente,"Endless lines at every floor, terrible organization.",Google Maps
R002496,2025-06-15,fr,5,positive,Expérience globale,experience,"Moment magique en famille, les enfants ont adoré.",Google Maps
R002497,2024-12-31,de,5,positive,Vue / Panorama,vue,"Wunderschöner Panoramablick, vor allem bei Sonnenuntergang.",TripAdvisor
R002498,2024-10-11,en,4,positive,Vue / Panorama,vue,"The view from the top is absolutely breathtaking, you can see all of Paris.",Booking
R002499,2024-03-09,fr,4,positive,Vue / Panorama,vue,"Vue magnifique au coucher du soleil, un moment inoubliable avec ma famille.",TripAdvisor
R002500,2024-06-01,de,3,neutral,Général,generique,"Decent visit, nothing extraordinary but worth doing once.",Google Maps
R002501,2024-01-25,fr,3,neutral,Général,generique,Ça vaut le coup de le voir une fois dans sa vie.,TripAdvisor
R002502,2025-09-18,fr,4,positive,Expérience globale,experience,"Moment magique en famille, les enfants ont adoré.",Google Maps
R002503,2025-08-30,de,4,positive,Expérience globale,experience,"Magische Erfahrung, das Monument ist live noch beeindruckender.",TripAdvisor
R002504,2024-06-04,en,5,positive,Personnel / Accueil,personnel,"Staff was very friendly and helpful, spoke perfect English.",TripAdvisor
R002505,2025-04-22,fr,3,neutral,Général,generique,Monument iconique mais l'expérience reste classique.,Google Maps
R002506,2024-04-25,fr,4,positive,Expérience globale,experience,"Moment magique en famille, les enfants ont adoré.",TripAdvisor
R002507,2025-09-24,fr,3,neutral,Général,generique,"Visite correcte mais sans plus, attendu plus d'animations.",Google Maps
R002508,2025-09-29,en,1,negative,Sécurité,securite,"Watch out for pickpockets, they are everywhere around the tower.",Google Maps
R002509,2024-08-01,fr,5,positive,Vue / Panorama,vue,"Spectacle incroyable de nuit avec les illuminations, je recommande absolument.",Google Maps
R002510,2024-04-16,en,5,positive,Expérience globale,experience,"Perfect family day, kids loved every minute of it.",TripAdvisor
R002511,2025-07-25,es,4,positive,Vue / Panorama,vue,"Panorama espectacular al atardecer, momento inolvidable.",Google Maps
R002512,2024-11-30,en,5,positive,Personnel / Accueil,personnel,"Staff was very friendly and helpful, spoke perfect English.",Booking
R002513,2025-08-28,fr,5,positive,Vue / Panorama,vue,"La vue depuis le sommet est tout simplement à couper le souffle, Paris s'étend à perte de vue.",TripAdvisor
R002514,2024-03-08,de,3,neutral,Général,generique,"Iconic monument, the experience is okay overall.",Google Maps
R002515,2025-08-20,es,4,positive,Vue / Panorama,vue,"Panorama espectacular al atardecer, momento inolvidable.",TripAdvisor
R002516,2024-07-14,fr,4,positive,Personnel / Accueil,personnel,"Personnel très accueillant et professionnel, toujours souriant.",TripAdvisor
R002517,2024-05-13,en,5,positive,Personnel / Accueil,personnel,"Great team, super welcoming and professional throughout.",TripAdvisor
R002518,2024-05-24,fr,3,neutral,Général,generique,"Visite correcte mais sans plus, attendu plus d'animations.",Booking
R002519,2025-07-24,de,5,positive,Expérience globale,experience,"Magische Erfahrung, das Monument ist live noch beeindruckender.",TripAdvisor
R002520,2024-03-28,fr,5,positive,Vue / Panorama,vue,"Spectacle incroyable de nuit avec les illuminations, je recommande absolument.",TripAdvisor
R002521,2024-10-15,de,4,positive,Vue / Panorama,vue,"Die Aussicht vom Gipfel ist atemberaubend, ganz Paris liegt einem zu Füßen.",Google Maps
R002522,2024-06-11,it,5,positive,Vue / Panorama,vue,"Panorama spettacolare al tramonto, momento indimenticabile.",Google Maps
R002523,2024-03-01,en,1,negative,Prix / Tarification,prix,Tickets are way too expensive for a family of four.,TripAdvisor
R002524,2025-07-31,en,3,neutral,Général,generique,"Iconic monument, the experience is okay overall.",Booking
R002525,2025-08-27,en,5,positive,Personnel / Accueil,personnel,"Staff was very friendly and helpful, spoke perfect English.",Google Maps
R002526,2024-09-14,it,5,positive,Vue / Panorama,vue,"Vista mozzafiato dalla cima, si vede tutta Parigi.",TripAdvisor
R002527,2024-04-23,fr,2,negative,Ascenseurs,ascenseur,"Un seul ascenseur fonctionnait, attente énorme pour redescendre.",TripAdvisor
R002528,2024-01-28,fr,4,positive,Expérience globale,experience,"Une expérience magique, le monument est encore plus impressionnant en vrai.",Google Maps
R002529,2024-10-09,es,5,positive,Vue / Panorama,vue,"La vista desde la cima es impresionante, se ve todo París.",Google Maps
R002530,2025-06-13,fr,5,positive,Expérience globale,experience,"Une expérience magique, le monument est encore plus impressionnant en vrai.",TripAdvisor
R002531,2024-04-20,es,5,positive,Vue / Panorama,vue,"La vista desde la cima es impresionante, se ve todo París.",Booking
R002532,2025-04-08,en,4,positive,Vue / Panorama,vue,"Amazing 360 view, we could see the Sacre-Coeur and even further.",TripAdvisor
R002533,2024-10-21,fr,2,negative,Ascenseurs,ascenseur,"Ascenseur en panne le jour de notre visite, déception totale.",TripAdvisor
R002534,2024-06-28,en,5,positive,Personnel / Accueil,personnel,"Staff was very friendly and helpful, spoke perfect English.",TripAdvisor
R002535,2025-06-24,fr,5,positive,Personnel / Accueil,personnel,"Personnel très accueillant et professionnel, toujours souriant.",Google Maps
R002536,2024-05-03,en,1,negative,Ascenseurs,ascenseur,"Only one lift working, massive wait to go back down.",Google Maps
R002537,2024-06-09,en,3,neutral,Général,generique,"Iconic monument, the experience is okay overall.",Google Maps
R002538,2025-03-23,de,5,positive,Expérience globale,experience,"Magische Erfahrung, das Monument ist live noch beeindruckender.",Google Maps
R002539,2025-05-01,fr,5,positive,Expérience globale,experience,"Une expérience magique, le monument est encore plus impressionnant en vrai.",TripAdvisor
R002540,2024-12-04,fr,4,positive,Personnel / Accueil,personnel,"Le staff est multilingue et très serviable, parfait pour les touristes.",Google Maps
R002541,2025-05-12,fr,5,positive,Vue / Panorama,vue,"La vue depuis le sommet est tout simplement à couper le souffle, Paris s'étend à perte de vue.",Google Maps
R002542,2025-07-10,fr,5,positive,Vue / Panorama,vue,"Vue magnifique au coucher du soleil, un moment inoubliable avec ma famille.",Google Maps
R002543,2025-11-14,en,1,negative,Ascenseurs,ascenseur,"Elevator broke down during our visit, total disappointment.",Booking
R002544,2025-05-28,fr,2,negative,File d'attente,file_attente,"Attente beaucoup trop longue malgré la réservation en ligne, c'est inacceptable.",TripAdvisor
R002545,2025-06-25,en,2,negative,Sécurité,securite,Felt unsafe with all the street vendors harassing tourists.,Booking
R002546,2024-05-03,en,2,negative,Prix / Tarification,prix,Tickets are way too expensive for a family of four.,Google Maps
R002547,2025-01-26,en,5,positive,Personnel / Accueil,personnel,"Staff was very friendly and helpful, spoke perfect English.",Booking
R002548,2024-09-29,fr,5,positive,Vue / Panorama,vue,"Spectacle incroyable de nuit avec les illuminations, je recommande absolument.",TripAdvisor
R002549,2025-06-11,es,1,negative,Prix / Tarification,prix,"Precios excesivos, sobre todo la comida en el lugar.",Google Maps
R002550,2024-01-16,en,5,positive,Vue / Panorama,vue,"Amazing 360 view, we could see the Sacre-Coeur and even further.",TripAdvisor
R002551,2025-04-23,es,4,positive,Expérience globale,experience,"Experiencia mágica, el monumento es aún más impresionante en persona.",TripAdvisor
R002552,2024-04-01,en,3,neutral,Général,generique,"Decent visit, nothing extraordinary but worth doing once.",TripAdvisor
R002553,2025-07-12,de,1,negative,File d'attente,file_attente,"Riesige Schlangen auf jeder Ebene, sehr enttäuschend.",Booking
R002554,2024-03-26,es,5,positive,Expérience globale,experience,"Experiencia mágica, el monumento es aún más impresionante en persona.",Booking
R002555,2024-03-13,it,2,negative,Prix / Tarification,prix,"Prezzi eccessivi, soprattutto la ristorazione.",Booking
R002556,2024-06-13,de,3,neutral,Général,generique,"Decent visit, nothing extraordinary but worth doing once.",Google Maps
R002557,2025-08-07,en,3,neutral,Général,generique,"Decent visit, nothing extraordinary but worth doing once.",Booking
R002558,2024-01-27,it,4,positive,Vue / Panorama,vue,"Vista mozzafiato dalla cima, si vede tutta Parigi.",TripAdvisor
R002559,2024-07-03,fr,4,positive,Personnel / Accueil,personnel,"Accueil chaleureux et équipe efficace, merci pour cette belle visite.",Google Maps
R002560,2025-10-25,en,4,positive,Expérience globale,experience,"Perfect family day, kids loved every minute of it.",Google Maps
R002561,2025-09-06,de,5,positive,Expérience globale,experience,"Magische Erfahrung, das Monument ist live noch beeindruckender.",Google Maps
R002562,2025-11-17,en,5,positive,Personnel / Accueil,personnel,"Great team, super welcoming and professional throughout.",Booking
R002563,2024-08-22,en,2,negative,Ascenseurs,ascenseur,"Elevator broke down during our visit, total disappointment.",Google Maps
R002564,2025-03-13,fr,1,negative,Sécurité,securite,"Pickpockets très présents, faites très attention à vos affaires.",TripAdvisor
R002565,2025-07-20,de,1,negative,File d'attente,file_attente,"Riesige Schlangen auf jeder Ebene, sehr enttäuschend.",Google Maps
R002566,2025-11-05,en,5,positive,Vue / Panorama,vue,"Stunning panorama, especially at sunset. A must-visit in Paris.",Google Maps
R002567,2025-10-17,en,5,positive,Vue / Panorama,vue,"Amazing 360 view, we could see the Sacre-Coeur and even further.",TripAdvisor
R002568,2025-09-18,en,4,positive,Vue / Panorama,vue,"Amazing 360 view, we could see the Sacre-Coeur and even further.",TripAdvisor
R002569,2024-06-05,fr,5,positive,Vue / Panorama,vue,"La vue depuis le sommet est tout simplement à couper le souffle, Paris s'étend à perte de vue.",Google Maps
R002570,2025-10-07,fr,5,positive,Personnel / Accueil,personnel,"Accueil chaleureux et équipe efficace, merci pour cette belle visite.",TripAdvisor
R002571,2025-02-13,en,4,positive,Expérience globale,experience,"Truly magical experience, the monument is even more impressive in person.",Google Maps
R002572,2025-02-08,en,5,positive,Personnel / Accueil,personnel,"Staff was very friendly and helpful, spoke perfect English.",TripAdvisor
R002573,2025-09-30,it,2,negative,Prix / Tarification,prix,"Prezzi eccessivi, soprattutto la ristorazione.",Google Maps
R002574,2025-09-06,fr,5,positive,Vue / Panorama,vue,"Panorama exceptionnel sur Paris, on voit jusqu'au Sacré-Cœur et la Défense.",Google Maps
R002575,2024-08-26,fr,2,negative,Prix / Tarification,prix,"Trop cher pour la restauration sur place, comptez 25€ un sandwich.",TripAdvisor
R002576,2024-09-11,en,3,neutral,Général,generique,"Decent visit, nothing extraordinary but worth doing once.",TripAdvisor
R002577,2024-01-23,fr,5,positive,Vue / Panorama,vue,"Spectacle incroyable de nuit avec les illuminations, je recommande absolument.",Booking
R002578,2024-05-28,en,3,neutral,Général,generique,"Iconic monument, the experience is okay overall.",TripAdvisor
R002579,2024-10-23,en,5,positive,Expérience globale,experience,"Truly magical experience, the monument is even more impressive in person.",TripAdvisor
R002580,2025-05-10,es,5,positive,Vue / Panorama,vue,"Panorama espectacular al atardecer, momento inolvidable.",Google Maps
R002581,2025-08-09,de,5,positive,Vue / Panorama,vue,"Wunderschöner Panoramablick, vor allem bei Sonnenuntergang.",Google Maps
R002582,2025-04-17,en,5,positive,Expérience globale,experience,"Truly magical experience, the monument is even more impressive in person.",Google Maps
R002583,2024-04-17,fr,5,positive,Personnel / Accueil,personnel,"Le staff est multilingue et très serviable, parfait pour les touristes.",Google Maps
R002584,2025-07-13,es,2,negative,Prix / Tarification,prix,Entradas demasiado caras para una familia.,TripAdvisor
R002585,2025-02-09,en,5,positive,Vue / Panorama,vue,"Amazing 360 view, we could see the Sacre-Coeur and even further.",Google Maps
R002586,2024-04-02,en,5,positive,Expérience globale,experience,"Perfect family day, kids loved every minute of it.",TripAdvisor
R002587,2024-05-07,en,3,neutral,Général,generique,"Decent visit, nothing extraordinary but worth doing once.",Google Maps
R002588,2024-09-09,es,2,negative,File d'attente,file_attente,Demasiada espera incluso con entradas online.,Google Maps
R002589,2024-03-21,en,1,negative,Ascenseurs,ascenseur,"Elevator broke down during our visit, total disappointment.",TripAdvisor
R002590,2024-09-11,es,5,positive,Expérience globale,experience,"Experiencia mágica, el monumento es aún más impresionante en persona.",TripAdvisor
R002591,2025-09-05,en,5,positive,Expérience globale,experience,"Perfect family day, kids loved every minute of it.",TripAdvisor
R002592,2024-11-01,en,5,positive,Expérience globale,experience,"Perfect family day, kids loved every minute of it.",Google Maps
R002593,2025-11-29,en,5,positive,Personnel / Accueil,personnel,"Great team, super welcoming and professional throughout.",Google Maps
R002594,2024-02-21,es,2,negative,Prix / Tarification,prix,Entradas demasiado caras para una familia.,TripAdvisor
R002595,2025-01-07,en,5,positive,Personnel / Accueil,personnel,"Great team, super welcoming and professional throughout.",TripAdvisor
R002596,2024-11-11,en,5,positive,Vue / Panorama,vue,"Amazing 360 view, we could see the Sacre-Coeur and even further.",Google Maps
R002597,2025-01-13,it,4,positive,Vue / Panorama,vue,"Panorama spettacolare al tramonto, momento indimenticabile.",TripAdvisor
R002598,2025-03-04,en,4,positive,Vue / Panorama,vue,"Amazing 360 view, we could see the Sacre-Coeur and even further.",TripAdvisor
R002599,2024-12-21,fr,5,positive,Expérience globale,experience,"Visite parfaite, organisation au top, je recommande vivement.",TripAdvisor
R002600,2024-05-01,fr,2,negative,Propreté,proprete,"Toilettes pas très propres au deuxième étage, à améliorer.",TripAdvisor
R002601,2025-05-04,fr,3,neutral,Général,generique,Monument iconique mais l'expérience reste classique.,Google Maps
R002602,2024-04-16,en,5,positive,Personnel / Accueil,personnel,"Staff was very friendly and helpful, spoke perfect English.",TripAdvisor
R002603,2025-05-30,fr,3,neutral,Général,generique,Monument iconique mais l'expérience reste classique.,Google Maps
R002604,2025-07-03,fr,1,negative,Propreté,proprete,"Toilettes pas très propres au deuxième étage, à améliorer.",TripAdvisor
R002605,2025-07-26,en,5,positive,Personnel / Accueil,personnel,"Great team, super welcoming and professional throughout.",TripAdvisor
R002606,2024-01-14,de,5,positive,Expérience globale,experience,"Magische Erfahrung, das Monument ist live noch beeindruckender.",Booking
R002607,2024-06-17,fr,5,positive,Expérience globale,experience,"Visite parfaite, organisation au top, je recommande vivement.",Google Maps
R002608,2025-06-25,en,4,positive,Vue / Panorama,vue,"The view from the top is absolutely breathtaking, you can see all of Paris.",TripAdvisor
R002609,2025-03-16,es,3,neutral,Général,generique,"Decent visit, nothing extraordinary but worth doing once.",TripAdvisor
R002610,2024-12-24,en,5,positive,Expérience globale,experience,"Truly magical experience, the monument is even more impressive in person.",Booking
R002611,2024-05-06,en,5,positive,Personnel / Accueil,personnel,"Staff was very friendly and helpful, spoke perfect English.",Google Maps
R002612,2024-10-01,en,5,positive,Personnel / Accueil,personnel,"Great team, super welcoming and professional throughout.",TripAdvisor
R002613,2025-04-23,en,4,positive,Personnel / Accueil,personnel,"Great team, super welcoming and professional throughout.",TripAdvisor
R002614,2024-07-17,fr,4,positive,Vue / Panorama,vue,"La vue depuis le sommet est tout simplement à couper le souffle, Paris s'étend à perte de vue.",TripAdvisor
R002615,2025-09-27,en,5,positive,Expérience globale,experience,"Perfect family day, kids loved every minute of it.",Google Maps
R002616,2024-10-27,it,4,positive,Vue / Panorama,vue,"Vista mozzafiato dalla cima, si vede tutta Parigi.",Google Maps
R002617,2025-07-22,en,4,positive,Vue / Panorama,vue,"The view from the top is absolutely breathtaking, you can see all of Paris.",Google Maps
R002618,2025-11-01,en,2,negative,Sécurité,securite,Felt unsafe with all the street vendors harassing tourists.,Google Maps
R002619,2024-09-18,es,5,positive,Expérience globale,experience,"Experiencia mágica, el monumento es aún más impresionante en persona.",TripAdvisor
R002620,2025-07-12,en,5,positive,Expérience globale,experience,"Truly magical experience, the monument is even more impressive in person.",Google Maps
R002621,2024-11-08,fr,2,negative,Prix / Tarification,prix,"Le prix du billet est prohibitif, surtout pour une famille avec enfants.",TripAdvisor
R002622,2025-02-09,de,3,neutral,Général,generique,"Decent visit, nothing extraordinary but worth doing once.",TripAdvisor
R002623,2024-06-25,en,5,positive,Vue / Panorama,vue,"Stunning panorama, especially at sunset. A must-visit in Paris.",TripAdvisor
R002624,2024-02-24,fr,1,negative,Ascenseurs,ascenseur,"Un seul ascenseur fonctionnait, attente énorme pour redescendre.",Google Maps
R002625,2025-09-09,fr,4,positive,Personnel / Accueil,personnel,"Accueil chaleureux et équipe efficace, merci pour cette belle visite.",Google Maps
R002626,2025-10-28,en,2,negative,File d'attente,file_attente,"Waited over 2 hours in line even with online tickets, awful.",Google Maps
R002627,2025-04-12,es,1,negative,File d'attente,file_attente,"Cola interminable de más de 2 horas, una pesadilla.",Booking
R002628,2025-08-04,en,5,positive,Expérience globale,experience,"Perfect family day, kids loved every minute of it.",Google Maps
R002629,2024-11-18,it,5,positive,Vue / Panorama,vue,"Vista mozzafiato dalla cima, si vede tutta Parigi.",TripAdvisor
R002630,2025-11-28,en,2,negative,File d'attente,file_attente,"The queue was insane, plan a whole day for this visit.",TripAdvisor
R002631,2025-07-07,en,5,positive,Vue / Panorama,vue,"Amazing 360 view, we could see the Sacre-Coeur and even further.",Google Maps
R002632,2025-07-24,en,5,positive,Personnel / Accueil,personnel,"Staff was very friendly and helpful, spoke perfect English.",Google Maps
R002633,2024-04-15,en,5,positive,Vue / Panorama,vue,"The view from the top is absolutely breathtaking, you can see all of Paris.",TripAdvisor
R002634,2024-06-09,fr,1,negative,Sécurité,securite,"Pickpockets très présents, faites très attention à vos affaires.",Booking
R002635,2024-06-20,en,3,neutral,Général,generique,"Decent visit, nothing extraordinary but worth doing once.",TripAdvisor
R002636,2024-01-03,fr,4,positive,Vue / Panorama,vue,"Panorama exceptionnel sur Paris, on voit jusqu'au Sacré-Cœur et la Défense.",TripAdvisor
R002637,2024-01-31,en,4,positive,Personnel / Accueil,personnel,"Great team, super welcoming and professional throughout.",Google Maps
R002638,2025-07-14,en,1,negative,Sécurité,securite,Felt unsafe with all the street vendors harassing tourists.,TripAdvisor
R002639,2024-08-28,fr,4,positive,Vue / Panorama,vue,"Vue magnifique au coucher du soleil, un moment inoubliable avec ma famille.",Google Maps
R002640,2024-02-18,fr,5,positive,Vue / Panorama,vue,"La vue depuis le sommet est tout simplement à couper le souffle, Paris s'étend à perte de vue.",Google Maps
R002641,2024-11-12,fr,1,negative,Sécurité,securite,"Trop de vendeurs à la sauvette autour, sentiment d'insécurité.",TripAdvisor
R002642,2024-01-18,it,4,positive,Vue / Panorama,vue,"Vista mozzafiato dalla cima, si vede tutta Parigi.",TripAdvisor
R002643,2024-10-12,es,3,neutral,Général,generique,"Iconic monument, the experience is okay overall.",Booking
R002644,2024-02-17,it,5,positive,Vue / Panorama,vue,"Vista mozzafiato dalla cima, si vede tutta Parigi.",TripAdvisor
R002645,2024-01-14,it,1,negative,Prix / Tarification,prix,"Prezzi eccessivi, soprattutto la ristorazione.",Booking
R002646,2024-08-18,en,4,positive,Vue / Panorama,vue,"Amazing 360 view, we could see the Sacre-Coeur and even further.",Booking
R002647,2025-08-28,fr,5,positive,Personnel / Accueil,personnel,"Personnel très accueillant et professionnel, toujours souriant.",TripAdvisor
R002648,2025-07-29,en,5,positive,Expérience globale,experience,"Truly magical experience, the monument is even more impressive in person.",Google Maps
R002649,2025-08-04,en,5,positive,Personnel / Accueil,personnel,"Staff was very friendly and helpful, spoke perfect English.",Google Maps
R002650,2025-07-06,en,5,positive,Personnel / Accueil,personnel,"Staff was very friendly and helpful, spoke perfect English.",TripAdvisor
R002651,2025-06-25,en,3,neutral,Général,generique,"Iconic monument, the experience is okay overall.",Booking
R002652,2025-01-14,en,5,positive,Expérience globale,experience,"Truly magical experience, the monument is even more impressive in person.",Google Maps
R002653,2025-01-21,en,5,positive,Vue / Panorama,vue,"Amazing 360 view, we could see the Sacre-Coeur and even further.",TripAdvisor
R002654,2025-01-02,en,5,positive,Vue / Panorama,vue,"The view from the top is absolutely breathtaking, you can see all of Paris.",TripAdvisor
R002655,2024-03-21,it,4,positive,Vue / Panorama,vue,"Panorama spettacolare al tramonto, momento indimenticabile.",Google Maps
R002656,2024-03-15,fr,3,neutral,Général,generique,"Visite correcte mais sans plus, attendu plus d'animations.",Google Maps
R002657,2024-10-24,en,5,positive,Vue / Panorama,vue,"Stunning panorama, especially at sunset. A must-visit in Paris.",Google Maps
R002658,2024-03-17,en,5,positive,Personnel / Accueil,personnel,"Great team, super welcoming and professional throughout.",TripAdvisor
R002659,2025-08-29,en,1,negative,Prix / Tarification,prix,Tickets are way too expensive for a family of four.,TripAdvisor
R002660,2025-05-03,fr,5,positive,Vue / Panorama,vue,"Panorama exceptionnel sur Paris, on voit jusqu'au Sacré-Cœur et la Défense.",TripAdvisor
R002661,2025-01-10,en,5,positive,Expérience globale,experience,"Perfect family day, kids loved every minute of it.",TripAdvisor
R002662,2025-05-12,fr,1,negative,Ascenseurs,ascenseur,"Ascenseurs souvent en maintenance, prévoyez les escaliers.",Google Maps
R002663,2025-08-14,fr,4,positive,Expérience globale,experience,"Une expérience magique, le monument est encore plus impressionnant en vrai.",TripAdvisor
R002664,2024-02-20,de,5,positive,Vue / Panorama,vue,"Die Aussicht vom Gipfel ist atemberaubend, ganz Paris liegt einem zu Füßen.",TripAdvisor
R002665,2024-10-08,en,3,neutral,Général,generique,"Iconic monument, the experience is okay overall.",Booking
R002666,2025-04-26,en,5,positive,Vue / Panorama,vue,"Stunning panorama, especially at sunset. A must-visit in Paris.",Booking
R002667,2024-01-06,en,3,neutral,Général,generique,"Iconic monument, the experience is okay overall.",TripAdvisor
R002668,2025-04-08,en,2,negative,Prix / Tarification,prix,"Ridiculously overpriced, especially food and drinks.",TripAdvisor
R002669,2025-01-17,fr,5,positive,Personnel / Accueil,personnel,"Accueil chaleureux et équipe efficace, merci pour cette belle visite.",TripAdvisor
R002670,2025-08-11,fr,1,negative,Sécurité,securite,"Trop de vendeurs à la sauvette autour, sentiment d'insécurité.",TripAdvisor
R002671,2025-11-03,fr,5,positive,Personnel / Accueil,personnel,"Personnel très accueillant et professionnel, toujours souriant.",TripAdvisor
R002672,2025-03-27,fr,4,positive,Vue / Panorama,vue,"Vue magnifique au coucher du soleil, un moment inoubliable avec ma famille.",TripAdvisor
R002673,2025-03-16,en,4,positive,Vue / Panorama,vue,"Stunning panorama, especially at sunset. A must-visit in Paris.",Google Maps
R002674,2025-10-31,en,5,positive,Personnel / Accueil,personnel,"Great team, super welcoming and professional throughout.",TripAdvisor
R002675,2025-10-23,en,1,negative,Ascenseurs,ascenseur,"Only one lift working, massive wait to go back down.",TripAdvisor
R002676,2025-02-26,en,5,positive,Expérience globale,experience,"Truly magical experience, the monument is even more impressive in person.",TripAdvisor
R002677,2024-03-31,en,5,positive,Personnel / Accueil,personnel,"Staff was very friendly and helpful, spoke perfect English.",Booking
R002678,2024-11-14,es,4,positive,Vue / Panorama,vue,"Panorama espectacular al atardecer, momento inolvidable.",Google Maps
R002679,2024-09-21,fr,3,neutral,Général,generique,"Visite correcte mais sans plus, attendu plus d'animations.",TripAdvisor
R002680,2024-07-06,fr,1,negative,Sécurité,securite,"Pickpockets très présents, faites très attention à vos affaires.",TripAdvisor
R002681,2024-09-04,de,4,positive,Expérience globale,experience,"Magische Erfahrung, das Monument ist live noch beeindruckender.",TripAdvisor
R002682,2025-07-12,de,5,positive,Vue / Panorama,vue,"Wunderschöner Panoramablick, vor allem bei Sonnenuntergang.",TripAdvisor
R002683,2025-07-08,es,5,positive,Vue / Panorama,vue,"Panorama espectacular al atardecer, momento inolvidable.",Google Maps
R002684,2025-01-26,en,3,neutral,Général,generique,"Decent visit, nothing extraordinary but worth doing once.",Booking
R002685,2025-07-07,es,2,negative,Prix / Tarification,prix,Entradas demasiado caras para una familia.,TripAdvisor
R002686,2025-02-06,en,5,positive,Personnel / Accueil,personnel,"Great team, super welcoming and professional throughout.",TripAdvisor
R002687,2025-08-01,en,4,positive,Personnel / Accueil,personnel,"Great team, super welcoming and professional throughout.",TripAdvisor
R002688,2025-05-20,es,4,positive,Expérience globale,experience,"Visita perfecta en familia, los niños lo adoraron.",Google Maps
R002689,2024-04-12,fr,5,positive,Expérience globale,experience,"Une expérience magique, le monument est encore plus impressionnant en vrai.",Booking
R002690,2024-01-20,it,5,positive,Vue / Panorama,vue,"Vista mozzafiato dalla cima, si vede tutta Parigi.",TripAdvisor
R002691,2024-06-30,es,1,negative,Prix / Tarification,prix,Entradas demasiado caras para una familia.,TripAdvisor
R002692,2024-10-01,fr,1,negative,Ascenseurs,ascenseur,"Ascenseur en panne le jour de notre visite, déception totale.",Google Maps
R002693,2024-07-05,fr,5,positive,Vue / Panorama,vue,"La vue depuis le sommet est tout simplement à couper le souffle, Paris s'étend à perte de vue.",TripAdvisor
R002694,2024-03-01,fr,2,negative,Sécurité,securite,"Pickpockets très présents, faites très attention à vos affaires.",TripAdvisor
R002695,2024-12-11,de,1,negative,File d'attente,file_attente,"Endlose Warteschlange, über 2 Stunden trotz Online-Ticket.",TripAdvisor
R002696,2025-09-24,en,5,positive,Personnel / Accueil,personnel,"Great team, super welcoming and professional throughout.",TripAdvisor
R002697,2024-07-14,en,5,positive,Personnel / Accueil,personnel,"Staff was very friendly and helpful, spoke perfect English.",Google Maps
R002698,2024-08-24,en,5,positive,Personnel / Accueil,personnel,"Great team, super welcoming and professional throughout.",Google Maps
R002699,2025-09-28,es,5,positive,Expérience globale,experience,"Visita perfecta en familia, los niños lo adoraron.",TripAdvisor
R002700,2024-05-01,fr,2,negative,Prix / Tarification,prix,"Trop cher pour la restauration sur place, comptez 25€ un sandwich.",TripAdvisor
R002701,2024-02-16,en,3,neutral,Général,generique,"Iconic monument, the experience is okay overall.",Google Maps
R002702,2025-10-03,en,2,negative,File d'attente,file_attente,"Waited over 2 hours in line even with online tickets, awful.",Google Maps
R002703,2025-09-23,fr,5,positive,Expérience globale,experience,"Visite parfaite, organisation au top, je recommande vivement.",Google Maps
R002704,2024-12-14,it,5,positive,Vue / Panorama,vue,"Panorama spettacolare al tramonto, momento indimenticabile.",TripAdvisor
R002705,2025-08-06,en,5,positive,Vue / Panorama,vue,"Stunning panorama, especially at sunset. A must-visit in Paris.",Booking
R002706,2025-07-14,fr,5,positive,Expérience globale,experience,"Visite parfaite, organisation au top, je recommande vivement.",TripAdvisor
R002707,2024-09-04,en,1,negative,Sécurité,securite,Felt unsafe with all the street vendors harassing tourists.,Booking
R002708,2025-08-06,en,2,negative,Prix / Tarification,prix,"Ridiculously overpriced, especially food and drinks.",Google Maps
R002709,2025-02-06,fr,1,negative,Ascenseurs,ascenseur,"Ascenseur en panne le jour de notre visite, déception totale.",TripAdvisor
R002710,2024-12-01,en,3,neutral,Général,generique,"Iconic monument, the experience is okay overall.",TripAdvisor
R002711,2025-01-23,fr,5,positive,Vue / Panorama,vue,"La vue depuis le sommet est tout simplement à couper le souffle, Paris s'étend à perte de vue.",TripAdvisor
R002712,2024-09-17,fr,5,positive,Personnel / Accueil,personnel,"Personnel très accueillant et professionnel, toujours souriant.",TripAdvisor
R002713,2024-08-12,fr,5,positive,Expérience globale,experience,"Moment magique en famille, les enfants ont adoré.",Google Maps
R002714,2024-02-02,fr,3,neutral,Général,generique,"Visite correcte mais sans plus, attendu plus d'animations.",Google Maps
R002715,2024-09-07,en,3,neutral,Général,generique,"Iconic monument, the experience is okay overall.",TripAdvisor
R002716,2024-06-04,es,4,positive,Expérience globale,experience,"Visita perfecta en familia, los niños lo adoraron.",Google Maps
R002717,2025-09-23,fr,5,positive,Personnel / Accueil,personnel,"Personnel très accueillant et professionnel, toujours souriant.",Booking
R002718,2025-07-30,fr,2,negative,Propreté,proprete,"Beaucoup de déchets autour du monument, dommage pour l'image.",Google Maps
R002719,2025-08-30,it,4,positive,Vue / Panorama,vue,"Vista mozzafiato dalla cima, si vede tutta Parigi.",Google Maps
R002720,2024-07-02,fr,5,positive,Vue / Panorama,vue,"Panorama exceptionnel sur Paris, on voit jusqu'au Sacré-Cœur et la Défense.",Google Maps
R002721,2024-03-20,de,5,positive,Expérience globale,experience,"Magische Erfahrung, das Monument ist live noch beeindruckender.",TripAdvisor
R002722,2025-03-31,it,3,neutral,Général,generique,"Decent visit, nothing extraordinary but worth doing once.",TripAdvisor
R002723,2024-07-04,es,3,neutral,Général,generique,"Decent visit, nothing extraordinary but worth doing once.",TripAdvisor
R002724,2025-06-21,en,4,positive,Expérience globale,experience,"Truly magical experience, the monument is even more impressive in person.",Google Maps
R002725,2025-08-02,en,3,neutral,Général,generique,"Iconic monument, the experience is okay overall.",TripAdvisor
R002726,2024-12-06,fr,5,positive,Personnel / Accueil,personnel,"Personnel très accueillant et professionnel, toujours souriant.",Google Maps
R002727,2025-04-26,fr,5,positive,Personnel / Accueil,personnel,"Accueil chaleureux et équipe efficace, merci pour cette belle visite.",TripAdvisor
R002728,2024-12-13,en,5,positive,Expérience globale,experience,"Truly magical experience, the monument is even more impressive in person.",Booking
R002729,2025-01-19,en,2,negative,Prix / Tarification,prix,"Ridiculously overpriced, especially food and drinks.",Google Maps
R002730,2025-06-05,fr,3,neutral,Général,generique,"Visite correcte mais sans plus, attendu plus d'animations.",TripAdvisor
R002731,2024-05-21,it,5,positive,Vue / Panorama,vue,"Vista mozzafiato dalla cima, si vede tutta Parigi.",TripAdvisor
R002732,2025-09-21,es,5,positive,Vue / Panorama,vue,"La vista desde la cima es impresionante, se ve todo París.",TripAdvisor
R002733,2025-11-09,fr,3,neutral,Général,generique,"Visite correcte mais sans plus, attendu plus d'animations.",Booking
R002734,2025-11-01,fr,5,positive,Personnel / Accueil,personnel,"Le staff est multilingue et très serviable, parfait pour les touristes.",TripAdvisor
R002735,2025-01-03,fr,1,negative,Sécurité,securite,"Trop de vendeurs à la sauvette autour, sentiment d'insécurité.",Google Maps
R002736,2025-10-11,en,1,negative,Prix / Tarification,prix,"Ridiculously overpriced, especially food and drinks.",TripAdvisor
R002737,2024-05-14,fr,3,neutral,Général,generique,"Visite correcte mais sans plus, attendu plus d'animations.",TripAdvisor
R002738,2024-09-06,en,5,positive,Vue / Panorama,vue,"Amazing 360 view, we could see the Sacre-Coeur and even further.",TripAdvisor
R002739,2024-04-05,fr,3,neutral,Général,generique,Ça vaut le coup de le voir une fois dans sa vie.,TripAdvisor
R002740,2024-02-28,de,4,positive,Expérience globale,experience,"Magische Erfahrung, das Monument ist live noch beeindruckender.",TripAdvisor
R002741,2025-02-11,es,5,positive,Expérience globale,experience,"Visita perfecta en familia, los niños lo adoraron.",Booking
R002742,2025-10-29,fr,5,positive,Vue / Panorama,vue,"La vue depuis le sommet est tout simplement à couper le souffle, Paris s'étend à perte de vue.",TripAdvisor
R002743,2025-01-22,en,5,positive,Expérience globale,experience,"Truly magical experience, the monument is even more impressive in person.",Google Maps
R002744,2024-01-30,fr,3,neutral,Général,generique,"Visite correcte mais sans plus, attendu plus d'animations.",TripAdvisor
R002745,2025-02-05,de,2,negative,Prix / Tarification,prix,"Viel zu teuer, besonders Essen und Getränke.",TripAdvisor
R002746,2024-01-15,en,2,negative,Prix / Tarification,prix,"Ridiculously overpriced, especially food and drinks.",Google Maps
R002747,2025-02-06,en,5,positive,Personnel / Accueil,personnel,"Great team, super welcoming and professional throughout.",TripAdvisor
R002748,2025-02-07,es,3,neutral,Général,generique,"Decent visit, nothing extraordinary but worth doing once.",Booking
R002749,2024-11-06,fr,5,positive,Personnel / Accueil,personnel,"Le staff est multilingue et très serviable, parfait pour les touristes.",Google Maps
R002750,2025-03-17,es,2,negative,Prix / Tarification,prix,"Precios excesivos, sobre todo la comida en el lugar.",TripAdvisor
R002751,2024-12-18,fr,5,positive,Vue / Panorama,vue,"Panorama exceptionnel sur Paris, on voit jusqu'au Sacré-Cœur et la Défense.",TripAdvisor
R002752,2024-06-21,en,4,positive,Personnel / Accueil,personnel,"Staff was very friendly and helpful, spoke perfect English.",TripAdvisor
R002753,2024-09-18,en,2,negative,File d'attente,file_attente,"The queue was insane, plan a whole day for this visit.",TripAdvisor
R002754,2025-07-22,en,5,positive,Expérience globale,experience,"Perfect family day, kids loved every minute of it.",Google Maps
R002755,2025-10-13,fr,5,positive,Expérience globale,experience,"Moment magique en famille, les enfants ont adoré.",Google Maps
R002756,2025-02-21,fr,2,negative,Sécurité,securite,"Trop de vendeurs à la sauvette autour, sentiment d'insécurité.",TripAdvisor
R002757,2025-08-07,fr,5,positive,Expérience globale,experience,"Une expérience magique, le monument est encore plus impressionnant en vrai.",Google Maps
R002758,2024-10-15,fr,5,positive,Personnel / Accueil,personnel,"Personnel très accueillant et professionnel, toujours souriant.",Booking
R002759,2024-08-29,it,5,positive,Vue / Panorama,vue,"Vista mozzafiato dalla cima, si vede tutta Parigi.",TripAdvisor
R002760,2025-01-09,fr,4,positive,Vue / Panorama,vue,"Panorama exceptionnel sur Paris, on voit jusqu'au Sacré-Cœur et la Défense.",Google Maps
R002761,2025-04-23,en,5,positive,Personnel / Accueil,personnel,"Great team, super welcoming and professional throughout.",Google Maps
R002762,2025-04-09,en,1,negative,Ascenseurs,ascenseur,"Only one lift working, massive wait to go back down.",TripAdvisor
R002763,2025-01-04,en,2,negative,Ascenseurs,ascenseur,"Only one lift working, massive wait to go back down.",Booking
R002764,2025-08-31,en,5,positive,Personnel / Accueil,personnel,"Great team, super welcoming and professional throughout.",Google Maps
R002765,2024-05-09,en,2,negative,Sécurité,securite,"Watch out for pickpockets, they are everywhere around the tower.",TripAdvisor
R002766,2025-09-25,en,5,positive,Expérience globale,experience,"Truly magical experience, the monument is even more impressive in person.",Booking
R002767,2025-09-02,fr,5,positive,Personnel / Accueil,personnel,"Personnel très accueillant et professionnel, toujours souriant.",TripAdvisor
R002768,2025-04-02,es,5,positive,Expérience globale,experience,"Visita perfecta en familia, los niños lo adoraron.",TripAdvisor
R002769,2025-01-11,de,4,positive,Expérience globale,experience,"Magische Erfahrung, das Monument ist live noch beeindruckender.",Google Maps
R002770,2024-10-19,en,4,positive,Vue / Panorama,vue,"Stunning panorama, especially at sunset. A must-visit in Paris.",TripAdvisor
R002771,2024-06-10,en,4,positive,Expérience globale,experience,"Truly magical experience, the monument is even more impressive in person.",Booking
R002772,2024-02-27,es,4,positive,Expérience globale,experience,"Visita perfecta en familia, los niños lo adoraron.",TripAdvisor
R002773,2025-11-28,en,1,negative,Sécurité,securite,"Watch out for pickpockets, they are everywhere around the tower.",Booking
R002774,2024-12-30,fr,2,negative,File d'attente,file_attente,"Attente beaucoup trop longue malgré la réservation en ligne, c'est inacceptable.",Booking
R002775,2024-04-04,fr,5,positive,Personnel / Accueil,personnel,"Accueil chaleureux et équipe efficace, merci pour cette belle visite.",Booking
R002776,2025-11-04,en,5,positive,Vue / Panorama,vue,"Stunning panorama, especially at sunset. A must-visit in Paris.",TripAdvisor
R002777,2025-11-27,de,4,positive,Expérience globale,experience,"Magische Erfahrung, das Monument ist live noch beeindruckender.",Google Maps
R002778,2024-06-16,en,5,positive,Personnel / Accueil,personnel,"Staff was very friendly and helpful, spoke perfect English.",Google Maps
R002779,2024-05-31,de,2,negative,Prix / Tarification,prix,"Viel zu teuer, besonders Essen und Getränke.",TripAdvisor
R002780,2024-11-27,en,5,positive,Expérience globale,experience,"Perfect family day, kids loved every minute of it.",TripAdvisor
R002781,2024-02-17,fr,5,positive,Personnel / Accueil,personnel,"Personnel très accueillant et professionnel, toujours souriant.",Booking
R002782,2024-03-05,en,5,positive,Vue / Panorama,vue,"Stunning panorama, especially at sunset. A must-visit in Paris.",TripAdvisor
R002783,2024-06-04,de,4,positive,Vue / Panorama,vue,"Die Aussicht vom Gipfel ist atemberaubend, ganz Paris liegt einem zu Füßen.",TripAdvisor
R002784,2025-04-19,en,1,negative,File d'attente,file_attente,"The queue was insane, plan a whole day for this visit.",Google Maps
R002785,2025-08-10,it,4,positive,Vue / Panorama,vue,"Panorama spettacolare al tramonto, momento indimenticabile.",Google Maps
R002786,2025-10-04,fr,3,neutral,Général,generique,Ça vaut le coup de le voir une fois dans sa vie.,Google Maps
R002787,2025-01-22,en,4,positive,Vue / Panorama,vue,"The view from the top is absolutely breathtaking, you can see all of Paris.",Google Maps
R002788,2024-01-28,en,5,positive,Personnel / Accueil,personnel,"Staff was very friendly and helpful, spoke perfect English.",Google Maps
R002789,2025-01-17,fr,1,negative,Propreté,proprete,"Toilettes pas très propres au deuxième étage, à améliorer.",Booking
R002790,2024-05-31,en,3,neutral,Général,generique,"Decent visit, nothing extraordinary but worth doing once.",TripAdvisor
R002791,2024-07-13,en,2,negative,Sécurité,securite,"Watch out for pickpockets, they are everywhere around the tower.",Google Maps
R002792,2024-08-15,en,5,positive,Personnel / Accueil,personnel,"Great team, super welcoming and professional throughout.",Google Maps
R002793,2024-02-05,fr,5,positive,Personnel / Accueil,personnel,"Personnel très accueillant et professionnel, toujours souriant.",TripAdvisor
R002794,2025-02-02,fr,5,positive,Personnel / Accueil,personnel,"Personnel très accueillant et professionnel, toujours souriant.",Google Maps
R002795,2024-04-11,es,5,positive,Vue / Panorama,vue,"La vista desde la cima es impresionante, se ve todo París.",TripAdvisor
R002796,2025-07-20,fr,5,positive,Personnel / Accueil,personnel,"Accueil chaleureux et équipe efficace, merci pour cette belle visite.",TripAdvisor
R002797,2025-05-19,it,2,negative,File d'attente,file_attente,"Coda interminabile di oltre 2 ore, un incubo.",Google Maps
R002798,2025-05-04,de,5,positive,Expérience globale,experience,"Magische Erfahrung, das Monument ist live noch beeindruckender.",TripAdvisor
R002799,2024-08-09,en,5,positive,Vue / Panorama,vue,"The view from the top is absolutely breathtaking, you can see all of Paris.",Booking
R002800,2025-09-14,it,5,positive,Vue / Panorama,vue,"Vista mozzafiato dalla cima, si vede tutta Parigi.",TripAdvisor
R002801,2024-12-28,it,4,positive,Vue / Panorama,vue,"Vista mozzafiato dalla cima, si vede tutta Parigi.",TripAdvisor
R002802,2024-02-20,en,1,negative,Ascenseurs,ascenseur,"Elevator broke down during our visit, total disappointment.",Booking
R002803,2024-03-09,fr,3,neutral,Général,generique,"Visite correcte mais sans plus, attendu plus d'animations.",Google Maps
R002804,2024-10-09,fr,5,positive,Personnel / Accueil,personnel,"Accueil chaleureux et équipe efficace, merci pour cette belle visite.",TripAdvisor
R002805,2024-11-08,fr,5,positive,Personnel / Accueil,personnel,"Personnel très accueillant et professionnel, toujours souriant.",Google Maps
R002806,2025-01-29,en,4,positive,Vue / Panorama,vue,"Amazing 360 view, we could see the Sacre-Coeur and even further.",TripAdvisor
R002807,2025-04-29,en,4,positive,Personnel / Accueil,personnel,"Great team, super welcoming and professional throughout.",Google Maps
R002808,2024-11-22,en,4,positive,Personnel / Accueil,personnel,"Great team, super welcoming and professional throughout.",TripAdvisor
R002809,2024-03-29,fr,4,positive,Expérience globale,experience,"Moment magique en famille, les enfants ont adoré.",TripAdvisor
R002810,2024-01-18,es,5,positive,Expérience globale,experience,"Visita perfecta en familia, los niños lo adoraron.",Google Maps
R002811,2025-04-06,en,5,positive,Personnel / Accueil,personnel,"Staff was very friendly and helpful, spoke perfect English.",Google Maps
R002812,2024-01-19,en,5,positive,Personnel / Accueil,personnel,"Staff was very friendly and helpful, spoke perfect English.",TripAdvisor
R002813,2025-10-29,en,5,positive,Vue / Panorama,vue,"The view from the top is absolutely breathtaking, you can see all of Paris.",TripAdvisor
R002814,2024-07-25,fr,1,negative,Prix / Tarification,prix,"Le prix du billet est prohibitif, surtout pour une famille avec enfants.",Google Maps
R002815,2025-10-24,es,5,positive,Expérience globale,experience,"Visita perfecta en familia, los niños lo adoraron.",TripAdvisor
R002816,2024-03-16,fr,3,neutral,Général,generique,"Visite correcte mais sans plus, attendu plus d'animations.",TripAdvisor
R002817,2024-07-08,en,5,positive,Vue / Panorama,vue,"Amazing 360 view, we could see the Sacre-Coeur and even further.",TripAdvisor
R002818,2025-08-13,en,2,negative,File d'attente,file_attente,"The queue was insane, plan a whole day for this visit.",Booking
R002819,2025-10-14,en,5,positive,Expérience globale,experience,"Perfect family day, kids loved every minute of it.",Booking
R002820,2024-04-03,it,1,negative,Prix / Tarification,prix,"Prezzi eccessivi, soprattutto la ristorazione.",Google Maps
R002821,2025-08-15,en,5,positive,Vue / Panorama,vue,"Amazing 360 view, we could see the Sacre-Coeur and even further.",Google Maps
R002822,2024-03-11,fr,4,positive,Vue / Panorama,vue,"Panorama exceptionnel sur Paris, on voit jusqu'au Sacré-Cœur et la Défense.",TripAdvisor
R002823,2025-07-30,fr,5,positive,Personnel / Accueil,personnel,"Le staff est multilingue et très serviable, parfait pour les touristes.",Google Maps
R002824,2025-03-06,es,4,positive,Vue / Panorama,vue,"La vista desde la cima es impresionante, se ve todo París.",Booking
R002825,2024-10-31,en,5,positive,Expérience globale,experience,"Perfect family day, kids loved every minute of it.",Google Maps
R002826,2024-07-25,en,3,neutral,Général,generique,"Iconic monument, the experience is okay overall.",TripAdvisor
R002827,2024-02-03,en,2,negative,File d'attente,file_attente,"The queue was insane, plan a whole day for this visit.",TripAdvisor
R002828,2025-08-25,fr,4,positive,Vue / Panorama,vue,"Spectacle incroyable de nuit avec les illuminations, je recommande absolument.",Google Maps
R002829,2024-04-22,it,5,positive,Vue / Panorama,vue,"Panorama spettacolare al tramonto, momento indimenticabile.",Google Maps
R002830,2024-07-29,en,4,positive,Expérience globale,experience,"Perfect family day, kids loved every minute of it.",TripAdvisor
R002831,2024-04-22,en,5,positive,Vue / Panorama,vue,"The view from the top is absolutely breathtaking, you can see all of Paris.",TripAdvisor
R002832,2024-03-21,fr,4,positive,Vue / Panorama,vue,"Spectacle incroyable de nuit avec les illuminations, je recommande absolument.",Google Maps
R002833,2024-12-23,en,3,neutral,Général,generique,"Iconic monument, the experience is okay overall.",Booking
R002834,2024-10-26,en,5,positive,Personnel / Accueil,personnel,"Great team, super welcoming and professional throughout.",Google Maps
R002835,2025-02-09,fr,5,positive,Vue / Panorama,vue,"Vue magnifique au coucher du soleil, un moment inoubliable avec ma famille.",Google Maps
R002836,2024-09-21,en,5,positive,Expérience globale,experience,"Truly magical experience, the monument is even more impressive in person.",TripAdvisor
R002837,2025-06-22,en,4,positive,Personnel / Accueil,personnel,"Great team, super welcoming and professional throughout.",Google Maps
R002838,2025-08-30,es,1,negative,File d'attente,file_attente,"Cola interminable de más de 2 horas, una pesadilla.",TripAdvisor
R002839,2025-11-16,en,5,positive,Personnel / Accueil,personnel,"Staff was very friendly and helpful, spoke perfect English.",Google Maps
R002840,2024-09-12,en,3,neutral,Général,generique,"Decent visit, nothing extraordinary but worth doing once.",TripAdvisor
R002841,2024-03-03,it,3,neutral,Général,generique,"Decent visit, nothing extraordinary but worth doing once.",Google Maps
R002842,2025-06-15,fr,5,positive,Vue / Panorama,vue,"Spectacle incroyable de nuit avec les illuminations, je recommande absolument.",TripAdvisor
R002843,2025-08-22,fr,1,negative,Propreté,proprete,"Beaucoup de déchets autour du monument, dommage pour l'image.",TripAdvisor
R002844,2025-08-03,es,5,positive,Vue / Panorama,vue,"La vista desde la cima es impresionante, se ve todo París.",TripAdvisor
R002845,2025-09-17,fr,3,neutral,Général,generique,Ça vaut le coup de le voir une fois dans sa vie.,TripAdvisor
R002846,2024-04-27,fr,4,positive,Expérience globale,experience,"Visite parfaite, organisation au top, je recommande vivement.",TripAdvisor
R002847,2025-09-01,de,5,positive,Expérience globale,experience,"Magische Erfahrung, das Monument ist live noch beeindruckender.",TripAdvisor
R002848,2025-07-22,en,5,positive,Expérience globale,experience,"Perfect family day, kids loved every minute of it.",Booking
R002849,2025-01-04,it,4,positive,Vue / Panorama,vue,"Vista mozzafiato dalla cima, si vede tutta Parigi.",Google Maps
R002850,2024-03-15,fr,1,negative,Propreté,proprete,"Beaucoup de déchets autour du monument, dommage pour l'image.",TripAdvisor
R002851,2024-07-14,en,5,positive,Vue / Panorama,vue,"Stunning panorama, especially at sunset. A must-visit in Paris.",Google Maps
R002852,2024-07-18,fr,2,negative,Prix / Tarification,prix,"Tarifs vraiment excessifs pour ce que c'est, beaucoup trop cher.",TripAdvisor
R002853,2024-08-25,fr,4,positive,Vue / Panorama,vue,"La vue depuis le sommet est tout simplement à couper le souffle, Paris s'étend à perte de vue.",Google Maps
R002854,2025-07-07,en,5,positive,Expérience globale,experience,"Perfect family day, kids loved every minute of it.",Google Maps
R002855,2024-05-24,fr,2,negative,Ascenseurs,ascenseur,"Ascenseurs souvent en maintenance, prévoyez les escaliers.",Google Maps
R002856,2025-10-31,fr,2,negative,File d'attente,file_attente,"File d'attente interminable, plus de 2 heures sous le soleil sans ombre.",TripAdvisor
R002857,2024-07-11,en,5,positive,Personnel / Accueil,personnel,"Staff was very friendly and helpful, spoke perfect English.",Booking
R002858,2024-08-21,fr,3,neutral,Général,generique,"Visite correcte mais sans plus, attendu plus d'animations.",Google Maps
R002859,2025-07-26,es,4,positive,Vue / Panorama,vue,"La vista desde la cima es impresionante, se ve todo París.",Google Maps
R002860,2024-06-12,fr,5,positive,Vue / Panorama,vue,"Spectacle incroyable de nuit avec les illuminations, je recommande absolument.",TripAdvisor
R002861,2024-05-19,fr,3,neutral,Général,generique,"Visite correcte mais sans plus, attendu plus d'animations.",TripAdvisor
R002862,2024-01-11,en,4,positive,Vue / Panorama,vue,"The view from the top is absolutely breathtaking, you can see all of Paris.",TripAdvisor
R002863,2024-05-05,fr,4,positive,Personnel / Accueil,personnel,"Le staff est multilingue et très serviable, parfait pour les touristes.",Google Maps
R002864,2024-05-25,en,5,positive,Vue / Panorama,vue,"Stunning panorama, especially at sunset. A must-visit in Paris.",Google Maps
R002865,2024-02-28,en,5,positive,Personnel / Accueil,personnel,"Staff was very friendly and helpful, spoke perfect English.",TripAdvisor
R002866,2025-08-18,en,5,positive,Vue / Panorama,vue,"The view from the top is absolutely breathtaking, you can see all of Paris.",Google Maps
R002867,2024-05-14,fr,4,positive,Vue / Panorama,vue,"La vue depuis le sommet est tout simplement à couper le souffle, Paris s'étend à perte de vue.",TripAdvisor
R002868,2024-06-15,en,4,positive,Expérience globale,experience,"Truly magical experience, the monument is even more impressive in person.",Booking
R002869,2025-02-27,en,4,positive,Vue / Panorama,vue,"Stunning panorama, especially at sunset. A must-visit in Paris.",Booking
R002870,2024-04-14,fr,3,neutral,Général,generique,Ça vaut le coup de le voir une fois dans sa vie.,Google Maps
R002871,2025-02-27,en,2,negative,Sécurité,securite,Felt unsafe with all the street vendors harassing tourists.,TripAdvisor
R002872,2025-01-03,es,4,positive,Vue / Panorama,vue,"Panorama espectacular al atardecer, momento inolvidable.",Google Maps
R002873,2025-11-24,fr,3,neutral,Général,generique,"Visite correcte mais sans plus, attendu plus d'animations.",TripAdvisor
R002874,2025-09-05,fr,4,positive,Vue / Panorama,vue,"Panorama exceptionnel sur Paris, on voit jusqu'au Sacré-Cœur et la Défense.",TripAdvisor
R002875,2025-06-30,it,1,negative,Prix / Tarification,prix,"Prezzi eccessivi, soprattutto la ristorazione.",TripAdvisor
R002876,2025-05-12,fr,5,positive,Expérience globale,experience,"Une expérience magique, le monument est encore plus impressionnant en vrai.",TripAdvisor
R002877,2024-03-27,fr,4,positive,Vue / Panorama,vue,"Panorama exceptionnel sur Paris, on voit jusqu'au Sacré-Cœur et la Défense.",TripAdvisor
R002878,2024-12-20,fr,4,positive,Expérience globale,experience,"Une expérience magique, le monument est encore plus impressionnant en vrai.",Booking
R002879,2024-03-16,en,2,negative,File d'attente,file_attente,"Endless lines at every floor, terrible organization.",TripAdvisor
R002880,2025-10-06,fr,1,negative,Ascenseurs,ascenseur,"Ascenseurs souvent en maintenance, prévoyez les escaliers.",Booking
R002881,2024-07-01,en,5,positive,Expérience globale,experience,"Perfect family day, kids loved every minute of it.",Google Maps
R002882,2024-04-14,es,3,neutral,Général,generique,"Iconic monument, the experience is okay overall.",TripAdvisor
R002883,2024-08-13,fr,4,positive,Personnel / Accueil,personnel,"Accueil chaleureux et équipe efficace, merci pour cette belle visite.",Google Maps
R002884,2025-01-19,fr,4,positive,Personnel / Accueil,personnel,"Personnel très accueillant et professionnel, toujours souriant.",TripAdvisor
R002885,2024-07-15,en,2,negative,Ascenseurs,ascenseur,"Only one lift working, massive wait to go back down.",Booking
R002886,2024-10-28,es,5,positive,Vue / Panorama,vue,"La vista desde la cima es impresionante, se ve todo París.",TripAdvisor
R002887,2025-08-17,de,2,negative,Prix / Tarification,prix,"Viel zu teuer, besonders Essen und Getränke.",Booking
R002888,2025-09-20,fr,5,positive,Vue / Panorama,vue,"La vue depuis le sommet est tout simplement à couper le souffle, Paris s'étend à perte de vue.",Google Maps
R002889,2025-11-29,es,1,negative,File d'attente,file_attente,Demasiada espera incluso con entradas online.,TripAdvisor
R002890,2025-11-04,fr,2,negative,Prix / Tarification,prix,"Le prix du billet est prohibitif, surtout pour une famille avec enfants.",TripAdvisor
R002891,2024-07-08,it,4,positive,Vue / Panorama,vue,"Panorama spettacolare al tramonto, momento indimenticabile.",TripAdvisor
R002892,2025-08-03,en,5,positive,Vue / Panorama,vue,"The view from the top is absolutely breathtaking, you can see all of Paris.",TripAdvisor
R002893,2024-05-25,en,3,neutral,Général,generique,"Decent visit, nothing extraordinary but worth doing once.",Google Maps
R002894,2024-10-19,fr,1,negative,Sécurité,securite,"Trop de vendeurs à la sauvette autour, sentiment d'insécurité.",TripAdvisor
R002895,2024-02-13,en,3,neutral,Général,generique,"Decent visit, nothing extraordinary but worth doing once.",TripAdvisor
R002896,2024-09-07,fr,1,negative,Sécurité,securite,"Pickpockets très présents, faites très attention à vos affaires.",TripAdvisor
R002897,2024-10-30,es,5,positive,Expérience globale,experience,"Experiencia mágica, el monumento es aún más impresionante en persona.",Google Maps
R002898,2024-09-22,it,5,positive,Vue / Panorama,vue,"Vista mozzafiato dalla cima, si vede tutta Parigi.",Google Maps
R002899,2024-04-19,fr,1,negative,Ascenseurs,ascenseur,"Ascenseur en panne le jour de notre visite, déception totale.",TripAdvisor
R002900,2025-08-10,en,3,neutral,Général,generique,"Iconic monument, the experience is okay overall.",Google Maps
R002901,2024-03-26,de,2,negative,File d'attente,file_attente,"Endlose Warteschlange, über 2 Stunden trotz Online-Ticket.",TripAdvisor
R002902,2025-01-16,fr,3,neutral,Général,generique,"Visite correcte mais sans plus, attendu plus d'animations.",Google Maps
R002903,2025-07-05,en,3,neutral,Général,generique,"Iconic monument, the experience is okay overall.",TripAdvisor
R002904,2024-01-09,en,4,positive,Personnel / Accueil,personnel,"Great team, super welcoming and professional throughout.",TripAdvisor
R002905,2024-11-08,en,5,positive,Personnel / Accueil,personnel,"Staff was very friendly and helpful, spoke perfect English.",Google Maps
R002906,2025-05-29,es,1,negative,File d'attente,file_attente,Demasiada espera incluso con entradas online.,Booking
R002907,2025-06-17,en,2,negative,Sécurité,securite,"Watch out for pickpockets, they are everywhere around the tower.",TripAdvisor
R002908,2025-02-12,es,5,positive,Expérience globale,experience,"Visita perfecta en familia, los niños lo adoraron.",Google Maps
R002909,2025-11-05,es,4,positive,Expérience globale,experience,"Experiencia mágica, el monumento es aún más impresionante en persona.",TripAdvisor
R002910,2024-07-16,en,1,negative,Sécurité,securite,"Watch out for pickpockets, they are everywhere around the tower.",TripAdvisor
R002911,2025-06-28,fr,5,positive,Personnel / Accueil,personnel,"Personnel très accueillant et professionnel, toujours souriant.",TripAdvisor
R002912,2025-09-21,it,4,positive,Vue / Panorama,vue,"Vista mozzafiato dalla cima, si vede tutta Parigi.",TripAdvisor
R002913,2025-06-10,es,5,positive,Expérience globale,experience,"Experiencia mágica, el monumento es aún más impresionante en persona.",Google Maps
R002914,2025-03-08,fr,5,positive,Vue / Panorama,vue,"Panorama exceptionnel sur Paris, on voit jusqu'au Sacré-Cœur et la Défense.",TripAdvisor
R002915,2024-07-20,es,1,negative,File d'attente,file_attente,"Cola interminable de más de 2 horas, una pesadilla.",Google Maps
R002916,2024-01-04,en,5,positive,Personnel / Accueil,personnel,"Staff was very friendly and helpful, spoke perfect English.",TripAdvisor
R002917,2024-08-28,fr,2,negative,Ascenseurs,ascenseur,"Ascenseur en panne le jour de notre visite, déception totale.",Google Maps
R002918,2025-09-22,fr,5,positive,Expérience globale,experience,"Une expérience magique, le monument est encore plus impressionnant en vrai.",TripAdvisor
R002919,2025-06-30,es,2,negative,File d'attente,file_attente,"Cola interminable de más de 2 horas, una pesadilla.",Google Maps
R002920,2024-06-30,fr,5,positive,Personnel / Accueil,personnel,"Personnel très accueillant et professionnel, toujours souriant.",Google Maps
R002921,2025-05-10,it,4,positive,Vue / Panorama,vue,"Vista mozzafiato dalla cima, si vede tutta Parigi.",TripAdvisor
R002922,2025-04-10,es,4,positive,Vue / Panorama,vue,"Panorama espectacular al atardecer, momento inolvidable.",TripAdvisor
R002923,2024-07-13,en,5,positive,Vue / Panorama,vue,"The view from the top is absolutely breathtaking, you can see all of Paris.",TripAdvisor
R002924,2024-04-11,en,5,positive,Vue / Panorama,vue,"Amazing 360 view, we could see the Sacre-Coeur and even further.",Google Maps
R002925,2025-04-17,de,2,negative,File d'attente,file_attente,"Riesige Schlangen auf jeder Ebene, sehr enttäuschend.",Google Maps
R002926,2024-01-21,es,5,positive,Expérience globale,experience,"Visita perfecta en familia, los niños lo adoraron.",TripAdvisor
R002927,2025-10-06,de,5,positive,Vue / Panorama,vue,"Die Aussicht vom Gipfel ist atemberaubend, ganz Paris liegt einem zu Füßen.",Google Maps
R002928,2024-03-17,es,4,positive,Vue / Panorama,vue,"Panorama espectacular al atardecer, momento inolvidable.",Google Maps
R002929,2025-05-30,en,5,positive,Personnel / Accueil,personnel,"Staff was very friendly and helpful, spoke perfect English.",Google Maps
R002930,2024-11-02,en,5,positive,Expérience globale,experience,"Truly magical experience, the monument is even more impressive in person.",TripAdvisor
R002931,2024-06-03,en,2,negative,File d'attente,file_attente,"Endless lines at every floor, terrible organization.",Google Maps
R002932,2025-09-18,en,2,negative,Sécurité,securite,Felt unsafe with all the street vendors harassing tourists.,Google Maps
R002933,2025-09-23,en,4,positive,Personnel / Accueil,personnel,"Great team, super welcoming and professional throughout.",Google Maps
R002934,2024-08-16,en,3,neutral,Général,generique,"Iconic monument, the experience is okay overall.",Google Maps
R002935,2024-05-19,en,2,negative,File d'attente,file_attente,"The queue was insane, plan a whole day for this visit.",Google Maps
R002936,2025-09-24,en,4,positive,Expérience globale,experience,"Perfect family day, kids loved every minute of it.",TripAdvisor
R002937,2025-08-10,en,3,neutral,Général,generique,"Iconic monument, the experience is okay overall.",Google Maps
R002938,2025-11-27,en,5,positive,Expérience globale,experience,"Perfect family day, kids loved every minute of it.",TripAdvisor
R002939,2025-06-05,en,1,negative,Ascenseurs,ascenseur,"Only one lift working, massive wait to go back down.",TripAdvisor
R002940,2024-09-05,en,5,positive,Personnel / Accueil,personnel,"Staff was very friendly and helpful, spoke perfect English.",TripAdvisor
R002941,2025-02-12,en,3,neutral,Général,generique,"Decent visit, nothing extraordinary but worth doing once.",Google Maps
R002942,2025-06-30,en,5,positive,Personnel / Accueil,personnel,"Great team, super welcoming and professional throughout.",TripAdvisor
R002943,2025-06-11,fr,5,positive,Expérience globale,experience,"Une expérience magique, le monument est encore plus impressionnant en vrai.",Google Maps
R002944,2024-02-02,de,5,positive,Vue / Panorama,vue,"Die Aussicht vom Gipfel ist atemberaubend, ganz Paris liegt einem zu Füßen.",TripAdvisor
R002945,2025-09-08,fr,4,positive,Personnel / Accueil,personnel,"Le staff est multilingue et très serviable, parfait pour les touristes.",Booking
R002946,2025-01-02,fr,5,positive,Personnel / Accueil,personnel,"Accueil chaleureux et équipe efficace, merci pour cette belle visite.",Google Maps
R002947,2024-11-08,es,5,positive,Vue / Panorama,vue,"La vista desde la cima es impresionante, se ve todo París.",Google Maps
R002948,2024-04-18,en,4,positive,Expérience globale,experience,"Perfect family day, kids loved every minute of it.",Google Maps
R002949,2025-04-02,en,3,neutral,Général,generique,"Decent visit, nothing extraordinary but worth doing once.",Google Maps
R002950,2025-02-03,de,5,positive,Vue / Panorama,vue,"Die Aussicht vom Gipfel ist atemberaubend, ganz Paris liegt einem zu Füßen.",Google Maps
R002951,2024-01-18,en,5,positive,Expérience globale,experience,"Perfect family day, kids loved every minute of it.",Booking
R002952,2024-07-15,it,5,positive,Vue / Panorama,vue,"Panorama spettacolare al tramonto, momento indimenticabile.",Google Maps
R002953,2024-02-23,it,2,negative,Prix / Tarification,prix,"Prezzi eccessivi, soprattutto la ristorazione.",Google Maps
R002954,2025-04-28,en,1,negative,File d'attente,file_attente,"Endless lines at every floor, terrible organization.",TripAdvisor
R002955,2024-07-27,de,2,negative,File d'attente,file_attente,"Endlose Warteschlange, über 2 Stunden trotz Online-Ticket.",TripAdvisor
R002956,2024-11-06,de,5,positive,Vue / Panorama,vue,"Wunderschöner Panoramablick, vor allem bei Sonnenuntergang.",Booking
R002957,2025-11-12,fr,5,positive,Vue / Panorama,vue,"Spectacle incroyable de nuit avec les illuminations, je recommande absolument.",TripAdvisor
R002958,2024-06-17,en,3,neutral,Général,generique,"Iconic monument, the experience is okay overall.",TripAdvisor
R002959,2024-12-18,fr,5,positive,Vue / Panorama,vue,"La vue depuis le sommet est tout simplement à couper le souffle, Paris s'étend à perte de vue.",Google Maps
R002960,2024-07-07,en,5,positive,Personnel / Accueil,personnel,"Great team, super welcoming and professional throughout.",Booking
R002961,2025-10-12,fr,4,positive,Personnel / Accueil,personnel,"Personnel très accueillant et professionnel, toujours souriant.",Google Maps
R002962,2025-02-02,fr,1,negative,Ascenseurs,ascenseur,"Un seul ascenseur fonctionnait, attente énorme pour redescendre.",TripAdvisor
R002963,2025-03-23,fr,1,negative,Ascenseurs,ascenseur,"Ascenseurs souvent en maintenance, prévoyez les escaliers.",TripAdvisor
R002964,2024-01-07,fr,1,negative,Prix / Tarification,prix,"Trop cher pour la restauration sur place, comptez 25€ un sandwich.",TripAdvisor
R002965,2024-04-14,fr,5,positive,Personnel / Accueil,personnel,"Accueil chaleureux et équipe efficace, merci pour cette belle visite.",TripAdvisor
R002966,2024-09-12,es,3,neutral,Général,generique,"Decent visit, nothing extraordinary but worth doing once.",TripAdvisor
R002967,2024-08-30,en,3,neutral,Général,generique,"Iconic monument, the experience is okay overall.",Booking
R002968,2024-10-04,en,1,negative,Sécurité,securite,Felt unsafe with all the street vendors harassing tourists.,Google Maps
R002969,2024-11-24,en,5,positive,Personnel / Accueil,personnel,"Great team, super welcoming and professional throughout.",Google Maps
R002970,2024-12-20,fr,5,positive,Personnel / Accueil,personnel,"Personnel très accueillant et professionnel, toujours souriant.",TripAdvisor
R002971,2025-09-21,de,5,positive,Vue / Panorama,vue,"Wunderschöner Panoramablick, vor allem bei Sonnenuntergang.",TripAdvisor
R002972,2025-09-05,fr,5,positive,Vue / Panorama,vue,"La vue depuis le sommet est tout simplement à couper le souffle, Paris s'étend à perte de vue.",TripAdvisor
R002973,2025-10-15,en,5,positive,Personnel / Accueil,personnel,"Staff was very friendly and helpful, spoke perfect English.",TripAdvisor
R002974,2025-04-17,es,5,positive,Expérience globale,experience,"Experiencia mágica, el monumento es aún más impresionante en persona.",TripAdvisor
R002975,2025-09-09,en,1,negative,Sécurité,securite,"Watch out for pickpockets, they are everywhere around the tower.",TripAdvisor
R002976,2024-05-07,en,4,positive,Expérience globale,experience,"Truly magical experience, the monument is even more impressive in person.",Google Maps
R002977,2024-09-02,en,3,neutral,Général,generique,"Decent visit, nothing extraordinary but worth doing once.",Google Maps
R002978,2025-06-09,en,5,positive,Vue / Panorama,vue,"Stunning panorama, especially at sunset. A must-visit in Paris.",TripAdvisor
R002979,2024-06-27,en,5,positive,Expérience globale,experience,"Truly magical experience, the monument is even more impressive in person.",TripAdvisor
R002980,2025-12-01,en,4,positive,Expérience globale,experience,"Perfect family day, kids loved every minute of it.",TripAdvisor
R002981,2025-11-07,fr,5,positive,Personnel / Accueil,personnel,"Le staff est multilingue et très serviable, parfait pour les touristes.",TripAdvisor
R002982,2025-08-01,en,4,positive,Expérience globale,experience,"Truly magical experience, the monument is even more impressive in person.",Google Maps
R002983,2025-01-25,en,1,negative,Prix / Tarification,prix,Tickets are way too expensive for a family of four.,TripAdvisor
R002984,2025-02-11,es,5,positive,Expérience globale,experience,"Experiencia mágica, el monumento es aún más impresionante en persona.",Google Maps
R002985,2025-09-11,fr,4,positive,Vue / Panorama,vue,"Spectacle incroyable de nuit avec les illuminations, je recommande absolument.",Google Maps
R002986,2024-12-15,de,2,negative,Prix / Tarification,prix,"Viel zu teuer, besonders Essen und Getränke.",TripAdvisor
R002987,2024-02-19,en,4,positive,Vue / Panorama,vue,"Amazing 360 view, we could see the Sacre-Coeur and even further.",Google Maps
R002988,2024-08-27,en,5,positive,Expérience globale,experience,"Truly magical experience, the monument is even more impressive in person.",Google Maps
R002989,2025-08-31,en,4,positive,Vue / Panorama,vue,"Amazing 360 view, we could see the Sacre-Coeur and even further.",TripAdvisor
R002990,2025-02-03,en,3,neutral,Général,generique,"Iconic monument, the experience is okay overall.",TripAdvisor
R002991,2025-03-24,de,2,negative,Prix / Tarification,prix,"Viel zu teuer, besonders Essen und Getränke.",TripAdvisor
R002992,2025-08-07,de,5,positive,Expérience globale,experience,"Magische Erfahrung, das Monument ist live noch beeindruckender.",TripAdvisor
R002993,2024-07-02,en,3,neutral,Général,generique,"Decent visit, nothing extraordinary but worth doing once.",TripAdvisor
R002994,2024-11-02,en,5,positive,Expérience globale,experience,"Truly magical experience, the monument is even more impressive in person.",Google Maps
R002995,2024-12-02,fr,5,positive,Personnel / Accueil,personnel,"Personnel très accueillant et professionnel, toujours souriant.",Google Maps
R002996,2024-04-11,en,3,neutral,Général,generique,"Iconic monument, the experience is okay overall.",Google Maps
R002997,2025-02-04,es,5,positive,Expérience globale,experience,"Experiencia mágica, el monumento es aún más impresionante en persona.",Booking
R002998,2025-05-29,fr,4,positive,Vue / Panorama,vue,"La vue depuis le sommet est tout simplement à couper le souffle, Paris s'étend à perte de vue.",TripAdvisor
R002999,2025-05-18,en,4,positive,Vue / Panorama,vue,"Amazing 360 view, we could see the Sacre-Coeur and even further.",Google Maps
R003000,2024-01-12,fr,3,neutral,Général,generique,Ça vaut le coup de le voir une fois dans sa vie.,Google Maps
R003001,2025-03-31,fr,2,negative,Sécurité,securite,"Trop de vendeurs à la sauvette autour, sentiment d'insécurité.",TripAdvisor
R003002,2025-08-22,fr,5,positive,Expérience globale,experience,"Visite parfaite, organisation au top, je recommande vivement.",TripAdvisor
R003003,2025-04-20,es,5,positive,Expérience globale,experience,"Experiencia mágica, el monumento es aún más impresionante en persona.",Booking
R003004,2025-02-08,fr,1,negative,Ascenseurs,ascenseur,"Ascenseur en panne le jour de notre visite, déception totale.",TripAdvisor
R003005,2025-06-29,es,4,positive,Vue / Panorama,vue,"La vista desde la cima es impresionante, se ve todo París.",TripAdvisor
R003006,2024-12-23,en,5,positive,Vue / Panorama,vue,"Amazing 360 view, we could see the Sacre-Coeur and even further.",TripAdvisor
R003007,2024-04-13,es,5,positive,Vue / Panorama,vue,"Panorama espectacular al atardecer, momento inolvidable.",Google Maps
R003008,2024-11-02,en,5,positive,Personnel / Accueil,personnel,"Staff was very friendly and helpful, spoke perfect English.",TripAdvisor
R003009,2025-02-15,en,4,positive,Personnel / Accueil,personnel,"Great team, super welcoming and professional throughout.",TripAdvisor
R003010,2024-08-02,en,5,positive,Personnel / Accueil,personnel,"Great team, super welcoming and professional throughout.",TripAdvisor
R003011,2025-03-16,es,5,positive,Vue / Panorama,vue,"Panorama espectacular al atardecer, momento inolvidable.",TripAdvisor
R003012,2024-12-08,en,4,positive,Expérience globale,experience,"Truly magical experience, the monument is even more impressive in person.",Google Maps
R003013,2024-04-28,es,5,positive,Expérience globale,experience,"Experiencia mágica, el monumento es aún más impresionante en persona.",TripAdvisor
R003014,2024-05-17,fr,4,positive,Expérience globale,experience,"Moment magique en famille, les enfants ont adoré.",Google Maps
R003015,2024-06-11,de,4,positive,Vue / Panorama,vue,"Wunderschöner Panoramablick, vor allem bei Sonnenuntergang.",Google Maps
R003016,2024-09-12,en,1,negative,Sécurité,securite,Felt unsafe with all the street vendors harassing tourists.,TripAdvisor
R003017,2025-11-30,en,4,positive,Personnel / Accueil,personnel,"Great team, super welcoming and professional throughout.",TripAdvisor
R003018,2024-11-27,fr,5,positive,Expérience globale,experience,"Visite parfaite, organisation au top, je recommande vivement.",Google Maps
R003019,2024-09-28,fr,5,positive,Expérience globale,experience,"Visite parfaite, organisation au top, je recommande vivement.",TripAdvisor
R003020,2024-01-02,en,5,positive,Vue / Panorama,vue,"Amazing 360 view, we could see the Sacre-Coeur and even further.",TripAdvisor
R003021,2025-03-08,it,5,positive,Vue / Panorama,vue,"Panorama spettacolare al tramonto, momento indimenticabile.",TripAdvisor
R003022,2025-11-23,de,3,neutral,Général,generique,"Iconic monument, the experience is okay overall.",TripAdvisor
R003023,2024-08-04,fr,1,negative,Prix / Tarification,prix,"Trop cher pour la restauration sur place, comptez 25€ un sandwich.",Booking
R003024,2024-09-23,en,5,positive,Vue / Panorama,vue,"Stunning panorama, especially at sunset. A must-visit in Paris.",Google Maps
R003025,2025-07-03,de,1,negative,File d'attente,file_attente,"Endlose Warteschlange, über 2 Stunden trotz Online-Ticket.",Google Maps
R003026,2024-12-25,fr,5,positive,Personnel / Accueil,personnel,"Le staff est multilingue et très serviable, parfait pour les touristes.",TripAdvisor
R003027,2025-05-17,en,1,negative,Ascenseurs,ascenseur,"Only one lift working, massive wait to go back down.",TripAdvisor
R003028,2025-07-27,fr,5,positive,Expérience globale,experience,"Visite parfaite, organisation au top, je recommande vivement.",Booking
R003029,2024-08-01,es,1,negative,Prix / Tarification,prix,"Precios excesivos, sobre todo la comida en el lugar.",Google Maps
R003030,2025-07-15,es,3,neutral,Général,generique,"Decent visit, nothing extraordinary but worth doing once.",TripAdvisor
R003031,2024-08-07,en,5,positive,Expérience globale,experience,"Truly magical experience, the monument is even more impressive in person.",TripAdvisor
R003032,2024-01-09,es,4,positive,Expérience globale,experience,"Experiencia mágica, el monumento es aún más impresionante en persona.",Google Maps
R003033,2025-10-14,en,5,positive,Personnel / Accueil,personnel,"Staff was very friendly and helpful, spoke perfect English.",Google Maps
R003034,2024-09-27,it,4,positive,Vue / Panorama,vue,"Panorama spettacolare al tramonto, momento indimenticabile.",Google Maps
R003035,2024-08-26,it,3,neutral,Général,generique,"Decent visit, nothing extraordinary but worth doing once.",Google Maps
R003036,2024-01-08,en,2,negative,Ascenseurs,ascenseur,"Only one lift working, massive wait to go back down.",TripAdvisor
R003037,2025-08-28,fr,5,positive,Expérience globale,experience,"Moment magique en famille, les enfants ont adoré.",Google Maps
R003038,2024-09-02,fr,5,positive,Vue / Panorama,vue,"Vue magnifique au coucher du soleil, un moment inoubliable avec ma famille.",Google Maps
R003039,2025-10-11,en,4,positive,Personnel / Accueil,personnel,"Great team, super welcoming and professional throughout.",Booking
R003040,2025-07-25,fr,5,positive,Personnel / Accueil,personnel,"Personnel très accueillant et professionnel, toujours souriant.",TripAdvisor
R003041,2024-07-06,es,3,neutral,Général,generique,"Decent visit, nothing extraordinary but worth doing once.",TripAdvisor
R003042,2024-01-15,fr,4,positive,Personnel / Accueil,personnel,"Personnel très accueillant et professionnel, toujours souriant.",TripAdvisor
R003043,2024-04-20,de,2,negative,File d'attente,file_attente,"Endlose Warteschlange, über 2 Stunden trotz Online-Ticket.",Google Maps
R003044,2024-04-11,en,5,positive,Personnel / Accueil,personnel,"Great team, super welcoming and professional throughout.",Google Maps
R003045,2025-10-30,fr,5,positive,Vue / Panorama,vue,"Spectacle incroyable de nuit avec les illuminations, je recommande absolument.",TripAdvisor
R003046,2024-08-30,de,5,positive,Vue / Panorama,vue,"Die Aussicht vom Gipfel ist atemberaubend, ganz Paris liegt einem zu Füßen.",TripAdvisor
R003047,2025-07-10,es,1,negative,File d'attente,file_attente,Demasiada espera incluso con entradas online.,Google Maps
R003048,2024-04-08,fr,4,positive,Expérience globale,experience,"Visite parfaite, organisation au top, je recommande vivement.",TripAdvisor
R003049,2025-04-17,fr,3,neutral,Général,generique,"Visite correcte mais sans plus, attendu plus d'animations.",TripAdvisor
R003050,2024-06-13,en,5,positive,Vue / Panorama,vue,"Amazing 360 view, we could see the Sacre-Coeur and even further.",TripAdvisor
R003051,2025-04-28,fr,2,negative,Sécurité,securite,"Trop de vendeurs à la sauvette autour, sentiment d'insécurité.",Google Maps
R003052,2024-09-16,en,4,positive,Vue / Panorama,vue,"The view from the top is absolutely breathtaking, you can see all of Paris.",TripAdvisor
R003053,2024-04-23,de,2,negative,Prix / Tarification,prix,"Viel zu teuer, besonders Essen und Getränke.",Google Maps
R003054,2024-01-07,en,3,neutral,Général,generique,"Iconic monument, the experience is okay overall.",TripAdvisor
R003055,2024-10-27,fr,5,positive,Vue / Panorama,vue,"Panorama exceptionnel sur Paris, on voit jusqu'au Sacré-Cœur et la Défense.",Google Maps
R003056,2025-02-10,de,4,positive,Expérience globale,experience,"Magische Erfahrung, das Monument ist live noch beeindruckender.",TripAdvisor
R003057,2024-05-25,en,5,positive,Expérience globale,experience,"Perfect family day, kids loved every minute of it.",Booking
R003058,2025-04-01,de,1,negative,File d'attente,file_attente,"Riesige Schlangen auf jeder Ebene, sehr enttäuschend.",Google Maps
R003059,2024-07-06,en,4,positive,Expérience globale,experience,"Truly magical experience, the monument is even more impressive in person.",TripAdvisor
R003060,2024-03-21,en,5,positive,Vue / Panorama,vue,"The view from the top is absolutely breathtaking, you can see all of Paris.",Google Maps
R003061,2025-11-24,en,5,positive,Expérience globale,experience,"Truly magical experience, the monument is even more impressive in person.",TripAdvisor
R003062,2024-02-07,it,1,negative,Prix / Tarification,prix,"Prezzi eccessivi, soprattutto la ristorazione.",TripAdvisor
R003063,2024-04-03,fr,2,negative,Ascenseurs,ascenseur,"Ascenseurs souvent en maintenance, prévoyez les escaliers.",TripAdvisor
R003064,2024-09-18,en,3,neutral,Général,generique,"Iconic monument, the experience is okay overall.",TripAdvisor
R003065,2024-08-07,en,3,neutral,Général,generique,"Decent visit, nothing extraordinary but worth doing once.",TripAdvisor
R003066,2025-04-12,it,3,neutral,Général,generique,"Iconic monument, the experience is okay overall.",TripAdvisor
R003067,2024-04-22,en,5,positive,Expérience globale,experience,"Truly magical experience, the monument is even more impressive in person.",Google Maps
R003068,2024-11-03,en,4,positive,Expérience globale,experience,"Truly magical experience, the monument is even more impressive in person.",TripAdvisor
R003069,2025-10-02,en,2,negative,Prix / Tarification,prix,Tickets are way too expensive for a family of four.,TripAdvisor
R003070,2025-06-06,fr,5,positive,Vue / Panorama,vue,"Vue magnifique au coucher du soleil, un moment inoubliable avec ma famille.",TripAdvisor
R003071,2024-08-17,en,3,neutral,Général,generique,"Decent visit, nothing extraordinary but worth doing once.",Google Maps
R003072,2024-01-10,en,4,positive,Personnel / Accueil,personnel,"Staff was very friendly and helpful, spoke perfect English.",TripAdvisor
R003073,2025-01-02,it,5,positive,Vue / Panorama,vue,"Vista mozzafiato dalla cima, si vede tutta Parigi.",Booking
R003074,2024-01-19,fr,4,positive,Vue / Panorama,vue,"La vue depuis le sommet est tout simplement à couper le souffle, Paris s'étend à perte de vue.",Google Maps
R003075,2024-04-23,en,1,negative,Sécurité,securite,Felt unsafe with all the street vendors harassing tourists.,Google Maps
R003076,2024-05-01,fr,4,positive,Expérience globale,experience,"Une expérience magique, le monument est encore plus impressionnant en vrai.",TripAdvisor
R003077,2025-10-04,fr,5,positive,Vue / Panorama,vue,"Spectacle incroyable de nuit avec les illuminations, je recommande absolument.",TripAdvisor
R003078,2025-08-18,fr,2,negative,Prix / Tarification,prix,"Le prix du billet est prohibitif, surtout pour une famille avec enfants.",Google Maps
R003079,2025-07-08,it,5,positive,Vue / Panorama,vue,"Vista mozzafiato dalla cima, si vede tutta Parigi.",Google Maps
R003080,2024-09-21,en,5,positive,Vue / Panorama,vue,"Amazing 360 view, we could see the Sacre-Coeur and even further.",TripAdvisor
R003081,2025-12-01,fr,5,positive,Expérience globale,experience,"Moment magique en famille, les enfants ont adoré.",TripAdvisor
R003082,2024-03-25,en,3,neutral,Général,generique,"Iconic monument, the experience is okay overall.",Booking
R003083,2025-10-23,en,5,positive,Vue / Panorama,vue,"Amazing 360 view, we could see the Sacre-Coeur and even further.",TripAdvisor
R003084,2024-01-19,fr,4,positive,Expérience globale,experience,"Visite parfaite, organisation au top, je recommande vivement.",TripAdvisor
R003085,2025-01-06,fr,3,neutral,Général,generique,"Visite correcte mais sans plus, attendu plus d'animations.",TripAdvisor
R003086,2025-01-19,es,5,positive,Expérience globale,experience,"Experiencia mágica, el monumento es aún más impresionante en persona.",Booking
R003087,2025-03-18,en,5,positive,Expérience globale,experience,"Perfect family day, kids loved every minute of it.",TripAdvisor
R003088,2025-10-21,en,4,positive,Expérience globale,experience,"Truly magical experience, the monument is even more impressive in person.",Google Maps
R003089,2025-10-30,es,2,negative,File d'attente,file_attente,"Cola interminable de más de 2 horas, una pesadilla.",TripAdvisor
R003090,2024-06-01,en,3,neutral,Général,generique,"Decent visit, nothing extraordinary but worth doing once.",Booking
R003091,2024-11-28,en,5,positive,Personnel / Accueil,personnel,"Staff was very friendly and helpful, spoke perfect English.",Booking
R003092,2024-06-12,en,2,negative,Ascenseurs,ascenseur,"Elevator broke down during our visit, total disappointment.",Booking
R003093,2024-10-28,fr,3,neutral,Général,generique,"Visite correcte mais sans plus, attendu plus d'animations.",TripAdvisor
R003094,2024-04-19,en,3,neutral,Général,generique,"Iconic monument, the experience is okay overall.",Google Maps
R003095,2024-12-20,en,3,neutral,Général,generique,"Iconic monument, the experience is okay overall.",Google Maps
R003096,2024-02-02,fr,3,neutral,Général,generique,"Visite correcte mais sans plus, attendu plus d'animations.",TripAdvisor
R003097,2024-02-25,en,5,positive,Personnel / Accueil,personnel,"Great team, super welcoming and professional throughout.",TripAdvisor
R003098,2024-06-28,en,4,positive,Personnel / Accueil,personnel,"Staff was very friendly and helpful, spoke perfect English.",TripAdvisor
R003099,2024-05-08,de,5,positive,Expérience globale,experience,"Magische Erfahrung, das Monument ist live noch beeindruckender.",TripAdvisor
R003100,2025-05-24,de,3,neutral,Général,generique,"Decent visit, nothing extraordinary but worth doing once.",Google Maps
R003101,2024-02-17,en,5,positive,Expérience globale,experience,"Perfect family day, kids loved every minute of it.",Booking
R003102,2024-08-12,fr,5,positive,Vue / Panorama,vue,"Spectacle incroyable de nuit avec les illuminations, je recommande absolument.",Google Maps
R003103,2024-12-06,fr,2,negative,File d'attente,file_attente,"File d'attente interminable, plus de 2 heures sous le soleil sans ombre.",TripAdvisor
R003104,2024-06-01,en,2,negative,Prix / Tarification,prix,Tickets are way too expensive for a family of four.,TripAdvisor
R003105,2025-02-23,en,3,neutral,Général,generique,"Iconic monument, the experience is okay overall.",Google Maps
R003106,2025-11-15,fr,5,positive,Vue / Panorama,vue,"Panorama exceptionnel sur Paris, on voit jusqu'au Sacré-Cœur et la Défense.",Booking
R003107,2025-01-31,en,3,neutral,Général,generique,"Iconic monument, the experience is okay overall.",Booking
R003108,2024-03-19,de,1,negative,File d'attente,file_attente,"Endlose Warteschlange, über 2 Stunden trotz Online-Ticket.",Booking
R003109,2024-10-03,en,5,positive,Personnel / Accueil,personnel,"Great team, super welcoming and professional throughout.",Google Maps
R003110,2025-10-16,fr,5,positive,Vue / Panorama,vue,"Panorama exceptionnel sur Paris, on voit jusqu'au Sacré-Cœur et la Défense.",TripAdvisor
R003111,2025-05-09,fr,5,positive,Vue / Panorama,vue,"Vue magnifique au coucher du soleil, un moment inoubliable avec ma famille.",Booking
R003112,2024-11-10,it,5,positive,Vue / Panorama,vue,"Panorama spettacolare al tramonto, momento indimenticabile.",TripAdvisor
R003113,2024-04-23,es,3,neutral,Général,generique,"Decent visit, nothing extraordinary but worth doing once.",TripAdvisor
R003114,2024-09-19,en,1,negative,Ascenseurs,ascenseur,"Only one lift working, massive wait to go back down.",Google Maps
R003115,2025-10-20,fr,3,neutral,Général,generique,Monument iconique mais l'expérience reste classique.,Google Maps
R003116,2024-03-23,es,5,positive,Expérience globale,experience,"Experiencia mágica, el monumento es aún más impresionante en persona.",Google Maps
R003117,2024-08-18,en,4,positive,Expérience globale,experience,"Perfect family day, kids loved every minute of it.",TripAdvisor
R003118,2025-06-24,en,5,positive,Expérience globale,experience,"Truly magical experience, the monument is even more impressive in person.",Google Maps
R003119,2024-01-19,en,5,positive,Vue / Panorama,vue,"Stunning panorama, especially at sunset. A must-visit in Paris.",TripAdvisor
R003120,2025-01-14,fr,4,positive,Vue / Panorama,vue,"Panorama exceptionnel sur Paris, on voit jusqu'au Sacré-Cœur et la Défense.",TripAdvisor
R003121,2024-01-31,en,4,positive,Expérience globale,experience,"Truly magical experience, the monument is even more impressive in person.",TripAdvisor
R003122,2024-09-02,en,4,positive,Expérience globale,experience,"Perfect family day, kids loved every minute of it.",TripAdvisor
R003123,2024-02-29,fr,1,negative,Sécurité,securite,"Pickpockets très présents, faites très attention à vos affaires.",TripAdvisor
R003124,2025-08-29,fr,2,negative,File d'attente,file_attente,"Queue énorme à chaque étage, prévoir une journée entière.",Google Maps
R003125,2024-01-14,de,4,positive,Vue / Panorama,vue,"Wunderschöner Panoramablick, vor allem bei Sonnenuntergang.",TripAdvisor
R003126,2025-05-23,de,4,positive,Vue / Panorama,vue,"Die Aussicht vom Gipfel ist atemberaubend, ganz Paris liegt einem zu Füßen.",Google Maps
R003127,2024-04-17,en,4,positive,Expérience globale,experience,"Perfect family day, kids loved every minute of it.",Google Maps
R003128,2025-12-01,es,3,neutral,Général,generique,"Iconic monument, the experience is okay overall.",Google Maps
R003129,2025-08-18,it,3,neutral,Général,generique,"Decent visit, nothing extraordinary but worth doing once.",Google Maps
R003130,2025-10-05,de,2,negative,Prix / Tarification,prix,"Viel zu teuer, besonders Essen und Getränke.",TripAdvisor
R003131,2024-05-02,fr,5,positive,Vue / Panorama,vue,"Vue magnifique au coucher du soleil, un moment inoubliable avec ma famille.",TripAdvisor
R003132,2025-04-24,de,5,positive,Expérience globale,experience,"Magische Erfahrung, das Monument ist live noch beeindruckender.",Google Maps
R003133,2024-01-29,fr,4,positive,Vue / Panorama,vue,"Spectacle incroyable de nuit avec les illuminations, je recommande absolument.",Google Maps
R003134,2024-07-26,en,1,negative,Sécurité,securite,"Watch out for pickpockets, they are everywhere around the tower.",Google Maps
R003135,2024-05-03,de,5,positive,Expérience globale,experience,"Magische Erfahrung, das Monument ist live noch beeindruckender.",Google Maps
R003136,2025-07-27,en,2,negative,File d'attente,file_attente,"The queue was insane, plan a whole day for this visit.",Google Maps
R003137,2025-07-16,de,5,positive,Expérience globale,experience,"Magische Erfahrung, das Monument ist live noch beeindruckender.",TripAdvisor
R003138,2024-06-22,en,3,neutral,Général,generique,"Decent visit, nothing extraordinary but worth doing once.",Google Maps
R003139,2024-07-09,en,5,positive,Vue / Panorama,vue,"The view from the top is absolutely breathtaking, you can see all of Paris.",TripAdvisor
R003140,2025-01-26,es,5,positive,Vue / Panorama,vue,"Panorama espectacular al atardecer, momento inolvidable.",Google Maps
R003141,2025-03-29,de,5,positive,Expérience globale,experience,"Magische Erfahrung, das Monument ist live noch beeindruckender.",Google Maps
R003142,2025-01-08,en,4,positive,Expérience globale,experience,"Truly magical experience, the monument is even more impressive in person.",Google Maps
R003143,2024-02-26,de,3,neutral,Général,generique,"Iconic monument, the experience is okay overall.",Google Maps
R003144,2024-03-15,es,3,neutral,Général,generique,"Iconic monument, the experience is okay overall.",TripAdvisor
R003145,2025-10-26,de,5,positive,Expérience globale,experience,"Magische Erfahrung, das Monument ist live noch beeindruckender.",Google Maps
R003146,2024-04-25,fr,2,negative,Ascenseurs,ascenseur,"Ascenseur en panne le jour de notre visite, déception totale.",Google Maps
R003147,2024-08-13,de,5,positive,Expérience globale,experience,"Magische Erfahrung, das Monument ist live noch beeindruckender.",TripAdvisor
R003148,2024-03-17,fr,5,positive,Personnel / Accueil,personnel,"Accueil chaleureux et équipe efficace, merci pour cette belle visite.",Google Maps
R003149,2024-03-13,fr,5,positive,Vue / Panorama,vue,"La vue depuis le sommet est tout simplement à couper le souffle, Paris s'étend à perte de vue.",TripAdvisor
R003150,2024-09-07,en,2,negative,Sécurité,securite,Felt unsafe with all the street vendors harassing tourists.,TripAdvisor
R003151,2024-04-02,de,5,positive,Expérience globale,experience,"Magische Erfahrung, das Monument ist live noch beeindruckender.",TripAdvisor
R003152,2024-06-08,en,2,negative,Ascenseurs,ascenseur,"Only one lift working, massive wait to go back down.",TripAdvisor
R003153,2024-09-09,es,5,positive,Expérience globale,experience,"Experiencia mágica, el monumento es aún más impresionante en persona.",Google Maps
R003154,2024-03-19,en,2,negative,File d'attente,file_attente,"Waited over 2 hours in line even with online tickets, awful.",Booking
R003155,2025-01-16,de,4,positive,Vue / Panorama,vue,"Die Aussicht vom Gipfel ist atemberaubend, ganz Paris liegt einem zu Füßen.",Google Maps
R003156,2025-10-16,en,4,positive,Personnel / Accueil,personnel,"Great team, super welcoming and professional throughout.",TripAdvisor
R003157,2024-01-20,en,5,positive,Vue / Panorama,vue,"The view from the top is absolutely breathtaking, you can see all of Paris.",TripAdvisor
R003158,2025-04-18,es,5,positive,Expérience globale,experience,"Visita perfecta en familia, los niños lo adoraron.",TripAdvisor
R003159,2024-03-03,fr,5,positive,Vue / Panorama,vue,"La vue depuis le sommet est tout simplement à couper le souffle, Paris s'étend à perte de vue.",Google Maps
R003160,2025-10-18,en,5,positive,Personnel / Accueil,personnel,"Great team, super welcoming and professional throughout.",Google Maps
R003161,2024-11-10,en,2,negative,Prix / Tarification,prix,"Ridiculously overpriced, especially food and drinks.",Booking
R003162,2024-11-04,en,2,negative,Sécurité,securite,Felt unsafe with all the street vendors harassing tourists.,Google Maps
R003163,2025-07-30,en,4,positive,Vue / Panorama,vue,"Stunning panorama, especially at sunset. A must-visit in Paris.",TripAdvisor
R003164,2025-04-06,fr,2,negative,Sécurité,securite,"Pickpockets très présents, faites très attention à vos affaires.",TripAdvisor
R003165,2024-09-13,en,5,positive,Vue / Panorama,vue,"Stunning panorama, especially at sunset. A must-visit in Paris.",TripAdvisor
R003166,2025-05-04,en,3,neutral,Général,generique,"Decent visit, nothing extraordinary but worth doing once.",Booking
R003167,2025-02-14,de,2,negative,Prix / Tarification,prix,"Viel zu teuer, besonders Essen und Getränke.",TripAdvisor
R003168,2025-03-17,en,5,positive,Vue / Panorama,vue,"The view from the top is absolutely breathtaking, you can see all of Paris.",Google Maps
R003169,2025-06-13,es,5,positive,Expérience globale,experience,"Experiencia mágica, el monumento es aún más impresionante en persona.",Booking
R003170,2024-12-08,en,4,positive,Expérience globale,experience,"Truly magical experience, the monument is even more impressive in person.",Google Maps
R003171,2025-09-10,es,5,positive,Expérience globale,experience,"Experiencia mágica, el monumento es aún más impresionante en persona.",Google Maps
R003172,2024-12-01,en,5,positive,Expérience globale,experience,"Truly magical experience, the monument is even more impressive in person.",Google Maps
R003173,2024-07-15,en,3,neutral,Général,generique,"Iconic monument, the experience is okay overall.",Google Maps
R003174,2025-04-19,es,5,positive,Vue / Panorama,vue,"Panorama espectacular al atardecer, momento inolvidable.",TripAdvisor
R003175,2024-01-29,en,5,positive,Personnel / Accueil,personnel,"Staff was very friendly and helpful, spoke perfect English.",TripAdvisor
R003176,2025-02-16,es,4,positive,Vue / Panorama,vue,"Panorama espectacular al atardecer, momento inolvidable.",Google Maps
R003177,2024-06-28,fr,2,negative,Prix / Tarification,prix,"Tarifs vraiment excessifs pour ce que c'est, beaucoup trop cher.",Booking
R003178,2025-10-28,fr,5,positive,Vue / Panorama,vue,"Spectacle incroyable de nuit avec les illuminations, je recommande absolument.",Google Maps
R003179,2024-02-28,en,5,positive,Personnel / Accueil,personnel,"Staff was very friendly and helpful, spoke perfect English.",Google Maps
R003180,2024-10-22,fr,3,neutral,Général,generique,"Visite correcte mais sans plus, attendu plus d'animations.",TripAdvisor
R003181,2024-04-16,en,5,positive,Vue / Panorama,vue,"The view from the top is absolutely breathtaking, you can see all of Paris.",Google Maps
R003182,2024-07-03,it,4,positive,Vue / Panorama,vue,"Vista mozzafiato dalla cima, si vede tutta Parigi.",Google Maps
R003183,2024-09-29,it,3,neutral,Général,generique,"Decent visit, nothing extraordinary but worth doing once.",TripAdvisor
R003184,2024-01-26,en,5,positive,Vue / Panorama,vue,"The view from the top is absolutely breathtaking, you can see all of Paris.",Google Maps
R003185,2024-03-23,en,3,neutral,Général,generique,"Decent visit, nothing extraordinary but worth doing once.",TripAdvisor
R003186,2024-01-12,fr,3,neutral,Général,generique,Monument iconique mais l'expérience reste classique.,Booking
R003187,2024-07-06,fr,5,positive,Vue / Panorama,vue,"Spectacle incroyable de nuit avec les illuminations, je recommande absolument.",TripAdvisor
R003188,2024-10-12,fr,4,positive,Vue / Panorama,vue,"Spectacle incroyable de nuit avec les illuminations, je recommande absolument.",Google Maps
R003189,2025-07-30,en,5,positive,Expérience globale,experience,"Truly magical experience, the monument is even more impressive in person.",TripAdvisor
R003190,2024-06-09,en,3,neutral,Général,generique,"Decent visit, nothing extraordinary but worth doing once.",Google Maps
R003191,2025-09-10,en,4,positive,Expérience globale,experience,"Perfect family day, kids loved every minute of it.",TripAdvisor
R003192,2025-05-20,en,5,positive,Expérience globale,experience,"Truly magical experience, the monument is even more impressive in person.",TripAdvisor
R003193,2025-10-29,de,4,positive,Vue / Panorama,vue,"Wunderschöner Panoramablick, vor allem bei Sonnenuntergang.",TripAdvisor
R003194,2025-03-16,it,4,positive,Vue / Panorama,vue,"Vista mozzafiato dalla cima, si vede tutta Parigi.",Google Maps
R003195,2025-07-20,en,2,negative,Prix / Tarification,prix,Tickets are way too expensive for a family of four.,Google Maps
R003196,2025-10-03,en,5,positive,Personnel / Accueil,personnel,"Great team, super welcoming and professional throughout.",Google Maps
R003197,2024-01-03,fr,1,negative,Sécurité,securite,"Pickpockets très présents, faites très attention à vos affaires.",TripAdvisor
R003198,2025-07-12,en,4,positive,Personnel / Accueil,personnel,"Staff was very friendly and helpful, spoke perfect English.",TripAdvisor
R003199,2024-07-09,en,4,positive,Vue / Panorama,vue,"Amazing 360 view, we could see the Sacre-Coeur and even further.",Google Maps
R003200,2024-10-13,de,2,negative,Prix / Tarification,prix,"Viel zu teuer, besonders Essen und Getränke.",TripAdvisor
R003201,2024-12-22,en,5,positive,Vue / Panorama,vue,"The view from the top is absolutely breathtaking, you can see all of Paris.",Booking
R003202,2024-02-11,fr,5,positive,Vue / Panorama,vue,"Panorama exceptionnel sur Paris, on voit jusqu'au Sacré-Cœur et la Défense.",TripAdvisor
R003203,2024-03-01,en,2,negative,Ascenseurs,ascenseur,"Only one lift working, massive wait to go back down.",TripAdvisor
R003204,2025-11-30,de,5,positive,Expérience globale,experience,"Magische Erfahrung, das Monument ist live noch beeindruckender.",Google Maps
R003205,2024-10-18,fr,5,positive,Expérience globale,experience,"Moment magique en famille, les enfants ont adoré.",Google Maps
R003206,2024-10-28,fr,5,positive,Vue / Panorama,vue,"Panorama exceptionnel sur Paris, on voit jusqu'au Sacré-Cœur et la Défense.",Google Maps
R003207,2025-07-04,en,4,positive,Personnel / Accueil,personnel,"Staff was very friendly and helpful, spoke perfect English.",TripAdvisor
R003208,2024-10-02,en,1,negative,Prix / Tarification,prix,"Ridiculously overpriced, especially food and drinks.",Google Maps
R003209,2024-12-07,fr,3,neutral,Général,generique,Monument iconique mais l'expérience reste classique.,Google Maps
R003210,2024-04-30,en,3,neutral,Général,generique,"Decent visit, nothing extraordinary but worth doing once.",TripAdvisor
R003211,2025-08-25,it,5,positive,Vue / Panorama,vue,"Panorama spettacolare al tramonto, momento indimenticabile.",TripAdvisor
R003212,2025-09-01,fr,3,neutral,Général,generique,"Visite correcte mais sans plus, attendu plus d'animations.",Google Maps
R003213,2024-04-10,fr,5,positive,Vue / Panorama,vue,"Spectacle incroyable de nuit avec les illuminations, je recommande absolument.",Google Maps
R003214,2025-01-16,fr,4,positive,Expérience globale,experience,"Une expérience magique, le monument est encore plus impressionnant en vrai.",TripAdvisor
R003215,2024-11-22,en,3,neutral,Général,generique,"Iconic monument, the experience is okay overall.",TripAdvisor
R003216,2024-05-25,de,1,negative,Prix / Tarification,prix,"Viel zu teuer, besonders Essen und Getränke.",Google Maps
R003217,2025-08-07,de,4,positive,Expérience globale,experience,"Magische Erfahrung, das Monument ist live noch beeindruckender.",Google Maps
R003218,2024-05-20,en,3,neutral,Général,generique,"Iconic monument, the experience is okay overall.",TripAdvisor
R003219,2024-12-05,fr,2,negative,File d'attente,file_attente,"Attente beaucoup trop longue malgré la réservation en ligne, c'est inacceptable.",TripAdvisor
R003220,2025-10-17,fr,4,positive,Expérience globale,experience,"Une expérience magique, le monument est encore plus impressionnant en vrai.",TripAdvisor
R003221,2025-08-28,fr,3,neutral,Général,generique,Monument iconique mais l'expérience reste classique.,TripAdvisor
R003222,2024-09-14,fr,5,positive,Vue / Panorama,vue,"Vue magnifique au coucher du soleil, un moment inoubliable avec ma famille.",Google Maps
R003223,2024-09-17,fr,5,positive,Expérience globale,experience,"Une expérience magique, le monument est encore plus impressionnant en vrai.",Google Maps
R003224,2024-01-08,en,1,negative,File d'attente,file_attente,"Endless lines at every floor, terrible organization.",TripAdvisor
R003225,2025-08-11,en,5,positive,Personnel / Accueil,personnel,"Great team, super welcoming and professional throughout.",TripAdvisor
R003226,2025-01-01,fr,5,positive,Vue / Panorama,vue,"Spectacle incroyable de nuit avec les illuminations, je recommande absolument.",Google Maps
R003227,2024-10-08,it,5,positive,Vue / Panorama,vue,"Panorama spettacolare al tramonto, momento indimenticabile.",TripAdvisor
R003228,2025-07-08,en,2,negative,Ascenseurs,ascenseur,"Elevator broke down during our visit, total disappointment.",TripAdvisor
R003229,2024-06-25,es,2,negative,Prix / Tarification,prix,"Precios excesivos, sobre todo la comida en el lugar.",TripAdvisor
R003230,2024-06-21,en,5,positive,Vue / Panorama,vue,"Amazing 360 view, we could see the Sacre-Coeur and even further.",TripAdvisor
R003231,2024-03-23,de,3,neutral,Général,generique,"Iconic monument, the experience is okay overall.",Google Maps
R003232,2024-01-09,en,5,positive,Vue / Panorama,vue,"The view from the top is absolutely breathtaking, you can see all of Paris.",Google Maps
R003233,2024-11-03,en,4,positive,Expérience globale,experience,"Perfect family day, kids loved every minute of it.",TripAdvisor
R003234,2024-04-02,en,5,positive,Personnel / Accueil,personnel,"Staff was very friendly and helpful, spoke perfect English.",Google Maps
R003235,2025-08-10,fr,4,positive,Personnel / Accueil,personnel,"Personnel très accueillant et professionnel, toujours souriant.",TripAdvisor
R003236,2024-06-23,fr,5,positive,Expérience globale,experience,"Moment magique en famille, les enfants ont adoré.",Google Maps
R003237,2024-12-16,en,4,positive,Personnel / Accueil,personnel,"Staff was very friendly and helpful, spoke perfect English.",Google Maps
R003238,2025-05-03,fr,4,positive,Personnel / Accueil,personnel,"Personnel très accueillant et professionnel, toujours souriant.",Google Maps
R003239,2024-03-27,en,4,positive,Vue / Panorama,vue,"Amazing 360 view, we could see the Sacre-Coeur and even further.",Google Maps
R003240,2024-11-01,fr,1,negative,Sécurité,securite,"Trop de vendeurs à la sauvette autour, sentiment d'insécurité.",Google Maps
R003241,2024-01-06,fr,3,neutral,Général,generique,Monument iconique mais l'expérience reste classique.,Google Maps
R003242,2025-11-05,en,5,positive,Expérience globale,experience,"Truly magical experience, the monument is even more impressive in person.",TripAdvisor
R003243,2024-02-26,en,5,positive,Expérience globale,experience,"Perfect family day, kids loved every minute of it.",TripAdvisor
R003244,2024-12-28,en,5,positive,Personnel / Accueil,personnel,"Staff was very friendly and helpful, spoke perfect English.",TripAdvisor
R003245,2024-04-02,en,4,positive,Vue / Panorama,vue,"The view from the top is absolutely breathtaking, you can see all of Paris.",TripAdvisor
R003246,2024-07-21,en,4,positive,Vue / Panorama,vue,"Amazing 360 view, we could see the Sacre-Coeur and even further.",Google Maps
R003247,2024-04-05,fr,1,negative,Sécurité,securite,"Pickpockets très présents, faites très attention à vos affaires.",Booking
R003248,2024-12-23,fr,3,neutral,Général,generique,Monument iconique mais l'expérience reste classique.,TripAdvisor
R003249,2025-04-26,es,4,positive,Vue / Panorama,vue,"Panorama espectacular al atardecer, momento inolvidable.",Google Maps
R003250,2024-08-01,en,5,positive,Personnel / Accueil,personnel,"Staff was very friendly and helpful, spoke perfect English.",Google Maps
R003251,2024-03-12,en,5,positive,Vue / Panorama,vue,"Stunning panorama, especially at sunset. A must-visit in Paris.",TripAdvisor
R003252,2025-05-21,de,5,positive,Expérience globale,experience,"Magische Erfahrung, das Monument ist live noch beeindruckender.",Google Maps
R003253,2024-06-21,en,4,positive,Expérience globale,experience,"Truly magical experience, the monument is even more impressive in person.",TripAdvisor
R003254,2024-06-21,fr,5,positive,Personnel / Accueil,personnel,"Personnel très accueillant et professionnel, toujours souriant.",TripAdvisor
R003255,2025-04-04,en,2,negative,Prix / Tarification,prix,Tickets are way too expensive for a family of four.,Google Maps
R003256,2025-01-22,it,5,positive,Vue / Panorama,vue,"Panorama spettacolare al tramonto, momento indimenticabile.",Google Maps
R003257,2024-06-26,fr,5,positive,Vue / Panorama,vue,"Vue magnifique au coucher du soleil, un moment inoubliable avec ma famille.",TripAdvisor
R003258,2024-01-04,en,1,negative,File d'attente,file_attente,"Endless lines at every floor, terrible organization.",Google Maps
R003259,2024-10-01,fr,3,neutral,Général,generique,Monument iconique mais l'expérience reste classique.,TripAdvisor
R003260,2024-02-03,en,5,positive,Personnel / Accueil,personnel,"Staff was very friendly and helpful, spoke perfect English.",Google Maps
R003261,2024-11-08,fr,5,positive,Personnel / Accueil,personnel,"Accueil chaleureux et équipe efficace, merci pour cette belle visite.",TripAdvisor
R003262,2025-06-01,en,4,positive,Vue / Panorama,vue,"Stunning panorama, especially at sunset. A must-visit in Paris.",Booking
R003263,2025-01-19,en,5,positive,Personnel / Accueil,personnel,"Staff was very friendly and helpful, spoke perfect English.",TripAdvisor
R003264,2024-09-19,es,3,neutral,Général,generique,"Iconic monument, the experience is okay overall.",Google Maps
R003265,2024-03-09,de,5,positive,Expérience globale,experience,"Magische Erfahrung, das Monument ist live noch beeindruckender.",TripAdvisor
R003266,2025-09-15,fr,2,negative,Sécurité,securite,"Pickpockets très présents, faites très attention à vos affaires.",Google Maps
R003267,2024-04-22,de,5,positive,Expérience globale,experience,"Magische Erfahrung, das Monument ist live noch beeindruckender.",TripAdvisor
R003268,2025-07-29,en,5,positive,Expérience globale,experience,"Perfect family day, kids loved every minute of it.",TripAdvisor
R003269,2024-02-07,fr,4,positive,Personnel / Accueil,personnel,"Le staff est multilingue et très serviable, parfait pour les touristes.",TripAdvisor
R003270,2024-08-04,fr,5,positive,Personnel / Accueil,personnel,"Accueil chaleureux et équipe efficace, merci pour cette belle visite.",TripAdvisor
R003271,2025-04-27,en,5,positive,Vue / Panorama,vue,"The view from the top is absolutely breathtaking, you can see all of Paris.",Google Maps
R003272,2025-03-06,de,5,positive,Vue / Panorama,vue,"Die Aussicht vom Gipfel ist atemberaubend, ganz Paris liegt einem zu Füßen.",TripAdvisor
R003273,2025-09-21,de,3,neutral,Général,generique,"Decent visit, nothing extraordinary but worth doing once.",TripAdvisor
R003274,2025-05-29,en,5,positive,Expérience globale,experience,"Perfect family day, kids loved every minute of it.",Google Maps
R003275,2024-07-29,en,2,negative,File d'attente,file_attente,"The queue was insane, plan a whole day for this visit.",Google Maps
R003276,2025-09-24,fr,2,negative,Prix / Tarification,prix,"Trop cher pour la restauration sur place, comptez 25€ un sandwich.",Google Maps
R003277,2024-11-18,en,5,positive,Personnel / Accueil,personnel,"Staff was very friendly and helpful, spoke perfect English.",Google Maps
R003278,2024-05-22,en,3,neutral,Général,generique,"Decent visit, nothing extraordinary but worth doing once.",Google Maps
R003279,2024-03-20,en,5,positive,Expérience globale,experience,"Perfect family day, kids loved every minute of it.",Google Maps
R003280,2024-07-10,en,1,negative,File d'attente,file_attente,"The queue was insane, plan a whole day for this visit.",Google Maps
R003281,2025-08-17,es,5,positive,Vue / Panorama,vue,"La vista desde la cima es impresionante, se ve todo París.",Google Maps
R003282,2025-07-29,es,5,positive,Vue / Panorama,vue,"La vista desde la cima es impresionante, se ve todo París.",TripAdvisor
R003283,2025-04-19,en,3,neutral,Général,generique,"Decent visit, nothing extraordinary but worth doing once.",TripAdvisor
R003284,2025-09-17,es,3,neutral,Général,generique,"Iconic monument, the experience is okay overall.",TripAdvisor
R003285,2025-08-28,en,5,positive,Vue / Panorama,vue,"The view from the top is absolutely breathtaking, you can see all of Paris.",Google Maps
R003286,2024-11-05,it,5,positive,Vue / Panorama,vue,"Vista mozzafiato dalla cima, si vede tutta Parigi.",Google Maps
R003287,2025-08-02,en,1,negative,File d'attente,file_attente,"The queue was insane, plan a whole day for this visit.",Google Maps
R003288,2024-12-14,en,4,positive,Personnel / Accueil,personnel,"Staff was very friendly and helpful, spoke perfect English.",Google Maps
R003289,2024-10-05,en,5,positive,Personnel / Accueil,personnel,"Staff was very friendly and helpful, spoke perfect English.",TripAdvisor
R003290,2024-05-30,de,2,negative,Prix / Tarification,prix,"Viel zu teuer, besonders Essen und Getränke.",Google Maps
R003291,2024-04-24,en,2,negative,File d'attente,file_attente,"The queue was insane, plan a whole day for this visit.",TripAdvisor
R003292,2025-10-18,en,3,neutral,Général,generique,"Iconic monument, the experience is okay overall.",TripAdvisor
R003293,2024-02-23,fr,5,positive,Expérience globale,experience,"Moment magique en famille, les enfants ont adoré.",TripAdvisor
R003294,2025-10-31,en,5,positive,Expérience globale,experience,"Truly magical experience, the monument is even more impressive in person.",Google Maps
R003295,2024-02-25,en,4,positive,Personnel / Accueil,personnel,"Staff was very friendly and helpful, spoke perfect English.",Booking
R003296,2024-02-19,it,5,positive,Vue / Panorama,vue,"Vista mozzafiato dalla cima, si vede tutta Parigi.",TripAdvisor
R003297,2025-02-15,en,5,positive,Expérience globale,experience,"Truly magical experience, the monument is even more impressive in person.",TripAdvisor
R003298,2024-10-30,fr,3,neutral,Général,generique,Ça vaut le coup de le voir une fois dans sa vie.,Google Maps
R003299,2025-06-12,de,5,positive,Vue / Panorama,vue,"Die Aussicht vom Gipfel ist atemberaubend, ganz Paris liegt einem zu Füßen.",Google Maps
R003300,2025-04-23,en,5,positive,Expérience globale,experience,"Truly magical experience, the monument is even more impressive in person.",Google Maps
R003301,2024-04-25,fr,5,positive,Vue / Panorama,vue,"Spectacle incroyable de nuit avec les illuminations, je recommande absolument.",Google Maps
R003302,2025-02-19,de,5,positive,Vue / Panorama,vue,"Die Aussicht vom Gipfel ist atemberaubend, ganz Paris liegt einem zu Füßen.",TripAdvisor
R003303,2024-05-02,fr,4,positive,Vue / Panorama,vue,"La vue depuis le sommet est tout simplement à couper le souffle, Paris s'étend à perte de vue.",TripAdvisor
R003304,2024-09-27,en,2,negative,Sécurité,securite,"Watch out for pickpockets, they are everywhere around the tower.",TripAdvisor
R003305,2024-12-08,fr,2,negative,Propreté,proprete,"Toilettes pas très propres au deuxième étage, à améliorer.",Booking
R003306,2024-07-01,en,3,neutral,Général,generique,"Decent visit, nothing extraordinary but worth doing once.",TripAdvisor
R003307,2025-01-17,es,1,negative,File d'attente,file_attente,Demasiada espera incluso con entradas online.,TripAdvisor
R003308,2024-09-11,en,5,positive,Vue / Panorama,vue,"The view from the top is absolutely breathtaking, you can see all of Paris.",TripAdvisor
R003309,2024-03-01,en,5,positive,Personnel / Accueil,personnel,"Great team, super welcoming and professional throughout.",TripAdvisor
R003310,2024-10-27,en,2,negative,File d'attente,file_attente,"Waited over 2 hours in line even with online tickets, awful.",TripAdvisor
R003311,2024-12-26,fr,3,neutral,Général,generique,"Visite correcte mais sans plus, attendu plus d'animations.",TripAdvisor
R003312,2025-03-26,en,5,positive,Expérience globale,experience,"Truly magical experience, the monument is even more impressive in person.",Google Maps
R003313,2024-10-05,es,5,positive,Vue / Panorama,vue,"La vista desde la cima es impresionante, se ve todo París.",Google Maps
R003314,2025-08-06,de,5,positive,Vue / Panorama,vue,"Wunderschöner Panoramablick, vor allem bei Sonnenuntergang.",TripAdvisor
R003315,2024-07-21,en,5,positive,Personnel / Accueil,personnel,"Great team, super welcoming and professional throughout.",Booking
R003316,2025-10-01,fr,5,positive,Personnel / Accueil,personnel,"Le staff est multilingue et très serviable, parfait pour les touristes.",Booking
R003317,2025-08-03,en,5,positive,Vue / Panorama,vue,"Stunning panorama, especially at sunset. A must-visit in Paris.",Google Maps
R003318,2024-02-21,it,3,neutral,Général,generique,"Decent visit, nothing extraordinary but worth doing once.",Booking
R003319,2025-07-31,fr,5,positive,Vue / Panorama,vue,"Panorama exceptionnel sur Paris, on voit jusqu'au Sacré-Cœur et la Défense.",Google Maps
R003320,2025-08-05,fr,5,positive,Vue / Panorama,vue,"Spectacle incroyable de nuit avec les illuminations, je recommande absolument.",Google Maps
R003321,2025-08-27,fr,3,neutral,Général,generique,Ça vaut le coup de le voir une fois dans sa vie.,Booking
R003322,2025-07-20,it,1,negative,File d'attente,file_attente,"Coda interminabile di oltre 2 ore, un incubo.",Google Maps
R003323,2024-07-10,de,5,positive,Expérience globale,experience,"Magische Erfahrung, das Monument ist live noch beeindruckender.",TripAdvisor
R003324,2024-06-25,es,4,positive,Vue / Panorama,vue,"La vista desde la cima es impresionante, se ve todo París.",TripAdvisor
R003325,2025-09-09,it,1,negative,File d'attente,file_attente,"Coda interminabile di oltre 2 ore, un incubo.",Google Maps
R003326,2025-02-16,fr,2,negative,File d'attente,file_attente,"File d'attente interminable, plus de 2 heures sous le soleil sans ombre.",TripAdvisor
R003327,2025-11-05,fr,5,positive,Personnel / Accueil,personnel,"Personnel très accueillant et professionnel, toujours souriant.",Google Maps
R003328,2025-11-08,de,5,positive,Vue / Panorama,vue,"Wunderschöner Panoramablick, vor allem bei Sonnenuntergang.",TripAdvisor
R003329,2024-05-01,fr,4,positive,Expérience globale,experience,"Une expérience magique, le monument est encore plus impressionnant en vrai.",TripAdvisor
R003330,2025-07-10,en,5,positive,Personnel / Accueil,personnel,"Staff was very friendly and helpful, spoke perfect English.",TripAdvisor
R003331,2025-11-18,fr,5,positive,Personnel / Accueil,personnel,"Accueil chaleureux et équipe efficace, merci pour cette belle visite.",TripAdvisor
R003332,2024-12-03,fr,2,negative,Prix / Tarification,prix,"Le prix du billet est prohibitif, surtout pour une famille avec enfants.",Google Maps
R003333,2024-08-25,en,4,positive,Expérience globale,experience,"Truly magical experience, the monument is even more impressive in person.",TripAdvisor
R003334,2025-09-29,de,3,neutral,Général,generique,"Decent visit, nothing extraordinary but worth doing once.",Booking
R003335,2025-01-13,en,2,negative,Prix / Tarification,prix,"Ridiculously overpriced, especially food and drinks.",TripAdvisor
R003336,2025-10-05,fr,5,positive,Personnel / Accueil,personnel,"Accueil chaleureux et équipe efficace, merci pour cette belle visite.",Booking
R003337,2024-12-07,en,5,positive,Vue / Panorama,vue,"Amazing 360 view, we could see the Sacre-Coeur and even further.",Booking
R003338,2024-11-10,fr,1,negative,Ascenseurs,ascenseur,"Ascenseur en panne le jour de notre visite, déception totale.",TripAdvisor
R003339,2025-05-08,fr,5,positive,Vue / Panorama,vue,"La vue depuis le sommet est tout simplement à couper le souffle, Paris s'étend à perte de vue.",Google Maps
R003340,2025-05-22,fr,5,positive,Vue / Panorama,vue,"La vue depuis le sommet est tout simplement à couper le souffle, Paris s'étend à perte de vue.",TripAdvisor
R003341,2024-03-29,fr,4,positive,Personnel / Accueil,personnel,"Personnel très accueillant et professionnel, toujours souriant.",Google Maps
R003342,2025-09-28,es,5,positive,Vue / Panorama,vue,"La vista desde la cima es impresionante, se ve todo París.",Google Maps
R003343,2025-04-15,en,1,negative,Prix / Tarification,prix,Tickets are way too expensive for a family of four.,TripAdvisor
R003344,2025-04-04,fr,4,positive,Personnel / Accueil,personnel,"Le staff est multilingue et très serviable, parfait pour les touristes.",TripAdvisor
R003345,2025-07-01,en,1,negative,Sécurité,securite,Felt unsafe with all the street vendors harassing tourists.,TripAdvisor
R003346,2025-04-26,fr,5,positive,Vue / Panorama,vue,"La vue depuis le sommet est tout simplement à couper le souffle, Paris s'étend à perte de vue.",TripAdvisor
R003347,2025-07-24,fr,2,negative,File d'attente,file_attente,"Attente beaucoup trop longue malgré la réservation en ligne, c'est inacceptable.",Google Maps
R003348,2025-08-30,it,5,positive,Vue / Panorama,vue,"Vista mozzafiato dalla cima, si vede tutta Parigi.",TripAdvisor
R003349,2024-03-16,fr,5,positive,Personnel / Accueil,personnel,"Personnel très accueillant et professionnel, toujours souriant.",Google Maps
R003350,2024-04-07,en,5,positive,Personnel / Accueil,personnel,"Staff was very friendly and helpful, spoke perfect English.",TripAdvisor
R003351,2025-11-13,es,4,positive,Expérience globale,experience,"Visita perfecta en familia, los niños lo adoraron.",TripAdvisor
R003352,2024-01-12,en,1,negative,Sécurité,securite,"Watch out for pickpockets, they are everywhere around the tower.",Google Maps
R003353,2024-04-30,de,2,negative,Prix / Tarification,prix,"Viel zu teuer, besonders Essen und Getränke.",Google Maps
R003354,2024-07-01,it,3,neutral,Général,generique,"Decent visit, nothing extraordinary but worth doing once.",TripAdvisor
R003355,2024-02-10,en,2,negative,Sécurité,securite,Felt unsafe with all the street vendors harassing tourists.,TripAdvisor
R003356,2024-01-22,en,2,negative,Sécurité,securite,Felt unsafe with all the street vendors harassing tourists.,Google Maps
R003357,2024-12-12,en,4,positive,Personnel / Accueil,personnel,"Great team, super welcoming and professional throughout.",TripAdvisor
R003358,2024-08-30,de,5,positive,Expérience globale,experience,"Magische Erfahrung, das Monument ist live noch beeindruckender.",TripAdvisor
R003359,2024-11-03,en,5,positive,Vue / Panorama,vue,"Amazing 360 view, we could see the Sacre-Coeur and even further.",TripAdvisor
R003360,2025-05-14,fr,3,neutral,Général,generique,Monument iconique mais l'expérience reste classique.,TripAdvisor
R003361,2024-02-12,en,5,positive,Personnel / Accueil,personnel,"Staff was very friendly and helpful, spoke perfect English.",Booking
R003362,2025-10-06,en,5,positive,Expérience globale,experience,"Truly magical experience, the monument is even more impressive in person.",Google Maps
R003363,2024-05-28,fr,5,positive,Vue / Panorama,vue,"Panorama exceptionnel sur Paris, on voit jusqu'au Sacré-Cœur et la Défense.",Google Maps
R003364,2025-07-28,en,5,positive,Expérience globale,experience,"Perfect family day, kids loved every minute of it.",TripAdvisor
R003365,2025-11-02,fr,4,positive,Vue / Panorama,vue,"La vue depuis le sommet est tout simplement à couper le souffle, Paris s'étend à perte de vue.",TripAdvisor
R003366,2024-05-30,fr,5,positive,Expérience globale,experience,"Moment magique en famille, les enfants ont adoré.",TripAdvisor
R003367,2025-05-03,fr,3,neutral,Général,generique,Monument iconique mais l'expérience reste classique.,Booking
R003368,2025-11-26,en,5,positive,Personnel / Accueil,personnel,"Staff was very friendly and helpful, spoke perfect English.",Google Maps
R003369,2025-03-30,es,3,neutral,Général,generique,"Decent visit, nothing extraordinary but worth doing once.",Google Maps
R003370,2025-08-13,fr,2,negative,Sécurité,securite,"Pickpockets très présents, faites très attention à vos affaires.",TripAdvisor
R003371,2025-02-21,de,4,positive,Expérience globale,experience,"Magische Erfahrung, das Monument ist live noch beeindruckender.",TripAdvisor
R003372,2024-01-14,en,1,negative,Sécurité,securite,"Watch out for pickpockets, they are everywhere around the tower.",TripAdvisor
R003373,2025-05-12,en,1,negative,Ascenseurs,ascenseur,"Elevator broke down during our visit, total disappointment.",Google Maps
R003374,2024-02-23,de,4,positive,Expérience globale,experience,"Magische Erfahrung, das Monument ist live noch beeindruckender.",TripAdvisor
R003375,2024-05-12,fr,5,positive,Personnel / Accueil,personnel,"Personnel très accueillant et professionnel, toujours souriant.",Google Maps
R003376,2025-09-30,de,5,positive,Expérience globale,experience,"Magische Erfahrung, das Monument ist live noch beeindruckender.",Google Maps
R003377,2024-05-01,fr,3,neutral,Général,generique,Ça vaut le coup de le voir une fois dans sa vie.,Booking
R003378,2024-01-24,fr,1,negative,File d'attente,file_attente,"File d'attente interminable, plus de 2 heures sous le soleil sans ombre.",Google Maps
R003379,2025-09-03,en,2,negative,Sécurité,securite,Felt unsafe with all the street vendors harassing tourists.,TripAdvisor
R003380,2025-09-30,de,4,positive,Vue / Panorama,vue,"Wunderschöner Panoramablick, vor allem bei Sonnenuntergang.",Google Maps
R003381,2025-05-19,en,5,positive,Personnel / Accueil,personnel,"Great team, super welcoming and professional throughout.",Booking
R003382,2024-10-19,en,4,positive,Personnel / Accueil,personnel,"Staff was very friendly and helpful, spoke perfect English.",Google Maps
R003383,2024-04-02,it,4,positive,Vue / Panorama,vue,"Panorama spettacolare al tramonto, momento indimenticabile.",TripAdvisor
R003384,2024-12-22,fr,5,positive,Expérience globale,experience,"Moment magique en famille, les enfants ont adoré.",Google Maps
R003385,2025-02-19,en,5,positive,Personnel / Accueil,personnel,"Great team, super welcoming and professional throughout.",TripAdvisor
R003386,2025-09-23,fr,1,negative,Ascenseurs,ascenseur,"Ascenseur en panne le jour de notre visite, déception totale.",TripAdvisor
R003387,2025-02-22,fr,5,positive,Vue / Panorama,vue,"Panorama exceptionnel sur Paris, on voit jusqu'au Sacré-Cœur et la Défense.",TripAdvisor
R003388,2024-01-11,en,4,positive,Expérience globale,experience,"Perfect family day, kids loved every minute of it.",TripAdvisor
R003389,2024-07-20,de,4,positive,Expérience globale,experience,"Magische Erfahrung, das Monument ist live noch beeindruckender.",TripAdvisor
R003390,2024-07-22,it,4,positive,Vue / Panorama,vue,"Vista mozzafiato dalla cima, si vede tutta Parigi.",Google Maps
R003391,2025-03-09,fr,5,positive,Expérience globale,experience,"Moment magique en famille, les enfants ont adoré.",TripAdvisor
R003392,2024-03-04,fr,5,positive,Personnel / Accueil,personnel,"Accueil chaleureux et équipe efficace, merci pour cette belle visite.",TripAdvisor
R003393,2024-11-10,fr,5,positive,Vue / Panorama,vue,"Panorama exceptionnel sur Paris, on voit jusqu'au Sacré-Cœur et la Défense.",TripAdvisor
R003394,2024-08-06,fr,2,negative,Ascenseurs,ascenseur,"Ascenseurs souvent en maintenance, prévoyez les escaliers.",TripAdvisor
R003395,2025-04-16,es,1,negative,Prix / Tarification,prix,"Precios excesivos, sobre todo la comida en el lugar.",TripAdvisor
R003396,2024-11-03,de,5,positive,Expérience globale,experience,"Magische Erfahrung, das Monument ist live noch beeindruckender.",Google Maps
R003397,2025-07-21,en,5,positive,Personnel / Accueil,personnel,"Great team, super welcoming and professional throughout.",TripAdvisor
R003398,2025-07-26,de,2,negative,Prix / Tarification,prix,"Viel zu teuer, besonders Essen und Getränke.",TripAdvisor
R003399,2024-07-09,en,4,positive,Expérience globale,experience,"Perfect family day, kids loved every minute of it.",Booking
R003400,2024-09-07,it,2,negative,Prix / Tarification,prix,"Prezzi eccessivi, soprattutto la ristorazione.",Google Maps
R003401,2025-01-03,es,4,positive,Vue / Panorama,vue,"La vista desde la cima es impresionante, se ve todo París.",TripAdvisor
R003402,2025-11-29,fr,4,positive,Vue / Panorama,vue,"Spectacle incroyable de nuit avec les illuminations, je recommande absolument.",TripAdvisor
R003403,2024-02-10,en,3,neutral,Général,generique,"Iconic monument, the experience is okay overall.",TripAdvisor
R003404,2025-04-16,en,5,positive,Vue / Panorama,vue,"The view from the top is absolutely breathtaking, you can see all of Paris.",TripAdvisor
R003405,2024-08-30,de,2,negative,Prix / Tarification,prix,"Viel zu teuer, besonders Essen und Getränke.",Google Maps
R003406,2024-02-17,en,5,positive,Expérience globale,experience,"Perfect family day, kids loved every minute of it.",TripAdvisor
R003407,2024-01-01,en,5,positive,Vue / Panorama,vue,"Stunning panorama, especially at sunset. A must-visit in Paris.",TripAdvisor
R003408,2024-05-21,en,4,positive,Vue / Panorama,vue,"Amazing 360 view, we could see the Sacre-Coeur and even further.",TripAdvisor
R003409,2024-01-10,fr,2,negative,Sécurité,securite,"Trop de vendeurs à la sauvette autour, sentiment d'insécurité.",Google Maps
R003410,2024-12-16,en,2,negative,File d'attente,file_attente,"The queue was insane, plan a whole day for this visit.",TripAdvisor
R003411,2025-03-22,en,3,neutral,Général,generique,"Iconic monument, the experience is okay overall.",Google Maps
R003412,2024-01-04,en,4,positive,Expérience globale,experience,"Truly magical experience, the monument is even more impressive in person.",Google Maps
R003413,2024-07-07,en,5,positive,Vue / Panorama,vue,"The view from the top is absolutely breathtaking, you can see all of Paris.",Google Maps
R003414,2025-04-23,en,2,negative,Prix / Tarification,prix,"Ridiculously overpriced, especially food and drinks.",TripAdvisor
R003415,2024-02-04,fr,5,positive,Expérience globale,experience,"Moment magique en famille, les enfants ont adoré.",Booking
R003416,2025-03-29,en,5,positive,Personnel / Accueil,personnel,"Staff was very friendly and helpful, spoke perfect English.",TripAdvisor
R003417,2024-11-16,en,5,positive,Personnel / Accueil,personnel,"Staff was very friendly and helpful, spoke perfect English.",TripAdvisor
R003418,2024-02-08,en,4,positive,Expérience globale,experience,"Perfect family day, kids loved every minute of it.",Google Maps
R003419,2024-10-03,es,5,positive,Vue / Panorama,vue,"La vista desde la cima es impresionante, se ve todo París.",TripAdvisor
R003420,2025-03-06,en,5,positive,Personnel / Accueil,personnel,"Staff was very friendly and helpful, spoke perfect English.",TripAdvisor
R003421,2024-02-10,en,4,positive,Personnel / Accueil,personnel,"Staff was very friendly and helpful, spoke perfect English.",TripAdvisor
R003422,2024-09-25,en,2,negative,Ascenseurs,ascenseur,"Only one lift working, massive wait to go back down.",Booking
R003423,2025-05-12,es,5,positive,Expérience globale,experience,"Visita perfecta en familia, los niños lo adoraron.",Google Maps
R003424,2025-07-08,fr,5,positive,Vue / Panorama,vue,"Spectacle incroyable de nuit avec les illuminations, je recommande absolument.",Google Maps
R003425,2025-06-02,de,5,positive,Vue / Panorama,vue,"Wunderschöner Panoramablick, vor allem bei Sonnenuntergang.",TripAdvisor
R003426,2024-10-15,en,1,negative,Ascenseurs,ascenseur,"Only one lift working, massive wait to go back down.",Google Maps
R003427,2024-05-10,es,4,positive,Expérience globale,experience,"Visita perfecta en familia, los niños lo adoraron.",TripAdvisor
R003428,2024-06-09,fr,4,positive,Personnel / Accueil,personnel,"Personnel très accueillant et professionnel, toujours souriant.",Google Maps
R003429,2024-12-03,en,3,neutral,Général,generique,"Decent visit, nothing extraordinary but worth doing once.",Google Maps
R003430,2024-03-15,en,4,positive,Personnel / Accueil,personnel,"Staff was very friendly and helpful, spoke perfect English.",TripAdvisor
R003431,2025-08-28,en,2,negative,Prix / Tarification,prix,"Ridiculously overpriced, especially food and drinks.",Booking
R003432,2025-10-14,en,4,positive,Personnel / Accueil,personnel,"Great team, super welcoming and professional throughout.",TripAdvisor
R003433,2025-06-09,en,4,positive,Expérience globale,experience,"Perfect family day, kids loved every minute of it.",Google Maps
R003434,2025-04-06,en,3,neutral,Général,generique,"Decent visit, nothing extraordinary but worth doing once.",Google Maps
R003435,2025-06-18,en,4,positive,Personnel / Accueil,personnel,"Great team, super welcoming and professional throughout.",TripAdvisor
R003436,2025-08-12,en,3,neutral,Général,generique,"Iconic monument, the experience is okay overall.",Google Maps
R003437,2025-11-26,en,5,positive,Expérience globale,experience,"Perfect family day, kids loved every minute of it.",TripAdvisor
R003438,2025-11-25,en,4,positive,Personnel / Accueil,personnel,"Great team, super welcoming and professional throughout.",Google Maps
R003439,2024-07-25,it,3,neutral,Général,generique,"Decent visit, nothing extraordinary but worth doing once.",TripAdvisor
R003440,2025-03-03,fr,2,negative,File d'attente,file_attente,"Queue énorme à chaque étage, prévoir une journée entière.",TripAdvisor
R003441,2024-11-22,en,5,positive,Personnel / Accueil,personnel,"Great team, super welcoming and professional throughout.",Google Maps
R003442,2025-06-19,en,5,positive,Personnel / Accueil,personnel,"Great team, super welcoming and professional throughout.",Booking
R003443,2024-06-25,en,1,negative,Ascenseurs,ascenseur,"Only one lift working, massive wait to go back down.",TripAdvisor
R003444,2024-12-11,en,5,positive,Vue / Panorama,vue,"Stunning panorama, especially at sunset. A must-visit in Paris.",Google Maps
R003445,2024-12-31,es,2,negative,File d'attente,file_attente,Demasiada espera incluso con entradas online.,TripAdvisor
R003446,2024-09-19,en,4,positive,Vue / Panorama,vue,"The view from the top is absolutely breathtaking, you can see all of Paris.",Google Maps
R003447,2024-01-06,fr,2,negative,Sécurité,securite,"Pickpockets très présents, faites très attention à vos affaires.",TripAdvisor
R003448,2024-08-26,de,4,positive,Expérience globale,experience,"Magische Erfahrung, das Monument ist live noch beeindruckender.",Google Maps
R003449,2024-01-21,es,3,neutral,Général,generique,"Iconic monument, the experience is okay overall.",Booking
R003450,2024-10-01,en,5,positive,Expérience globale,experience,"Perfect family day, kids loved every minute of it.",TripAdvisor
R003451,2024-12-06,fr,1,negative,File d'attente,file_attente,"File d'attente interminable, plus de 2 heures sous le soleil sans ombre.",Google Maps
R003452,2024-10-11,en,2,negative,Prix / Tarification,prix,"Ridiculously overpriced, especially food and drinks.",Google Maps
R003453,2025-10-15,fr,2,negative,File d'attente,file_attente,"Queue énorme à chaque étage, prévoir une journée entière.",TripAdvisor
R003454,2024-10-06,en,4,positive,Expérience globale,experience,"Perfect family day, kids loved every minute of it.",TripAdvisor
R003455,2024-10-03,fr,5,positive,Vue / Panorama,vue,"Vue magnifique au coucher du soleil, un moment inoubliable avec ma famille.",Google Maps
R003456,2024-12-28,fr,3,neutral,Général,generique,"Visite correcte mais sans plus, attendu plus d'animations.",Google Maps
R003457,2025-05-25,en,2,negative,Ascenseurs,ascenseur,"Elevator broke down during our visit, total disappointment.",Google Maps
R003458,2025-10-05,it,5,positive,Vue / Panorama,vue,"Panorama spettacolare al tramonto, momento indimenticabile.",Google Maps
R003459,2025-09-23,fr,1,negative,Propreté,proprete,"Toilettes pas très propres au deuxième étage, à améliorer.",TripAdvisor
R003460,2024-04-02,fr,3,neutral,Général,generique,"Visite correcte mais sans plus, attendu plus d'animations.",TripAdvisor
R003461,2025-06-17,en,3,neutral,Général,generique,"Iconic monument, the experience is okay overall.",TripAdvisor
R003462,2024-08-20,de,4,positive,Vue / Panorama,vue,"Wunderschöner Panoramablick, vor allem bei Sonnenuntergang.",TripAdvisor
R003463,2025-04-16,es,2,negative,Prix / Tarification,prix,Entradas demasiado caras para una familia.,TripAdvisor
R003464,2025-06-09,en,3,neutral,Général,generique,"Decent visit, nothing extraordinary but worth doing once.",Google Maps
R003465,2024-01-04,es,3,neutral,Général,generique,"Decent visit, nothing extraordinary but worth doing once.",Google Maps
R003466,2024-10-10,es,5,positive,Expérience globale,experience,"Visita perfecta en familia, los niños lo adoraron.",TripAdvisor
R003467,2025-03-15,en,5,positive,Vue / Panorama,vue,"The view from the top is absolutely breathtaking, you can see all of Paris.",TripAdvisor
R003468,2025-03-06,en,1,negative,Sécurité,securite,Felt unsafe with all the street vendors harassing tourists.,Google Maps
R003469,2024-01-03,fr,4,positive,Vue / Panorama,vue,"Spectacle incroyable de nuit avec les illuminations, je recommande absolument.",TripAdvisor
R003470,2024-03-29,fr,5,positive,Expérience globale,experience,"Moment magique en famille, les enfants ont adoré.",TripAdvisor
R003471,2024-06-02,it,5,positive,Vue / Panorama,vue,"Panorama spettacolare al tramonto, momento indimenticabile.",TripAdvisor
R003472,2025-02-28,fr,5,positive,Personnel / Accueil,personnel,"Le staff est multilingue et très serviable, parfait pour les touristes.",Google Maps
R003473,2025-04-16,en,4,positive,Personnel / Accueil,personnel,"Staff was very friendly and helpful, spoke perfect English.",Google Maps
R003474,2025-08-16,fr,5,positive,Personnel / Accueil,personnel,"Accueil chaleureux et équipe efficace, merci pour cette belle visite.",TripAdvisor
R003475,2024-02-27,fr,5,positive,Personnel / Accueil,personnel,"Accueil chaleureux et équipe efficace, merci pour cette belle visite.",TripAdvisor
R003476,2025-07-09,es,2,negative,Prix / Tarification,prix,Entradas demasiado caras para una familia.,Google Maps
R003477,2025-08-17,en,2,negative,Ascenseurs,ascenseur,"Only one lift working, massive wait to go back down.",TripAdvisor
R003478,2024-11-17,fr,2,negative,Propreté,proprete,"Beaucoup de déchets autour du monument, dommage pour l'image.",TripAdvisor
R003479,2024-08-03,en,3,neutral,Général,generique,"Iconic monument, the experience is okay overall.",TripAdvisor
R003480,2025-07-25,fr,5,positive,Personnel / Accueil,personnel,"Le staff est multilingue et très serviable, parfait pour les touristes.",Google Maps
R003481,2025-02-18,en,3,neutral,Général,generique,"Decent visit, nothing extraordinary but worth doing once.",Google Maps
R003482,2025-06-21,fr,5,positive,Expérience globale,experience,"Visite parfaite, organisation au top, je recommande vivement.",TripAdvisor
R003483,2024-08-31,fr,4,positive,Personnel / Accueil,personnel,"Le staff est multilingue et très serviable, parfait pour les touristes.",Google Maps
R003484,2024-12-07,en,5,positive,Expérience globale,experience,"Truly magical experience, the monument is even more impressive in person.",Google Maps
R003485,2025-10-24,en,2,negative,File d'attente,file_attente,"Waited over 2 hours in line even with online tickets, awful.",Google Maps
R003486,2024-05-17,en,5,positive,Expérience globale,experience,"Truly magical experience, the monument is even more impressive in person.",Google Maps
R003487,2025-09-02,fr,1,negative,File d'attente,file_attente,"Attente beaucoup trop longue malgré la réservation en ligne, c'est inacceptable.",TripAdvisor
R003488,2024-05-30,fr,5,positive,Vue / Panorama,vue,"Panorama exceptionnel sur Paris, on voit jusqu'au Sacré-Cœur et la Défense.",Google Maps
R003489,2025-06-07,fr,4,positive,Vue / Panorama,vue,"Panorama exceptionnel sur Paris, on voit jusqu'au Sacré-Cœur et la Défense.",Google Maps
R003490,2024-11-19,de,1,negative,Prix / Tarification,prix,"Viel zu teuer, besonders Essen und Getränke.",TripAdvisor
R003491,2024-08-18,en,5,positive,Expérience globale,experience,"Perfect family day, kids loved every minute of it.",Booking
R003492,2025-03-28,fr,5,positive,Personnel / Accueil,personnel,"Personnel très accueillant et professionnel, toujours souriant.",TripAdvisor
R003493,2024-12-03,fr,4,positive,Expérience globale,experience,"Une expérience magique, le monument est encore plus impressionnant en vrai.",TripAdvisor
R003494,2025-11-23,fr,3,neutral,Général,generique,Monument iconique mais l'expérience reste classique.,Booking
R003495,2024-10-13,en,2,negative,Sécurité,securite,"Watch out for pickpockets, they are everywhere around the tower.",TripAdvisor
R003496,2024-03-19,fr,3,neutral,Général,generique,"Visite correcte mais sans plus, attendu plus d'animations.",TripAdvisor
R003497,2024-08-20,fr,5,positive,Vue / Panorama,vue,"La vue depuis le sommet est tout simplement à couper le souffle, Paris s'étend à perte de vue.",Booking
R003498,2025-07-02,es,3,neutral,Général,generique,"Iconic monument, the experience is okay overall.",Booking
R003499,2025-08-19,fr,2,negative,Propreté,proprete,"Toilettes pas très propres au deuxième étage, à améliorer.",Google Maps
R003500,2024-05-25,de,5,positive,Expérience globale,experience,"Magische Erfahrung, das Monument ist live noch beeindruckender.",TripAdvisor
R003501,2024-10-25,it,2,negative,Prix / Tarification,prix,"Prezzi eccessivi, soprattutto la ristorazione.",TripAdvisor
R003502,2024-08-25,it,5,positive,Vue / Panorama,vue,"Vista mozzafiato dalla cima, si vede tutta Parigi.",Google Maps
R003503,2024-03-08,en,3,neutral,Général,generique,"Decent visit, nothing extraordinary but worth doing once.",TripAdvisor
R003504,2025-06-02,de,5,positive,Expérience globale,experience,"Magische Erfahrung, das Monument ist live noch beeindruckender.",Google Maps
R003505,2024-06-13,de,5,positive,Expérience globale,experience,"Magische Erfahrung, das Monument ist live noch beeindruckender.",Google Maps
R003506,2025-02-06,en,4,positive,Personnel / Accueil,personnel,"Staff was very friendly and helpful, spoke perfect English.",Booking
R003507,2024-03-31,es,5,positive,Vue / Panorama,vue,"La vista desde la cima es impresionante, se ve todo París.",TripAdvisor
R003508,2024-08-20,en,2,negative,Ascenseurs,ascenseur,"Elevator broke down during our visit, total disappointment.",TripAdvisor
R003509,2024-12-21,fr,4,positive,Expérience globale,experience,"Visite parfaite, organisation au top, je recommande vivement.",Google Maps
R003510,2025-04-22,fr,4,positive,Personnel / Accueil,personnel,"Le staff est multilingue et très serviable, parfait pour les touristes.",Booking
R003511,2024-05-05,fr,1,negative,Propreté,proprete,"Beaucoup de déchets autour du monument, dommage pour l'image.",TripAdvisor
R003512,2025-05-13,en,5,positive,Personnel / Accueil,personnel,"Staff was very friendly and helpful, spoke perfect English.",TripAdvisor
R003513,2024-03-06,de,3,neutral,Général,generique,"Iconic monument, the experience is okay overall.",TripAdvisor
R003514,2025-06-09,en,3,neutral,Général,generique,"Decent visit, nothing extraordinary but worth doing once.",Google Maps
R003515,2024-04-11,en,5,positive,Expérience globale,experience,"Perfect family day, kids loved every minute of it.",TripAdvisor
R003516,2024-02-29,es,2,negative,Prix / Tarification,prix,Entradas demasiado caras para una familia.,Google Maps
R003517,2024-10-21,fr,5,positive,Expérience globale,experience,"Visite parfaite, organisation au top, je recommande vivement.",TripAdvisor
R003518,2025-10-14,it,4,positive,Vue / Panorama,vue,"Panorama spettacolare al tramonto, momento indimenticabile.",Booking
R003519,2025-10-11,it,2,negative,File d'attente,file_attente,"Coda interminabile di oltre 2 ore, un incubo.",TripAdvisor
R003520,2024-07-12,de,4,positive,Expérience globale,experience,"Magische Erfahrung, das Monument ist live noch beeindruckender.",TripAdvisor
R003521,2025-02-27,en,5,positive,Expérience globale,experience,"Perfect family day, kids loved every minute of it.",TripAdvisor
R003522,2024-09-03,fr,5,positive,Personnel / Accueil,personnel,"Accueil chaleureux et équipe efficace, merci pour cette belle visite.",TripAdvisor
R003523,2024-05-16,es,3,neutral,Général,generique,"Decent visit, nothing extraordinary but worth doing once.",Google Maps
R003524,2024-08-01,it,5,positive,Vue / Panorama,vue,"Vista mozzafiato dalla cima, si vede tutta Parigi.",Google Maps
R003525,2024-01-17,it,5,positive,Vue / Panorama,vue,"Panorama spettacolare al tramonto, momento indimenticabile.",TripAdvisor
R003526,2024-10-09,de,5,positive,Expérience globale,experience,"Magische Erfahrung, das Monument ist live noch beeindruckender.",Google Maps
R003527,2024-12-24,fr,4,positive,Expérience globale,experience,"Une expérience magique, le monument est encore plus impressionnant en vrai.",TripAdvisor
R003528,2024-05-23,fr,5,positive,Personnel / Accueil,personnel,"Le staff est multilingue et très serviable, parfait pour les touristes.",Google Maps
R003529,2024-05-11,en,4,positive,Expérience globale,experience,"Perfect family day, kids loved every minute of it.",TripAdvisor
R003530,2025-01-25,fr,5,positive,Personnel / Accueil,personnel,"Accueil chaleureux et équipe efficace, merci pour cette belle visite.",Google Maps
R003531,2025-03-25,en,4,positive,Vue / Panorama,vue,"Amazing 360 view, we could see the Sacre-Coeur and even further.",TripAdvisor
R003532,2025-07-14,de,1,negative,Prix / Tarification,prix,"Viel zu teuer, besonders Essen und Getränke.",TripAdvisor
R003533,2024-08-01,it,1,negative,Prix / Tarification,prix,"Prezzi eccessivi, soprattutto la ristorazione.",Google Maps
R003534,2025-02-12,es,5,positive,Expérience globale,experience,"Visita perfecta en familia, los niños lo adoraron.",TripAdvisor
R003535,2024-01-01,fr,3,neutral,Général,generique,Ça vaut le coup de le voir une fois dans sa vie.,TripAdvisor
R003536,2025-01-04,es,3,neutral,Général,generique,"Iconic monument, the experience is okay overall.",TripAdvisor
R003537,2024-07-21,es,1,negative,Prix / Tarification,prix,Entradas demasiado caras para una familia.,TripAdvisor
R003538,2025-04-22,fr,5,positive,Expérience globale,experience,"Visite parfaite, organisation au top, je recommande vivement.",Google Maps
R003539,2025-08-20,fr,4,positive,Expérience globale,experience,"Une expérience magique, le monument est encore plus impressionnant en vrai.",TripAdvisor
R003540,2024-07-17,fr,4,positive,Personnel / Accueil,personnel,"Le staff est multilingue et très serviable, parfait pour les touristes.",TripAdvisor
R003541,2025-07-02,en,4,positive,Vue / Panorama,vue,"The view from the top is absolutely breathtaking, you can see all of Paris.",TripAdvisor
R003542,2024-03-07,fr,5,positive,Expérience globale,experience,"Une expérience magique, le monument est encore plus impressionnant en vrai.",TripAdvisor
R003543,2024-01-16,en,4,positive,Vue / Panorama,vue,"Amazing 360 view, we could see the Sacre-Coeur and even further.",TripAdvisor
R003544,2025-02-19,en,5,positive,Vue / Panorama,vue,"The view from the top is absolutely breathtaking, you can see all of Paris.",Google Maps
R003545,2025-02-20,en,5,positive,Personnel / Accueil,personnel,"Great team, super welcoming and professional throughout.",Google Maps
R003546,2024-03-14,en,4,positive,Personnel / Accueil,personnel,"Staff was very friendly and helpful, spoke perfect English.",TripAdvisor
R003547,2024-02-24,fr,2,negative,Prix / Tarification,prix,"Tarifs vraiment excessifs pour ce que c'est, beaucoup trop cher.",TripAdvisor
R003548,2025-10-24,fr,3,neutral,Général,generique,Monument iconique mais l'expérience reste classique.,Google Maps
R003549,2024-04-07,en,1,negative,Ascenseurs,ascenseur,"Elevator broke down during our visit, total disappointment.",TripAdvisor
R003550,2024-11-18,es,4,positive,Expérience globale,experience,"Visita perfecta en familia, los niños lo adoraron.",TripAdvisor
R003551,2025-02-15,fr,4,positive,Vue / Panorama,vue,"La vue depuis le sommet est tout simplement à couper le souffle, Paris s'étend à perte de vue.",TripAdvisor
R003552,2024-05-18,fr,3,neutral,Général,generique,"Visite correcte mais sans plus, attendu plus d'animations.",Google Maps
R003553,2025-08-24,fr,5,positive,Personnel / Accueil,personnel,"Personnel très accueillant et professionnel, toujours souriant.",TripAdvisor
R003554,2024-04-07,en,5,positive,Personnel / Accueil,personnel,"Staff was very friendly and helpful, spoke perfect English.",Booking
R003555,2024-09-19,es,2,negative,File d'attente,file_attente,"Cola interminable de más de 2 horas, una pesadilla.",Google Maps
R003556,2025-01-07,fr,5,positive,Vue / Panorama,vue,"Panorama exceptionnel sur Paris, on voit jusqu'au Sacré-Cœur et la Défense.",TripAdvisor
R003557,2024-09-06,en,3,neutral,Général,generique,"Decent visit, nothing extraordinary but worth doing once.",Google Maps
R003558,2024-08-09,fr,1,negative,Propreté,proprete,"Beaucoup de déchets autour du monument, dommage pour l'image.",TripAdvisor
R003559,2024-01-06,en,5,positive,Personnel / Accueil,personnel,"Great team, super welcoming and professional throughout.",TripAdvisor
R003560,2024-02-25,en,4,positive,Vue / Panorama,vue,"Stunning panorama, especially at sunset. A must-visit in Paris.",Google Maps
R003561,2025-04-29,en,5,positive,Personnel / Accueil,personnel,"Great team, super welcoming and professional throughout.",Google Maps
R003562,2024-08-25,de,5,positive,Expérience globale,experience,"Magische Erfahrung, das Monument ist live noch beeindruckender.",TripAdvisor
R003563,2025-02-17,es,5,positive,Vue / Panorama,vue,"Panorama espectacular al atardecer, momento inolvidable.",TripAdvisor
R003564,2025-02-03,en,3,neutral,Général,generique,"Iconic monument, the experience is okay overall.",Booking
R003565,2025-03-02,en,5,positive,Expérience globale,experience,"Truly magical experience, the monument is even more impressive in person.",TripAdvisor
R003566,2025-08-18,fr,4,positive,Personnel / Accueil,personnel,"Personnel très accueillant et professionnel, toujours souriant.",Google Maps
R003567,2025-03-20,fr,3,neutral,Général,generique,Monument iconique mais l'expérience reste classique.,Google Maps
R003568,2025-10-11,en,4,positive,Expérience globale,experience,"Perfect family day, kids loved every minute of it.",Google Maps
R003569,2024-10-23,en,3,neutral,Général,generique,"Decent visit, nothing extraordinary but worth doing once.",TripAdvisor
R003570,2024-06-03,de,2,negative,Prix / Tarification,prix,"Viel zu teuer, besonders Essen und Getränke.",TripAdvisor
R003571,2025-03-04,en,5,positive,Expérience globale,experience,"Perfect family day, kids loved every minute of it.",Booking
R003572,2025-11-06,es,4,positive,Vue / Panorama,vue,"Panorama espectacular al atardecer, momento inolvidable.",TripAdvisor
R003573,2024-01-27,en,5,positive,Personnel / Accueil,personnel,"Staff was very friendly and helpful, spoke perfect English.",TripAdvisor
R003574,2025-08-27,fr,2,negative,Prix / Tarification,prix,"Le prix du billet est prohibitif, surtout pour une famille avec enfants.",Google Maps
R003575,2024-08-17,en,1,negative,File d'attente,file_attente,"The queue was insane, plan a whole day for this visit.",Google Maps
R003576,2024-03-31,en,5,positive,Expérience globale,experience,"Truly magical experience, the monument is even more impressive in person.",TripAdvisor
R003577,2025-04-27,fr,1,negative,Propreté,proprete,"Toilettes pas très propres au deuxième étage, à améliorer.",Google Maps
R003578,2025-03-09,es,2,negative,File d'attente,file_attente,Demasiada espera incluso con entradas online.,Google Maps
R003579,2025-01-30,it,3,neutral,Général,generique,"Decent visit, nothing extraordinary but worth doing once.",Google Maps
R003580,2024-07-20,en,5,positive,Vue / Panorama,vue,"Stunning panorama, especially at sunset. A must-visit in Paris.",Google Maps
R003581,2024-10-11,fr,1,negative,Propreté,proprete,"Toilettes pas très propres au deuxième étage, à améliorer.",Google Maps
R003582,2024-10-30,es,3,neutral,Général,generique,"Iconic monument, the experience is okay overall.",TripAdvisor
R003583,2025-04-16,en,3,neutral,Général,generique,"Decent visit, nothing extraordinary but worth doing once.",TripAdvisor
R003584,2024-08-08,de,3,neutral,Général,generique,"Decent visit, nothing extraordinary but worth doing once.",TripAdvisor
R003585,2024-04-22,en,5,positive,Expérience globale,experience,"Truly magical experience, the monument is even more impressive in person.",TripAdvisor
R003586,2024-03-31,en,3,neutral,Général,generique,"Iconic monument, the experience is okay overall.",Google Maps
R003587,2024-08-13,en,1,negative,Sécurité,securite,"Watch out for pickpockets, they are everywhere around the tower.",Google Maps
R003588,2024-12-24,fr,3,neutral,Général,generique,"Visite correcte mais sans plus, attendu plus d'animations.",Google Maps
R003589,2024-10-05,en,5,positive,Expérience globale,experience,"Truly magical experience, the monument is even more impressive in person.",Google Maps
R003590,2024-10-05,fr,1,negative,Prix / Tarification,prix,"Tarifs vraiment excessifs pour ce que c'est, beaucoup trop cher.",TripAdvisor
R003591,2024-10-07,de,5,positive,Expérience globale,experience,"Magische Erfahrung, das Monument ist live noch beeindruckender.",Google Maps
R003592,2024-09-28,fr,5,positive,Expérience globale,experience,"Moment magique en famille, les enfants ont adoré.",TripAdvisor
R003593,2024-02-08,fr,5,positive,Personnel / Accueil,personnel,"Le staff est multilingue et très serviable, parfait pour les touristes.",TripAdvisor
R003594,2024-10-16,fr,4,positive,Vue / Panorama,vue,"Spectacle incroyable de nuit avec les illuminations, je recommande absolument.",Google Maps
R003595,2024-11-15,en,1,negative,File d'attente,file_attente,"Waited over 2 hours in line even with online tickets, awful.",Google Maps
R003596,2025-06-26,de,3,neutral,Général,generique,"Decent visit, nothing extraordinary but worth doing once.",Google Maps
R003597,2025-07-11,de,3,neutral,Général,generique,"Iconic monument, the experience is okay overall.",Booking
R003598,2024-05-04,es,4,positive,Vue / Panorama,vue,"La vista desde la cima es impresionante, se ve todo París.",Booking
R003599,2024-06-08,es,5,positive,Expérience globale,experience,"Visita perfecta en familia, los niños lo adoraron.",Booking
R003600,2025-08-02,fr,5,positive,Personnel / Accueil,personnel,"Personnel très accueillant et professionnel, toujours souriant.",Booking
R003601,2025-07-10,fr,1,negative,Sécurité,securite,"Trop de vendeurs à la sauvette autour, sentiment d'insécurité.",TripAdvisor
R003602,2025-05-22,fr,2,negative,File d'attente,file_attente,"Queue énorme à chaque étage, prévoir une journée entière.",TripAdvisor
R003603,2024-01-17,de,2,negative,File d'attente,file_attente,"Riesige Schlangen auf jeder Ebene, sehr enttäuschend.",Booking
R003604,2025-06-17,fr,5,positive,Vue / Panorama,vue,"Panorama exceptionnel sur Paris, on voit jusqu'au Sacré-Cœur et la Défense.",Google Maps
R003605,2025-04-15,en,5,positive,Vue / Panorama,vue,"The view from the top is absolutely breathtaking, you can see all of Paris.",Google Maps
R003606,2025-09-14,fr,4,positive,Personnel / Accueil,personnel,"Accueil chaleureux et équipe efficace, merci pour cette belle visite.",TripAdvisor
R003607,2025-01-24,en,3,neutral,Général,generique,"Iconic monument, the experience is okay overall.",TripAdvisor
R003608,2024-03-22,en,5,positive,Vue / Panorama,vue,"Amazing 360 view, we could see the Sacre-Coeur and even further.",TripAdvisor
R003609,2024-05-05,en,5,positive,Vue / Panorama,vue,"Amazing 360 view, we could see the Sacre-Coeur and even further.",Google Maps
R003610,2024-02-19,it,5,positive,Vue / Panorama,vue,"Vista mozzafiato dalla cima, si vede tutta Parigi.",TripAdvisor
R003611,2024-02-22,fr,3,neutral,Général,generique,Monument iconique mais l'expérience reste classique.,TripAdvisor
R003612,2024-03-09,en,3,neutral,Général,generique,"Iconic monument, the experience is okay overall.",TripAdvisor
R003613,2025-11-02,fr,4,positive,Vue / Panorama,vue,"Vue magnifique au coucher du soleil, un moment inoubliable avec ma famille.",TripAdvisor
R003614,2024-03-07,fr,4,positive,Vue / Panorama,vue,"Vue magnifique au coucher du soleil, un moment inoubliable avec ma famille.",Booking
R003615,2025-01-02,en,5,positive,Expérience globale,experience,"Perfect family day, kids loved every minute of it.",TripAdvisor
R003616,2024-02-01,en,5,positive,Expérience globale,experience,"Truly magical experience, the monument is even more impressive in person.",TripAdvisor
R003617,2025-11-10,en,2,negative,Ascenseurs,ascenseur,"Only one lift working, massive wait to go back down.",Booking
R003618,2024-07-07,fr,5,positive,Expérience globale,experience,"Visite parfaite, organisation au top, je recommande vivement.",TripAdvisor
R003619,2025-10-31,es,4,positive,Expérience globale,experience,"Visita perfecta en familia, los niños lo adoraron.",TripAdvisor
R003620,2024-02-13,en,4,positive,Vue / Panorama,vue,"Stunning panorama, especially at sunset. A must-visit in Paris.",TripAdvisor
R003621,2024-01-06,de,2,negative,Prix / Tarification,prix,"Viel zu teuer, besonders Essen und Getränke.",Booking
R003622,2025-06-08,en,1,negative,Sécurité,securite,"Watch out for pickpockets, they are everywhere around the tower.",TripAdvisor
R003623,2025-02-22,es,3,neutral,Général,generique,"Iconic monument, the experience is okay overall.",Google Maps
R003624,2024-05-24,fr,4,positive,Vue / Panorama,vue,"Spectacle incroyable de nuit avec les illuminations, je recommande absolument.",TripAdvisor
R003625,2025-11-06,en,4,positive,Expérience globale,experience,"Truly magical experience, the monument is even more impressive in person.",TripAdvisor
R003626,2024-10-17,fr,5,positive,Vue / Panorama,vue,"Panorama exceptionnel sur Paris, on voit jusqu'au Sacré-Cœur et la Défense.",TripAdvisor
R003627,2025-09-12,fr,5,positive,Vue / Panorama,vue,"Panorama exceptionnel sur Paris, on voit jusqu'au Sacré-Cœur et la Défense.",Google Maps
R003628,2025-07-21,fr,5,positive,Vue / Panorama,vue,"La vue depuis le sommet est tout simplement à couper le souffle, Paris s'étend à perte de vue.",TripAdvisor
R003629,2024-09-09,en,5,positive,Personnel / Accueil,personnel,"Staff was very friendly and helpful, spoke perfect English.",TripAdvisor
R003630,2024-11-22,fr,3,neutral,Général,generique,"Visite correcte mais sans plus, attendu plus d'animations.",Booking
R003631,2024-01-08,it,3,neutral,Général,generique,"Decent visit, nothing extraordinary but worth doing once.",Google Maps
R003632,2025-07-23,en,5,positive,Expérience globale,experience,"Perfect family day, kids loved every minute of it.",Booking
R003633,2025-07-07,en,4,positive,Vue / Panorama,vue,"The view from the top is absolutely breathtaking, you can see all of Paris.",TripAdvisor
R003634,2024-10-21,fr,3,neutral,Général,generique,Ça vaut le coup de le voir une fois dans sa vie.,Booking
R003635,2024-05-09,en,5,positive,Personnel / Accueil,personnel,"Staff was very friendly and helpful, spoke perfect English.",Google Maps
R003636,2025-04-25,en,3,neutral,Général,generique,"Iconic monument, the experience is okay overall.",Google Maps
R003637,2025-10-18,es,4,positive,Vue / Panorama,vue,"La vista desde la cima es impresionante, se ve todo París.",Google Maps
R003638,2024-12-18,en,4,positive,Vue / Panorama,vue,"Stunning panorama, especially at sunset. A must-visit in Paris.",TripAdvisor
R003639,2025-08-22,de,2,negative,File d'attente,file_attente,"Endlose Warteschlange, über 2 Stunden trotz Online-Ticket.",Google Maps
R003640,2024-09-02,en,4,positive,Expérience globale,experience,"Perfect family day, kids loved every minute of it.",Google Maps
R003641,2024-12-18,en,5,positive,Personnel / Accueil,personnel,"Great team, super welcoming and professional throughout.",Booking
R003642,2024-10-11,es,5,positive,Expérience globale,experience,"Experiencia mágica, el monumento es aún más impresionante en persona.",TripAdvisor
R003643,2024-02-20,de,5,positive,Expérience globale,experience,"Magische Erfahrung, das Monument ist live noch beeindruckender.",Google Maps
R003644,2024-03-09,en,4,positive,Expérience globale,experience,"Perfect family day, kids loved every minute of it.",Google Maps
R003645,2024-10-06,en,5,positive,Vue / Panorama,vue,"The view from the top is absolutely breathtaking, you can see all of Paris.",TripAdvisor
R003646,2024-04-05,de,5,positive,Expérience globale,experience,"Magische Erfahrung, das Monument ist live noch beeindruckender.",Booking
R003647,2024-08-13,en,4,positive,Personnel / Accueil,personnel,"Staff was very friendly and helpful, spoke perfect English.",Google Maps
R003648,2024-06-13,en,5,positive,Expérience globale,experience,"Perfect family day, kids loved every minute of it.",Google Maps
R003649,2025-05-25,de,5,positive,Expérience globale,experience,"Magische Erfahrung, das Monument ist live noch beeindruckender.",Google Maps
R003650,2024-07-07,fr,1,negative,File d'attente,file_attente,"Queue énorme à chaque étage, prévoir une journée entière.",TripAdvisor
R003651,2024-02-02,fr,5,positive,Vue / Panorama,vue,"Vue magnifique au coucher du soleil, un moment inoubliable avec ma famille.",TripAdvisor
R003652,2024-09-09,en,5,positive,Vue / Panorama,vue,"Amazing 360 view, we could see the Sacre-Coeur and even further.",Booking
R003653,2024-10-15,en,5,positive,Expérience globale,experience,"Perfect family day, kids loved every minute of it.",Google Maps
R003654,2025-01-22,en,5,positive,Vue / Panorama,vue,"Stunning panorama, especially at sunset. A must-visit in Paris.",TripAdvisor
R003655,2024-08-06,fr,5,positive,Vue / Panorama,vue,"Panorama exceptionnel sur Paris, on voit jusqu'au Sacré-Cœur et la Défense.",TripAdvisor
R003656,2024-08-15,fr,1,negative,Sécurité,securite,"Pickpockets très présents, faites très attention à vos affaires.",Google Maps
R003657,2024-02-17,en,5,positive,Vue / Panorama,vue,"Amazing 360 view, we could see the Sacre-Coeur and even further.",TripAdvisor
R003658,2025-09-24,de,4,positive,Expérience globale,experience,"Magische Erfahrung, das Monument ist live noch beeindruckender.",Google Maps
R003659,2024-05-14,en,5,positive,Personnel / Accueil,personnel,"Staff was very friendly and helpful, spoke perfect English.",TripAdvisor
R003660,2024-09-03,fr,5,positive,Vue / Panorama,vue,"La vue depuis le sommet est tout simplement à couper le souffle, Paris s'étend à perte de vue.",Google Maps
R003661,2024-01-06,de,5,positive,Vue / Panorama,vue,"Wunderschöner Panoramablick, vor allem bei Sonnenuntergang.",TripAdvisor
R003662,2024-08-24,it,1,negative,File d'attente,file_attente,"Coda interminabile di oltre 2 ore, un incubo.",Google Maps
R003663,2024-02-16,en,4,positive,Personnel / Accueil,personnel,"Staff was very friendly and helpful, spoke perfect English.",TripAdvisor
R003664,2024-08-04,en,5,positive,Expérience globale,experience,"Truly magical experience, the monument is even more impressive in person.",TripAdvisor
R003665,2025-10-23,fr,4,positive,Vue / Panorama,vue,"La vue depuis le sommet est tout simplement à couper le souffle, Paris s'étend à perte de vue.",TripAdvisor
R003666,2024-07-07,en,1,negative,Sécurité,securite,"Watch out for pickpockets, they are everywhere around the tower.",Google Maps
R003667,2025-01-12,en,1,negative,Ascenseurs,ascenseur,"Only one lift working, massive wait to go back down.",TripAdvisor
R003668,2024-10-19,en,4,positive,Personnel / Accueil,personnel,"Staff was very friendly and helpful, spoke perfect English.",Google Maps
R003669,2024-03-25,en,2,negative,Prix / Tarification,prix,"Ridiculously overpriced, especially food and drinks.",Booking
R003670,2025-01-20,en,4,positive,Expérience globale,experience,"Truly magical experience, the monument is even more impressive in person.",TripAdvisor
R003671,2024-05-01,es,2,negative,Prix / Tarification,prix,"Precios excesivos, sobre todo la comida en el lugar.",Google Maps
R003672,2025-05-25,it,5,positive,Vue / Panorama,vue,"Vista mozzafiato dalla cima, si vede tutta Parigi.",TripAdvisor
R003673,2025-04-27,en,4,positive,Vue / Panorama,vue,"Stunning panorama, especially at sunset. A must-visit in Paris.",Google Maps
R003674,2025-10-25,es,5,positive,Vue / Panorama,vue,"La vista desde la cima es impresionante, se ve todo París.",TripAdvisor
R003675,2024-06-08,en,5,positive,Vue / Panorama,vue,"Amazing 360 view, we could see the Sacre-Coeur and even further.",TripAdvisor
R003676,2025-03-28,fr,5,positive,Personnel / Accueil,personnel,"Accueil chaleureux et équipe efficace, merci pour cette belle visite.",TripAdvisor
R003677,2024-05-18,en,5,positive,Personnel / Accueil,personnel,"Staff was very friendly and helpful, spoke perfect English.",TripAdvisor
R003678,2024-05-21,en,4,positive,Personnel / Accueil,personnel,"Staff was very friendly and helpful, spoke perfect English.",TripAdvisor
R003679,2025-05-24,en,1,negative,Ascenseurs,ascenseur,"Only one lift working, massive wait to go back down.",TripAdvisor
R003680,2024-01-30,fr,4,positive,Personnel / Accueil,personnel,"Personnel très accueillant et professionnel, toujours souriant.",Booking
R003681,2025-08-01,fr,2,negative,Prix / Tarification,prix,"Trop cher pour la restauration sur place, comptez 25€ un sandwich.",Booking
R003682,2024-09-22,fr,4,positive,Expérience globale,experience,"Une expérience magique, le monument est encore plus impressionnant en vrai.",TripAdvisor
R003683,2024-05-09,en,2,negative,Sécurité,securite,Felt unsafe with all the street vendors harassing tourists.,Booking
R003684,2025-07-21,es,5,positive,Expérience globale,experience,"Experiencia mágica, el monumento es aún más impresionante en persona.",TripAdvisor
R003685,2024-12-15,en,5,positive,Expérience globale,experience,"Truly magical experience, the monument is even more impressive in person.",Google Maps
R003686,2025-11-14,de,5,positive,Vue / Panorama,vue,"Die Aussicht vom Gipfel ist atemberaubend, ganz Paris liegt einem zu Füßen.",Google Maps
R003687,2024-07-07,es,1,negative,File d'attente,file_attente,Demasiada espera incluso con entradas online.,TripAdvisor
R003688,2024-05-27,de,3,neutral,Général,generique,"Decent visit, nothing extraordinary but worth doing once.",TripAdvisor
R003689,2024-09-11,it,5,positive,Vue / Panorama,vue,"Vista mozzafiato dalla cima, si vede tutta Parigi.",TripAdvisor
R003690,2025-02-24,es,2,negative,Prix / Tarification,prix,Entradas demasiado caras para una familia.,TripAdvisor
R003691,2025-08-14,en,4,positive,Personnel / Accueil,personnel,"Staff was very friendly and helpful, spoke perfect English.",TripAdvisor
R003692,2024-11-18,en,5,positive,Personnel / Accueil,personnel,"Great team, super welcoming and professional throughout.",TripAdvisor
R003693,2025-06-30,en,5,positive,Expérience globale,experience,"Perfect family day, kids loved every minute of it.",Booking
R003694,2025-04-03,de,5,positive,Vue / Panorama,vue,"Wunderschöner Panoramablick, vor allem bei Sonnenuntergang.",Google Maps
R003695,2024-01-23,en,5,positive,Vue / Panorama,vue,"Amazing 360 view, we could see the Sacre-Coeur and even further.",Google Maps
R003696,2024-03-15,en,5,positive,Expérience globale,experience,"Perfect family day, kids loved every minute of it.",TripAdvisor
R003697,2024-07-09,fr,5,positive,Expérience globale,experience,"Visite parfaite, organisation au top, je recommande vivement.",TripAdvisor
R003698,2025-11-15,fr,3,neutral,Général,generique,Ça vaut le coup de le voir une fois dans sa vie.,Google Maps
R003699,2025-08-03,fr,3,neutral,Général,generique,Ça vaut le coup de le voir une fois dans sa vie.,TripAdvisor
R003700,2024-07-27,de,5,positive,Expérience globale,experience,"Magische Erfahrung, das Monument ist live noch beeindruckender.",TripAdvisor
R003701,2024-05-27,en,5,positive,Personnel / Accueil,personnel,"Great team, super welcoming and professional throughout.",Google Maps
R003702,2025-08-04,fr,1,negative,Prix / Tarification,prix,"Trop cher pour la restauration sur place, comptez 25€ un sandwich.",Google Maps
R003703,2025-03-31,fr,5,positive,Personnel / Accueil,personnel,"Le staff est multilingue et très serviable, parfait pour les touristes.",TripAdvisor
R003704,2024-01-05,fr,2,negative,Prix / Tarification,prix,"Trop cher pour la restauration sur place, comptez 25€ un sandwich.",TripAdvisor
R003705,2024-02-20,it,3,neutral,Général,generique,"Decent visit, nothing extraordinary but worth doing once.",Google Maps
R003706,2024-09-16,es,5,positive,Expérience globale,experience,"Experiencia mágica, el monumento es aún más impresionante en persona.",Google Maps
R003707,2025-11-22,de,5,positive,Vue / Panorama,vue,"Wunderschöner Panoramablick, vor allem bei Sonnenuntergang.",Google Maps
R003708,2025-02-19,fr,2,negative,Prix / Tarification,prix,"Trop cher pour la restauration sur place, comptez 25€ un sandwich.",TripAdvisor
R003709,2024-12-09,es,4,positive,Vue / Panorama,vue,"Panorama espectacular al atardecer, momento inolvidable.",Google Maps
R003710,2024-05-16,fr,3,neutral,Général,generique,Ça vaut le coup de le voir une fois dans sa vie.,TripAdvisor
R003711,2024-04-26,it,3,neutral,Général,generique,"Decent visit, nothing extraordinary but worth doing once.",Google Maps
R003712,2025-01-18,fr,2,negative,File d'attente,file_attente,"Queue énorme à chaque étage, prévoir une journée entière.",TripAdvisor
R003713,2024-04-20,en,3,neutral,Général,generique,"Decent visit, nothing extraordinary but worth doing once.",Google Maps
R003714,2025-10-19,fr,5,positive,Personnel / Accueil,personnel,"Accueil chaleureux et équipe efficace, merci pour cette belle visite.",TripAdvisor
R003715,2024-03-10,de,4,positive,Vue / Panorama,vue,"Wunderschöner Panoramablick, vor allem bei Sonnenuntergang.",TripAdvisor
R003716,2025-06-05,fr,5,positive,Personnel / Accueil,personnel,"Le staff est multilingue et très serviable, parfait pour les touristes.",TripAdvisor
R003717,2025-10-23,en,1,negative,Prix / Tarification,prix,"Ridiculously overpriced, especially food and drinks.",TripAdvisor
R003718,2025-10-01,fr,4,positive,Expérience globale,experience,"Une expérience magique, le monument est encore plus impressionnant en vrai.",Google Maps
R003719,2024-04-22,fr,4,positive,Personnel / Accueil,personnel,"Le staff est multilingue et très serviable, parfait pour les touristes.",TripAdvisor
R003720,2025-09-14,es,5,positive,Vue / Panorama,vue,"La vista desde la cima es impresionante, se ve todo París.",TripAdvisor
R003721,2025-06-23,de,2,negative,File d'attente,file_attente,"Riesige Schlangen auf jeder Ebene, sehr enttäuschend.",Google Maps
R003722,2024-04-19,en,5,positive,Expérience globale,experience,"Truly magical experience, the monument is even more impressive in person.",TripAdvisor
R003723,2025-08-07,de,4,positive,Expérience globale,experience,"Magische Erfahrung, das Monument ist live noch beeindruckender.",TripAdvisor
R003724,2024-03-08,es,4,positive,Vue / Panorama,vue,"La vista desde la cima es impresionante, se ve todo París.",TripAdvisor
R003725,2025-07-03,fr,5,positive,Vue / Panorama,vue,"Vue magnifique au coucher du soleil, un moment inoubliable avec ma famille.",TripAdvisor
R003726,2025-03-08,fr,5,positive,Expérience globale,experience,"Une expérience magique, le monument est encore plus impressionnant en vrai.",TripAdvisor
R003727,2024-09-10,en,5,positive,Vue / Panorama,vue,"Stunning panorama, especially at sunset. A must-visit in Paris.",Google Maps
R003728,2025-02-13,en,1,negative,Prix / Tarification,prix,Tickets are way too expensive for a family of four.,Google Maps
R003729,2025-07-26,fr,3,neutral,Général,generique,Monument iconique mais l'expérience reste classique.,TripAdvisor
R003730,2025-05-11,en,5,positive,Personnel / Accueil,personnel,"Great team, super welcoming and professional throughout.",Google Maps
R003731,2025-06-11,fr,1,negative,Prix / Tarification,prix,"Tarifs vraiment excessifs pour ce que c'est, beaucoup trop cher.",TripAdvisor
R003732,2025-03-16,fr,2,negative,Prix / Tarification,prix,"Le prix du billet est prohibitif, surtout pour une famille avec enfants.",Google Maps
R003733,2024-03-03,es,5,positive,Expérience globale,experience,"Experiencia mágica, el monumento es aún más impresionante en persona.",TripAdvisor
R003734,2024-09-01,fr,4,positive,Personnel / Accueil,personnel,"Le staff est multilingue et très serviable, parfait pour les touristes.",TripAdvisor
R003735,2025-04-28,en,2,negative,File d'attente,file_attente,"Endless lines at every floor, terrible organization.",TripAdvisor
R003736,2024-06-19,es,5,positive,Expérience globale,experience,"Experiencia mágica, el monumento es aún más impresionante en persona.",Booking
R003737,2025-05-28,es,5,positive,Vue / Panorama,vue,"La vista desde la cima es impresionante, se ve todo París.",TripAdvisor
R003738,2025-09-09,fr,1,negative,Propreté,proprete,"Beaucoup de déchets autour du monument, dommage pour l'image.",TripAdvisor
R003739,2024-10-12,en,5,positive,Vue / Panorama,vue,"The view from the top is absolutely breathtaking, you can see all of Paris.",TripAdvisor
R003740,2025-11-05,fr,5,positive,Vue / Panorama,vue,"La vue depuis le sommet est tout simplement à couper le souffle, Paris s'étend à perte de vue.",TripAdvisor
R003741,2025-03-13,es,2,negative,Prix / Tarification,prix,"Precios excesivos, sobre todo la comida en el lugar.",Booking
R003742,2025-09-16,en,5,positive,Personnel / Accueil,personnel,"Staff was very friendly and helpful, spoke perfect English.",TripAdvisor
R003743,2025-09-13,es,4,positive,Expérience globale,experience,"Visita perfecta en familia, los niños lo adoraron.",Google Maps
R003744,2024-09-29,en,4,positive,Vue / Panorama,vue,"The view from the top is absolutely breathtaking, you can see all of Paris.",TripAdvisor
R003745,2025-11-21,en,5,positive,Vue / Panorama,vue,"Stunning panorama, especially at sunset. A must-visit in Paris.",TripAdvisor
R003746,2024-07-05,en,5,positive,Personnel / Accueil,personnel,"Staff was very friendly and helpful, spoke perfect English.",TripAdvisor
R003747,2024-01-14,fr,5,positive,Personnel / Accueil,personnel,"Personnel très accueillant et professionnel, toujours souriant.",TripAdvisor
R003748,2024-04-26,en,5,positive,Expérience globale,experience,"Truly magical experience, the monument is even more impressive in person.",TripAdvisor
R003749,2024-04-08,es,4,positive,Vue / Panorama,vue,"Panorama espectacular al atardecer, momento inolvidable.",TripAdvisor
R003750,2025-05-31,en,1,negative,Prix / Tarification,prix,Tickets are way too expensive for a family of four.,TripAdvisor
R003751,2025-04-24,en,5,positive,Expérience globale,experience,"Truly magical experience, the monument is even more impressive in person.",Booking
R003752,2024-11-22,en,3,neutral,Général,generique,"Decent visit, nothing extraordinary but worth doing once.",TripAdvisor
R003753,2024-04-20,en,5,positive,Personnel / Accueil,personnel,"Staff was very friendly and helpful, spoke perfect English.",TripAdvisor
R003754,2025-06-01,en,4,positive,Personnel / Accueil,personnel,"Great team, super welcoming and professional throughout.",Booking
R003755,2024-01-24,it,5,positive,Vue / Panorama,vue,"Vista mozzafiato dalla cima, si vede tutta Parigi.",Google Maps
R003756,2024-05-22,fr,3,neutral,Général,generique,Ça vaut le coup de le voir une fois dans sa vie.,Google Maps
R003757,2025-07-05,en,5,positive,Expérience globale,experience,"Truly magical experience, the monument is even more impressive in person.",TripAdvisor
R003758,2024-10-24,de,5,positive,Vue / Panorama,vue,"Wunderschöner Panoramablick, vor allem bei Sonnenuntergang.",TripAdvisor
R003759,2025-11-11,es,2,negative,File d'attente,file_attente,"Cola interminable de más de 2 horas, una pesadilla.",TripAdvisor
R003760,2024-01-25,fr,1,negative,File d'attente,file_attente,"Attente beaucoup trop longue malgré la réservation en ligne, c'est inacceptable.",Google Maps
R003761,2025-02-14,en,5,positive,Vue / Panorama,vue,"Stunning panorama, especially at sunset. A must-visit in Paris.",Booking
R003762,2024-08-28,fr,5,positive,Expérience globale,experience,"Moment magique en famille, les enfants ont adoré.",TripAdvisor
R003763,2024-07-24,en,2,negative,Prix / Tarification,prix,Tickets are way too expensive for a family of four.,Google Maps
R003764,2025-06-22,fr,5,positive,Expérience globale,experience,"Une expérience magique, le monument est encore plus impressionnant en vrai.",Google Maps
R003765,2024-11-13,en,5,positive,Personnel / Accueil,personnel,"Staff was very friendly and helpful, spoke perfect English.",Google Maps
R003766,2024-10-12,en,5,positive,Expérience globale,experience,"Truly magical experience, the monument is even more impressive in person.",TripAdvisor
R003767,2025-09-28,en,3,neutral,Général,generique,"Decent visit, nothing extraordinary but worth doing once.",Google Maps
R003768,2024-03-31,fr,5,positive,Vue / Panorama,vue,"Spectacle incroyable de nuit avec les illuminations, je recommande absolument.",TripAdvisor
R003769,2024-03-25,en,5,positive,Expérience globale,experience,"Truly magical experience, the monument is even more impressive in person.",TripAdvisor
R003770,2025-08-08,fr,1,negative,Sécurité,securite,"Trop de vendeurs à la sauvette autour, sentiment d'insécurité.",TripAdvisor
R003771,2024-12-21,en,2,negative,Ascenseurs,ascenseur,"Only one lift working, massive wait to go back down.",Booking
R003772,2024-12-23,fr,3,neutral,Général,generique,"Visite correcte mais sans plus, attendu plus d'animations.",Google Maps
R003773,2025-03-19,it,2,negative,File d'attente,file_attente,"Coda interminabile di oltre 2 ore, un incubo.",TripAdvisor
R003774,2024-04-06,fr,5,positive,Expérience globale,experience,"Visite parfaite, organisation au top, je recommande vivement.",Google Maps
R003775,2025-04-30,it,2,negative,File d'attente,file_attente,"Coda interminabile di oltre 2 ore, un incubo.",Booking
R003776,2025-05-12,es,5,positive,Vue / Panorama,vue,"La vista desde la cima es impresionante, se ve todo París.",TripAdvisor
R003777,2024-05-08,en,5,positive,Personnel / Accueil,personnel,"Great team, super welcoming and professional throughout.",Google Maps
R003778,2025-03-18,en,3,neutral,Général,generique,"Decent visit, nothing extraordinary but worth doing once.",Google Maps
R003779,2025-02-10,de,2,negative,File d'attente,file_attente,"Endlose Warteschlange, über 2 Stunden trotz Online-Ticket.",Google Maps
R003780,2024-07-07,es,5,positive,Expérience globale,experience,"Experiencia mágica, el monumento es aún más impresionante en persona.",TripAdvisor
R003781,2024-07-18,en,5,positive,Expérience globale,experience,"Truly magical experience, the monument is even more impressive in person.",TripAdvisor
R003782,2024-07-10,en,3,neutral,Général,generique,"Decent visit, nothing extraordinary but worth doing once.",Google Maps
R003783,2025-08-20,en,1,negative,File d'attente,file_attente,"The queue was insane, plan a whole day for this visit.",TripAdvisor
R003784,2025-05-03,fr,5,positive,Vue / Panorama,vue,"Vue magnifique au coucher du soleil, un moment inoubliable avec ma famille.",TripAdvisor
R003785,2024-01-26,fr,5,positive,Expérience globale,experience,"Visite parfaite, organisation au top, je recommande vivement.",Google Maps
R003786,2024-01-31,fr,4,positive,Expérience globale,experience,"Moment magique en famille, les enfants ont adoré.",Booking
R003787,2025-03-27,de,3,neutral,Général,generique,"Decent visit, nothing extraordinary but worth doing once.",TripAdvisor
R003788,2024-05-22,it,5,positive,Vue / Panorama,vue,"Vista mozzafiato dalla cima, si vede tutta Parigi.",Google Maps
R003789,2025-07-01,it,5,positive,Vue / Panorama,vue,"Panorama spettacolare al tramonto, momento indimenticabile.",Google Maps
R003790,2024-02-27,fr,5,positive,Personnel / Accueil,personnel,"Accueil chaleureux et équipe efficace, merci pour cette belle visite.",Google Maps
R003791,2025-08-31,en,4,positive,Expérience globale,experience,"Truly magical experience, the monument is even more impressive in person.",Google Maps
R003792,2025-10-16,fr,3,neutral,Général,generique,Monument iconique mais l'expérience reste classique.,TripAdvisor
R003793,2024-01-19,fr,5,positive,Vue / Panorama,vue,"Panorama exceptionnel sur Paris, on voit jusqu'au Sacré-Cœur et la Défense.",TripAdvisor
R003794,2025-02-04,es,5,positive,Vue / Panorama,vue,"La vista desde la cima es impresionante, se ve todo París.",Google Maps
R003795,2025-10-20,fr,5,positive,Expérience globale,experience,"Une expérience magique, le monument est encore plus impressionnant en vrai.",Google Maps
R003796,2024-08-03,fr,5,positive,Vue / Panorama,vue,"Panorama exceptionnel sur Paris, on voit jusqu'au Sacré-Cœur et la Défense.",Google Maps
R003797,2025-05-25,en,4,positive,Vue / Panorama,vue,"The view from the top is absolutely breathtaking, you can see all of Paris.",Google Maps
R003798,2025-10-28,fr,5,positive,Personnel / Accueil,personnel,"Personnel très accueillant et professionnel, toujours souriant.",Google Maps
R003799,2025-04-25,fr,1,negative,Sécurité,securite,"Pickpockets très présents, faites très attention à vos affaires.",Booking
R003800,2024-04-04,es,5,positive,Vue / Panorama,vue,"Panorama espectacular al atardecer, momento inolvidable.",Google Maps
R003801,2025-05-22,es,5,positive,Expérience globale,experience,"Visita perfecta en familia, los niños lo adoraron.",TripAdvisor
R003802,2024-11-07,es,5,positive,Expérience globale,experience,"Experiencia mágica, el monumento es aún más impresionante en persona.",TripAdvisor
R003803,2025-11-02,en,4,positive,Expérience globale,experience,"Truly magical experience, the monument is even more impressive in person.",TripAdvisor
R003804,2025-06-10,en,5,positive,Personnel / Accueil,personnel,"Great team, super welcoming and professional throughout.",TripAdvisor
R003805,2024-08-22,es,5,positive,Vue / Panorama,vue,"Panorama espectacular al atardecer, momento inolvidable.",Google Maps
R003806,2025-05-21,de,2,negative,Prix / Tarification,prix,"Viel zu teuer, besonders Essen und Getränke.",TripAdvisor
R003807,2025-11-09,it,1,negative,Prix / Tarification,prix,"Prezzi eccessivi, soprattutto la ristorazione.",Google Maps
R003808,2024-10-24,en,5,positive,Vue / Panorama,vue,"Amazing 360 view, we could see the Sacre-Coeur and even further.",TripAdvisor
R003809,2025-03-16,es,1,negative,File d'attente,file_attente,Demasiada espera incluso con entradas online.,Booking
R003810,2024-01-25,en,3,neutral,Général,generique,"Iconic monument, the experience is okay overall.",Google Maps
R003811,2024-02-02,es,5,positive,Vue / Panorama,vue,"Panorama espectacular al atardecer, momento inolvidable.",Google Maps
R003812,2024-02-22,en,5,positive,Vue / Panorama,vue,"Amazing 360 view, we could see the Sacre-Coeur and even further.",TripAdvisor
R003813,2024-02-16,fr,3,neutral,Général,generique,Ça vaut le coup de le voir une fois dans sa vie.,Google Maps
R003814,2025-08-27,en,3,neutral,Général,generique,"Decent visit, nothing extraordinary but worth doing once.",TripAdvisor
R003815,2025-07-29,en,3,neutral,Général,generique,"Decent visit, nothing extraordinary but worth doing once.",Booking
R003816,2024-02-09,fr,4,positive,Expérience globale,experience,"Visite parfaite, organisation au top, je recommande vivement.",Google Maps
R003817,2024-07-08,en,1,negative,Ascenseurs,ascenseur,"Only one lift working, massive wait to go back down.",Booking
R003818,2025-04-20,fr,4,positive,Vue / Panorama,vue,"La vue depuis le sommet est tout simplement à couper le souffle, Paris s'étend à perte de vue.",Google Maps
R003819,2025-09-27,es,2,negative,File d'attente,file_attente,"Cola interminable de más de 2 horas, una pesadilla.",Google Maps
R003820,2025-11-03,es,4,positive,Vue / Panorama,vue,"La vista desde la cima es impresionante, se ve todo París.",TripAdvisor
R003821,2025-01-01,fr,3,neutral,Général,generique,Monument iconique mais l'expérience reste classique.,TripAdvisor
R003822,2025-01-24,en,5,positive,Expérience globale,experience,"Perfect family day, kids loved every minute of it.",Booking
R003823,2025-06-25,es,5,positive,Vue / Panorama,vue,"Panorama espectacular al atardecer, momento inolvidable.",TripAdvisor
R003824,2024-09-22,en,5,positive,Personnel / Accueil,personnel,"Great team, super welcoming and professional throughout.",Google Maps
R003825,2024-11-27,en,5,positive,Expérience globale,experience,"Truly magical experience, the monument is even more impressive in person.",TripAdvisor
R003826,2025-01-01,en,3,neutral,Général,generique,"Iconic monument, the experience is okay overall.",TripAdvisor
R003827,2024-07-09,en,1,negative,File d'attente,file_attente,"The queue was insane, plan a whole day for this visit.",Google Maps
R003828,2024-04-07,fr,4,positive,Vue / Panorama,vue,"Spectacle incroyable de nuit avec les illuminations, je recommande absolument.",Booking
R003829,2025-03-09,fr,5,positive,Personnel / Accueil,personnel,"Le staff est multilingue et très serviable, parfait pour les touristes.",Google Maps
R003830,2024-06-26,es,2,negative,Prix / Tarification,prix,Entradas demasiado caras para una familia.,Google Maps
R003831,2024-01-15,fr,5,positive,Vue / Panorama,vue,"Spectacle incroyable de nuit avec les illuminations, je recommande absolument.",Google Maps
R003832,2025-03-17,de,5,positive,Vue / Panorama,vue,"Die Aussicht vom Gipfel ist atemberaubend, ganz Paris liegt einem zu Füßen.",TripAdvisor
R003833,2025-05-20,es,5,positive,Expérience globale,experience,"Experiencia mágica, el monumento es aún más impresionante en persona.",Booking
R003834,2025-08-27,fr,5,positive,Personnel / Accueil,personnel,"Accueil chaleureux et équipe efficace, merci pour cette belle visite.",Google Maps
R003835,2024-04-12,de,4,positive,Expérience globale,experience,"Magische Erfahrung, das Monument ist live noch beeindruckender.",Booking
R003836,2024-12-18,it,5,positive,Vue / Panorama,vue,"Vista mozzafiato dalla cima, si vede tutta Parigi.",Google Maps
R003837,2025-09-14,fr,4,positive,Vue / Panorama,vue,"La vue depuis le sommet est tout simplement à couper le souffle, Paris s'étend à perte de vue.",Google Maps
R003838,2024-08-31,en,5,positive,Expérience globale,experience,"Truly magical experience, the monument is even more impressive in person.",TripAdvisor
R003839,2024-07-08,fr,5,positive,Personnel / Accueil,personnel,"Le staff est multilingue et très serviable, parfait pour les touristes.",Google Maps
R003840,2024-10-19,fr,1,negative,Ascenseurs,ascenseur,"Ascenseurs souvent en maintenance, prévoyez les escaliers.",Google Maps
R003841,2024-09-11,fr,5,positive,Expérience globale,experience,"Une expérience magique, le monument est encore plus impressionnant en vrai.",TripAdvisor
R003842,2024-06-09,en,5,positive,Vue / Panorama,vue,"The view from the top is absolutely breathtaking, you can see all of Paris.",Google Maps
R003843,2025-02-21,en,5,positive,Expérience globale,experience,"Truly magical experience, the monument is even more impressive in person.",TripAdvisor
R003844,2025-02-03,en,3,neutral,Général,generique,"Decent visit, nothing extraordinary but worth doing once.",Booking
R003845,2025-06-05,it,2,negative,Prix / Tarification,prix,"Prezzi eccessivi, soprattutto la ristorazione.",TripAdvisor
R003846,2025-05-30,en,1,negative,File d'attente,file_attente,"Endless lines at every floor, terrible organization.",TripAdvisor
R003847,2024-03-18,es,5,positive,Vue / Panorama,vue,"La vista desde la cima es impresionante, se ve todo París.",Google Maps
R003848,2024-01-28,en,1,negative,Sécurité,securite,Felt unsafe with all the street vendors harassing tourists.,TripAdvisor
R003849,2024-10-26,en,2,negative,Sécurité,securite,"Watch out for pickpockets, they are everywhere around the tower.",TripAdvisor
R003850,2024-07-20,en,5,positive,Expérience globale,experience,"Truly magical experience, the monument is even more impressive in person.",TripAdvisor
R003851,2025-10-23,fr,4,positive,Vue / Panorama,vue,"La vue depuis le sommet est tout simplement à couper le souffle, Paris s'étend à perte de vue.",TripAdvisor
R003852,2024-11-13,es,5,positive,Expérience globale,experience,"Experiencia mágica, el monumento es aún más impresionante en persona.",Google Maps
R003853,2025-02-10,de,5,positive,Expérience globale,experience,"Magische Erfahrung, das Monument ist live noch beeindruckender.",TripAdvisor
R003854,2024-07-29,en,5,positive,Vue / Panorama,vue,"Amazing 360 view, we could see the Sacre-Coeur and even further.",TripAdvisor
R003855,2025-07-03,en,5,positive,Personnel / Accueil,personnel,"Great team, super welcoming and professional throughout.",Google Maps
R003856,2024-09-06,fr,1,negative,Sécurité,securite,"Trop de vendeurs à la sauvette autour, sentiment d'insécurité.",Google Maps
R003857,2024-11-17,en,5,positive,Vue / Panorama,vue,"The view from the top is absolutely breathtaking, you can see all of Paris.",TripAdvisor
R003858,2024-01-03,fr,4,positive,Vue / Panorama,vue,"Vue magnifique au coucher du soleil, un moment inoubliable avec ma famille.",TripAdvisor
R003859,2025-07-17,en,4,positive,Personnel / Accueil,personnel,"Staff was very friendly and helpful, spoke perfect English.",Google Maps
R003860,2025-10-14,en,5,positive,Expérience globale,experience,"Perfect family day, kids loved every minute of it.",TripAdvisor
R003861,2025-05-05,en,5,positive,Expérience globale,experience,"Truly magical experience, the monument is even more impressive in person.",Booking
R003862,2025-03-14,es,5,positive,Expérience globale,experience,"Visita perfecta en familia, los niños lo adoraron.",TripAdvisor
R003863,2024-04-12,fr,4,positive,Vue / Panorama,vue,"La vue depuis le sommet est tout simplement à couper le souffle, Paris s'étend à perte de vue.",Google Maps
R003864,2025-03-20,it,3,neutral,Général,generique,"Decent visit, nothing extraordinary but worth doing once.",TripAdvisor
R003865,2024-04-16,en,3,neutral,Général,generique,"Iconic monument, the experience is okay overall.",TripAdvisor
R003866,2025-08-21,en,5,positive,Vue / Panorama,vue,"The view from the top is absolutely breathtaking, you can see all of Paris.",Google Maps
R003867,2025-01-07,en,1,negative,Ascenseurs,ascenseur,"Only one lift working, massive wait to go back down.",TripAdvisor
R003868,2024-04-27,en,5,positive,Personnel / Accueil,personnel,"Great team, super welcoming and professional throughout.",Google Maps
R003869,2025-12-01,en,5,positive,Vue / Panorama,vue,"Stunning panorama, especially at sunset. A must-visit in Paris.",Google Maps
R003870,2024-09-03,en,2,negative,Sécurité,securite,"Watch out for pickpockets, they are everywhere around the tower.",Google Maps
R003871,2025-03-27,en,5,positive,Personnel / Accueil,personnel,"Great team, super welcoming and professional throughout.",Google Maps
R003872,2024-07-19,de,5,positive,Expérience globale,experience,"Magische Erfahrung, das Monument ist live noch beeindruckender.",Google Maps
R003873,2024-05-23,de,4,positive,Expérience globale,experience,"Magische Erfahrung, das Monument ist live noch beeindruckender.",TripAdvisor
R003874,2024-11-05,en,2,negative,Ascenseurs,ascenseur,"Only one lift working, massive wait to go back down.",TripAdvisor
R003875,2024-08-11,en,4,positive,Personnel / Accueil,personnel,"Great team, super welcoming and professional throughout.",TripAdvisor
R003876,2025-12-01,it,5,positive,Vue / Panorama,vue,"Panorama spettacolare al tramonto, momento indimenticabile.",TripAdvisor
R003877,2024-04-25,en,5,positive,Vue / Panorama,vue,"Stunning panorama, especially at sunset. A must-visit in Paris.",Google Maps
R003878,2024-01-28,it,1,negative,File d'attente,file_attente,"Coda interminabile di oltre 2 ore, un incubo.",Google Maps
R003879,2025-05-09,en,5,positive,Expérience globale,experience,"Perfect family day, kids loved every minute of it.",Booking
R003880,2025-07-08,fr,4,positive,Vue / Panorama,vue,"La vue depuis le sommet est tout simplement à couper le souffle, Paris s'étend à perte de vue.",TripAdvisor
R003881,2024-08-20,en,3,neutral,Général,generique,"Iconic monument, the experience is okay overall.",Google Maps
R003882,2025-08-31,fr,5,positive,Vue / Panorama,vue,"Panorama exceptionnel sur Paris, on voit jusqu'au Sacré-Cœur et la Défense.",TripAdvisor
R003883,2024-08-16,en,5,positive,Vue / Panorama,vue,"Stunning panorama, especially at sunset. A must-visit in Paris.",TripAdvisor
R003884,2024-05-28,fr,5,positive,Personnel / Accueil,personnel,"Accueil chaleureux et équipe efficace, merci pour cette belle visite.",Google Maps
R003885,2024-05-07,fr,4,positive,Vue / Panorama,vue,"Panorama exceptionnel sur Paris, on voit jusqu'au Sacré-Cœur et la Défense.",Google Maps
R003886,2025-02-14,fr,5,positive,Personnel / Accueil,personnel,"Accueil chaleureux et équipe efficace, merci pour cette belle visite.",Google Maps
R003887,2025-05-03,de,5,positive,Expérience globale,experience,"Magische Erfahrung, das Monument ist live noch beeindruckender.",Google Maps
R003888,2024-05-18,en,5,positive,Expérience globale,experience,"Truly magical experience, the monument is even more impressive in person.",TripAdvisor
R003889,2024-12-30,fr,5,positive,Personnel / Accueil,personnel,"Le staff est multilingue et très serviable, parfait pour les touristes.",Google Maps
R003890,2024-01-10,fr,5,positive,Expérience globale,experience,"Une expérience magique, le monument est encore plus impressionnant en vrai.",TripAdvisor
R003891,2024-04-06,en,2,negative,Ascenseurs,ascenseur,"Only one lift working, massive wait to go back down.",Booking
R003892,2025-01-10,fr,5,positive,Expérience globale,experience,"Visite parfaite, organisation au top, je recommande vivement.",Google Maps
R003893,2024-11-08,en,5,positive,Personnel / Accueil,personnel,"Staff was very friendly and helpful, spoke perfect English.",Google Maps
R003894,2025-08-10,fr,3,neutral,Général,generique,"Visite correcte mais sans plus, attendu plus d'animations.",Google Maps
R003895,2025-06-27,fr,3,neutral,Général,generique,Monument iconique mais l'expérience reste classique.,Booking
R003896,2025-03-12,fr,5,positive,Vue / Panorama,vue,"La vue depuis le sommet est tout simplement à couper le souffle, Paris s'étend à perte de vue.",Booking
R003897,2024-07-18,en,1,negative,Prix / Tarification,prix,"Ridiculously overpriced, especially food and drinks.",TripAdvisor
R003898,2025-06-23,fr,2,negative,File d'attente,file_attente,"Attente beaucoup trop longue malgré la réservation en ligne, c'est inacceptable.",TripAdvisor
R003899,2024-02-27,en,2,negative,File d'attente,file_attente,"The queue was insane, plan a whole day for this visit.",TripAdvisor
R003900,2024-12-06,en,5,positive,Expérience globale,experience,"Perfect family day, kids loved every minute of it.",Google Maps
R003901,2025-08-23,en,5,positive,Vue / Panorama,vue,"Amazing 360 view, we could see the Sacre-Coeur and even further.",Google Maps
R003902,2024-06-06,es,5,positive,Expérience globale,experience,"Experiencia mágica, el monumento es aún más impresionante en persona.",TripAdvisor
R003903,2025-03-24,en,3,neutral,Général,generique,"Decent visit, nothing extraordinary but worth doing once.",Google Maps
R003904,2024-03-09,fr,5,positive,Expérience globale,experience,"Une expérience magique, le monument est encore plus impressionnant en vrai.",Google Maps
R003905,2025-03-07,de,3,neutral,Général,generique,"Iconic monument, the experience is okay overall.",Google Maps
R003906,2024-02-08,de,5,positive,Vue / Panorama,vue,"Die Aussicht vom Gipfel ist atemberaubend, ganz Paris liegt einem zu Füßen.",TripAdvisor
R003907,2024-04-10,en,5,positive,Expérience globale,experience,"Perfect family day, kids loved every minute of it.",Google Maps
R003908,2025-02-02,es,4,positive,Expérience globale,experience,"Experiencia mágica, el monumento es aún más impresionante en persona.",TripAdvisor
R003909,2025-11-08,fr,5,positive,Personnel / Accueil,personnel,"Accueil chaleureux et équipe efficace, merci pour cette belle visite.",Google Maps
R003910,2025-08-16,es,1,negative,Prix / Tarification,prix,Entradas demasiado caras para una familia.,Google Maps
R003911,2025-09-17,fr,5,positive,Expérience globale,experience,"Une expérience magique, le monument est encore plus impressionnant en vrai.",Google Maps
R003912,2024-07-11,fr,5,positive,Personnel / Accueil,personnel,"Accueil chaleureux et équipe efficace, merci pour cette belle visite.",TripAdvisor
R003913,2025-06-04,it,3,neutral,Général,generique,"Iconic monument, the experience is okay overall.",TripAdvisor
R003914,2025-04-08,de,5,positive,Expérience globale,experience,"Magische Erfahrung, das Monument ist live noch beeindruckender.",TripAdvisor
R003915,2024-01-12,en,5,positive,Expérience globale,experience,"Truly magical experience, the monument is even more impressive in person.",Google Maps
R003916,2024-10-03,fr,5,positive,Vue / Panorama,vue,"Panorama exceptionnel sur Paris, on voit jusqu'au Sacré-Cœur et la Défense.",TripAdvisor
R003917,2025-02-25,en,3,neutral,Général,generique,"Decent visit, nothing extraordinary but worth doing once.",Google Maps
R003918,2024-01-15,fr,1,negative,Propreté,proprete,"Beaucoup de déchets autour du monument, dommage pour l'image.",TripAdvisor
R003919,2024-10-30,en,1,negative,Ascenseurs,ascenseur,"Only one lift working, massive wait to go back down.",Google Maps
R003920,2024-06-10,en,3,neutral,Général,generique,"Decent visit, nothing extraordinary but worth doing once.",Google Maps
R003921,2024-11-11,fr,2,negative,Ascenseurs,ascenseur,"Ascenseur en panne le jour de notre visite, déception totale.",TripAdvisor
R003922,2025-11-15,en,3,neutral,Général,generique,"Decent visit, nothing extraordinary but worth doing once.",Google Maps
R003923,2024-01-09,en,5,positive,Personnel / Accueil,personnel,"Great team, super welcoming and professional throughout.",Google Maps
R003924,2025-07-06,en,4,positive,Personnel / Accueil,personnel,"Great team, super welcoming and professional throughout.",Google Maps
R003925,2025-10-13,fr,5,positive,Vue / Panorama,vue,"Vue magnifique au coucher du soleil, un moment inoubliable avec ma famille.",TripAdvisor
R003926,2025-01-29,es,3,neutral,Général,generique,"Decent visit, nothing extraordinary but worth doing once.",Google Maps
R003927,2024-11-21,en,2,negative,File d'attente,file_attente,"Waited over 2 hours in line even with online tickets, awful.",TripAdvisor
R003928,2024-06-27,en,4,positive,Expérience globale,experience,"Truly magical experience, the monument is even more impressive in person.",TripAdvisor
R003929,2024-06-20,en,5,positive,Expérience globale,experience,"Perfect family day, kids loved every minute of it.",Google Maps
R003930,2024-03-07,fr,4,positive,Vue / Panorama,vue,"Vue magnifique au coucher du soleil, un moment inoubliable avec ma famille.",Google Maps
R003931,2024-11-08,en,2,negative,File d'attente,file_attente,"Endless lines at every floor, terrible organization.",TripAdvisor
R003932,2025-01-22,en,3,neutral,Général,generique,"Decent visit, nothing extraordinary but worth doing once.",TripAdvisor
R003933,2024-11-03,fr,1,negative,Ascenseurs,ascenseur,"Un seul ascenseur fonctionnait, attente énorme pour redescendre.",Google Maps
R003934,2025-01-14,en,4,positive,Vue / Panorama,vue,"Stunning panorama, especially at sunset. A must-visit in Paris.",TripAdvisor
R003935,2025-06-03,it,5,positive,Vue / Panorama,vue,"Panorama spettacolare al tramonto, momento indimenticabile.",TripAdvisor
R003936,2025-07-29,es,1,negative,File d'attente,file_attente,Demasiada espera incluso con entradas online.,TripAdvisor
R003937,2024-01-22,it,3,neutral,Général,generique,"Iconic monument, the experience is okay overall.",TripAdvisor
R003938,2024-06-16,fr,2,negative,File d'attente,file_attente,"Queue énorme à chaque étage, prévoir une journée entière.",Booking
R003939,2025-05-06,de,2,negative,Prix / Tarification,prix,"Viel zu teuer, besonders Essen und Getränke.",Google Maps
R003940,2024-08-02,de,4,positive,Expérience globale,experience,"Magische Erfahrung, das Monument ist live noch beeindruckender.",TripAdvisor
R003941,2024-02-15,fr,3,neutral,Général,generique,Monument iconique mais l'expérience reste classique.,TripAdvisor
R003942,2025-08-29,fr,4,positive,Vue / Panorama,vue,"La vue depuis le sommet est tout simplement à couper le souffle, Paris s'étend à perte de vue.",Google Maps
R003943,2024-10-08,en,4,positive,Expérience globale,experience,"Perfect family day, kids loved every minute of it.",Booking
R003944,2025-03-20,es,5,positive,Expérience globale,experience,"Visita perfecta en familia, los niños lo adoraron.",TripAdvisor
R003945,2024-04-19,en,4,positive,Personnel / Accueil,personnel,"Great team, super welcoming and professional throughout.",TripAdvisor
R003946,2024-09-24,de,1,negative,Prix / Tarification,prix,"Viel zu teuer, besonders Essen und Getränke.",Google Maps
R003947,2025-04-03,de,5,positive,Vue / Panorama,vue,"Wunderschöner Panoramablick, vor allem bei Sonnenuntergang.",TripAdvisor
R003948,2024-01-01,en,2,negative,Sécurité,securite,Felt unsafe with all the street vendors harassing tourists.,Google Maps
R003949,2025-01-28,fr,2,negative,Propreté,proprete,"Toilettes pas très propres au deuxième étage, à améliorer.",TripAdvisor
R003950,2024-10-17,fr,4,positive,Expérience globale,experience,"Moment magique en famille, les enfants ont adoré.",Google Maps
R003951,2024-10-11,it,4,positive,Vue / Panorama,vue,"Panorama spettacolare al tramonto, momento indimenticabile.",TripAdvisor
R003952,2025-08-13,de,2,negative,Prix / Tarification,prix,"Viel zu teuer, besonders Essen und Getränke.",Google Maps
R003953,2024-09-27,fr,5,positive,Vue / Panorama,vue,"Panorama exceptionnel sur Paris, on voit jusqu'au Sacré-Cœur et la Défense.",Booking
R003954,2025-04-01,es,5,positive,Expérience globale,experience,"Experiencia mágica, el monumento es aún más impresionante en persona.",TripAdvisor
R003955,2025-11-29,it,3,neutral,Général,generique,"Decent visit, nothing extraordinary but worth doing once.",Google Maps
R003956,2024-06-25,en,3,neutral,Général,generique,"Iconic monument, the experience is okay overall.",Google Maps
R003957,2024-09-12,de,5,positive,Vue / Panorama,vue,"Wunderschöner Panoramablick, vor allem bei Sonnenuntergang.",Google Maps
R003958,2024-02-23,fr,5,positive,Expérience globale,experience,"Visite parfaite, organisation au top, je recommande vivement.",Google Maps
R003959,2024-03-27,fr,5,positive,Vue / Panorama,vue,"La vue depuis le sommet est tout simplement à couper le souffle, Paris s'étend à perte de vue.",TripAdvisor
R003960,2024-03-27,fr,2,negative,Propreté,proprete,"Beaucoup de déchets autour du monument, dommage pour l'image.",Booking
R003961,2025-05-16,en,4,positive,Personnel / Accueil,personnel,"Great team, super welcoming and professional throughout.",TripAdvisor
R003962,2025-02-28,en,1,negative,File d'attente,file_attente,"Waited over 2 hours in line even with online tickets, awful.",TripAdvisor
R003963,2024-10-15,it,1,negative,File d'attente,file_attente,"Coda interminabile di oltre 2 ore, un incubo.",TripAdvisor
R003964,2024-09-07,en,5,positive,Expérience globale,experience,"Perfect family day, kids loved every minute of it.",TripAdvisor
R003965,2025-03-26,en,1,negative,Prix / Tarification,prix,"Ridiculously overpriced, especially food and drinks.",Google Maps
R003966,2024-05-07,fr,2,negative,File d'attente,file_attente,"Attente beaucoup trop longue malgré la réservation en ligne, c'est inacceptable.",Google Maps
R003967,2025-03-14,fr,3,neutral,Général,generique,Monument iconique mais l'expérience reste classique.,TripAdvisor
R003968,2024-11-16,en,5,positive,Vue / Panorama,vue,"Stunning panorama, especially at sunset. A must-visit in Paris.",Google Maps
R003969,2024-09-28,en,3,neutral,Général,generique,"Iconic monument, the experience is okay overall.",Google Maps
R003970,2025-10-27,it,3,neutral,Général,generique,"Iconic monument, the experience is okay overall.",TripAdvisor
R003971,2024-07-13,fr,5,positive,Personnel / Accueil,personnel,"Personnel très accueillant et professionnel, toujours souriant.",TripAdvisor
R003972,2025-04-21,en,5,positive,Vue / Panorama,vue,"The view from the top is absolutely breathtaking, you can see all of Paris.",TripAdvisor
R003973,2025-05-06,en,5,positive,Vue / Panorama,vue,"The view from the top is absolutely breathtaking, you can see all of Paris.",TripAdvisor
R003974,2024-03-31,en,4,positive,Personnel / Accueil,personnel,"Great team, super welcoming and professional throughout.",TripAdvisor
R003975,2024-02-29,es,2,negative,File d'attente,file_attente,"Cola interminable de más de 2 horas, una pesadilla.",Google Maps
R003976,2025-01-16,en,5,positive,Personnel / Accueil,personnel,"Staff was very friendly and helpful, spoke perfect English.",TripAdvisor
R003977,2025-06-21,es,5,positive,Expérience globale,experience,"Visita perfecta en familia, los niños lo adoraron.",Booking
R003978,2024-07-03,es,1,negative,Prix / Tarification,prix,Entradas demasiado caras para una familia.,Booking
R003979,2025-10-08,de,5,positive,Expérience globale,experience,"Magische Erfahrung, das Monument ist live noch beeindruckender.",Google Maps
R003980,2025-08-07,de,2,negative,File d'attente,file_attente,"Riesige Schlangen auf jeder Ebene, sehr enttäuschend.",Google Maps
R003981,2025-11-12,fr,2,negative,Ascenseurs,ascenseur,"Ascenseurs souvent en maintenance, prévoyez les escaliers.",TripAdvisor
R003982,2024-03-23,en,5,positive,Expérience globale,experience,"Perfect family day, kids loved every minute of it.",TripAdvisor
R003983,2025-04-03,fr,3,neutral,Général,generique,Ça vaut le coup de le voir une fois dans sa vie.,Google Maps
R003984,2025-04-04,fr,5,positive,Personnel / Accueil,personnel,"Accueil chaleureux et équipe efficace, merci pour cette belle visite.",TripAdvisor
R003985,2024-10-14,fr,2,negative,Propreté,proprete,"Beaucoup de déchets autour du monument, dommage pour l'image.",Google Maps
R003986,2024-01-17,es,5,positive,Expérience globale,experience,"Experiencia mágica, el monumento es aún más impresionante en persona.",Google Maps
R003987,2025-10-19,en,4,positive,Personnel / Accueil,personnel,"Great team, super welcoming and professional throughout.",Google Maps
R003988,2024-07-03,fr,4,positive,Vue / Panorama,vue,"Panorama exceptionnel sur Paris, on voit jusqu'au Sacré-Cœur et la Défense.",Google Maps
R003989,2025-05-07,fr,5,positive,Personnel / Accueil,personnel,"Personnel très accueillant et professionnel, toujours souriant.",Google Maps
R003990,2024-12-29,en,4,positive,Vue / Panorama,vue,"The view from the top is absolutely breathtaking, you can see all of Paris.",TripAdvisor
R003991,2024-11-10,de,5,positive,Expérience globale,experience,"Magische Erfahrung, das Monument ist live noch beeindruckender.",TripAdvisor
R003992,2025-05-27,fr,5,positive,Vue / Panorama,vue,"Vue magnifique au coucher du soleil, un moment inoubliable avec ma famille.",TripAdvisor
R003993,2024-12-01,fr,4,positive,Personnel / Accueil,personnel,"Personnel très accueillant et professionnel, toujours souriant.",Google Maps
R003994,2024-08-19,fr,4,positive,Expérience globale,experience,"Moment magique en famille, les enfants ont adoré.",Google Maps
R003995,2025-11-29,en,5,positive,Personnel / Accueil,personnel,"Staff was very friendly and helpful, spoke perfect English.",Google Maps
R003996,2024-07-27,de,5,positive,Expérience globale,experience,"Magische Erfahrung, das Monument ist live noch beeindruckender.",TripAdvisor
R003997,2024-05-24,fr,4,positive,Expérience globale,experience,"Moment magique en famille, les enfants ont adoré.",TripAdvisor
R003998,2024-03-21,en,5,positive,Personnel / Accueil,personnel,"Great team, super welcoming and professional throughout.",TripAdvisor
R003999,2024-05-01,it,3,neutral,Général,generique,"Decent visit, nothing extraordinary but worth doing once.",TripAdvisor
R004000,2025-06-19,en,5,positive,Expérience globale,experience,"Truly magical experience, the monument is even more impressive in person.",TripAdvisor
R004001,2025-07-21,de,2,negative,File d'attente,file_attente,"Endlose Warteschlange, über 2 Stunden trotz Online-Ticket.",Booking
R004002,2025-09-27,en,2,negative,File d'attente,file_attente,"The queue was insane, plan a whole day for this visit.",TripAdvisor
R004003,2024-11-14,en,3,neutral,Général,generique,"Decent visit, nothing extraordinary but worth doing once.",Google Maps
R004004,2025-06-29,it,5,positive,Vue / Panorama,vue,"Vista mozzafiato dalla cima, si vede tutta Parigi.",TripAdvisor
R004005,2024-06-26,fr,5,positive,Personnel / Accueil,personnel,"Personnel très accueillant et professionnel, toujours souriant.",TripAdvisor
R004006,2024-09-04,fr,2,negative,Ascenseurs,ascenseur,"Ascenseurs souvent en maintenance, prévoyez les escaliers.",Booking
R004007,2024-03-05,de,3,neutral,Général,generique,"Decent visit, nothing extraordinary but worth doing once.",Google Maps
R004008,2024-03-30,fr,3,neutral,Général,generique,"Visite correcte mais sans plus, attendu plus d'animations.",TripAdvisor
R004009,2024-12-30,en,5,positive,Vue / Panorama,vue,"Stunning panorama, especially at sunset. A must-visit in Paris.",TripAdvisor
R004010,2024-02-09,de,3,neutral,Général,generique,"Decent visit, nothing extraordinary but worth doing once.",TripAdvisor
R004011,2025-11-18,es,5,positive,Expérience globale,experience,"Visita perfecta en familia, los niños lo adoraron.",Google Maps
R004012,2024-11-06,de,5,positive,Expérience globale,experience,"Magische Erfahrung, das Monument ist live noch beeindruckender.",Google Maps
R004013,2024-11-08,fr,5,positive,Expérience globale,experience,"Moment magique en famille, les enfants ont adoré.",TripAdvisor
R004014,2025-09-20,de,4,positive,Vue / Panorama,vue,"Die Aussicht vom Gipfel ist atemberaubend, ganz Paris liegt einem zu Füßen.",Google Maps
R004015,2024-03-25,en,5,positive,Vue / Panorama,vue,"Stunning panorama, especially at sunset. A must-visit in Paris.",Booking
R004016,2025-01-26,de,2,negative,File d'attente,file_attente,"Riesige Schlangen auf jeder Ebene, sehr enttäuschend.",Booking
R004017,2025-06-23,en,5,positive,Vue / Panorama,vue,"The view from the top is absolutely breathtaking, you can see all of Paris.",Google Maps
R004018,2024-05-24,fr,5,positive,Expérience globale,experience,"Une expérience magique, le monument est encore plus impressionnant en vrai.",TripAdvisor
R004019,2025-05-26,en,5,positive,Expérience globale,experience,"Truly magical experience, the monument is even more impressive in person.",TripAdvisor
R004020,2024-02-01,en,5,positive,Personnel / Accueil,personnel,"Great team, super welcoming and professional throughout.",Google Maps
R004021,2024-01-12,en,5,positive,Expérience globale,experience,"Truly magical experience, the monument is even more impressive in person.",TripAdvisor
R004022,2024-05-15,fr,1,negative,Ascenseurs,ascenseur,"Un seul ascenseur fonctionnait, attente énorme pour redescendre.",Google Maps
R004023,2025-10-22,en,1,negative,Prix / Tarification,prix,"Ridiculously overpriced, especially food and drinks.",Google Maps
R004024,2024-09-17,de,5,positive,Expérience globale,experience,"Magische Erfahrung, das Monument ist live noch beeindruckender.",Google Maps
R004025,2024-03-31,en,3,neutral,Général,generique,"Iconic monument, the experience is okay overall.",TripAdvisor
R004026,2025-06-08,fr,2,negative,File d'attente,file_attente,"Attente beaucoup trop longue malgré la réservation en ligne, c'est inacceptable.",Google Maps
R004027,2025-01-24,es,4,positive,Vue / Panorama,vue,"Panorama espectacular al atardecer, momento inolvidable.",TripAdvisor
R004028,2025-01-02,en,4,positive,Vue / Panorama,vue,"Stunning panorama, especially at sunset. A must-visit in Paris.",Google Maps
R004029,2025-08-16,de,4,positive,Expérience globale,experience,"Magische Erfahrung, das Monument ist live noch beeindruckender.",TripAdvisor
R004030,2024-09-22,de,1,negative,Prix / Tarification,prix,"Viel zu teuer, besonders Essen und Getränke.",TripAdvisor
R004031,2024-05-17,fr,5,positive,Expérience globale,experience,"Visite parfaite, organisation au top, je recommande vivement.",TripAdvisor
R004032,2025-01-25,en,5,positive,Expérience globale,experience,"Perfect family day, kids loved every minute of it.",TripAdvisor
R004033,2024-07-29,en,3,neutral,Général,generique,"Decent visit, nothing extraordinary but worth doing once.",TripAdvisor
R004034,2024-01-24,it,5,positive,Vue / Panorama,vue,"Vista mozzafiato dalla cima, si vede tutta Parigi.",Google Maps
R004035,2024-10-13,it,1,negative,File d'attente,file_attente,"Coda interminabile di oltre 2 ore, un incubo.",TripAdvisor
R004036,2025-09-22,en,2,negative,Sécurité,securite,"Watch out for pickpockets, they are everywhere around the tower.",TripAdvisor
R004037,2025-06-17,en,5,positive,Vue / Panorama,vue,"Amazing 360 view, we could see the Sacre-Coeur and even further.",Google Maps
R004038,2025-08-06,it,5,positive,Vue / Panorama,vue,"Vista mozzafiato dalla cima, si vede tutta Parigi.",TripAdvisor
R004039,2025-07-30,fr,2,negative,File d'attente,file_attente,"Attente beaucoup trop longue malgré la réservation en ligne, c'est inacceptable.",Google Maps
R004040,2025-08-25,it,5,positive,Vue / Panorama,vue,"Vista mozzafiato dalla cima, si vede tutta Parigi.",TripAdvisor
R004041,2025-07-31,fr,2,negative,Propreté,proprete,"Toilettes pas très propres au deuxième étage, à améliorer.",TripAdvisor
R004042,2025-07-23,fr,1,negative,Propreté,proprete,"Beaucoup de déchets autour du monument, dommage pour l'image.",TripAdvisor
R004043,2024-12-05,en,5,positive,Expérience globale,experience,"Perfect family day, kids loved every minute of it.",TripAdvisor
R004044,2025-11-09,en,5,positive,Vue / Panorama,vue,"Stunning panorama, especially at sunset. A must-visit in Paris.",Google Maps
R004045,2025-07-03,fr,3,neutral,Général,generique,Ça vaut le coup de le voir une fois dans sa vie.,Booking
R004046,2024-08-02,es,4,positive,Vue / Panorama,vue,"La vista desde la cima es impresionante, se ve todo París.",TripAdvisor
R004047,2025-03-08,de,5,positive,Expérience globale,experience,"Magische Erfahrung, das Monument ist live noch beeindruckender.",TripAdvisor
R004048,2024-10-12,en,5,positive,Vue / Panorama,vue,"Amazing 360 view, we could see the Sacre-Coeur and even further.",TripAdvisor
R004049,2025-08-11,en,5,positive,Personnel / Accueil,personnel,"Great team, super welcoming and professional throughout.",TripAdvisor
R004050,2025-05-04,fr,4,positive,Expérience globale,experience,"Une expérience magique, le monument est encore plus impressionnant en vrai.",TripAdvisor
R004051,2025-09-29,en,2,negative,Ascenseurs,ascenseur,"Elevator broke down during our visit, total disappointment.",TripAdvisor
R004052,2024-03-06,en,5,positive,Personnel / Accueil,personnel,"Staff was very friendly and helpful, spoke perfect English.",Google Maps
R004053,2024-11-26,fr,5,positive,Expérience globale,experience,"Une expérience magique, le monument est encore plus impressionnant en vrai.",Google Maps
R004054,2024-08-17,es,1,negative,Prix / Tarification,prix,Entradas demasiado caras para una familia.,TripAdvisor
R004055,2025-03-22,en,2,negative,File d'attente,file_attente,"The queue was insane, plan a whole day for this visit.",TripAdvisor
R004056,2024-01-09,fr,5,positive,Expérience globale,experience,"Moment magique en famille, les enfants ont adoré.",Booking
R004057,2025-05-31,fr,3,neutral,Général,generique,Ça vaut le coup de le voir une fois dans sa vie.,Google Maps
R004058,2024-12-01,fr,4,positive,Vue / Panorama,vue,"La vue depuis le sommet est tout simplement à couper le souffle, Paris s'étend à perte de vue.",Google Maps
R004059,2024-10-14,en,4,positive,Personnel / Accueil,personnel,"Staff was very friendly and helpful, spoke perfect English.",Google Maps
R004060,2025-07-20,es,5,positive,Vue / Panorama,vue,"Panorama espectacular al atardecer, momento inolvidable.",TripAdvisor
R004061,2025-10-10,en,2,negative,Sécurité,securite,"Watch out for pickpockets, they are everywhere around the tower.",Google Maps
R004062,2025-07-20,it,5,positive,Vue / Panorama,vue,"Vista mozzafiato dalla cima, si vede tutta Parigi.",TripAdvisor
R004063,2025-01-18,es,5,positive,Vue / Panorama,vue,"Panorama espectacular al atardecer, momento inolvidable.",Google Maps
R004064,2024-12-20,en,4,positive,Expérience globale,experience,"Perfect family day, kids loved every minute of it.",TripAdvisor
R004065,2025-08-22,fr,3,neutral,Général,generique,"Visite correcte mais sans plus, attendu plus d'animations.",TripAdvisor
R004066,2025-02-16,en,5,positive,Personnel / Accueil,personnel,"Great team, super welcoming and professional throughout.",Google Maps
R004067,2025-02-08,fr,5,positive,Expérience globale,experience,"Visite parfaite, organisation au top, je recommande vivement.",Booking
R004068,2024-06-05,de,5,positive,Vue / Panorama,vue,"Die Aussicht vom Gipfel ist atemberaubend, ganz Paris liegt einem zu Füßen.",Google Maps
R004069,2025-01-08,es,5,positive,Expérience globale,experience,"Experiencia mágica, el monumento es aún más impresionante en persona.",Google Maps
R004070,2025-10-26,fr,5,positive,Personnel / Accueil,personnel,"Le staff est multilingue et très serviable, parfait pour les touristes.",Google Maps
R004071,2024-11-23,fr,5,positive,Vue / Panorama,vue,"Spectacle incroyable de nuit avec les illuminations, je recommande absolument.",Google Maps
R004072,2025-09-13,fr,4,positive,Vue / Panorama,vue,"Spectacle incroyable de nuit avec les illuminations, je recommande absolument.",TripAdvisor
R004073,2025-07-28,en,4,positive,Personnel / Accueil,personnel,"Great team, super welcoming and professional throughout.",Google Maps
R004074,2025-07-30,es,2,negative,Prix / Tarification,prix,"Precios excesivos, sobre todo la comida en el lugar.",Google Maps
R004075,2025-01-14,de,5,positive,Vue / Panorama,vue,"Wunderschöner Panoramablick, vor allem bei Sonnenuntergang.",TripAdvisor
R004076,2025-09-10,en,2,negative,Ascenseurs,ascenseur,"Elevator broke down during our visit, total disappointment.",Google Maps
R004077,2024-07-01,en,2,negative,Sécurité,securite,Felt unsafe with all the street vendors harassing tourists.,Google Maps
R004078,2025-05-02,en,5,positive,Expérience globale,experience,"Perfect family day, kids loved every minute of it.",TripAdvisor
R004079,2025-01-05,en,5,positive,Personnel / Accueil,personnel,"Staff was very friendly and helpful, spoke perfect English.",TripAdvisor
R004080,2025-03-18,es,4,positive,Vue / Panorama,vue,"Panorama espectacular al atardecer, momento inolvidable.",Google Maps
R004081,2024-01-03,en,5,positive,Personnel / Accueil,personnel,"Staff was very friendly and helpful, spoke perfect English.",Google Maps
R004082,2024-09-03,fr,5,positive,Vue / Panorama,vue,"Spectacle incroyable de nuit avec les illuminations, je recommande absolument.",TripAdvisor
R004083,2024-02-22,fr,5,positive,Expérience globale,experience,"Visite parfaite, organisation au top, je recommande vivement.",Google Maps
R004084,2025-04-10,fr,3,neutral,Général,generique,Monument iconique mais l'expérience reste classique.,Google Maps
R004085,2025-11-06,es,5,positive,Expérience globale,experience,"Experiencia mágica, el monumento es aún más impresionante en persona.",TripAdvisor
R004086,2025-05-27,en,5,positive,Personnel / Accueil,personnel,"Great team, super welcoming and professional throughout.",TripAdvisor
R004087,2025-10-11,fr,5,positive,Personnel / Accueil,personnel,"Accueil chaleureux et équipe efficace, merci pour cette belle visite.",TripAdvisor
R004088,2025-09-26,fr,5,positive,Expérience globale,experience,"Visite parfaite, organisation au top, je recommande vivement.",Google Maps
R004089,2024-12-23,fr,3,neutral,Général,generique,Monument iconique mais l'expérience reste classique.,Google Maps
R004090,2024-11-04,es,2,negative,Prix / Tarification,prix,Entradas demasiado caras para una familia.,Google Maps
R004091,2024-06-08,en,5,positive,Expérience globale,experience,"Perfect family day, kids loved every minute of it.",Google Maps
R004092,2025-02-24,de,2,negative,Prix / Tarification,prix,"Viel zu teuer, besonders Essen und Getränke.",TripAdvisor
R004093,2024-01-19,fr,1,negative,Ascenseurs,ascenseur,"Un seul ascenseur fonctionnait, attente énorme pour redescendre.",TripAdvisor
R004094,2025-05-19,fr,1,negative,Propreté,proprete,"Toilettes pas très propres au deuxième étage, à améliorer.",Google Maps
R004095,2024-12-23,en,1,negative,Prix / Tarification,prix,Tickets are way too expensive for a family of four.,Google Maps
R004096,2024-10-17,en,3,neutral,Général,generique,"Iconic monument, the experience is okay overall.",TripAdvisor
R004097,2025-02-01,es,4,positive,Expérience globale,experience,"Experiencia mágica, el monumento es aún más impresionante en persona.",TripAdvisor
R004098,2024-02-10,fr,5,positive,Expérience globale,experience,"Une expérience magique, le monument est encore plus impressionnant en vrai.",Google Maps
R004099,2025-10-23,en,5,positive,Personnel / Accueil,personnel,"Great team, super welcoming and professional throughout.",TripAdvisor
R004100,2025-06-25,fr,4,positive,Expérience globale,experience,"Moment magique en famille, les enfants ont adoré.",TripAdvisor
R004101,2025-01-08,en,4,positive,Expérience globale,experience,"Truly magical experience, the monument is even more impressive in person.",Google Maps
R004102,2024-09-12,es,2,negative,Prix / Tarification,prix,Entradas demasiado caras para una familia.,TripAdvisor
R004103,2024-12-30,fr,5,positive,Vue / Panorama,vue,"Vue magnifique au coucher du soleil, un moment inoubliable avec ma famille.",Google Maps
R004104,2025-06-30,en,4,positive,Vue / Panorama,vue,"Stunning panorama, especially at sunset. A must-visit in Paris.",Google Maps
R004105,2024-04-19,fr,5,positive,Vue / Panorama,vue,"Panorama exceptionnel sur Paris, on voit jusqu'au Sacré-Cœur et la Défense.",Google Maps
R004106,2024-11-13,en,5,positive,Vue / Panorama,vue,"The view from the top is absolutely breathtaking, you can see all of Paris.",TripAdvisor
R004107,2025-02-18,en,3,neutral,Général,generique,"Iconic monument, the experience is okay overall.",Google Maps
R004108,2024-03-05,de,5,positive,Expérience globale,experience,"Magische Erfahrung, das Monument ist live noch beeindruckender.",Booking
R004109,2025-11-14,fr,3,neutral,Général,generique,Ça vaut le coup de le voir une fois dans sa vie.,TripAdvisor
R004110,2025-10-05,fr,5,positive,Expérience globale,experience,"Une expérience magique, le monument est encore plus impressionnant en vrai.",TripAdvisor
R004111,2024-12-16,en,2,negative,Sécurité,securite,"Watch out for pickpockets, they are everywhere around the tower.",TripAdvisor
R004112,2024-03-10,it,5,positive,Vue / Panorama,vue,"Panorama spettacolare al tramonto, momento indimenticabile.",TripAdvisor
R004113,2024-04-16,en,2,negative,Sécurité,securite,Felt unsafe with all the street vendors harassing tourists.,TripAdvisor
R004114,2025-10-03,fr,4,positive,Vue / Panorama,vue,"Panorama exceptionnel sur Paris, on voit jusqu'au Sacré-Cœur et la Défense.",Google Maps
R004115,2025-08-22,en,5,positive,Personnel / Accueil,personnel,"Staff was very friendly and helpful, spoke perfect English.",TripAdvisor
R004116,2024-11-09,en,5,positive,Vue / Panorama,vue,"Stunning panorama, especially at sunset. A must-visit in Paris.",TripAdvisor
R004117,2025-01-16,es,5,positive,Expérience globale,experience,"Visita perfecta en familia, los niños lo adoraron.",Google Maps
R004118,2024-03-19,fr,1,negative,Ascenseurs,ascenseur,"Un seul ascenseur fonctionnait, attente énorme pour redescendre.",TripAdvisor
R004119,2025-01-26,fr,1,negative,Sécurité,securite,"Pickpockets très présents, faites très attention à vos affaires.",Booking
R004120,2024-02-29,fr,3,neutral,Général,generique,"Visite correcte mais sans plus, attendu plus d'animations.",TripAdvisor
R004121,2025-03-15,es,2,negative,File d'attente,file_attente,"Cola interminable de más de 2 horas, una pesadilla.",Google Maps
R004122,2024-09-23,es,5,positive,Expérience globale,experience,"Visita perfecta en familia, los niños lo adoraron.",TripAdvisor
R004123,2024-09-06,fr,5,positive,Vue / Panorama,vue,"Vue magnifique au coucher du soleil, un moment inoubliable avec ma famille.",TripAdvisor
R004124,2024-07-08,en,3,neutral,Général,generique,"Decent visit, nothing extraordinary but worth doing once.",TripAdvisor
R004125,2024-01-02,en,3,neutral,Général,generique,"Decent visit, nothing extraordinary but worth doing once.",Google Maps
R004126,2024-02-17,de,5,positive,Expérience globale,experience,"Magische Erfahrung, das Monument ist live noch beeindruckender.",Google Maps
R004127,2025-07-10,fr,5,positive,Expérience globale,experience,"Visite parfaite, organisation au top, je recommande vivement.",TripAdvisor
R004128,2025-03-07,en,4,positive,Expérience globale,experience,"Perfect family day, kids loved every minute of it.",Google Maps
R004129,2025-05-25,en,5,positive,Personnel / Accueil,personnel,"Staff was very friendly and helpful, spoke perfect English.",TripAdvisor
R004130,2025-11-03,fr,5,positive,Expérience globale,experience,"Visite parfaite, organisation au top, je recommande vivement.",TripAdvisor
R004131,2025-11-18,en,1,negative,Prix / Tarification,prix,"Ridiculously overpriced, especially food and drinks.",TripAdvisor
R004132,2025-04-23,de,2,negative,Prix / Tarification,prix,"Viel zu teuer, besonders Essen und Getränke.",TripAdvisor
R004133,2024-08-24,en,5,positive,Vue / Panorama,vue,"Stunning panorama, especially at sunset. A must-visit in Paris.",Google Maps
R004134,2025-08-01,fr,1,negative,Ascenseurs,ascenseur,"Ascenseurs souvent en maintenance, prévoyez les escaliers.",Google Maps
R004135,2025-11-08,es,1,negative,File d'attente,file_attente,Demasiada espera incluso con entradas online.,Booking
R004136,2024-03-11,en,4,positive,Expérience globale,experience,"Truly magical experience, the monument is even more impressive in person.",Google Maps
R004137,2024-05-25,en,5,positive,Vue / Panorama,vue,"Stunning panorama, especially at sunset. A must-visit in Paris.",Google Maps
R004138,2024-12-06,en,4,positive,Personnel / Accueil,personnel,"Staff was very friendly and helpful, spoke perfect English.",Booking
R004139,2024-12-15,fr,4,positive,Personnel / Accueil,personnel,"Accueil chaleureux et équipe efficace, merci pour cette belle visite.",Booking
R004140,2024-01-26,en,5,positive,Vue / Panorama,vue,"The view from the top is absolutely breathtaking, you can see all of Paris.",Google Maps
R004141,2025-09-09,en,4,positive,Personnel / Accueil,personnel,"Staff was very friendly and helpful, spoke perfect English.",TripAdvisor
R004142,2025-09-28,es,4,positive,Vue / Panorama,vue,"Panorama espectacular al atardecer, momento inolvidable.",Google Maps
R004143,2025-05-06,fr,5,positive,Vue / Panorama,vue,"Vue magnifique au coucher du soleil, un moment inoubliable avec ma famille.",TripAdvisor
R004144,2024-06-15,de,4,positive,Vue / Panorama,vue,"Wunderschöner Panoramablick, vor allem bei Sonnenuntergang.",Google Maps
R004145,2025-07-10,fr,3,neutral,Général,generique,"Visite correcte mais sans plus, attendu plus d'animations.",TripAdvisor
R004146,2025-05-08,fr,5,positive,Expérience globale,experience,"Moment magique en famille, les enfants ont adoré.",Google Maps
R004147,2025-05-19,fr,4,positive,Expérience globale,experience,"Visite parfaite, organisation au top, je recommande vivement.",TripAdvisor
R004148,2025-04-07,en,5,positive,Vue / Panorama,vue,"Stunning panorama, especially at sunset. A must-visit in Paris.",Booking
R004149,2025-01-26,de,5,positive,Vue / Panorama,vue,"Wunderschöner Panoramablick, vor allem bei Sonnenuntergang.",TripAdvisor
R004150,2025-10-08,fr,5,positive,Expérience globale,experience,"Une expérience magique, le monument est encore plus impressionnant en vrai.",Google Maps
R004151,2025-07-24,en,4,positive,Personnel / Accueil,personnel,"Great team, super welcoming and professional throughout.",TripAdvisor
R004152,2024-10-13,es,4,positive,Expérience globale,experience,"Experiencia mágica, el monumento es aún más impresionante en persona.",TripAdvisor
R004153,2024-03-22,en,3,neutral,Général,generique,"Decent visit, nothing extraordinary but worth doing once.",Google Maps
R004154,2025-08-17,en,4,positive,Vue / Panorama,vue,"The view from the top is absolutely breathtaking, you can see all of Paris.",Google Maps
R004155,2025-05-26,es,2,negative,Prix / Tarification,prix,Entradas demasiado caras para una familia.,Google Maps
R004156,2024-11-05,fr,3,neutral,Général,generique,"Visite correcte mais sans plus, attendu plus d'animations.",Google Maps
R004157,2024-08-10,de,3,neutral,Général,generique,"Iconic monument, the experience is okay overall.",Google Maps
R004158,2024-12-15,en,3,neutral,Général,generique,"Decent visit, nothing extraordinary but worth doing once.",Google Maps
R004159,2025-01-03,fr,5,positive,Expérience globale,experience,"Moment magique en famille, les enfants ont adoré.",Google Maps
R004160,2024-04-17,en,5,positive,Personnel / Accueil,personnel,"Great team, super welcoming and professional throughout.",TripAdvisor
R004161,2024-11-10,en,3,neutral,Général,generique,"Iconic monument, the experience is okay overall.",Google Maps
R004162,2024-06-02,en,1,negative,Ascenseurs,ascenseur,"Only one lift working, massive wait to go back down.",Google Maps
R004163,2024-12-11,es,4,positive,Expérience globale,experience,"Experiencia mágica, el monumento es aún más impresionante en persona.",TripAdvisor
R004164,2024-09-21,it,5,positive,Vue / Panorama,vue,"Vista mozzafiato dalla cima, si vede tutta Parigi.",Booking
R004165,2025-03-20,en,3,neutral,Général,generique,"Decent visit, nothing extraordinary but worth doing once.",TripAdvisor
R004166,2025-06-15,en,4,positive,Expérience globale,experience,"Perfect family day, kids loved every minute of it.",TripAdvisor
R004167,2025-03-29,en,5,positive,Vue / Panorama,vue,"Amazing 360 view, we could see the Sacre-Coeur and even further.",Google Maps
R004168,2025-10-31,de,4,positive,Expérience globale,experience,"Magische Erfahrung, das Monument ist live noch beeindruckender.",TripAdvisor
R004169,2025-04-24,en,1,negative,Prix / Tarification,prix,Tickets are way too expensive for a family of four.,Google Maps
R004170,2024-03-28,de,2,negative,Prix / Tarification,prix,"Viel zu teuer, besonders Essen und Getränke.",TripAdvisor
R004171,2025-09-03,en,4,positive,Personnel / Accueil,personnel,"Staff was very friendly and helpful, spoke perfect English.",TripAdvisor
R004172,2024-06-16,fr,1,negative,Propreté,proprete,"Toilettes pas très propres au deuxième étage, à améliorer.",TripAdvisor
R004173,2025-08-26,en,1,negative,File d'attente,file_attente,"Waited over 2 hours in line even with online tickets, awful.",Booking
R004174,2025-01-21,fr,5,positive,Personnel / Accueil,personnel,"Accueil chaleureux et équipe efficace, merci pour cette belle visite.",Google Maps
R004175,2025-11-01,it,2,negative,File d'attente,file_attente,"Coda interminabile di oltre 2 ore, un incubo.",TripAdvisor
R004176,2025-09-05,en,5,positive,Personnel / Accueil,personnel,"Great team, super welcoming and professional throughout.",TripAdvisor
R004177,2024-02-03,fr,5,positive,Personnel / Accueil,personnel,"Accueil chaleureux et équipe efficace, merci pour cette belle visite.",Google Maps
R004178,2024-12-14,de,5,positive,Expérience globale,experience,"Magische Erfahrung, das Monument ist live noch beeindruckender.",TripAdvisor
R004179,2025-01-05,fr,4,positive,Expérience globale,experience,"Une expérience magique, le monument est encore plus impressionnant en vrai.",TripAdvisor
R004180,2025-03-30,fr,4,positive,Vue / Panorama,vue,"Vue magnifique au coucher du soleil, un moment inoubliable avec ma famille.",TripAdvisor
R004181,2024-01-31,it,3,neutral,Général,generique,"Iconic monument, the experience is okay overall.",TripAdvisor
R004182,2024-01-29,de,3,neutral,Général,generique,"Iconic monument, the experience is okay overall.",Google Maps
R004183,2024-03-17,fr,1,negative,Prix / Tarification,prix,"Tarifs vraiment excessifs pour ce que c'est, beaucoup trop cher.",Booking
R004184,2025-02-14,fr,3,neutral,Général,generique,Ça vaut le coup de le voir une fois dans sa vie.,Booking
R004185,2025-08-02,de,3,neutral,Général,generique,"Iconic monument, the experience is okay overall.",Google Maps
R004186,2024-03-19,en,3,neutral,Général,generique,"Decent visit, nothing extraordinary but worth doing once.",TripAdvisor
R004187,2024-04-25,fr,4,positive,Personnel / Accueil,personnel,"Le staff est multilingue et très serviable, parfait pour les touristes.",TripAdvisor
R004188,2024-08-28,en,5,positive,Personnel / Accueil,personnel,"Staff was very friendly and helpful, spoke perfect English.",TripAdvisor
R004189,2024-11-27,fr,4,positive,Vue / Panorama,vue,"Spectacle incroyable de nuit avec les illuminations, je recommande absolument.",TripAdvisor
R004190,2024-06-02,fr,5,positive,Personnel / Accueil,personnel,"Le staff est multilingue et très serviable, parfait pour les touristes.",Booking
R004191,2024-03-25,fr,5,positive,Expérience globale,experience,"Moment magique en famille, les enfants ont adoré.",Google Maps
R004192,2025-06-26,en,5,positive,Personnel / Accueil,personnel,"Staff was very friendly and helpful, spoke perfect English.",TripAdvisor
R004193,2024-10-02,fr,3,neutral,Général,generique,"Visite correcte mais sans plus, attendu plus d'animations.",TripAdvisor
R004194,2024-04-10,fr,4,positive,Expérience globale,experience,"Moment magique en famille, les enfants ont adoré.",TripAdvisor
R004195,2024-02-22,en,1,negative,Sécurité,securite,Felt unsafe with all the street vendors harassing tourists.,TripAdvisor
R004196,2024-07-12,es,5,positive,Expérience globale,experience,"Visita perfecta en familia, los niños lo adoraron.",TripAdvisor
R004197,2025-07-22,en,5,positive,Personnel / Accueil,personnel,"Staff was very friendly and helpful, spoke perfect English.",TripAdvisor
R004198,2024-09-22,en,2,negative,Sécurité,securite,"Watch out for pickpockets, they are everywhere around the tower.",TripAdvisor
R004199,2024-10-01,it,5,positive,Vue / Panorama,vue,"Panorama spettacolare al tramonto, momento indimenticabile.",Google Maps
R004200,2024-01-08,en,5,positive,Vue / Panorama,vue,"Amazing 360 view, we could see the Sacre-Coeur and even further.",TripAdvisor
R004201,2025-05-09,fr,5,positive,Personnel / Accueil,personnel,"Le staff est multilingue et très serviable, parfait pour les touristes.",Google Maps
R004202,2025-07-29,fr,4,positive,Vue / Panorama,vue,"Panorama exceptionnel sur Paris, on voit jusqu'au Sacré-Cœur et la Défense.",TripAdvisor
R004203,2025-08-01,es,5,positive,Vue / Panorama,vue,"La vista desde la cima es impresionante, se ve todo París.",TripAdvisor
R004204,2025-08-22,fr,5,positive,Expérience globale,experience,"Une expérience magique, le monument est encore plus impressionnant en vrai.",TripAdvisor
R004205,2025-10-08,fr,3,neutral,Général,generique,Ça vaut le coup de le voir une fois dans sa vie.,Booking
R004206,2025-09-10,de,2,negative,File d'attente,file_attente,"Riesige Schlangen auf jeder Ebene, sehr enttäuschend.",Google Maps
R004207,2025-04-15,fr,5,positive,Vue / Panorama,vue,"Spectacle incroyable de nuit avec les illuminations, je recommande absolument.",TripAdvisor
R004208,2024-11-02,de,3,neutral,Général,generique,"Decent visit, nothing extraordinary but worth doing once.",Google Maps
R004209,2024-12-20,en,5,positive,Personnel / Accueil,personnel,"Staff was very friendly and helpful, spoke perfect English.",Google Maps
R004210,2025-10-30,en,4,positive,Expérience globale,experience,"Truly magical experience, the monument is even more impressive in person.",Google Maps
R004211,2025-10-23,it,1,negative,Prix / Tarification,prix,"Prezzi eccessivi, soprattutto la ristorazione.",TripAdvisor
R004212,2024-11-09,es,4,positive,Expérience globale,experience,"Visita perfecta en familia, los niños lo adoraron.",TripAdvisor
R004213,2024-06-17,de,3,neutral,Général,generique,"Iconic monument, the experience is okay overall.",Google Maps
R004214,2024-11-10,de,5,positive,Vue / Panorama,vue,"Wunderschöner Panoramablick, vor allem bei Sonnenuntergang.",TripAdvisor
R004215,2025-08-08,en,2,negative,File d'attente,file_attente,"Waited over 2 hours in line even with online tickets, awful.",TripAdvisor
R004216,2025-04-27,es,4,positive,Vue / Panorama,vue,"Panorama espectacular al atardecer, momento inolvidable.",Google Maps
R004217,2024-10-20,en,4,positive,Vue / Panorama,vue,"Amazing 360 view, we could see the Sacre-Coeur and even further.",TripAdvisor
R004218,2024-05-10,fr,2,negative,Propreté,proprete,"Toilettes pas très propres au deuxième étage, à améliorer.",TripAdvisor
R004219,2024-09-24,fr,4,positive,Expérience globale,experience,"Une expérience magique, le monument est encore plus impressionnant en vrai.",Google Maps
R004220,2024-03-27,de,5,positive,Vue / Panorama,vue,"Die Aussicht vom Gipfel ist atemberaubend, ganz Paris liegt einem zu Füßen.",Google Maps
R004221,2024-05-31,fr,2,negative,File d'attente,file_attente,"File d'attente interminable, plus de 2 heures sous le soleil sans ombre.",TripAdvisor
R004222,2025-02-09,fr,2,negative,Propreté,proprete,"Toilettes pas très propres au deuxième étage, à améliorer.",TripAdvisor
R004223,2024-01-14,fr,5,positive,Personnel / Accueil,personnel,"Le staff est multilingue et très serviable, parfait pour les touristes.",Google Maps
R004224,2024-08-10,en,5,positive,Vue / Panorama,vue,"Amazing 360 view, we could see the Sacre-Coeur and even further.",Booking
R004225,2024-11-09,en,3,neutral,Général,generique,"Iconic monument, the experience is okay overall.",TripAdvisor
R004226,2025-05-07,en,2,negative,Ascenseurs,ascenseur,"Only one lift working, massive wait to go back down.",Google Maps
R004227,2024-01-21,es,5,positive,Expérience globale,experience,"Experiencia mágica, el monumento es aún más impresionante en persona.",Google Maps
R004228,2024-08-29,fr,1,negative,Prix / Tarification,prix,"Trop cher pour la restauration sur place, comptez 25€ un sandwich.",TripAdvisor
R004229,2025-08-11,fr,2,negative,Prix / Tarification,prix,"Trop cher pour la restauration sur place, comptez 25€ un sandwich.",TripAdvisor
R004230,2025-10-22,it,5,positive,Vue / Panorama,vue,"Panorama spettacolare al tramonto, momento indimenticabile.",TripAdvisor
R004231,2025-11-05,fr,5,positive,Vue / Panorama,vue,"Vue magnifique au coucher du soleil, un moment inoubliable avec ma famille.",Booking
R004232,2025-09-26,en,4,positive,Expérience globale,experience,"Truly magical experience, the monument is even more impressive in person.",TripAdvisor
R004233,2025-01-07,fr,2,negative,File d'attente,file_attente,"Queue énorme à chaque étage, prévoir une journée entière.",Google Maps
R004234,2024-08-24,fr,5,positive,Expérience globale,experience,"Une expérience magique, le monument est encore plus impressionnant en vrai.",Google Maps
R004235,2025-11-18,en,5,positive,Personnel / Accueil,personnel,"Staff was very friendly and helpful, spoke perfect English.",Google Maps
R004236,2025-06-09,fr,3,neutral,Général,generique,"Visite correcte mais sans plus, attendu plus d'animations.",TripAdvisor
R004237,2025-06-07,en,5,positive,Vue / Panorama,vue,"The view from the top is absolutely breathtaking, you can see all of Paris.",TripAdvisor
R004238,2024-09-11,fr,4,positive,Personnel / Accueil,personnel,"Personnel très accueillant et professionnel, toujours souriant.",Google Maps
R004239,2024-04-13,es,5,positive,Vue / Panorama,vue,"La vista desde la cima es impresionante, se ve todo París.",Google Maps
R004240,2025-07-05,fr,2,negative,Ascenseurs,ascenseur,"Ascenseur en panne le jour de notre visite, déception totale.",TripAdvisor
R004241,2024-02-15,en,4,positive,Vue / Panorama,vue,"The view from the top is absolutely breathtaking, you can see all of Paris.",TripAdvisor
R004242,2024-01-30,fr,5,positive,Vue / Panorama,vue,"Panorama exceptionnel sur Paris, on voit jusqu'au Sacré-Cœur et la Défense.",TripAdvisor
R004243,2025-05-25,fr,3,neutral,Général,generique,Ça vaut le coup de le voir une fois dans sa vie.,TripAdvisor
R004244,2024-06-04,en,3,neutral,Général,generique,"Iconic monument, the experience is okay overall.",TripAdvisor
R004245,2024-03-13,en,1,negative,Ascenseurs,ascenseur,"Only one lift working, massive wait to go back down.",TripAdvisor
R004246,2024-08-26,en,4,positive,Personnel / Accueil,personnel,"Staff was very friendly and helpful, spoke perfect English.",Google Maps
R004247,2024-09-12,es,3,neutral,Général,generique,"Decent visit, nothing extraordinary but worth doing once.",Google Maps
R004248,2024-08-16,es,3,neutral,Général,generique,"Iconic monument, the experience is okay overall.",Google Maps
R004249,2025-04-26,fr,3,neutral,Général,generique,Ça vaut le coup de le voir une fois dans sa vie.,TripAdvisor
R004250,2025-05-23,en,3,neutral,Général,generique,"Iconic monument, the experience is okay overall.",Booking
R004251,2025-10-08,de,5,positive,Vue / Panorama,vue,"Die Aussicht vom Gipfel ist atemberaubend, ganz Paris liegt einem zu Füßen.",Google Maps
R004252,2025-02-24,it,4,positive,Vue / Panorama,vue,"Panorama spettacolare al tramonto, momento indimenticabile.",TripAdvisor
R004253,2024-05-14,de,1,negative,Prix / Tarification,prix,"Viel zu teuer, besonders Essen und Getränke.",TripAdvisor
R004254,2024-06-06,es,4,positive,Vue / Panorama,vue,"Panorama espectacular al atardecer, momento inolvidable.",TripAdvisor
R004255,2025-04-16,en,2,negative,Ascenseurs,ascenseur,"Only one lift working, massive wait to go back down.",Google Maps
R004256,2025-06-01,fr,2,negative,Propreté,proprete,"Toilettes pas très propres au deuxième étage, à améliorer.",TripAdvisor
R004257,2025-03-03,es,5,positive,Vue / Panorama,vue,"La vista desde la cima es impresionante, se ve todo París.",Google Maps
R004258,2025-06-21,de,2,negative,File d'attente,file_attente,"Riesige Schlangen auf jeder Ebene, sehr enttäuschend.",Google Maps
R004259,2025-02-04,fr,5,positive,Vue / Panorama,vue,"Vue magnifique au coucher du soleil, un moment inoubliable avec ma famille.",Google Maps
R004260,2025-06-04,en,5,positive,Expérience globale,experience,"Truly magical experience, the monument is even more impressive in person.",TripAdvisor
R004261,2025-09-02,en,5,positive,Expérience globale,experience,"Perfect family day, kids loved every minute of it.",TripAdvisor
R004262,2025-02-13,en,5,positive,Expérience globale,experience,"Perfect family day, kids loved every minute of it.",Google Maps
R004263,2024-01-13,en,5,positive,Personnel / Accueil,personnel,"Staff was very friendly and helpful, spoke perfect English.",TripAdvisor
R004264,2024-10-24,fr,5,positive,Vue / Panorama,vue,"La vue depuis le sommet est tout simplement à couper le souffle, Paris s'étend à perte de vue.",TripAdvisor
R004265,2025-04-22,en,4,positive,Personnel / Accueil,personnel,"Great team, super welcoming and professional throughout.",Google Maps
R004266,2025-02-13,es,1,negative,File d'attente,file_attente,"Cola interminable de más de 2 horas, una pesadilla.",Google Maps
R004267,2024-12-20,it,5,positive,Vue / Panorama,vue,"Vista mozzafiato dalla cima, si vede tutta Parigi.",Booking
R004268,2025-05-07,en,4,positive,Personnel / Accueil,personnel,"Staff was very friendly and helpful, spoke perfect English.",TripAdvisor
R004269,2025-04-05,fr,5,positive,Expérience globale,experience,"Moment magique en famille, les enfants ont adoré.",TripAdvisor
R004270,2024-11-07,de,4,positive,Expérience globale,experience,"Magische Erfahrung, das Monument ist live noch beeindruckender.",TripAdvisor
R004271,2024-11-06,fr,1,negative,Ascenseurs,ascenseur,"Un seul ascenseur fonctionnait, attente énorme pour redescendre.",TripAdvisor
R004272,2024-05-30,es,5,positive,Expérience globale,experience,"Experiencia mágica, el monumento es aún más impresionante en persona.",TripAdvisor
R004273,2024-08-07,fr,5,positive,Personnel / Accueil,personnel,"Le staff est multilingue et très serviable, parfait pour les touristes.",TripAdvisor
R004274,2024-04-11,en,5,positive,Vue / Panorama,vue,"The view from the top is absolutely breathtaking, you can see all of Paris.",TripAdvisor
R004275,2024-04-20,en,5,positive,Expérience globale,experience,"Truly magical experience, the monument is even more impressive in person.",TripAdvisor
R004276,2025-11-11,en,1,negative,File d'attente,file_attente,"Waited over 2 hours in line even with online tickets, awful.",TripAdvisor
R004277,2024-11-24,it,3,neutral,Général,generique,"Iconic monument, the experience is okay overall.",TripAdvisor
R004278,2024-02-07,fr,5,positive,Expérience globale,experience,"Une expérience magique, le monument est encore plus impressionnant en vrai.",Google Maps
R004279,2025-02-15,en,5,positive,Vue / Panorama,vue,"Amazing 360 view, we could see the Sacre-Coeur and even further.",Google Maps
R004280,2025-02-05,fr,5,positive,Vue / Panorama,vue,"Vue magnifique au coucher du soleil, un moment inoubliable avec ma famille.",TripAdvisor
R004281,2025-11-18,fr,2,negative,Ascenseurs,ascenseur,"Ascenseur en panne le jour de notre visite, déception totale.",TripAdvisor
R004282,2024-11-10,fr,4,positive,Vue / Panorama,vue,"Vue magnifique au coucher du soleil, un moment inoubliable avec ma famille.",Google Maps
R004283,2025-03-24,fr,4,positive,Expérience globale,experience,"Moment magique en famille, les enfants ont adoré.",Booking
R004284,2025-01-31,en,2,negative,Ascenseurs,ascenseur,"Only one lift working, massive wait to go back down.",TripAdvisor
R004285,2025-01-21,en,2,negative,Ascenseurs,ascenseur,"Elevator broke down during our visit, total disappointment.",TripAdvisor
R004286,2024-06-18,en,4,positive,Personnel / Accueil,personnel,"Great team, super welcoming and professional throughout.",TripAdvisor
R004287,2025-04-24,fr,5,positive,Personnel / Accueil,personnel,"Personnel très accueillant et professionnel, toujours souriant.",TripAdvisor
R004288,2024-03-21,de,3,neutral,Général,generique,"Iconic monument, the experience is okay overall.",Google Maps
R004289,2025-10-06,en,2,negative,Ascenseurs,ascenseur,"Elevator broke down during our visit, total disappointment.",TripAdvisor
R004290,2024-03-12,de,3,neutral,Général,generique,"Iconic monument, the experience is okay overall.",TripAdvisor
R004291,2024-05-10,en,1,negative,File d'attente,file_attente,"Waited over 2 hours in line even with online tickets, awful.",TripAdvisor
R004292,2025-01-25,en,2,negative,Sécurité,securite,"Watch out for pickpockets, they are everywhere around the tower.",Google Maps
R004293,2025-07-18,en,5,positive,Personnel / Accueil,personnel,"Great team, super welcoming and professional throughout.",Google Maps
R004294,2024-06-12,de,4,positive,Expérience globale,experience,"Magische Erfahrung, das Monument ist live noch beeindruckender.",Google Maps
R004295,2025-02-06,fr,5,positive,Personnel / Accueil,personnel,"Accueil chaleureux et équipe efficace, merci pour cette belle visite.",TripAdvisor
R004296,2024-03-19,fr,3,neutral,Général,generique,Monument iconique mais l'expérience reste classique.,TripAdvisor
R004297,2024-02-02,fr,3,neutral,Général,generique,Ça vaut le coup de le voir une fois dans sa vie.,Google Maps
R004298,2024-05-04,en,5,positive,Expérience globale,experience,"Truly magical experience, the monument is even more impressive in person.",Google Maps
R004299,2024-09-27,fr,4,positive,Vue / Panorama,vue,"Spectacle incroyable de nuit avec les illuminations, je recommande absolument.",TripAdvisor
R004300,2025-09-22,es,5,positive,Vue / Panorama,vue,"La vista desde la cima es impresionante, se ve todo París.",TripAdvisor
R004301,2025-05-12,fr,3,neutral,Général,generique,Monument iconique mais l'expérience reste classique.,TripAdvisor
R004302,2024-08-13,en,2,negative,Ascenseurs,ascenseur,"Elevator broke down during our visit, total disappointment.",TripAdvisor
R004303,2025-07-29,fr,4,positive,Vue / Panorama,vue,"La vue depuis le sommet est tout simplement à couper le souffle, Paris s'étend à perte de vue.",Google Maps
R004304,2024-08-25,fr,3,neutral,Général,generique,"Visite correcte mais sans plus, attendu plus d'animations.",TripAdvisor
R004305,2025-04-06,en,5,positive,Expérience globale,experience,"Truly magical experience, the monument is even more impressive in person.",TripAdvisor
R004306,2025-01-30,en,5,positive,Expérience globale,experience,"Perfect family day, kids loved every minute of it.",TripAdvisor
R004307,2024-07-21,fr,1,negative,Propreté,proprete,"Toilettes pas très propres au deuxième étage, à améliorer.",TripAdvisor
R004308,2024-05-08,es,5,positive,Expérience globale,experience,"Visita perfecta en familia, los niños lo adoraron.",Booking
R004309,2024-02-25,fr,4,positive,Personnel / Accueil,personnel,"Accueil chaleureux et équipe efficace, merci pour cette belle visite.",TripAdvisor
R004310,2025-10-04,fr,4,positive,Personnel / Accueil,personnel,"Le staff est multilingue et très serviable, parfait pour les touristes.",Google Maps
R004311,2024-04-19,de,4,positive,Vue / Panorama,vue,"Die Aussicht vom Gipfel ist atemberaubend, ganz Paris liegt einem zu Füßen.",Google Maps
R004312,2024-07-09,en,3,neutral,Général,generique,"Decent visit, nothing extraordinary but worth doing once.",Google Maps
R004313,2024-06-20,en,4,positive,Vue / Panorama,vue,"Stunning panorama, especially at sunset. A must-visit in Paris.",TripAdvisor
R004314,2025-02-10,es,5,positive,Vue / Panorama,vue,"La vista desde la cima es impresionante, se ve todo París.",TripAdvisor
R004315,2025-10-21,en,5,positive,Vue / Panorama,vue,"Amazing 360 view, we could see the Sacre-Coeur and even further.",TripAdvisor
R004316,2025-02-01,en,5,positive,Personnel / Accueil,personnel,"Staff was very friendly and helpful, spoke perfect English.",Booking
R004317,2025-09-05,fr,5,positive,Personnel / Accueil,personnel,"Accueil chaleureux et équipe efficace, merci pour cette belle visite.",TripAdvisor
R004318,2025-04-23,en,2,negative,Ascenseurs,ascenseur,"Only one lift working, massive wait to go back down.",TripAdvisor
R004319,2025-04-11,en,5,positive,Vue / Panorama,vue,"The view from the top is absolutely breathtaking, you can see all of Paris.",Google Maps
R004320,2024-11-16,fr,5,positive,Personnel / Accueil,personnel,"Personnel très accueillant et professionnel, toujours souriant.",Google Maps
R004321,2024-04-15,fr,5,positive,Vue / Panorama,vue,"La vue depuis le sommet est tout simplement à couper le souffle, Paris s'étend à perte de vue.",TripAdvisor
R004322,2024-10-11,de,5,positive,Expérience globale,experience,"Magische Erfahrung, das Monument ist live noch beeindruckender.",Google Maps
R004323,2024-12-31,fr,4,positive,Personnel / Accueil,personnel,"Le staff est multilingue et très serviable, parfait pour les touristes.",TripAdvisor
R004324,2025-11-08,en,4,positive,Vue / Panorama,vue,"The view from the top is absolutely breathtaking, you can see all of Paris.",Google Maps
R004325,2024-08-22,en,2,negative,Ascenseurs,ascenseur,"Only one lift working, massive wait to go back down.",Google Maps
R004326,2025-01-03,fr,2,negative,File d'attente,file_attente,"File d'attente interminable, plus de 2 heures sous le soleil sans ombre.",TripAdvisor
R004327,2025-09-24,fr,3,neutral,Général,generique,Monument iconique mais l'expérience reste classique.,Google Maps
R004328,2024-08-07,en,5,positive,Expérience globale,experience,"Perfect family day, kids loved every minute of it.",Google Maps
R004329,2024-08-29,en,3,neutral,Général,generique,"Iconic monument, the experience is okay overall.",TripAdvisor
R004330,2024-06-07,en,3,neutral,Général,generique,"Iconic monument, the experience is okay overall.",TripAdvisor
R004331,2025-01-20,en,2,negative,Prix / Tarification,prix,Tickets are way too expensive for a family of four.,Google Maps
R004332,2025-02-01,it,5,positive,Vue / Panorama,vue,"Panorama spettacolare al tramonto, momento indimenticabile.",Google Maps
R004333,2024-07-24,en,4,positive,Vue / Panorama,vue,"The view from the top is absolutely breathtaking, you can see all of Paris.",Google Maps
R004334,2025-03-16,de,5,positive,Expérience globale,experience,"Magische Erfahrung, das Monument ist live noch beeindruckender.",TripAdvisor
R004335,2025-04-18,en,2,negative,Sécurité,securite,"Watch out for pickpockets, they are everywhere around the tower.",Google Maps
R004336,2025-02-06,fr,1,negative,Propreté,proprete,"Toilettes pas très propres au deuxième étage, à améliorer.",Google Maps
R004337,2025-02-14,en,5,positive,Personnel / Accueil,personnel,"Great team, super welcoming and professional throughout.",TripAdvisor
R004338,2024-10-30,en,1,negative,Sécurité,securite,"Watch out for pickpockets, they are everywhere around the tower.",Google Maps
R004339,2024-08-24,en,5,positive,Personnel / Accueil,personnel,"Staff was very friendly and helpful, spoke perfect English.",Google Maps
R004340,2025-02-08,fr,2,negative,Propreté,proprete,"Toilettes pas très propres au deuxième étage, à améliorer.",TripAdvisor
R004341,2024-05-09,es,3,neutral,Général,generique,"Iconic monument, the experience is okay overall.",Google Maps
R004342,2024-02-24,de,5,positive,Vue / Panorama,vue,"Die Aussicht vom Gipfel ist atemberaubend, ganz Paris liegt einem zu Füßen.",TripAdvisor
R004343,2024-02-26,en,2,negative,File d'attente,file_attente,"Endless lines at every floor, terrible organization.",TripAdvisor
R004344,2025-07-29,en,5,positive,Vue / Panorama,vue,"Amazing 360 view, we could see the Sacre-Coeur and even further.",TripAdvisor
R004345,2024-03-30,fr,1,negative,Sécurité,securite,"Trop de vendeurs à la sauvette autour, sentiment d'insécurité.",Google Maps
R004346,2024-07-16,fr,2,negative,Sécurité,securite,"Trop de vendeurs à la sauvette autour, sentiment d'insécurité.",Google Maps
R004347,2025-07-28,fr,3,neutral,Général,generique,Ça vaut le coup de le voir une fois dans sa vie.,Google Maps
R004348,2025-11-12,en,4,positive,Vue / Panorama,vue,"The view from the top is absolutely breathtaking, you can see all of Paris.",TripAdvisor
R004349,2025-02-26,fr,2,negative,Propreté,proprete,"Toilettes pas très propres au deuxième étage, à améliorer.",Google Maps
R004350,2025-09-12,de,3,neutral,Général,generique,"Decent visit, nothing extraordinary but worth doing once.",TripAdvisor
R004351,2024-08-06,it,1,negative,File d'attente,file_attente,"Coda interminabile di oltre 2 ore, un incubo.",Google Maps
R004352,2025-05-07,en,3,neutral,Général,generique,"Decent visit, nothing extraordinary but worth doing once.",TripAdvisor
R004353,2025-02-27,en,1,negative,Prix / Tarification,prix,"Ridiculously overpriced, especially food and drinks.",TripAdvisor
R004354,2024-07-12,fr,2,negative,Sécurité,securite,"Trop de vendeurs à la sauvette autour, sentiment d'insécurité.",TripAdvisor
R004355,2024-01-16,en,5,positive,Personnel / Accueil,personnel,"Great team, super welcoming and professional throughout.",Google Maps
R004356,2024-08-21,fr,2,negative,File d'attente,file_attente,"Queue énorme à chaque étage, prévoir une journée entière.",Google Maps
R004357,2024-04-14,it,5,positive,Vue / Panorama,vue,"Panorama spettacolare al tramonto, momento indimenticabile.",TripAdvisor
R004358,2024-06-18,de,5,positive,Expérience globale,experience,"Magische Erfahrung, das Monument ist live noch beeindruckender.",Booking
R004359,2024-09-21,fr,3,neutral,Général,generique,Monument iconique mais l'expérience reste classique.,TripAdvisor
R004360,2025-07-09,en,2,negative,Prix / Tarification,prix,Tickets are way too expensive for a family of four.,TripAdvisor
R004361,2024-11-12,fr,3,neutral,Général,generique,"Visite correcte mais sans plus, attendu plus d'animations.",Google Maps
R004362,2025-06-16,fr,5,positive,Personnel / Accueil,personnel,"Personnel très accueillant et professionnel, toujours souriant.",TripAdvisor
R004363,2025-08-31,en,5,positive,Personnel / Accueil,personnel,"Great team, super welcoming and professional throughout.",Google Maps
R004364,2025-06-27,es,5,positive,Expérience globale,experience,"Experiencia mágica, el monumento es aún más impresionante en persona.",TripAdvisor
R004365,2024-01-17,en,5,positive,Personnel / Accueil,personnel,"Staff was very friendly and helpful, spoke perfect English.",Google Maps
R004366,2025-02-26,fr,4,positive,Vue / Panorama,vue,"Spectacle incroyable de nuit avec les illuminations, je recommande absolument.",TripAdvisor
R004367,2024-11-27,es,4,positive,Vue / Panorama,vue,"La vista desde la cima es impresionante, se ve todo París.",Google Maps
R004368,2025-11-04,fr,1,negative,Prix / Tarification,prix,"Trop cher pour la restauration sur place, comptez 25€ un sandwich.",Google Maps
R004369,2025-08-07,en,5,positive,Vue / Panorama,vue,"Amazing 360 view, we could see the Sacre-Coeur and even further.",TripAdvisor
R004370,2024-03-10,es,3,neutral,Général,generique,"Iconic monument, the experience is okay overall.",Google Maps
R004371,2024-03-28,en,4,positive,Expérience globale,experience,"Perfect family day, kids loved every minute of it.",TripAdvisor
R004372,2025-06-24,en,4,positive,Personnel / Accueil,personnel,"Great team, super welcoming and professional throughout.",TripAdvisor
R004373,2024-06-13,it,4,positive,Vue / Panorama,vue,"Panorama spettacolare al tramonto, momento indimenticabile.",TripAdvisor
R004374,2024-01-15,en,1,negative,Prix / Tarification,prix,"Ridiculously overpriced, especially food and drinks.",Google Maps
R004375,2025-08-14,en,3,neutral,Général,generique,"Decent visit, nothing extraordinary but worth doing once.",Booking
R004376,2024-08-16,en,3,neutral,Général,generique,"Iconic monument, the experience is okay overall.",Booking
R004377,2025-11-30,es,5,positive,Vue / Panorama,vue,"La vista desde la cima es impresionante, se ve todo París.",Google Maps
R004378,2025-03-13,en,4,positive,Expérience globale,experience,"Perfect family day, kids loved every minute of it.",Booking
R004379,2025-04-28,es,4,positive,Expérience globale,experience,"Experiencia mágica, el monumento es aún más impresionante en persona.",TripAdvisor
R004380,2025-04-26,fr,4,positive,Vue / Panorama,vue,"Vue magnifique au coucher du soleil, un moment inoubliable avec ma famille.",TripAdvisor
R004381,2025-03-16,en,5,positive,Expérience globale,experience,"Truly magical experience, the monument is even more impressive in person.",Google Maps
R004382,2024-12-01,fr,5,positive,Vue / Panorama,vue,"Panorama exceptionnel sur Paris, on voit jusqu'au Sacré-Cœur et la Défense.",TripAdvisor
R004383,2024-02-03,fr,2,negative,File d'attente,file_attente,"Attente beaucoup trop longue malgré la réservation en ligne, c'est inacceptable.",Google Maps
R004384,2024-06-26,en,1,negative,Ascenseurs,ascenseur,"Elevator broke down during our visit, total disappointment.",TripAdvisor
R004385,2024-09-03,fr,4,positive,Vue / Panorama,vue,"Spectacle incroyable de nuit avec les illuminations, je recommande absolument.",TripAdvisor
R004386,2024-07-13,fr,2,negative,Prix / Tarification,prix,"Tarifs vraiment excessifs pour ce que c'est, beaucoup trop cher.",Google Maps
R004387,2025-04-12,en,3,neutral,Général,generique,"Decent visit, nothing extraordinary but worth doing once.",TripAdvisor
R004388,2025-07-27,fr,4,positive,Personnel / Accueil,personnel,"Accueil chaleureux et équipe efficace, merci pour cette belle visite.",TripAdvisor
R004389,2024-05-06,en,3,neutral,Général,generique,"Decent visit, nothing extraordinary but worth doing once.",TripAdvisor
R004390,2024-11-08,de,5,positive,Expérience globale,experience,"Magische Erfahrung, das Monument ist live noch beeindruckender.",TripAdvisor
R004391,2024-03-06,fr,5,positive,Personnel / Accueil,personnel,"Le staff est multilingue et très serviable, parfait pour les touristes.",Booking
R004392,2025-07-13,en,4,positive,Personnel / Accueil,personnel,"Great team, super welcoming and professional throughout.",TripAdvisor
R004393,2025-11-02,es,5,positive,Vue / Panorama,vue,"La vista desde la cima es impresionante, se ve todo París.",TripAdvisor
R004394,2025-08-23,en,5,positive,Personnel / Accueil,personnel,"Staff was very friendly and helpful, spoke perfect English.",TripAdvisor
R004395,2025-02-21,fr,5,positive,Personnel / Accueil,personnel,"Personnel très accueillant et professionnel, toujours souriant.",Google Maps
R004396,2024-06-15,it,5,positive,Vue / Panorama,vue,"Vista mozzafiato dalla cima, si vede tutta Parigi.",Google Maps
R004397,2025-07-19,en,2,negative,Prix / Tarification,prix,"Ridiculously overpriced, especially food and drinks.",Booking
R004398,2025-10-13,en,2,negative,Prix / Tarification,prix,Tickets are way too expensive for a family of four.,TripAdvisor
R004399,2024-11-09,en,5,positive,Vue / Panorama,vue,"Amazing 360 view, we could see the Sacre-Coeur and even further.",TripAdvisor
R004400,2024-02-17,en,3,neutral,Général,generique,"Iconic monument, the experience is okay overall.",Google Maps
R004401,2024-11-23,fr,3,neutral,Général,generique,Monument iconique mais l'expérience reste classique.,Google Maps
R004402,2024-08-14,en,5,positive,Personnel / Accueil,personnel,"Staff was very friendly and helpful, spoke perfect English.",TripAdvisor
R004403,2025-01-02,en,4,positive,Vue / Panorama,vue,"The view from the top is absolutely breathtaking, you can see all of Paris.",Google Maps
R004404,2025-04-27,en,2,negative,File d'attente,file_attente,"Endless lines at every floor, terrible organization.",TripAdvisor
R004405,2024-08-13,en,4,positive,Personnel / Accueil,personnel,"Staff was very friendly and helpful, spoke perfect English.",TripAdvisor
R004406,2025-09-02,en,3,neutral,Général,generique,"Iconic monument, the experience is okay overall.",Google Maps
R004407,2024-11-24,fr,2,negative,Ascenseurs,ascenseur,"Ascenseurs souvent en maintenance, prévoyez les escaliers.",TripAdvisor
R004408,2025-11-27,en,3,neutral,Général,generique,"Decent visit, nothing extraordinary but worth doing once.",TripAdvisor
R004409,2024-11-08,en,4,positive,Expérience globale,experience,"Truly magical experience, the monument is even more impressive in person.",Google Maps
R004410,2024-11-28,en,3,neutral,Général,generique,"Iconic monument, the experience is okay overall.",Google Maps
R004411,2024-12-31,en,5,positive,Personnel / Accueil,personnel,"Staff was very friendly and helpful, spoke perfect English.",Booking
R004412,2024-12-22,en,3,neutral,Général,generique,"Decent visit, nothing extraordinary but worth doing once.",Google Maps
R004413,2025-06-18,it,5,positive,Vue / Panorama,vue,"Vista mozzafiato dalla cima, si vede tutta Parigi.",Google Maps
R004414,2025-03-19,en,4,positive,Expérience globale,experience,"Truly magical experience, the monument is even more impressive in person.",Google Maps
R004415,2025-05-22,fr,1,negative,Sécurité,securite,"Trop de vendeurs à la sauvette autour, sentiment d'insécurité.",TripAdvisor
R004416,2025-08-31,de,2,negative,File d'attente,file_attente,"Riesige Schlangen auf jeder Ebene, sehr enttäuschend.",TripAdvisor
R004417,2025-02-07,fr,3,neutral,Général,generique,Ça vaut le coup de le voir une fois dans sa vie.,Booking
R004418,2025-06-17,de,3,neutral,Général,generique,"Decent visit, nothing extraordinary but worth doing once.",Google Maps
R004419,2025-06-09,es,3,neutral,Général,generique,"Decent visit, nothing extraordinary but worth doing once.",TripAdvisor
R004420,2025-07-13,en,3,neutral,Général,generique,"Decent visit, nothing extraordinary but worth doing once.",Google Maps
R004421,2024-09-05,fr,5,positive,Expérience globale,experience,"Visite parfaite, organisation au top, je recommande vivement.",TripAdvisor
R004422,2025-08-24,de,4,positive,Vue / Panorama,vue,"Wunderschöner Panoramablick, vor allem bei Sonnenuntergang.",TripAdvisor
R004423,2024-11-16,en,5,positive,Expérience globale,experience,"Perfect family day, kids loved every minute of it.",TripAdvisor
R004424,2024-02-14,de,1,negative,Prix / Tarification,prix,"Viel zu teuer, besonders Essen und Getränke.",TripAdvisor
R004425,2024-12-17,en,1,negative,Sécurité,securite,"Watch out for pickpockets, they are everywhere around the tower.",TripAdvisor
R004426,2025-02-04,fr,1,negative,Ascenseurs,ascenseur,"Ascenseurs souvent en maintenance, prévoyez les escaliers.",TripAdvisor
R004427,2025-06-12,es,5,positive,Expérience globale,experience,"Experiencia mágica, el monumento es aún más impresionante en persona.",TripAdvisor
R004428,2025-08-09,en,2,negative,File d'attente,file_attente,"The queue was insane, plan a whole day for this visit.",Booking
R004429,2025-11-19,en,3,neutral,Général,generique,"Decent visit, nothing extraordinary but worth doing once.",TripAdvisor
R004430,2025-05-03,en,3,neutral,Général,generique,"Iconic monument, the experience is okay overall.",Google Maps
R004431,2024-08-03,it,5,positive,Vue / Panorama,vue,"Vista mozzafiato dalla cima, si vede tutta Parigi.",TripAdvisor
R004432,2024-04-06,en,2,negative,Sécurité,securite,Felt unsafe with all the street vendors harassing tourists.,Google Maps
R004433,2025-10-19,en,3,neutral,Général,generique,"Decent visit, nothing extraordinary but worth doing once.",Google Maps
R004434,2024-07-21,en,4,positive,Personnel / Accueil,personnel,"Staff was very friendly and helpful, spoke perfect English.",Google Maps
R004435,2025-08-24,en,5,positive,Vue / Panorama,vue,"The view from the top is absolutely breathtaking, you can see all of Paris.",Google Maps
R004436,2024-08-17,fr,5,positive,Expérience globale,experience,"Une expérience magique, le monument est encore plus impressionnant en vrai.",TripAdvisor
R004437,2025-04-14,it,4,positive,Vue / Panorama,vue,"Panorama spettacolare al tramonto, momento indimenticabile.",TripAdvisor
R004438,2024-06-08,en,2,negative,File d'attente,file_attente,"The queue was insane, plan a whole day for this visit.",TripAdvisor
R004439,2025-05-13,en,4,positive,Vue / Panorama,vue,"The view from the top is absolutely breathtaking, you can see all of Paris.",TripAdvisor
R004440,2024-12-31,en,4,positive,Vue / Panorama,vue,"Amazing 360 view, we could see the Sacre-Coeur and even further.",TripAdvisor
R004441,2025-02-24,en,4,positive,Vue / Panorama,vue,"The view from the top is absolutely breathtaking, you can see all of Paris.",TripAdvisor
R004442,2025-01-04,fr,5,positive,Personnel / Accueil,personnel,"Le staff est multilingue et très serviable, parfait pour les touristes.",Google Maps
R004443,2025-07-31,es,1,negative,File d'attente,file_attente,"Cola interminable de más de 2 horas, una pesadilla.",TripAdvisor
R004444,2024-01-15,en,5,positive,Expérience globale,experience,"Truly magical experience, the monument is even more impressive in person.",Google Maps
R004445,2024-06-21,en,5,positive,Personnel / Accueil,personnel,"Staff was very friendly and helpful, spoke perfect English.",Google Maps
R004446,2024-10-30,de,5,positive,Vue / Panorama,vue,"Die Aussicht vom Gipfel ist atemberaubend, ganz Paris liegt einem zu Füßen.",TripAdvisor
R004447,2025-01-14,en,5,positive,Expérience globale,experience,"Truly magical experience, the monument is even more impressive in person.",TripAdvisor
R004448,2025-02-21,es,4,positive,Expérience globale,experience,"Experiencia mágica, el monumento es aún más impresionante en persona.",TripAdvisor
R004449,2025-09-12,en,5,positive,Personnel / Accueil,personnel,"Great team, super welcoming and professional throughout.",Google Maps
R004450,2025-02-23,fr,1,negative,Prix / Tarification,prix,"Trop cher pour la restauration sur place, comptez 25€ un sandwich.",Google Maps
R004451,2025-02-24,fr,2,negative,File d'attente,file_attente,"Attente beaucoup trop longue malgré la réservation en ligne, c'est inacceptable.",TripAdvisor
R004452,2025-11-07,en,2,negative,Prix / Tarification,prix,Tickets are way too expensive for a family of four.,Booking
R004453,2024-07-07,es,3,neutral,Général,generique,"Decent visit, nothing extraordinary but worth doing once.",Booking
R004454,2025-11-23,fr,5,positive,Personnel / Accueil,personnel,"Le staff est multilingue et très serviable, parfait pour les touristes.",TripAdvisor
R004455,2025-04-18,fr,2,negative,File d'attente,file_attente,"Attente beaucoup trop longue malgré la réservation en ligne, c'est inacceptable.",TripAdvisor
R004456,2024-02-09,es,3,neutral,Général,generique,"Decent visit, nothing extraordinary but worth doing once.",TripAdvisor
R004457,2025-09-05,en,5,positive,Personnel / Accueil,personnel,"Staff was very friendly and helpful, spoke perfect English.",TripAdvisor
R004458,2024-07-17,fr,5,positive,Vue / Panorama,vue,"La vue depuis le sommet est tout simplement à couper le souffle, Paris s'étend à perte de vue.",Google Maps
R004459,2025-01-21,es,2,negative,File d'attente,file_attente,"Cola interminable de más de 2 horas, una pesadilla.",Google Maps
R004460,2024-03-28,en,4,positive,Personnel / Accueil,personnel,"Staff was very friendly and helpful, spoke perfect English.",TripAdvisor
R004461,2025-06-07,de,5,positive,Vue / Panorama,vue,"Die Aussicht vom Gipfel ist atemberaubend, ganz Paris liegt einem zu Füßen.",TripAdvisor
R004462,2024-11-19,en,2,negative,Prix / Tarification,prix,Tickets are way too expensive for a family of four.,TripAdvisor
R004463,2025-07-14,en,5,positive,Expérience globale,experience,"Perfect family day, kids loved every minute of it.",Booking
R004464,2024-06-20,fr,5,positive,Vue / Panorama,vue,"La vue depuis le sommet est tout simplement à couper le souffle, Paris s'étend à perte de vue.",TripAdvisor
R004465,2025-03-05,en,5,positive,Personnel / Accueil,personnel,"Great team, super welcoming and professional throughout.",TripAdvisor
R004466,2025-08-04,en,5,positive,Personnel / Accueil,personnel,"Great team, super welcoming and professional throughout.",TripAdvisor
R004467,2025-10-04,en,5,positive,Personnel / Accueil,personnel,"Great team, super welcoming and professional throughout.",TripAdvisor
R004468,2025-07-17,es,4,positive,Expérience globale,experience,"Visita perfecta en familia, los niños lo adoraron.",TripAdvisor
R004469,2024-01-04,fr,4,positive,Expérience globale,experience,"Visite parfaite, organisation au top, je recommande vivement.",Google Maps
R004470,2024-02-24,en,5,positive,Personnel / Accueil,personnel,"Great team, super welcoming and professional throughout.",Booking
R004471,2025-07-12,fr,3,neutral,Général,generique,"Visite correcte mais sans plus, attendu plus d'animations.",TripAdvisor
R004472,2024-05-30,en,5,positive,Expérience globale,experience,"Truly magical experience, the monument is even more impressive in person.",Google Maps
R004473,2025-03-24,en,4,positive,Expérience globale,experience,"Perfect family day, kids loved every minute of it.",TripAdvisor
R004474,2024-02-04,en,3,neutral,Général,generique,"Iconic monument, the experience is okay overall.",TripAdvisor
R004475,2025-10-18,es,4,positive,Vue / Panorama,vue,"La vista desde la cima es impresionante, se ve todo París.",TripAdvisor
R004476,2024-05-27,fr,5,positive,Expérience globale,experience,"Visite parfaite, organisation au top, je recommande vivement.",TripAdvisor
R004477,2024-05-16,en,3,neutral,Général,generique,"Iconic monument, the experience is okay overall.",Google Maps
R004478,2025-02-12,en,3,neutral,Général,generique,"Decent visit, nothing extraordinary but worth doing once.",Google Maps
R004479,2025-07-23,fr,5,positive,Expérience globale,experience,"Moment magique en famille, les enfants ont adoré.",TripAdvisor
R004480,2024-01-02,en,3,neutral,Général,generique,"Iconic monument, the experience is okay overall.",Google Maps
R004481,2024-02-10,es,1,negative,Prix / Tarification,prix,"Precios excesivos, sobre todo la comida en el lugar.",TripAdvisor
R004482,2024-02-29,en,2,negative,File d'attente,file_attente,"The queue was insane, plan a whole day for this visit.",TripAdvisor
R004483,2025-03-29,fr,3,neutral,Général,generique,Ça vaut le coup de le voir une fois dans sa vie.,Google Maps
R004484,2024-02-24,en,4,positive,Personnel / Accueil,personnel,"Great team, super welcoming and professional throughout.",TripAdvisor
R004485,2025-04-25,fr,4,positive,Expérience globale,experience,"Une expérience magique, le monument est encore plus impressionnant en vrai.",TripAdvisor
R004486,2024-01-13,fr,5,positive,Personnel / Accueil,personnel,"Personnel très accueillant et professionnel, toujours souriant.",TripAdvisor
R004487,2025-10-03,fr,1,negative,Sécurité,securite,"Pickpockets très présents, faites très attention à vos affaires.",TripAdvisor
R004488,2024-06-25,en,5,positive,Vue / Panorama,vue,"The view from the top is absolutely breathtaking, you can see all of Paris.",Google Maps
R004489,2025-11-21,de,5,positive,Expérience globale,experience,"Magische Erfahrung, das Monument ist live noch beeindruckender.",Google Maps
R004490,2024-11-25,en,3,neutral,Général,generique,"Iconic monument, the experience is okay overall.",Google Maps
R004491,2024-06-20,es,5,positive,Expérience globale,experience,"Visita perfecta en familia, los niños lo adoraron.",TripAdvisor
R004492,2024-03-26,en,1,negative,Ascenseurs,ascenseur,"Elevator broke down during our visit, total disappointment.",TripAdvisor
R004493,2025-11-27,fr,1,negative,Prix / Tarification,prix,"Le prix du billet est prohibitif, surtout pour une famille avec enfants.",Google Maps
R004494,2025-04-14,fr,3,neutral,Général,generique,"Visite correcte mais sans plus, attendu plus d'animations.",Booking
R004495,2025-02-08,it,2,negative,Prix / Tarification,prix,"Prezzi eccessivi, soprattutto la ristorazione.",Google Maps
R004496,2025-11-23,es,2,negative,Prix / Tarification,prix,Entradas demasiado caras para una familia.,Booking
R004497,2024-03-31,es,5,positive,Expérience globale,experience,"Visita perfecta en familia, los niños lo adoraron.",Google Maps
R004498,2025-09-22,en,5,positive,Vue / Panorama,vue,"Stunning panorama, especially at sunset. A must-visit in Paris.",Google Maps
R004499,2024-08-04,en,5,positive,Personnel / Accueil,personnel,"Staff was very friendly and helpful, spoke perfect English.",Booking
R004500,2025-11-21,es,5,positive,Vue / Panorama,vue,"Panorama espectacular al atardecer, momento inolvidable.",TripAdvisor
R004501,2025-03-23,fr,5,positive,Expérience globale,experience,"Moment magique en famille, les enfants ont adoré.",TripAdvisor
R004502,2025-08-28,fr,2,negative,Ascenseurs,ascenseur,"Ascenseur en panne le jour de notre visite, déception totale.",TripAdvisor
R004503,2024-03-13,de,5,positive,Vue / Panorama,vue,"Wunderschöner Panoramablick, vor allem bei Sonnenuntergang.",Booking
R004504,2024-06-18,fr,2,negative,Sécurité,securite,"Pickpockets très présents, faites très attention à vos affaires.",TripAdvisor
R004505,2024-02-23,en,5,positive,Vue / Panorama,vue,"Amazing 360 view, we could see the Sacre-Coeur and even further.",Google Maps
R004506,2024-02-10,en,2,negative,Ascenseurs,ascenseur,"Elevator broke down during our visit, total disappointment.",Google Maps
R004507,2024-12-20,fr,3,neutral,Général,generique,"Visite correcte mais sans plus, attendu plus d'animations.",Google Maps
R004508,2024-12-05,it,1,negative,File d'attente,file_attente,"Coda interminabile di oltre 2 ore, un incubo.",TripAdvisor
R004509,2024-05-24,es,2,negative,Prix / Tarification,prix,"Precios excesivos, sobre todo la comida en el lugar.",Booking
R004510,2025-07-06,de,2,negative,Prix / Tarification,prix,"Viel zu teuer, besonders Essen und Getränke.",TripAdvisor
R004511,2024-04-16,fr,5,positive,Vue / Panorama,vue,"Panorama exceptionnel sur Paris, on voit jusqu'au Sacré-Cœur et la Défense.",TripAdvisor
R004512,2025-03-16,en,4,positive,Personnel / Accueil,personnel,"Staff was very friendly and helpful, spoke perfect English.",TripAdvisor
R004513,2024-05-27,fr,5,positive,Vue / Panorama,vue,"Vue magnifique au coucher du soleil, un moment inoubliable avec ma famille.",Google Maps
R004514,2025-07-08,de,5,positive,Expérience globale,experience,"Magische Erfahrung, das Monument ist live noch beeindruckender.",Google Maps
R004515,2025-04-07,it,5,positive,Vue / Panorama,vue,"Panorama spettacolare al tramonto, momento indimenticabile.",Google Maps
R004516,2024-05-19,it,5,positive,Vue / Panorama,vue,"Vista mozzafiato dalla cima, si vede tutta Parigi.",Google Maps
R004517,2024-01-04,en,2,negative,Prix / Tarification,prix,Tickets are way too expensive for a family of four.,Google Maps
R004518,2024-03-06,it,5,positive,Vue / Panorama,vue,"Panorama spettacolare al tramonto, momento indimenticabile.",Booking
R004519,2024-04-23,en,5,positive,Vue / Panorama,vue,"Amazing 360 view, we could see the Sacre-Coeur and even further.",TripAdvisor
R004520,2025-05-05,fr,3,neutral,Général,generique,Monument iconique mais l'expérience reste classique.,Google Maps
R004521,2024-03-12,en,1,negative,Ascenseurs,ascenseur,"Only one lift working, massive wait to go back down.",Booking
R004522,2024-09-02,en,2,negative,Prix / Tarification,prix,"Ridiculously overpriced, especially food and drinks.",Google Maps
R004523,2025-11-04,fr,3,neutral,Général,generique,"Visite correcte mais sans plus, attendu plus d'animations.",TripAdvisor
R004524,2024-02-05,en,4,positive,Personnel / Accueil,personnel,"Staff was very friendly and helpful, spoke perfect English.",TripAdvisor
R004525,2024-08-06,fr,1,negative,Ascenseurs,ascenseur,"Ascenseur en panne le jour de notre visite, déception totale.",Google Maps
R004526,2025-10-12,it,5,positive,Vue / Panorama,vue,"Vista mozzafiato dalla cima, si vede tutta Parigi.",Google Maps
R004527,2024-03-05,fr,4,positive,Personnel / Accueil,personnel,"Le staff est multilingue et très serviable, parfait pour les touristes.",Google Maps
R004528,2025-05-18,fr,2,negative,Prix / Tarification,prix,"Trop cher pour la restauration sur place, comptez 25€ un sandwich.",Google Maps
R004529,2025-03-02,fr,3,neutral,Général,generique,Monument iconique mais l'expérience reste classique.,TripAdvisor
R004530,2025-01-20,en,5,positive,Expérience globale,experience,"Perfect family day, kids loved every minute of it.",TripAdvisor
R004531,2024-01-30,en,2,negative,Ascenseurs,ascenseur,"Elevator broke down during our visit, total disappointment.",TripAdvisor
R004532,2024-06-24,de,1,negative,File d'attente,file_attente,"Riesige Schlangen auf jeder Ebene, sehr enttäuschend.",Booking
R004533,2024-11-19,en,5,positive,Personnel / Accueil,personnel,"Staff was very friendly and helpful, spoke perfect English.",Google Maps
R004534,2025-05-28,en,4,positive,Expérience globale,experience,"Perfect family day, kids loved every minute of it.",Google Maps
R004535,2024-02-06,it,3,neutral,Général,generique,"Iconic monument, the experience is okay overall.",TripAdvisor
R004536,2025-07-07,fr,5,positive,Vue / Panorama,vue,"Panorama exceptionnel sur Paris, on voit jusqu'au Sacré-Cœur et la Défense.",Google Maps
R004537,2024-01-18,de,5,positive,Vue / Panorama,vue,"Die Aussicht vom Gipfel ist atemberaubend, ganz Paris liegt einem zu Füßen.",TripAdvisor
R004538,2025-03-29,en,4,positive,Personnel / Accueil,personnel,"Great team, super welcoming and professional throughout.",Booking
R004539,2025-11-10,es,5,positive,Vue / Panorama,vue,"Panorama espectacular al atardecer, momento inolvidable.",Google Maps
R004540,2024-01-30,fr,5,positive,Personnel / Accueil,personnel,"Accueil chaleureux et équipe efficace, merci pour cette belle visite.",Google Maps
R004541,2024-10-02,fr,5,positive,Personnel / Accueil,personnel,"Le staff est multilingue et très serviable, parfait pour les touristes.",TripAdvisor
R004542,2024-08-21,fr,2,negative,Propreté,proprete,"Toilettes pas très propres au deuxième étage, à améliorer.",Google Maps
R004543,2025-03-11,fr,1,negative,Ascenseurs,ascenseur,"Un seul ascenseur fonctionnait, attente énorme pour redescendre.",TripAdvisor
R004544,2024-02-07,it,5,positive,Vue / Panorama,vue,"Panorama spettacolare al tramonto, momento indimenticabile.",TripAdvisor
R004545,2024-05-08,en,4,positive,Personnel / Accueil,personnel,"Great team, super welcoming and professional throughout.",Google Maps
R004546,2025-04-03,fr,2,negative,Prix / Tarification,prix,"Tarifs vraiment excessifs pour ce que c'est, beaucoup trop cher.",Booking
R004547,2024-06-05,fr,2,negative,Ascenseurs,ascenseur,"Ascenseur en panne le jour de notre visite, déception totale.",TripAdvisor
R004548,2025-04-14,en,3,neutral,Général,generique,"Iconic monument, the experience is okay overall.",Google Maps
R004549,2024-03-11,fr,5,positive,Personnel / Accueil,personnel,"Accueil chaleureux et équipe efficace, merci pour cette belle visite.",TripAdvisor
R004550,2025-04-16,en,2,negative,Ascenseurs,ascenseur,"Only one lift working, massive wait to go back down.",TripAdvisor
R004551,2024-10-31,en,2,negative,Ascenseurs,ascenseur,"Only one lift working, massive wait to go back down.",Booking
R004552,2025-05-26,fr,2,negative,Ascenseurs,ascenseur,"Ascenseurs souvent en maintenance, prévoyez les escaliers.",Google Maps
R004553,2024-06-15,fr,2,negative,Sécurité,securite,"Trop de vendeurs à la sauvette autour, sentiment d'insécurité.",TripAdvisor
R004554,2025-11-06,en,4,positive,Personnel / Accueil,personnel,"Great team, super welcoming and professional throughout.",Google Maps
R004555,2025-08-30,de,5,positive,Expérience globale,experience,"Magische Erfahrung, das Monument ist live noch beeindruckender.",Google Maps
R004556,2024-01-25,fr,5,positive,Personnel / Accueil,personnel,"Personnel très accueillant et professionnel, toujours souriant.",Google Maps
R004557,2024-02-18,en,5,positive,Vue / Panorama,vue,"The view from the top is absolutely breathtaking, you can see all of Paris.",TripAdvisor
R004558,2025-05-31,it,4,positive,Vue / Panorama,vue,"Vista mozzafiato dalla cima, si vede tutta Parigi.",TripAdvisor
R004559,2025-07-16,de,5,positive,Vue / Panorama,vue,"Die Aussicht vom Gipfel ist atemberaubend, ganz Paris liegt einem zu Füßen.",Google Maps
R004560,2025-07-07,en,3,neutral,Général,generique,"Decent visit, nothing extraordinary but worth doing once.",Google Maps
R004561,2024-07-21,it,5,positive,Vue / Panorama,vue,"Vista mozzafiato dalla cima, si vede tutta Parigi.",TripAdvisor
R004562,2025-06-07,en,5,positive,Expérience globale,experience,"Perfect family day, kids loved every minute of it.",Google Maps
R004563,2025-11-06,fr,5,positive,Personnel / Accueil,personnel,"Le staff est multilingue et très serviable, parfait pour les touristes.",Google Maps
R004564,2025-05-21,en,3,neutral,Général,generique,"Iconic monument, the experience is okay overall.",TripAdvisor
R004565,2024-11-27,en,5,positive,Personnel / Accueil,personnel,"Staff was very friendly and helpful, spoke perfect English.",Google Maps
R004566,2024-03-25,fr,2,negative,Prix / Tarification,prix,"Trop cher pour la restauration sur place, comptez 25€ un sandwich.",TripAdvisor
R004567,2025-10-01,fr,5,positive,Personnel / Accueil,personnel,"Personnel très accueillant et professionnel, toujours souriant.",TripAdvisor
R004568,2024-05-26,fr,5,positive,Expérience globale,experience,"Moment magique en famille, les enfants ont adoré.",Google Maps
R004569,2025-05-27,fr,5,positive,Expérience globale,experience,"Moment magique en famille, les enfants ont adoré.",TripAdvisor
R004570,2025-09-16,es,5,positive,Expérience globale,experience,"Experiencia mágica, el monumento es aún más impresionante en persona.",Google Maps
R004571,2024-10-29,fr,4,positive,Personnel / Accueil,personnel,"Le staff est multilingue et très serviable, parfait pour les touristes.",TripAdvisor
R004572,2025-01-29,fr,5,positive,Expérience globale,experience,"Une expérience magique, le monument est encore plus impressionnant en vrai.",Google Maps
R004573,2024-02-28,de,5,positive,Vue / Panorama,vue,"Die Aussicht vom Gipfel ist atemberaubend, ganz Paris liegt einem zu Füßen.",TripAdvisor
R004574,2024-04-03,es,2,negative,File d'attente,file_attente,"Cola interminable de más de 2 horas, una pesadilla.",Google Maps
R004575,2024-06-26,es,5,positive,Expérience globale,experience,"Experiencia mágica, el monumento es aún más impresionante en persona.",Google Maps
R004576,2024-04-02,it,5,positive,Vue / Panorama,vue,"Vista mozzafiato dalla cima, si vede tutta Parigi.",TripAdvisor
R004577,2025-11-06,en,2,negative,File d'attente,file_attente,"The queue was insane, plan a whole day for this visit.",TripAdvisor
R004578,2024-10-16,en,5,positive,Expérience globale,experience,"Truly magical experience, the monument is even more impressive in person.",Booking
R004579,2025-11-02,en,3,neutral,Général,generique,"Decent visit, nothing extraordinary but worth doing once.",TripAdvisor
R004580,2025-08-31,fr,5,positive,Vue / Panorama,vue,"La vue depuis le sommet est tout simplement à couper le souffle, Paris s'étend à perte de vue.",TripAdvisor
R004581,2025-05-29,it,4,positive,Vue / Panorama,vue,"Vista mozzafiato dalla cima, si vede tutta Parigi.",Google Maps
R004582,2025-04-17,en,5,positive,Expérience globale,experience,"Perfect family day, kids loved every minute of it.",TripAdvisor
R004583,2024-04-28,en,5,positive,Vue / Panorama,vue,"Stunning panorama, especially at sunset. A must-visit in Paris.",Google Maps
R004584,2024-07-27,fr,2,negative,Sécurité,securite,"Trop de vendeurs à la sauvette autour, sentiment d'insécurité.",Google Maps
R004585,2024-06-15,it,5,positive,Vue / Panorama,vue,"Panorama spettacolare al tramonto, momento indimenticabile.",Google Maps
R004586,2024-11-05,it,5,positive,Vue / Panorama,vue,"Panorama spettacolare al tramonto, momento indimenticabile.",Google Maps
R004587,2025-08-27,fr,5,positive,Expérience globale,experience,"Une expérience magique, le monument est encore plus impressionnant en vrai.",TripAdvisor
R004588,2025-07-29,fr,1,negative,Prix / Tarification,prix,"Le prix du billet est prohibitif, surtout pour une famille avec enfants.",Google Maps
R004589,2025-10-03,en,5,positive,Vue / Panorama,vue,"The view from the top is absolutely breathtaking, you can see all of Paris.",TripAdvisor
R004590,2025-05-10,fr,5,positive,Expérience globale,experience,"Moment magique en famille, les enfants ont adoré.",TripAdvisor
R004591,2025-05-05,de,5,positive,Vue / Panorama,vue,"Die Aussicht vom Gipfel ist atemberaubend, ganz Paris liegt einem zu Füßen.",TripAdvisor
R004592,2024-07-29,en,3,neutral,Général,generique,"Decent visit, nothing extraordinary but worth doing once.",Google Maps
R004593,2024-09-26,fr,3,neutral,Général,generique,Monument iconique mais l'expérience reste classique.,Google Maps
R004594,2025-06-15,en,3,neutral,Général,generique,"Iconic monument, the experience is okay overall.",TripAdvisor
R004595,2024-06-06,en,5,positive,Expérience globale,experience,"Perfect family day, kids loved every minute of it.",TripAdvisor
R004596,2024-08-01,de,5,positive,Vue / Panorama,vue,"Die Aussicht vom Gipfel ist atemberaubend, ganz Paris liegt einem zu Füßen.",TripAdvisor
R004597,2024-03-19,fr,5,positive,Personnel / Accueil,personnel,"Accueil chaleureux et équipe efficace, merci pour cette belle visite.",TripAdvisor
R004598,2025-03-26,it,2,negative,File d'attente,file_attente,"Coda interminabile di oltre 2 ore, un incubo.",Booking
R004599,2024-03-02,it,3,neutral,Général,generique,"Decent visit, nothing extraordinary but worth doing once.",TripAdvisor
R004600,2025-09-03,de,5,positive,Expérience globale,experience,"Magische Erfahrung, das Monument ist live noch beeindruckender.",Google Maps
R004601,2024-09-10,it,5,positive,Vue / Panorama,vue,"Vista mozzafiato dalla cima, si vede tutta Parigi.",TripAdvisor
R004602,2025-06-19,en,5,positive,Vue / Panorama,vue,"Amazing 360 view, we could see the Sacre-Coeur and even further.",Google Maps
R004603,2025-07-26,es,5,positive,Vue / Panorama,vue,"Panorama espectacular al atardecer, momento inolvidable.",TripAdvisor
R004604,2025-02-19,fr,5,positive,Vue / Panorama,vue,"La vue depuis le sommet est tout simplement à couper le souffle, Paris s'étend à perte de vue.",TripAdvisor
R004605,2025-10-28,en,5,positive,Personnel / Accueil,personnel,"Staff was very friendly and helpful, spoke perfect English.",TripAdvisor
R004606,2024-05-25,en,5,positive,Vue / Panorama,vue,"Amazing 360 view, we could see the Sacre-Coeur and even further.",Google Maps
R004607,2025-07-17,de,3,neutral,Général,generique,"Iconic monument, the experience is okay overall.",Booking
R004608,2024-04-27,es,5,positive,Vue / Panorama,vue,"La vista desde la cima es impresionante, se ve todo París.",Google Maps
R004609,2024-06-18,it,2,negative,File d'attente,file_attente,"Coda interminabile di oltre 2 ore, un incubo.",Google Maps
R004610,2025-05-15,fr,5,positive,Expérience globale,experience,"Une expérience magique, le monument est encore plus impressionnant en vrai.",TripAdvisor
R004611,2024-09-03,de,3,neutral,Général,generique,"Decent visit, nothing extraordinary but worth doing once.",Google Maps
R004612,2025-06-15,fr,2,negative,Propreté,proprete,"Beaucoup de déchets autour du monument, dommage pour l'image.",TripAdvisor
R004613,2024-09-29,en,2,negative,Sécurité,securite,Felt unsafe with all the street vendors harassing tourists.,TripAdvisor
R004614,2024-04-18,fr,2,negative,Prix / Tarification,prix,"Tarifs vraiment excessifs pour ce que c'est, beaucoup trop cher.",TripAdvisor
R004615,2024-05-04,en,5,positive,Personnel / Accueil,personnel,"Great team, super welcoming and professional throughout.",TripAdvisor
R004616,2024-10-02,en,5,positive,Vue / Panorama,vue,"The view from the top is absolutely breathtaking, you can see all of Paris.",TripAdvisor
R004617,2024-08-07,fr,5,positive,Expérience globale,experience,"Une expérience magique, le monument est encore plus impressionnant en vrai.",Google Maps
R004618,2025-01-30,de,4,positive,Expérience globale,experience,"Magische Erfahrung, das Monument ist live noch beeindruckender.",Booking
R004619,2025-06-12,de,3,neutral,Général,generique,"Decent visit, nothing extraordinary but worth doing once.",Google Maps
R004620,2025-10-07,en,1,negative,Ascenseurs,ascenseur,"Only one lift working, massive wait to go back down.",TripAdvisor
R004621,2025-05-27,it,3,neutral,Général,generique,"Iconic monument, the experience is okay overall.",Booking
R004622,2024-09-30,en,2,negative,Prix / Tarification,prix,Tickets are way too expensive for a family of four.,Google Maps
R004623,2024-11-18,fr,3,neutral,Général,generique,Ça vaut le coup de le voir une fois dans sa vie.,TripAdvisor
R004624,2024-01-30,en,5,positive,Expérience globale,experience,"Perfect family day, kids loved every minute of it.",TripAdvisor
R004625,2025-10-20,it,3,neutral,Général,generique,"Iconic monument, the experience is okay overall.",Booking
R004626,2025-08-24,fr,1,negative,Prix / Tarification,prix,"Trop cher pour la restauration sur place, comptez 25€ un sandwich.",TripAdvisor
R004627,2024-07-31,fr,5,positive,Vue / Panorama,vue,"Spectacle incroyable de nuit avec les illuminations, je recommande absolument.",TripAdvisor
R004628,2024-11-28,en,5,positive,Expérience globale,experience,"Truly magical experience, the monument is even more impressive in person.",Google Maps
R004629,2025-09-11,en,4,positive,Expérience globale,experience,"Truly magical experience, the monument is even more impressive in person.",Google Maps
R004630,2025-07-10,en,3,neutral,Général,generique,"Decent visit, nothing extraordinary but worth doing once.",TripAdvisor
R004631,2025-06-24,fr,1,negative,Ascenseurs,ascenseur,"Ascenseur en panne le jour de notre visite, déception totale.",Google Maps
R004632,2024-02-04,en,5,positive,Expérience globale,experience,"Perfect family day, kids loved every minute of it.",TripAdvisor
R004633,2024-05-07,en,2,negative,Ascenseurs,ascenseur,"Only one lift working, massive wait to go back down.",TripAdvisor
R004634,2025-09-19,fr,3,neutral,Général,generique,Monument iconique mais l'expérience reste classique.,Google Maps
R004635,2025-05-02,en,5,positive,Vue / Panorama,vue,"The view from the top is absolutely breathtaking, you can see all of Paris.",Google Maps
R004636,2024-06-21,en,5,positive,Personnel / Accueil,personnel,"Staff was very friendly and helpful, spoke perfect English.",Google Maps
R004637,2024-11-09,it,4,positive,Vue / Panorama,vue,"Panorama spettacolare al tramonto, momento indimenticabile.",TripAdvisor
R004638,2025-11-21,en,4,positive,Personnel / Accueil,personnel,"Staff was very friendly and helpful, spoke perfect English.",TripAdvisor
R004639,2025-06-10,en,5,positive,Vue / Panorama,vue,"The view from the top is absolutely breathtaking, you can see all of Paris.",Google Maps
R004640,2024-01-14,en,1,negative,File d'attente,file_attente,"Waited over 2 hours in line even with online tickets, awful.",TripAdvisor
R004641,2024-03-17,it,5,positive,Vue / Panorama,vue,"Panorama spettacolare al tramonto, momento indimenticabile.",Google Maps
R004642,2024-10-15,fr,3,neutral,Général,generique,Ça vaut le coup de le voir une fois dans sa vie.,TripAdvisor
R004643,2024-06-02,de,5,positive,Vue / Panorama,vue,"Wunderschöner Panoramablick, vor allem bei Sonnenuntergang.",Google Maps
R004644,2025-05-09,de,3,neutral,Général,generique,"Decent visit, nothing extraordinary but worth doing once.",TripAdvisor
R004645,2025-08-10,en,5,positive,Personnel / Accueil,personnel,"Great team, super welcoming and professional throughout.",Booking
R004646,2025-01-22,fr,5,positive,Vue / Panorama,vue,"Spectacle incroyable de nuit avec les illuminations, je recommande absolument.",TripAdvisor
R004647,2025-07-27,en,1,negative,File d'attente,file_attente,"Waited over 2 hours in line even with online tickets, awful.",TripAdvisor
R004648,2025-11-22,es,3,neutral,Général,generique,"Decent visit, nothing extraordinary but worth doing once.",Google Maps
R004649,2024-05-03,es,5,positive,Vue / Panorama,vue,"Panorama espectacular al atardecer, momento inolvidable.",TripAdvisor
R004650,2025-10-27,en,4,positive,Personnel / Accueil,personnel,"Great team, super welcoming and professional throughout.",TripAdvisor
R004651,2025-08-13,fr,4,positive,Expérience globale,experience,"Une expérience magique, le monument est encore plus impressionnant en vrai.",TripAdvisor
R004652,2025-11-17,es,4,positive,Expérience globale,experience,"Visita perfecta en familia, los niños lo adoraron.",Google Maps
R004653,2025-11-16,en,1,negative,Ascenseurs,ascenseur,"Elevator broke down during our visit, total disappointment.",TripAdvisor
R004654,2025-04-25,fr,1,negative,Propreté,proprete,"Beaucoup de déchets autour du monument, dommage pour l'image.",Google Maps
R004655,2024-04-07,de,1,negative,Prix / Tarification,prix,"Viel zu teuer, besonders Essen und Getränke.",TripAdvisor
R004656,2025-02-19,es,2,negative,File d'attente,file_attente,"Cola interminable de más de 2 horas, una pesadilla.",TripAdvisor
R004657,2024-01-20,it,5,positive,Vue / Panorama,vue,"Panorama spettacolare al tramonto, momento indimenticabile.",TripAdvisor
R004658,2025-08-07,en,3,neutral,Général,generique,"Decent visit, nothing extraordinary but worth doing once.",Google Maps
R004659,2025-11-15,en,5,positive,Personnel / Accueil,personnel,"Great team, super welcoming and professional throughout.",Google Maps
R004660,2025-04-28,it,1,negative,File d'attente,file_attente,"Coda interminabile di oltre 2 ore, un incubo.",TripAdvisor
R004661,2024-09-08,es,4,positive,Vue / Panorama,vue,"Panorama espectacular al atardecer, momento inolvidable.",TripAdvisor
R004662,2025-08-16,es,5,positive,Expérience globale,experience,"Visita perfecta en familia, los niños lo adoraron.",TripAdvisor
R004663,2025-06-11,fr,2,negative,File d'attente,file_attente,"Queue énorme à chaque étage, prévoir une journée entière.",TripAdvisor
R004664,2024-11-07,en,5,positive,Expérience globale,experience,"Perfect family day, kids loved every minute of it.",Google Maps
R004665,2024-12-21,de,3,neutral,Général,generique,"Iconic monument, the experience is okay overall.",TripAdvisor
R004666,2025-03-28,en,5,positive,Personnel / Accueil,personnel,"Great team, super welcoming and professional throughout.",TripAdvisor
R004667,2025-06-06,en,5,positive,Personnel / Accueil,personnel,"Staff was very friendly and helpful, spoke perfect English.",TripAdvisor
R004668,2025-05-03,fr,3,neutral,Général,generique,Monument iconique mais l'expérience reste classique.,Google Maps
R004669,2024-11-10,fr,3,neutral,Général,generique,"Visite correcte mais sans plus, attendu plus d'animations.",TripAdvisor
R004670,2025-02-10,fr,5,positive,Vue / Panorama,vue,"Spectacle incroyable de nuit avec les illuminations, je recommande absolument.",Google Maps
R004671,2024-09-18,it,5,positive,Vue / Panorama,vue,"Panorama spettacolare al tramonto, momento indimenticabile.",TripAdvisor
R004672,2025-09-18,it,4,positive,Vue / Panorama,vue,"Vista mozzafiato dalla cima, si vede tutta Parigi.",Booking
R004673,2024-02-10,es,3,neutral,Général,generique,"Iconic monument, the experience is okay overall.",Google Maps
R004674,2024-06-01,fr,4,positive,Expérience globale,experience,"Visite parfaite, organisation au top, je recommande vivement.",TripAdvisor
R004675,2025-07-25,en,5,positive,Vue / Panorama,vue,"The view from the top is absolutely breathtaking, you can see all of Paris.",TripAdvisor
R004676,2025-01-01,es,5,positive,Vue / Panorama,vue,"La vista desde la cima es impresionante, se ve todo París.",Google Maps
R004677,2025-05-19,de,4,positive,Expérience globale,experience,"Magische Erfahrung, das Monument ist live noch beeindruckender.",TripAdvisor
R004678,2024-06-12,fr,5,positive,Vue / Panorama,vue,"Vue magnifique au coucher du soleil, un moment inoubliable avec ma famille.",Google Maps
R004679,2024-06-29,es,5,positive,Vue / Panorama,vue,"La vista desde la cima es impresionante, se ve todo París.",TripAdvisor
R004680,2025-04-27,es,5,positive,Vue / Panorama,vue,"La vista desde la cima es impresionante, se ve todo París.",Google Maps
R004681,2025-08-21,es,2,negative,File d'attente,file_attente,"Cola interminable de más de 2 horas, una pesadilla.",TripAdvisor
R004682,2024-01-12,en,5,positive,Vue / Panorama,vue,"The view from the top is absolutely breathtaking, you can see all of Paris.",TripAdvisor
R004683,2024-05-06,fr,3,neutral,Général,generique,Ça vaut le coup de le voir une fois dans sa vie.,Google Maps
R004684,2025-10-11,en,1,negative,Prix / Tarification,prix,Tickets are way too expensive for a family of four.,Google Maps
R004685,2024-01-13,fr,5,positive,Personnel / Accueil,personnel,"Accueil chaleureux et équipe efficace, merci pour cette belle visite.",TripAdvisor
R004686,2025-01-15,fr,5,positive,Expérience globale,experience,"Moment magique en famille, les enfants ont adoré.",Google Maps
R004687,2025-10-30,en,5,positive,Personnel / Accueil,personnel,"Great team, super welcoming and professional throughout.",Google Maps
R004688,2024-11-05,fr,3,neutral,Général,generique,Monument iconique mais l'expérience reste classique.,Google Maps
R004689,2025-11-15,en,5,positive,Personnel / Accueil,personnel,"Staff was very friendly and helpful, spoke perfect English.",TripAdvisor
R004690,2025-04-06,fr,5,positive,Expérience globale,experience,"Une expérience magique, le monument est encore plus impressionnant en vrai.",TripAdvisor
R004691,2025-09-23,it,3,neutral,Général,generique,"Iconic monument, the experience is okay overall.",TripAdvisor
R004692,2025-04-12,es,4,positive,Vue / Panorama,vue,"La vista desde la cima es impresionante, se ve todo París.",Google Maps
R004693,2024-03-23,en,3,neutral,Général,generique,"Decent visit, nothing extraordinary but worth doing once.",Google Maps
R004694,2025-08-18,fr,5,positive,Expérience globale,experience,"Moment magique en famille, les enfants ont adoré.",Google Maps
R004695,2024-01-31,en,5,positive,Personnel / Accueil,personnel,"Staff was very friendly and helpful, spoke perfect English.",TripAdvisor
R004696,2025-10-15,fr,5,positive,Expérience globale,experience,"Moment magique en famille, les enfants ont adoré.",Google Maps
R004697,2025-04-27,fr,2,negative,Prix / Tarification,prix,"Le prix du billet est prohibitif, surtout pour une famille avec enfants.",TripAdvisor
R004698,2024-05-25,fr,5,positive,Expérience globale,experience,"Moment magique en famille, les enfants ont adoré.",Google Maps
R004699,2024-12-08,en,4,positive,Expérience globale,experience,"Truly magical experience, the monument is even more impressive in person.",TripAdvisor
R004700,2024-12-26,fr,4,positive,Vue / Panorama,vue,"Panorama exceptionnel sur Paris, on voit jusqu'au Sacré-Cœur et la Défense.",Google Maps
R004701,2024-07-29,en,3,neutral,Général,generique,"Iconic monument, the experience is okay overall.",Google Maps
R004702,2024-10-22,it,5,positive,Vue / Panorama,vue,"Panorama spettacolare al tramonto, momento indimenticabile.",TripAdvisor
R004703,2025-03-21,en,5,positive,Expérience globale,experience,"Perfect family day, kids loved every minute of it.",Google Maps
R004704,2024-08-10,en,5,positive,Personnel / Accueil,personnel,"Staff was very friendly and helpful, spoke perfect English.",TripAdvisor
R004705,2024-05-29,fr,3,neutral,Général,generique,Ça vaut le coup de le voir une fois dans sa vie.,Google Maps
R004706,2024-08-14,it,3,neutral,Général,generique,"Iconic monument, the experience is okay overall.",Google Maps
R004707,2024-07-09,it,4,positive,Vue / Panorama,vue,"Panorama spettacolare al tramonto, momento indimenticabile.",TripAdvisor
R004708,2025-09-04,es,5,positive,Expérience globale,experience,"Visita perfecta en familia, los niños lo adoraron.",Booking
R004709,2025-09-09,en,4,positive,Vue / Panorama,vue,"Amazing 360 view, we could see the Sacre-Coeur and even further.",TripAdvisor
R004710,2024-07-31,en,5,positive,Expérience globale,experience,"Truly magical experience, the monument is even more impressive in person.",Booking
R004711,2025-07-25,es,5,positive,Expérience globale,experience,"Visita perfecta en familia, los niños lo adoraron.",Google Maps
R004712,2025-10-07,en,5,positive,Personnel / Accueil,personnel,"Great team, super welcoming and professional throughout.",Booking
R004713,2025-11-17,fr,3,neutral,Général,generique,Ça vaut le coup de le voir une fois dans sa vie.,TripAdvisor
R004714,2025-11-03,fr,5,positive,Personnel / Accueil,personnel,"Le staff est multilingue et très serviable, parfait pour les touristes.",Google Maps
R004715,2025-05-17,en,5,positive,Vue / Panorama,vue,"Stunning panorama, especially at sunset. A must-visit in Paris.",Google Maps
R004716,2025-05-20,en,4,positive,Expérience globale,experience,"Perfect family day, kids loved every minute of it.",Google Maps
R004717,2024-11-29,en,3,neutral,Général,generique,"Decent visit, nothing extraordinary but worth doing once.",TripAdvisor
R004718,2024-03-30,it,5,positive,Vue / Panorama,vue,"Panorama spettacolare al tramonto, momento indimenticabile.",Google Maps
R004719,2025-08-30,en,2,negative,Ascenseurs,ascenseur,"Only one lift working, massive wait to go back down.",Google Maps
R004720,2024-09-27,es,4,positive,Expérience globale,experience,"Visita perfecta en familia, los niños lo adoraron.",TripAdvisor
R004721,2025-02-08,en,5,positive,Personnel / Accueil,personnel,"Staff was very friendly and helpful, spoke perfect English.",TripAdvisor
R004722,2025-10-22,en,5,positive,Vue / Panorama,vue,"Amazing 360 view, we could see the Sacre-Coeur and even further.",Google Maps
R004723,2024-08-15,en,4,positive,Expérience globale,experience,"Truly magical experience, the monument is even more impressive in person.",TripAdvisor
R004724,2024-04-24,de,4,positive,Expérience globale,experience,"Magische Erfahrung, das Monument ist live noch beeindruckender.",TripAdvisor
R004725,2024-03-06,fr,5,positive,Vue / Panorama,vue,"Panorama exceptionnel sur Paris, on voit jusqu'au Sacré-Cœur et la Défense.",TripAdvisor
R004726,2025-01-25,en,5,positive,Personnel / Accueil,personnel,"Great team, super welcoming and professional throughout.",TripAdvisor
R004727,2024-09-22,de,5,positive,Vue / Panorama,vue,"Die Aussicht vom Gipfel ist atemberaubend, ganz Paris liegt einem zu Füßen.",TripAdvisor
R004728,2024-03-24,en,2,negative,File d'attente,file_attente,"Endless lines at every floor, terrible organization.",TripAdvisor
R004729,2024-08-31,fr,5,positive,Personnel / Accueil,personnel,"Personnel très accueillant et professionnel, toujours souriant.",Google Maps
R004730,2025-02-22,es,5,positive,Expérience globale,experience,"Visita perfecta en familia, los niños lo adoraron.",Google Maps
R004731,2024-11-05,en,2,negative,File d'attente,file_attente,"Waited over 2 hours in line even with online tickets, awful.",TripAdvisor
R004732,2025-07-10,en,4,positive,Vue / Panorama,vue,"Stunning panorama, especially at sunset. A must-visit in Paris.",TripAdvisor
R004733,2024-11-19,en,5,positive,Vue / Panorama,vue,"The view from the top is absolutely breathtaking, you can see all of Paris.",Google Maps
R004734,2025-06-15,es,4,positive,Expérience globale,experience,"Visita perfecta en familia, los niños lo adoraron.",TripAdvisor
R004735,2024-10-28,it,3,neutral,Général,generique,"Decent visit, nothing extraordinary but worth doing once.",Google Maps
R004736,2025-01-29,de,5,positive,Vue / Panorama,vue,"Wunderschöner Panoramablick, vor allem bei Sonnenuntergang.",Google Maps
R004737,2025-02-14,en,4,positive,Personnel / Accueil,personnel,"Staff was very friendly and helpful, spoke perfect English.",Google Maps
R004738,2024-04-07,es,4,positive,Expérience globale,experience,"Visita perfecta en familia, los niños lo adoraron.",Google Maps
R004739,2025-03-19,es,4,positive,Expérience globale,experience,"Visita perfecta en familia, los niños lo adoraron.",Google Maps
R004740,2025-09-16,en,5,positive,Expérience globale,experience,"Truly magical experience, the monument is even more impressive in person.",Booking
R004741,2025-01-09,en,5,positive,Vue / Panorama,vue,"Amazing 360 view, we could see the Sacre-Coeur and even further.",TripAdvisor
R004742,2025-08-28,de,1,negative,Prix / Tarification,prix,"Viel zu teuer, besonders Essen und Getränke.",TripAdvisor
R004743,2024-06-16,es,5,positive,Vue / Panorama,vue,"Panorama espectacular al atardecer, momento inolvidable.",Booking
R004744,2025-11-12,fr,3,neutral,Général,generique,"Visite correcte mais sans plus, attendu plus d'animations.",TripAdvisor
R004745,2025-06-18,it,5,positive,Vue / Panorama,vue,"Panorama spettacolare al tramonto, momento indimenticabile.",Google Maps
R004746,2024-04-18,en,1,negative,Ascenseurs,ascenseur,"Elevator broke down during our visit, total disappointment.",TripAdvisor
R004747,2024-05-14,de,3,neutral,Général,generique,"Iconic monument, the experience is okay overall.",Google Maps
R004748,2024-03-16,en,3,neutral,Général,generique,"Iconic monument, the experience is okay overall.",TripAdvisor
R004749,2024-02-19,en,5,positive,Vue / Panorama,vue,"The view from the top is absolutely breathtaking, you can see all of Paris.",Google Maps
R004750,2025-10-22,fr,5,positive,Vue / Panorama,vue,"Panorama exceptionnel sur Paris, on voit jusqu'au Sacré-Cœur et la Défense.",Google Maps
R004751,2024-11-28,de,4,positive,Vue / Panorama,vue,"Die Aussicht vom Gipfel ist atemberaubend, ganz Paris liegt einem zu Füßen.",TripAdvisor
R004752,2024-06-03,de,4,positive,Expérience globale,experience,"Magische Erfahrung, das Monument ist live noch beeindruckender.",TripAdvisor
R004753,2025-06-01,es,2,negative,Prix / Tarification,prix,Entradas demasiado caras para una familia.,Google Maps
R004754,2025-08-07,it,2,negative,File d'attente,file_attente,"Coda interminabile di oltre 2 ore, un incubo.",Google Maps
R004755,2024-06-16,de,4,positive,Expérience globale,experience,"Magische Erfahrung, das Monument ist live noch beeindruckender.",TripAdvisor
R004756,2024-05-05,fr,4,positive,Vue / Panorama,vue,"Spectacle incroyable de nuit avec les illuminations, je recommande absolument.",TripAdvisor
R004757,2024-09-16,fr,5,positive,Expérience globale,experience,"Moment magique en famille, les enfants ont adoré.",TripAdvisor
R004758,2025-05-26,es,5,positive,Vue / Panorama,vue,"La vista desde la cima es impresionante, se ve todo París.",Booking
R004759,2025-07-31,fr,1,negative,Sécurité,securite,"Trop de vendeurs à la sauvette autour, sentiment d'insécurité.",TripAdvisor
R004760,2024-01-12,fr,3,neutral,Général,generique,Monument iconique mais l'expérience reste classique.,Google Maps
R004761,2025-04-12,es,2,negative,File d'attente,file_attente,Demasiada espera incluso con entradas online.,TripAdvisor
R004762,2025-07-13,en,5,positive,Vue / Panorama,vue,"Amazing 360 view, we could see the Sacre-Coeur and even further.",Booking
R004763,2024-10-07,en,1,negative,Sécurité,securite,Felt unsafe with all the street vendors harassing tourists.,TripAdvisor
R004764,2025-04-10,fr,5,positive,Vue / Panorama,vue,"Vue magnifique au coucher du soleil, un moment inoubliable avec ma famille.",Booking
R004765,2024-07-14,it,5,positive,Vue / Panorama,vue,"Vista mozzafiato dalla cima, si vede tutta Parigi.",Google Maps
R004766,2025-09-06,en,5,positive,Personnel / Accueil,personnel,"Great team, super welcoming and professional throughout.",Google Maps
R004767,2025-10-07,fr,4,positive,Personnel / Accueil,personnel,"Le staff est multilingue et très serviable, parfait pour les touristes.",TripAdvisor
R004768,2024-11-23,en,5,positive,Expérience globale,experience,"Perfect family day, kids loved every minute of it.",Google Maps
R004769,2025-09-15,fr,3,neutral,Général,generique,"Visite correcte mais sans plus, attendu plus d'animations.",Google Maps
R004770,2025-07-07,it,4,positive,Vue / Panorama,vue,"Panorama spettacolare al tramonto, momento indimenticabile.",TripAdvisor
R004771,2025-02-13,fr,4,positive,Expérience globale,experience,"Moment magique en famille, les enfants ont adoré.",Google Maps
R004772,2024-05-07,en,2,negative,Sécurité,securite,Felt unsafe with all the street vendors harassing tourists.,TripAdvisor
R004773,2024-03-05,en,1,negative,Sécurité,securite,Felt unsafe with all the street vendors harassing tourists.,Google Maps
R004774,2024-05-31,es,4,positive,Vue / Panorama,vue,"La vista desde la cima es impresionante, se ve todo París.",TripAdvisor
R004775,2024-12-15,fr,3,neutral,Général,generique,"Visite correcte mais sans plus, attendu plus d'animations.",Google Maps
R004776,2025-06-19,en,5,positive,Expérience globale,experience,"Perfect family day, kids loved every minute of it.",Google Maps
R004777,2025-01-05,fr,4,positive,Vue / Panorama,vue,"Spectacle incroyable de nuit avec les illuminations, je recommande absolument.",Booking
R004778,2024-08-21,fr,1,negative,File d'attente,file_attente,"Queue énorme à chaque étage, prévoir une journée entière.",TripAdvisor
R004779,2025-02-27,es,5,positive,Vue / Panorama,vue,"Panorama espectacular al atardecer, momento inolvidable.",TripAdvisor
R004780,2024-09-05,en,2,negative,Prix / Tarification,prix,Tickets are way too expensive for a family of four.,TripAdvisor
R004781,2025-08-15,es,2,negative,File d'attente,file_attente,"Cola interminable de más de 2 horas, una pesadilla.",TripAdvisor
R004782,2025-10-18,fr,2,negative,File d'attente,file_attente,"Attente beaucoup trop longue malgré la réservation en ligne, c'est inacceptable.",Google Maps
R004783,2024-09-28,fr,5,positive,Expérience globale,experience,"Visite parfaite, organisation au top, je recommande vivement.",Google Maps
R004784,2025-07-11,es,5,positive,Expérience globale,experience,"Visita perfecta en familia, los niños lo adoraron.",TripAdvisor
R004785,2025-03-13,de,5,positive,Vue / Panorama,vue,"Die Aussicht vom Gipfel ist atemberaubend, ganz Paris liegt einem zu Füßen.",Booking
R004786,2025-11-28,fr,5,positive,Personnel / Accueil,personnel,"Accueil chaleureux et équipe efficace, merci pour cette belle visite.",Booking
R004787,2025-11-28,en,5,positive,Expérience globale,experience,"Truly magical experience, the monument is even more impressive in person.",Google Maps
R004788,2025-06-15,fr,5,positive,Personnel / Accueil,personnel,"Le staff est multilingue et très serviable, parfait pour les touristes.",Google Maps
R004789,2025-04-29,es,5,positive,Vue / Panorama,vue,"Panorama espectacular al atardecer, momento inolvidable.",TripAdvisor
R004790,2025-03-03,fr,3,neutral,Général,generique,"Visite correcte mais sans plus, attendu plus d'animations.",TripAdvisor
R004791,2025-05-20,en,4,positive,Expérience globale,experience,"Truly magical experience, the monument is even more impressive in person.",Google Maps
R004792,2024-11-25,fr,4,positive,Expérience globale,experience,"Une expérience magique, le monument est encore plus impressionnant en vrai.",TripAdvisor
R004793,2024-01-26,fr,3,neutral,Général,generique,Ça vaut le coup de le voir une fois dans sa vie.,TripAdvisor
R004794,2025-06-23,it,5,positive,Vue / Panorama,vue,"Vista mozzafiato dalla cima, si vede tutta Parigi.",TripAdvisor
R004795,2025-03-21,it,5,positive,Vue / Panorama,vue,"Panorama spettacolare al tramonto, momento indimenticabile.",TripAdvisor
R004796,2025-05-22,en,5,positive,Vue / Panorama,vue,"Amazing 360 view, we could see the Sacre-Coeur and even further.",TripAdvisor
R004797,2024-05-12,en,2,negative,Sécurité,securite,"Watch out for pickpockets, they are everywhere around the tower.",TripAdvisor
R004798,2025-02-03,en,5,positive,Expérience globale,experience,"Truly magical experience, the monument is even more impressive in person.",Google Maps
R004799,2024-04-07,en,5,positive,Expérience globale,experience,"Truly magical experience, the monument is even more impressive in person.",Google Maps
R004800,2024-09-26,fr,3,neutral,Général,generique,Monument iconique mais l'expérience reste classique.,TripAdvisor
R004801,2024-10-20,en,4,positive,Personnel / Accueil,personnel,"Staff was very friendly and helpful, spoke perfect English.",TripAdvisor
R004802,2024-12-26,en,3,neutral,Général,generique,"Iconic monument, the experience is okay overall.",Google Maps
R004803,2025-09-01,fr,3,neutral,Général,generique,"Visite correcte mais sans plus, attendu plus d'animations.",Google Maps
R004804,2024-09-05,de,4,positive,Vue / Panorama,vue,"Wunderschöner Panoramablick, vor allem bei Sonnenuntergang.",Google Maps
R004805,2025-09-22,es,3,neutral,Général,generique,"Iconic monument, the experience is okay overall.",TripAdvisor
R004806,2024-10-28,fr,1,negative,Prix / Tarification,prix,"Trop cher pour la restauration sur place, comptez 25€ un sandwich.",TripAdvisor
R004807,2025-02-27,en,5,positive,Expérience globale,experience,"Perfect family day, kids loved every minute of it.",Google Maps
R004808,2024-02-24,es,5,positive,Vue / Panorama,vue,"Panorama espectacular al atardecer, momento inolvidable.",Booking
R004809,2025-08-27,it,1,negative,File d'attente,file_attente,"Coda interminabile di oltre 2 ore, un incubo.",TripAdvisor
R004810,2025-05-17,en,5,positive,Personnel / Accueil,personnel,"Staff was very friendly and helpful, spoke perfect English.",Booking
R004811,2024-06-20,en,4,positive,Vue / Panorama,vue,"The view from the top is absolutely breathtaking, you can see all of Paris.",TripAdvisor
R004812,2025-04-06,de,4,positive,Vue / Panorama,vue,"Wunderschöner Panoramablick, vor allem bei Sonnenuntergang.",TripAdvisor
R004813,2025-02-09,fr,4,positive,Expérience globale,experience,"Moment magique en famille, les enfants ont adoré.",Google Maps
R004814,2024-01-19,fr,4,positive,Personnel / Accueil,personnel,"Le staff est multilingue et très serviable, parfait pour les touristes.",TripAdvisor
R004815,2024-01-13,en,3,neutral,Général,generique,"Iconic monument, the experience is okay overall.",TripAdvisor
R004816,2025-07-16,it,5,positive,Vue / Panorama,vue,"Vista mozzafiato dalla cima, si vede tutta Parigi.",Google Maps
R004817,2025-08-17,fr,3,neutral,Général,generique,"Visite correcte mais sans plus, attendu plus d'animations.",Google Maps
R004818,2024-06-17,fr,3,neutral,Général,generique,Ça vaut le coup de le voir une fois dans sa vie.,TripAdvisor
R004819,2024-08-08,es,1,negative,File d'attente,file_attente,Demasiada espera incluso con entradas online.,Google Maps
R004820,2025-10-21,fr,5,positive,Personnel / Accueil,personnel,"Accueil chaleureux et équipe efficace, merci pour cette belle visite.",Google Maps
R004821,2025-02-10,es,5,positive,Vue / Panorama,vue,"Panorama espectacular al atardecer, momento inolvidable.",TripAdvisor
R004822,2024-09-15,fr,4,positive,Vue / Panorama,vue,"La vue depuis le sommet est tout simplement à couper le souffle, Paris s'étend à perte de vue.",Google Maps
R004823,2025-07-29,fr,3,neutral,Général,generique,Ça vaut le coup de le voir une fois dans sa vie.,TripAdvisor
R004824,2024-09-24,it,1,negative,Prix / Tarification,prix,"Prezzi eccessivi, soprattutto la ristorazione.",TripAdvisor
R004825,2024-03-31,fr,5,positive,Vue / Panorama,vue,"Spectacle incroyable de nuit avec les illuminations, je recommande absolument.",TripAdvisor
R004826,2024-09-15,en,5,positive,Expérience globale,experience,"Truly magical experience, the monument is even more impressive in person.",Google Maps
R004827,2025-01-05,en,5,positive,Personnel / Accueil,personnel,"Great team, super welcoming and professional throughout.",Google Maps
R004828,2025-09-29,es,1,negative,Prix / Tarification,prix,Entradas demasiado caras para una familia.,TripAdvisor
R004829,2025-02-23,en,5,positive,Vue / Panorama,vue,"The view from the top is absolutely breathtaking, you can see all of Paris.",TripAdvisor
R004830,2025-04-17,en,5,positive,Personnel / Accueil,personnel,"Staff was very friendly and helpful, spoke perfect English.",TripAdvisor
R004831,2025-07-26,en,5,positive,Expérience globale,experience,"Truly magical experience, the monument is even more impressive in person.",TripAdvisor
R004832,2025-09-01,fr,1,negative,File d'attente,file_attente,"Attente beaucoup trop longue malgré la réservation en ligne, c'est inacceptable.",TripAdvisor
R004833,2024-10-31,en,2,negative,File d'attente,file_attente,"Endless lines at every floor, terrible organization.",TripAdvisor
R004834,2025-09-14,es,3,neutral,Général,generique,"Decent visit, nothing extraordinary but worth doing once.",Google Maps
R004835,2024-01-29,en,5,positive,Personnel / Accueil,personnel,"Staff was very friendly and helpful, spoke perfect English.",TripAdvisor
R004836,2024-01-01,fr,5,positive,Vue / Panorama,vue,"Vue magnifique au coucher du soleil, un moment inoubliable avec ma famille.",TripAdvisor
R004837,2024-03-17,fr,5,positive,Personnel / Accueil,personnel,"Le staff est multilingue et très serviable, parfait pour les touristes.",TripAdvisor
R004838,2025-02-07,en,5,positive,Vue / Panorama,vue,"Amazing 360 view, we could see the Sacre-Coeur and even further.",TripAdvisor
R004839,2024-01-19,de,2,negative,Prix / Tarification,prix,"Viel zu teuer, besonders Essen und Getränke.",TripAdvisor
R004840,2025-05-07,en,2,negative,File d'attente,file_attente,"The queue was insane, plan a whole day for this visit.",TripAdvisor
R004841,2024-08-24,en,5,positive,Personnel / Accueil,personnel,"Great team, super welcoming and professional throughout.",TripAdvisor
R004842,2024-07-04,fr,4,positive,Expérience globale,experience,"Visite parfaite, organisation au top, je recommande vivement.",Google Maps
R004843,2025-01-07,en,4,positive,Vue / Panorama,vue,"Amazing 360 view, we could see the Sacre-Coeur and even further.",Google Maps
R004844,2025-09-27,en,5,positive,Vue / Panorama,vue,"Stunning panorama, especially at sunset. A must-visit in Paris.",Booking
R004845,2025-11-29,fr,3,neutral,Général,generique,Monument iconique mais l'expérience reste classique.,TripAdvisor
R004846,2024-04-28,fr,1,negative,Propreté,proprete,"Beaucoup de déchets autour du monument, dommage pour l'image.",Google Maps
R004847,2025-10-02,fr,5,positive,Personnel / Accueil,personnel,"Accueil chaleureux et équipe efficace, merci pour cette belle visite.",Google Maps
R004848,2025-06-04,es,3,neutral,Général,generique,"Iconic monument, the experience is okay overall.",TripAdvisor
R004849,2025-06-20,en,1,negative,Sécurité,securite,"Watch out for pickpockets, they are everywhere around the tower.",TripAdvisor
R004850,2025-05-05,en,5,positive,Personnel / Accueil,personnel,"Great team, super welcoming and professional throughout.",Google Maps
R004851,2024-07-18,es,2,negative,Prix / Tarification,prix,"Precios excesivos, sobre todo la comida en el lugar.",Booking
R004852,2024-07-24,en,4,positive,Personnel / Accueil,personnel,"Staff was very friendly and helpful, spoke perfect English.",TripAdvisor
R004853,2024-09-27,en,5,positive,Personnel / Accueil,personnel,"Great team, super welcoming and professional throughout.",Google Maps
R004854,2025-08-20,en,2,negative,Sécurité,securite,Felt unsafe with all the street vendors harassing tourists.,Google Maps
R004855,2024-09-01,it,2,negative,Prix / Tarification,prix,"Prezzi eccessivi, soprattutto la ristorazione.",TripAdvisor
R004856,2024-05-12,en,5,positive,Personnel / Accueil,personnel,"Staff was very friendly and helpful, spoke perfect English.",TripAdvisor
R004857,2024-01-06,es,5,positive,Expérience globale,experience,"Experiencia mágica, el monumento es aún más impresionante en persona.",Google Maps
R004858,2024-08-20,fr,1,negative,Sécurité,securite,"Pickpockets très présents, faites très attention à vos affaires.",Google Maps
R004859,2024-12-23,fr,3,neutral,Général,generique,Monument iconique mais l'expérience reste classique.,TripAdvisor
R004860,2025-06-28,de,5,positive,Expérience globale,experience,"Magische Erfahrung, das Monument ist live noch beeindruckender.",TripAdvisor
R004861,2025-09-13,es,4,positive,Expérience globale,experience,"Experiencia mágica, el monumento es aún más impresionante en persona.",TripAdvisor
R004862,2024-10-10,en,5,positive,Expérience globale,experience,"Truly magical experience, the monument is even more impressive in person.",Google Maps
R004863,2024-10-08,fr,5,positive,Vue / Panorama,vue,"La vue depuis le sommet est tout simplement à couper le souffle, Paris s'étend à perte de vue.",TripAdvisor
R004864,2024-09-20,fr,3,neutral,Général,generique,"Visite correcte mais sans plus, attendu plus d'animations.",Google Maps
R004865,2025-06-12,fr,5,positive,Expérience globale,experience,"Une expérience magique, le monument est encore plus impressionnant en vrai.",TripAdvisor
R004866,2024-10-25,en,1,negative,Sécurité,securite,"Watch out for pickpockets, they are everywhere around the tower.",Booking
R004867,2024-02-08,en,2,negative,Ascenseurs,ascenseur,"Only one lift working, massive wait to go back down.",TripAdvisor
R004868,2025-08-07,de,3,neutral,Général,generique,"Decent visit, nothing extraordinary but worth doing once.",Google Maps
R004869,2025-08-12,fr,5,positive,Vue / Panorama,vue,"La vue depuis le sommet est tout simplement à couper le souffle, Paris s'étend à perte de vue.",TripAdvisor
R004870,2025-05-15,es,4,positive,Vue / Panorama,vue,"La vista desde la cima es impresionante, se ve todo París.",TripAdvisor
R004871,2024-11-02,en,4,positive,Expérience globale,experience,"Perfect family day, kids loved every minute of it.",Booking
R004872,2025-10-11,fr,3,neutral,Général,generique,Ça vaut le coup de le voir une fois dans sa vie.,TripAdvisor
R004873,2024-03-30,en,3,neutral,Général,generique,"Iconic monument, the experience is okay overall.",TripAdvisor
R004874,2025-04-29,fr,4,positive,Expérience globale,experience,"Visite parfaite, organisation au top, je recommande vivement.",Google Maps
R004875,2025-10-18,fr,5,positive,Personnel / Accueil,personnel,"Accueil chaleureux et équipe efficace, merci pour cette belle visite.",Google Maps
R004876,2025-06-24,en,5,positive,Personnel / Accueil,personnel,"Staff was very friendly and helpful, spoke perfect English.",TripAdvisor
R004877,2025-07-08,en,5,positive,Personnel / Accueil,personnel,"Staff was very friendly and helpful, spoke perfect English.",Google Maps
R004878,2025-02-12,fr,5,positive,Vue / Panorama,vue,"Panorama exceptionnel sur Paris, on voit jusqu'au Sacré-Cœur et la Défense.",Booking
R004879,2024-09-16,de,5,positive,Vue / Panorama,vue,"Die Aussicht vom Gipfel ist atemberaubend, ganz Paris liegt einem zu Füßen.",TripAdvisor
R004880,2024-07-31,en,5,positive,Personnel / Accueil,personnel,"Staff was very friendly and helpful, spoke perfect English.",Booking
R004881,2025-06-01,fr,4,positive,Expérience globale,experience,"Visite parfaite, organisation au top, je recommande vivement.",Google Maps
R004882,2025-01-07,fr,5,positive,Vue / Panorama,vue,"Spectacle incroyable de nuit avec les illuminations, je recommande absolument.",TripAdvisor
R004883,2025-04-10,fr,4,positive,Vue / Panorama,vue,"Spectacle incroyable de nuit avec les illuminations, je recommande absolument.",Google Maps
R004884,2024-10-02,es,2,negative,Prix / Tarification,prix,Entradas demasiado caras para una familia.,Google Maps
R004885,2024-12-25,fr,5,positive,Personnel / Accueil,personnel,"Accueil chaleureux et équipe efficace, merci pour cette belle visite.",TripAdvisor
R004886,2024-10-25,en,3,neutral,Général,generique,"Decent visit, nothing extraordinary but worth doing once.",Google Maps
R004887,2024-07-12,en,5,positive,Expérience globale,experience,"Truly magical experience, the monument is even more impressive in person.",TripAdvisor
R004888,2024-09-19,en,3,neutral,Général,generique,"Iconic monument, the experience is okay overall.",TripAdvisor
R004889,2024-09-30,it,5,positive,Vue / Panorama,vue,"Panorama spettacolare al tramonto, momento indimenticabile.",Google Maps
R004890,2024-07-09,en,1,negative,Ascenseurs,ascenseur,"Elevator broke down during our visit, total disappointment.",Booking
R004891,2024-12-16,fr,1,negative,Ascenseurs,ascenseur,"Un seul ascenseur fonctionnait, attente énorme pour redescendre.",TripAdvisor
R004892,2024-07-30,en,1,negative,File d'attente,file_attente,"Endless lines at every floor, terrible organization.",Google Maps
R004893,2024-07-19,en,3,neutral,Général,generique,"Iconic monument, the experience is okay overall.",TripAdvisor
R004894,2025-02-13,it,1,negative,File d'attente,file_attente,"Coda interminabile di oltre 2 ore, un incubo.",TripAdvisor
R004895,2025-09-03,it,3,neutral,Général,generique,"Iconic monument, the experience is okay overall.",Google Maps
R004896,2024-08-01,fr,5,positive,Vue / Panorama,vue,"Panorama exceptionnel sur Paris, on voit jusqu'au Sacré-Cœur et la Défense.",Booking
R004897,2024-04-05,fr,5,positive,Expérience globale,experience,"Moment magique en famille, les enfants ont adoré.",Google Maps
R004898,2025-11-11,de,4,positive,Expérience globale,experience,"Magische Erfahrung, das Monument ist live noch beeindruckender.",Booking
R004899,2024-05-09,fr,5,positive,Expérience globale,experience,"Visite parfaite, organisation au top, je recommande vivement.",Google Maps
R004900,2024-02-27,fr,5,positive,Vue / Panorama,vue,"La vue depuis le sommet est tout simplement à couper le souffle, Paris s'étend à perte de vue.",Booking
R004901,2025-06-12,en,4,positive,Expérience globale,experience,"Perfect family day, kids loved every minute of it.",TripAdvisor
R004902,2025-06-22,es,5,positive,Expérience globale,experience,"Experiencia mágica, el monumento es aún más impresionante en persona.",Booking
R004903,2024-08-30,fr,2,negative,Ascenseurs,ascenseur,"Ascenseurs souvent en maintenance, prévoyez les escaliers.",Google Maps
R004904,2024-05-28,fr,3,neutral,Général,generique,Monument iconique mais l'expérience reste classique.,Google Maps
R004905,2024-05-14,fr,5,positive,Vue / Panorama,vue,"Spectacle incroyable de nuit avec les illuminations, je recommande absolument.",Google Maps
R004906,2025-01-08,de,5,positive,Expérience globale,experience,"Magische Erfahrung, das Monument ist live noch beeindruckender.",Google Maps
R004907,2025-08-28,en,2,negative,File d'attente,file_attente,"The queue was insane, plan a whole day for this visit.",TripAdvisor
R004908,2025-09-27,fr,5,positive,Expérience globale,experience,"Visite parfaite, organisation au top, je recommande vivement.",TripAdvisor
R004909,2024-12-12,fr,1,negative,Propreté,proprete,"Beaucoup de déchets autour du monument, dommage pour l'image.",TripAdvisor
R004910,2024-04-27,en,5,positive,Expérience globale,experience,"Perfect family day, kids loved every minute of it.",Google Maps
R004911,2024-10-24,de,1,negative,File d'attente,file_attente,"Riesige Schlangen auf jeder Ebene, sehr enttäuschend.",TripAdvisor
R004912,2024-12-26,de,5,positive,Expérience globale,experience,"Magische Erfahrung, das Monument ist live noch beeindruckender.",Google Maps
R004913,2025-06-04,es,3,neutral,Général,generique,"Iconic monument, the experience is okay overall.",Google Maps
R004914,2024-12-03,de,5,positive,Vue / Panorama,vue,"Die Aussicht vom Gipfel ist atemberaubend, ganz Paris liegt einem zu Füßen.",TripAdvisor
R004915,2025-08-11,es,4,positive,Expérience globale,experience,"Visita perfecta en familia, los niños lo adoraron.",Google Maps
R004916,2024-08-10,en,3,neutral,Général,generique,"Decent visit, nothing extraordinary but worth doing once.",Google Maps
R004917,2025-04-26,fr,5,positive,Expérience globale,experience,"Une expérience magique, le monument est encore plus impressionnant en vrai.",Google Maps
R004918,2025-09-06,fr,5,positive,Personnel / Accueil,personnel,"Le staff est multilingue et très serviable, parfait pour les touristes.",Booking
R004919,2024-09-28,en,5,positive,Expérience globale,experience,"Perfect family day, kids loved every minute of it.",Booking
R004920,2025-07-31,de,4,positive,Expérience globale,experience,"Magische Erfahrung, das Monument ist live noch beeindruckender.",TripAdvisor
R004921,2024-12-03,en,3,neutral,Général,generique,"Decent visit, nothing extraordinary but worth doing once.",TripAdvisor
R004922,2025-03-17,fr,3,neutral,Général,generique,Monument iconique mais l'expérience reste classique.,TripAdvisor
R004923,2024-06-07,en,1,negative,Sécurité,securite,Felt unsafe with all the street vendors harassing tourists.,Booking
R004924,2024-03-05,it,5,positive,Vue / Panorama,vue,"Panorama spettacolare al tramonto, momento indimenticabile.",Booking
R004925,2024-04-15,es,3,neutral,Général,generique,"Iconic monument, the experience is okay overall.",TripAdvisor
R004926,2025-01-08,de,1,negative,File d'attente,file_attente,"Riesige Schlangen auf jeder Ebene, sehr enttäuschend.",TripAdvisor
R004927,2025-01-07,fr,5,positive,Personnel / Accueil,personnel,"Accueil chaleureux et équipe efficace, merci pour cette belle visite.",Booking
R004928,2024-07-27,es,3,neutral,Général,generique,"Decent visit, nothing extraordinary but worth doing once.",TripAdvisor
R004929,2025-07-27,it,2,negative,Prix / Tarification,prix,"Prezzi eccessivi, soprattutto la ristorazione.",Google Maps
R004930,2025-03-03,en,1,negative,Ascenseurs,ascenseur,"Elevator broke down during our visit, total disappointment.",Google Maps
R004931,2024-12-03,fr,5,positive,Personnel / Accueil,personnel,"Personnel très accueillant et professionnel, toujours souriant.",Google Maps
R004932,2025-04-12,en,2,negative,File d'attente,file_attente,"Endless lines at every floor, terrible organization.",Google Maps
R004933,2025-11-15,fr,5,positive,Vue / Panorama,vue,"Panorama exceptionnel sur Paris, on voit jusqu'au Sacré-Cœur et la Défense.",Google Maps
R004934,2025-10-23,fr,5,positive,Expérience globale,experience,"Moment magique en famille, les enfants ont adoré.",Google Maps
R004935,2024-04-05,it,5,positive,Vue / Panorama,vue,"Vista mozzafiato dalla cima, si vede tutta Parigi.",TripAdvisor
R004936,2024-02-03,de,4,positive,Vue / Panorama,vue,"Wunderschöner Panoramablick, vor allem bei Sonnenuntergang.",Google Maps
R004937,2025-08-07,fr,1,negative,Prix / Tarification,prix,"Trop cher pour la restauration sur place, comptez 25€ un sandwich.",TripAdvisor
R004938,2024-08-29,en,5,positive,Vue / Panorama,vue,"Amazing 360 view, we could see the Sacre-Coeur and even further.",Google Maps
R004939,2025-09-21,en,5,positive,Expérience globale,experience,"Truly magical experience, the monument is even more impressive in person.",TripAdvisor
R004940,2024-04-11,fr,3,neutral,Général,generique,Ça vaut le coup de le voir une fois dans sa vie.,Google Maps
R004941,2024-10-06,en,5,positive,Personnel / Accueil,personnel,"Staff was very friendly and helpful, spoke perfect English.",Google Maps
R004942,2024-04-04,es,2,negative,File d'attente,file_attente,Demasiada espera incluso con entradas online.,TripAdvisor
R004943,2024-06-01,fr,2,negative,Propreté,proprete,"Beaucoup de déchets autour du monument, dommage pour l'image.",Google Maps
R004944,2025-07-26,en,5,positive,Vue / Panorama,vue,"Stunning panorama, especially at sunset. A must-visit in Paris.",TripAdvisor
R004945,2025-03-28,en,5,positive,Personnel / Accueil,personnel,"Great team, super welcoming and professional throughout.",Google Maps
R004946,2024-11-05,en,5,positive,Expérience globale,experience,"Perfect family day, kids loved every minute of it.",TripAdvisor
R004947,2024-11-09,en,5,positive,Expérience globale,experience,"Perfect family day, kids loved every minute of it.",Booking
R004948,2024-12-08,fr,2,negative,Prix / Tarification,prix,"Trop cher pour la restauration sur place, comptez 25€ un sandwich.",TripAdvisor
R004949,2024-05-27,es,5,positive,Expérience globale,experience,"Visita perfecta en familia, los niños lo adoraron.",TripAdvisor
R004950,2024-01-12,fr,3,neutral,Général,generique,Ça vaut le coup de le voir une fois dans sa vie.,Google Maps
R004951,2025-11-14,de,1,negative,Prix / Tarification,prix,"Viel zu teuer, besonders Essen und Getränke.",Booking
R004952,2024-05-22,en,3,neutral,Général,generique,"Decent visit, nothing extraordinary but worth doing once.",Google Maps
R004953,2025-05-17,es,5,positive,Vue / Panorama,vue,"Panorama espectacular al atardecer, momento inolvidable.",TripAdvisor
R004954,2025-07-25,de,5,positive,Vue / Panorama,vue,"Die Aussicht vom Gipfel ist atemberaubend, ganz Paris liegt einem zu Füßen.",Google Maps
R004955,2025-02-27,fr,4,positive,Expérience globale,experience,"Une expérience magique, le monument est encore plus impressionnant en vrai.",TripAdvisor
R004956,2025-05-28,fr,3,neutral,Général,generique,Monument iconique mais l'expérience reste classique.,TripAdvisor
R004957,2024-11-29,de,2,negative,Prix / Tarification,prix,"Viel zu teuer, besonders Essen und Getränke.",Google Maps
R004958,2025-04-16,en,5,positive,Expérience globale,experience,"Perfect family day, kids loved every minute of it.",Google Maps
R004959,2024-05-14,en,4,positive,Personnel / Accueil,personnel,"Great team, super welcoming and professional throughout.",Booking
R004960,2025-09-08,en,5,positive,Personnel / Accueil,personnel,"Great team, super welcoming and professional throughout.",TripAdvisor
R004961,2024-02-07,it,3,neutral,Général,generique,"Iconic monument, the experience is okay overall.",TripAdvisor
R004962,2024-09-14,fr,3,neutral,Général,generique,"Visite correcte mais sans plus, attendu plus d'animations.",Google Maps
R004963,2025-06-06,fr,5,positive,Vue / Panorama,vue,"La vue depuis le sommet est tout simplement à couper le souffle, Paris s'étend à perte de vue.",TripAdvisor
R004964,2024-11-29,fr,1,negative,Ascenseurs,ascenseur,"Ascenseur en panne le jour de notre visite, déception totale.",TripAdvisor
R004965,2025-11-04,en,5,positive,Expérience globale,experience,"Perfect family day, kids loved every minute of it.",TripAdvisor
R004966,2025-07-14,en,4,positive,Vue / Panorama,vue,"The view from the top is absolutely breathtaking, you can see all of Paris.",TripAdvisor
R004967,2025-07-30,en,2,negative,Prix / Tarification,prix,"Ridiculously overpriced, especially food and drinks.",Google Maps
R004968,2024-07-09,de,3,neutral,Général,generique,"Decent visit, nothing extraordinary but worth doing once.",Google Maps
R004969,2024-07-28,en,1,negative,File d'attente,file_attente,"The queue was insane, plan a whole day for this visit.",Google Maps
R004970,2024-03-20,fr,5,positive,Expérience globale,experience,"Moment magique en famille, les enfants ont adoré.",Google Maps
R004971,2025-06-25,en,5,positive,Vue / Panorama,vue,"The view from the top is absolutely breathtaking, you can see all of Paris.",TripAdvisor
R004972,2025-09-04,en,1,negative,Ascenseurs,ascenseur,"Only one lift working, massive wait to go back down.",TripAdvisor
R004973,2025-03-15,de,5,positive,Vue / Panorama,vue,"Wunderschöner Panoramablick, vor allem bei Sonnenuntergang.",TripAdvisor
R004974,2024-02-15,fr,5,positive,Personnel / Accueil,personnel,"Accueil chaleureux et équipe efficace, merci pour cette belle visite.",TripAdvisor
R004975,2024-02-11,de,1,negative,Prix / Tarification,prix,"Viel zu teuer, besonders Essen und Getränke.",TripAdvisor
R004976,2025-08-24,fr,2,negative,Prix / Tarification,prix,"Tarifs vraiment excessifs pour ce que c'est, beaucoup trop cher.",TripAdvisor
R004977,2024-10-16,en,3,neutral,Général,generique,"Decent visit, nothing extraordinary but worth doing once.",Booking
R004978,2025-09-16,fr,1,negative,File d'attente,file_attente,"Attente beaucoup trop longue malgré la réservation en ligne, c'est inacceptable.",TripAdvisor
R004979,2024-12-25,fr,2,negative,Prix / Tarification,prix,"Le prix du billet est prohibitif, surtout pour une famille avec enfants.",TripAdvisor
R004980,2024-12-30,fr,5,positive,Personnel / Accueil,personnel,"Personnel très accueillant et professionnel, toujours souriant.",TripAdvisor
R004981,2024-12-12,fr,1,negative,Ascenseurs,ascenseur,"Un seul ascenseur fonctionnait, attente énorme pour redescendre.",TripAdvisor
R004982,2025-10-06,en,4,positive,Vue / Panorama,vue,"Amazing 360 view, we could see the Sacre-Coeur and even further.",Google Maps
R004983,2024-12-30,es,4,positive,Expérience globale,experience,"Experiencia mágica, el monumento es aún más impresionante en persona.",Booking
R004984,2024-02-12,de,3,neutral,Général,generique,"Iconic monument, the experience is okay overall.",TripAdvisor
R004985,2024-03-26,fr,5,positive,Vue / Panorama,vue,"La vue depuis le sommet est tout simplement à couper le souffle, Paris s'étend à perte de vue.",Google Maps
R004986,2024-07-03,fr,4,positive,Expérience globale,experience,"Moment magique en famille, les enfants ont adoré.",Booking
R004987,2025-01-14,en,1,negative,Prix / Tarification,prix,"Ridiculously overpriced, especially food and drinks.",TripAdvisor
R004988,2025-03-04,fr,5,positive,Personnel / Accueil,personnel,"Personnel très accueillant et professionnel, toujours souriant.",TripAdvisor
R004989,2024-05-28,es,3,neutral,Général,generique,"Decent visit, nothing extraordinary but worth doing once.",Google Maps
R004990,2025-11-30,en,4,positive,Vue / Panorama,vue,"Stunning panorama, especially at sunset. A must-visit in Paris.",TripAdvisor
R004991,2024-05-26,es,2,negative,Prix / Tarification,prix,"Precios excesivos, sobre todo la comida en el lugar.",Google Maps
R004992,2024-11-08,fr,3,neutral,Général,generique,Monument iconique mais l'expérience reste classique.,Google Maps
R004993,2025-02-04,fr,4,positive,Vue / Panorama,vue,"Panorama exceptionnel sur Paris, on voit jusqu'au Sacré-Cœur et la Défense.",Google Maps
R004994,2024-01-07,es,5,positive,Expérience globale,experience,"Experiencia mágica, el monumento es aún más impresionante en persona.",TripAdvisor
R004995,2024-02-24,en,5,positive,Personnel / Accueil,personnel,"Staff was very friendly and helpful, spoke perfect English.",TripAdvisor
R004996,2024-09-26,es,3,neutral,Général,generique,"Iconic monument, the experience is okay overall.",TripAdvisor
R004997,2024-01-11,de,5,positive,Vue / Panorama,vue,"Die Aussicht vom Gipfel ist atemberaubend, ganz Paris liegt einem zu Füßen.",Google Maps
R004998,2025-09-29,es,5,positive,Vue / Panorama,vue,"La vista desde la cima es impresionante, se ve todo París.",TripAdvisor
R004999,2025-10-04,de,2,negative,File d'attente,file_attente,"Endlose Warteschlange, über 2 Stunden trotz Online-Ticket.",Google Maps
